evidence_id,case_id,recon_result_id,evidence_kind,source_system,source_reference,description,payload_sha256,collected_at
EVID-00001,CASE-0001,,RECON_RESULT,ENGINE,ops.anomaly_results:anm-00001,FEE_DISCREPANCY detected 13.78 by FR-FEE-EXCESS-001,1feb395218548e231103d3897442b799f67963ec9811755a6bd935ac08f313a6,2025-04-05T00:00:00Z
EVID-00002,CASE-0001,,RULE_RESULT,ENGINE,cfg.financial_rules:FR-FEE-EXCESS-001,rule FR-FEE-EXCESS-001 evaluated to LEAKAGE,18e4922bc2fbccb34065841df19ecca8ad722ef5520b627395baea588966de17,2025-04-05T00:00:00Z
EVID-00003,CASE-0001,,RAW_PAYLOAD,RAZORPAY,raw.raw_source_records:payments:pay_000001axkkkk,raw gateway payload for payment pay_000001axkkkk,77a88a6421004fb529db8398636b72959f7d2d31376c9fe3cad10ffa1682bd07,2025-04-05T00:00:00Z
EVID-00004,CASE-0001,,RATE_CARD,CFG,cfg.rate_cards:RC-CARD-2025,applicable rate card RC-CARD-2025,1bcea65058a6759a002a5283d9a4c2181d179ea3ee659aa3cd2f3d22a2c2cb3e,2025-04-05T00:00:00Z
EVID-00005,CASE-0002,,RECON_RESULT,ENGINE,ops.anomaly_results:anm-00002,FEE_DISCREPANCY detected 1.18 by FR-FEE-EXCESS-001,3a5e4ccf5aae755b811b6622ac7084c769d6a757613a28d294b530199a97d726,2025-04-05T00:00:00Z
EVID-00006,CASE-0002,,RULE_RESULT,ENGINE,cfg.financial_rules:FR-FEE-EXCESS-001,rule FR-FEE-EXCESS-001 evaluated to LEAKAGE,18e4922bc2fbccb34065841df19ecca8ad722ef5520b627395baea588966de17,2025-04-05T00:00:00Z
EVID-00007,CASE-0002,,RAW_PAYLOAD,RAZORPAY,raw.raw_source_records:payments:pay_000004axkkkkkk,raw gateway payload for payment pay_000004axkkkkkk,f1ae450ac66f7ee05710cdc92a14c5b9f5f844a8b6a50624dfab609bcaa628d9,2025-04-05T00:00:00Z
EVID-00008,CASE-0002,,RATE_CARD,CFG,cfg.rate_cards:RC-UPI-2025,applicable rate card RC-UPI-2025,6c366592a22d55351ed96af92fc67fb55c824bdc45180501b49acb478d3fc036,2025-04-05T00:00:00Z
EVID-00009,CASE-0003,,RECON_RESULT,ENGINE,ops.anomaly_results:anm-00003,FEE_DISCREPANCY detected 1.44 by FR-FEE-EXCESS-001,37218eb616467eb10aedd618256c06646ace5b6e49e4b98535e74aaccbdcaa25,2025-04-05T00:00:00Z
EVID-00010,CASE-0003,,RULE_RESULT,ENGINE,cfg.financial_rules:FR-FEE-EXCESS-001,rule FR-FEE-EXCESS-001 evaluated to LEAKAGE,18e4922bc2fbccb34065841df19ecca8ad722ef5520b627395baea588966de17,2025-04-05T00:00:00Z
EVID-00011,CASE-0003,,RAW_PAYLOAD,RAZORPAY,raw.raw_source_records:payments:pay_000009axkkkkkkkkk,raw gateway payload for payment pay_000009axkkkkkkkkk,7da4875bf0c89011eeee6b15848b9c033c396d401ae775a72cb16b0d1a7ea3aa,2025-04-05T00:00:00Z
EVID-00012,CASE-0003,,RATE_CARD,CFG,cfg.rate_cards:RC-UPI-2025,applicable rate card RC-UPI-2025,6c366592a22d55351ed96af92fc67fb55c824bdc45180501b49acb478d3fc036,2025-04-05T00:00:00Z
EVID-00013,CASE-0004,,RECON_RESULT,ENGINE,ops.anomaly_results:anm-00004,SETTLEMENT_MISMATCH detected 1945.43 by FR-SETTLE-TIMING-001,16f4c3140a1d4adb714b5aaf9ea1d87d8f040931dfa2199fe8533a216466a64c,2025-04-05T00:00:00Z
EVID-00014,CASE-0004,,RULE_RESULT,ENGINE,cfg.financial_rules:FR-SETTLE-TIMING-001,rule FR-SETTLE-TIMING-001 evaluated to LEAKAGE,b79283de7eb4efad69416f338e689ba8b43387b257b2380aac57faaf97f63c92,2025-04-05T00:00:00Z
EVID-00015,CASE-0004,,RAW_PAYLOAD,RAZORPAY,raw.raw_source_records:payments:pay_000012axkkkkk,raw gateway payload for payment pay_000012axkkkkk,a600b971fa389ea532256c96ca581074864efe0106d7cb44accd4d0eb6f7b4c1,2025-04-05T00:00:00Z
EVID-00016,CASE-0005,,RECON_RESULT,ENGINE,ops.anomaly_results:anm-00005,REFUND_ECONOMICS detected 8.83 by FR-REFUND-ECON-001,f8f573dabbd33a12494e207c74fa525ac2d874c9ee86d9fc6be442dcbf87f718,2025-04-05T00:00:00Z
EVID-00017,CASE-0005,,RULE_RESULT,ENGINE,cfg.financial_rules:FR-REFUND-ECON-001,rule FR-REFUND-ECON-001 evaluated to LEAKAGE,072d2128cf5c3e963a54ce66aed510d191691f928efa61d5d53195f5ca83dd54,2025-04-05T00:00:00Z
EVID-00018,CASE-0005,,RAW_PAYLOAD,RAZORPAY,raw.raw_source_records:payments:pay_000016axkkkkk,raw gateway payload for payment pay_000016axkkkkk,42765fc6a1da30f9802ef5245da4c36294922ec347ab93c9d83b942f23a8abed,2025-04-05T00:00:00Z
EVID-00019,CASE-0006,,RECON_RESULT,ENGINE,ops.anomaly_results:anm-00006,REFUND_ECONOMICS detected 3.57 by FR-REFUND-ECON-001,9ac91742ab5a07078f61153f1a95d5f53bb7a7213d48dde6f867883849383a35,2025-04-05T00:00:00Z
EVID-00020,CASE-0006,,RULE_RESULT,ENGINE,cfg.financial_rules:FR-REFUND-ECON-001,rule FR-REFUND-ECON-001 evaluated to LEAKAGE,072d2128cf5c3e963a54ce66aed510d191691f928efa61d5d53195f5ca83dd54,2025-04-05T00:00:00Z
EVID-00021,CASE-0006,,RAW_PAYLOAD,RAZORPAY,raw.raw_source_records:payments:pay_000017axkkkk,raw gateway payload for payment pay_000017axkkkk,b6855338731bb0b375a32d5ff7eea8118489333709fa4f6ef97c3ca26802c67f,2025-04-05T00:00:00Z
EVID-00022,CASE-0007,,RECON_RESULT,ENGINE,ops.anomaly_results:anm-00007,SETTLEMENT_MISMATCH detected 1541.86 by FR-SETTLE-TIMING-001,8eace7ad702c56af7dbe493924acfc6654dddf9905f14dc1407c3c9974a0c92f,2025-04-05T00:00:00Z
EVID-00023,CASE-0007,,RULE_RESULT,ENGINE,cfg.financial_rules:FR-SETTLE-TIMING-001,rule FR-SETTLE-TIMING-001 evaluated to LEAKAGE,b79283de7eb4efad69416f338e689ba8b43387b257b2380aac57faaf97f63c92,2025-04-05T00:00:00Z
EVID-00024,CASE-0007,,RAW_PAYLOAD,RAZORPAY,raw.raw_source_records:payments:pay_000025axkkkkkkkk,raw gateway payload for payment pay_000025axkkkkkkkk,482e413bc22d2cc1053ece16e89bc6e380e6202281e335889ae6b0f16e9139f3,2025-04-05T00:00:00Z
EVID-00025,CASE-0008,,RECON_RESULT,ENGINE,ops.anomaly_results:anm-00008,FEE_DISCREPANCY detected 5.17 by FR-FEE-EXCESS-001,c36f25611250c55af463f22ded7751cbbc80044bd282f38f68d9d538f62fc126,2025-04-05T00:00:00Z
EVID-00026,CASE-0008,,RULE_RESULT,ENGINE,cfg.financial_rules:FR-FEE-EXCESS-001,rule FR-FEE-EXCESS-001 evaluated to LEAKAGE,18e4922bc2fbccb34065841df19ecca8ad722ef5520b627395baea588966de17,2025-04-05T00:00:00Z
EVID-00027,CASE-0008,,RAW_PAYLOAD,RAZORPAY,raw.raw_source_records:payments:pay_000035axkkkkkkkkkk,raw gateway payload for payment pay_000035axkkkkkkkkkk,d4a50f917aa875d6cb44c31a95f12d275f483e171f2394f4f143231e724d5f5f,2025-04-05T00:00:00Z
EVID-00028,CASE-0008,,RATE_CARD,CFG,cfg.rate_cards:RC-UPI-2025,applicable rate card RC-UPI-2025,6c366592a22d55351ed96af92fc67fb55c824bdc45180501b49acb478d3fc036,2025-04-05T00:00:00Z
EVID-00029,CASE-0009,,RECON_RESULT,ENGINE,ops.anomaly_results:anm-00009,SETTLEMENT_MISMATCH detected 294.24 by FR-SETTLE-CALC-001,aba41800bed0803dc21b11367fc4f6c368329e69a8eee3980fd0dcd6ce094e9a,2025-04-05T00:00:00Z
EVID-00030,CASE-0009,,RULE_RESULT,ENGINE,cfg.financial_rules:FR-SETTLE-CALC-001,rule FR-SETTLE-CALC-001 evaluated to LEAKAGE,92721a1d592e667cfec36d980c4968dd25d2353654d60ceb830b5efa79ba2985,2025-04-05T00:00:00Z
EVID-00031,CASE-0009,,RAW_PAYLOAD,RAZORPAY,raw.raw_source_records:payments:pay_000036axkkkkkk,raw gateway payload for payment pay_000036axkkkkkk,94b0b85e8871f0d50e439356b8e2ecae8d0759c23c21df66e7339ca74c13ffde,2025-04-05T00:00:00Z
EVID-00032,CASE-0010,,RECON_RESULT,ENGINE,ops.anomaly_results:anm-00010,FEE_DISCREPANCY detected 2.28 by FR-FEE-EXCESS-001,324e87c9dc8af82b754ac49f98c1fc52c4d71dabf6fd17f4d17ad3fac6af6d17,2025-04-05T00:00:00Z
EVID-00033,CASE-0010,,RULE_RESULT,ENGINE,cfg.financial_rules:FR-FEE-EXCESS-001,rule FR-FEE-EXCESS-001 evaluated to LEAKAGE,18e4922bc2fbccb34065841df19ecca8ad722ef5520b627395baea588966de17,2025-04-05T00:00:00Z
EVID-00034,CASE-0010,,RAW_PAYLOAD,RAZORPAY,raw.raw_source_records:payments:pay_000041axkkkkkk,raw gateway payload for payment pay_000041axkkkkkk,f03ee23fc39d2941304ff4554b1c77df5c61d3a3b48918dbbe5fed3d4141cd6a,2025-04-05T00:00:00Z
EVID-00035,CASE-0010,,RATE_CARD,CFG,cfg.rate_cards:RC-UPI-2025,applicable rate card RC-UPI-2025,6c366592a22d55351ed96af92fc67fb55c824bdc45180501b49acb478d3fc036,2025-04-05T00:00:00Z
EVID-00036,CASE-0011,,RECON_RESULT,ENGINE,ops.anomaly_results:anm-00011,REFUND_ECONOMICS detected 9.94 by FR-REFUND-ECON-001,c4493a6c4b107b731c4939d345e2eea0920d10b82f26ad68e6a27f2e8e68e8e1,2025-04-05T00:00:00Z
EVID-00037,CASE-0011,,RULE_RESULT,ENGINE,cfg.financial_rules:FR-REFUND-ECON-001,rule FR-REFUND-ECON-001 evaluated to LEAKAGE,072d2128cf5c3e963a54ce66aed510d191691f928efa61d5d53195f5ca83dd54,2025-04-05T00:00:00Z
EVID-00038,CASE-0011,,RAW_PAYLOAD,RAZORPAY,raw.raw_source_records:payments:pay_000048axkkkkkkkkkk,raw gateway payload for payment pay_000048axkkkkkkkkkk,550ea7a8eb4f318db97ee3e40c37f781e5d97c05483a924b54df2cd2ac9e0344,2025-04-05T00:00:00Z
EVID-00039,CASE-0012,,RECON_RESULT,ENGINE,ops.anomaly_results:anm-00012,FEE_DISCREPANCY detected 3.93 by FR-FEE-EXCESS-001,ded38bee4089bf7519a493dc2a307f90d34d4957ab1e7f39a7985eca3eb98a5b,2025-04-05T00:00:00Z
EVID-00040,CASE-0012,,RULE_RESULT,ENGINE,cfg.financial_rules:FR-FEE-EXCESS-001,rule FR-FEE-EXCESS-001 evaluated to LEAKAGE,18e4922bc2fbccb34065841df19ecca8ad722ef5520b627395baea588966de17,2025-04-05T00:00:00Z
EVID-00041,CASE-0012,,RAW_PAYLOAD,RAZORPAY,raw.raw_source_records:payments:pay_000050axkkkkkkkk,raw gateway payload for payment pay_000050axkkkkkkkk,5a7b1658d76725ca58e56a1c4235fc588d8c4024e504aa55b724cd8a8e52bd42,2025-04-05T00:00:00Z
EVID-00042,CASE-0012,,RATE_CARD,CFG,cfg.rate_cards:RC-UPI-2025,applicable rate card RC-UPI-2025,6c366592a22d55351ed96af92fc67fb55c824bdc45180501b49acb478d3fc036,2025-04-05T00:00:00Z
EVID-00043,CASE-0013,,RECON_RESULT,ENGINE,ops.anomaly_results:anm-00013,FEE_DISCREPANCY detected 5.38 by FR-FEE-EXCESS-001,9d97f793fa4b7df08f9f9c5dad1b1d95281267591f96f68bcd3ab33bfa74a2d4,2025-04-05T00:00:00Z
EVID-00044,CASE-0013,,RULE_RESULT,ENGINE,cfg.financial_rules:FR-FEE-EXCESS-001,rule FR-FEE-EXCESS-001 evaluated to LEAKAGE,18e4922bc2fbccb34065841df19ecca8ad722ef5520b627395baea588966de17,2025-04-05T00:00:00Z
EVID-00045,CASE-0013,,RAW_PAYLOAD,RAZORPAY,raw.raw_source_records:payments:pay_000051axkkkkkkk,raw gateway payload for payment pay_000051axkkkkkkk,aea1e276b78d4624a8287b939350dae353467826e4d1a1cbb8dd34c1b9e5661e,2025-04-05T00:00:00Z
EVID-00046,CASE-0013,,RATE_CARD,CFG,cfg.rate_cards:RC-EMI-2025,applicable rate card RC-EMI-2025,b8d32f48bd7ee27d6c2204bd6f5d555a39e87c22e29aecc73e00ccc767ac21f5,2025-04-05T00:00:00Z
EVID-00047,CASE-0014,,RECON_RESULT,ENGINE,ops.anomaly_results:anm-00014,REFUND_ECONOMICS detected 5.34 by FR-REFUND-ECON-001,a912fd63c5504362b914b1dceceea8fc17fdb6dd88faf351cf56b058b7587c41,2025-04-05T00:00:00Z
EVID-00048,CASE-0014,,RULE_RESULT,ENGINE,cfg.financial_rules:FR-REFUND-ECON-001,rule FR-REFUND-ECON-001 evaluated to LEAKAGE,072d2128cf5c3e963a54ce66aed510d191691f928efa61d5d53195f5ca83dd54,2025-04-05T00:00:00Z
EVID-00049,CASE-0014,,RAW_PAYLOAD,RAZORPAY,raw.raw_source_records:payments:pay_000054axkkkkkkkk,raw gateway payload for payment pay_000054axkkkkkkkk,e3ace99c029939839be63fead846fa3afbc14588ecfd35885fb20b39c36a04d6,2025-04-05T00:00:00Z
EVID-00050,CASE-0015,,RECON_RESULT,ENGINE,ops.anomaly_results:anm-00015,REFUND_ECONOMICS detected 17.8 by FR-REFUND-ECON-001,f07b29a5a9a2d8892ebbb949a9341dc5126ff3d9506eab25d89b1929650e052c,2025-04-05T00:00:00Z
EVID-00051,CASE-0015,,RULE_RESULT,ENGINE,cfg.financial_rules:FR-REFUND-ECON-001,rule FR-REFUND-ECON-001 evaluated to LEAKAGE,072d2128cf5c3e963a54ce66aed510d191691f928efa61d5d53195f5ca83dd54,2025-04-05T00:00:00Z
EVID-00052,CASE-0015,,RAW_PAYLOAD,RAZORPAY,raw.raw_source_records:payments:pay_000056axkkkkkkk,raw gateway payload for payment pay_000056axkkkkkkk,e21c575e6a783de691265cdf05ef5a83eaa619bca08d5f58ca126750516962cf,2025-04-05T00:00:00Z
EVID-00053,CASE-0016,,RECON_RESULT,ENGINE,ops.anomaly_results:anm-00016,FEE_DISCREPANCY detected 13.9 by FR-FEE-EXCESS-001,da08425b88328c12b3e3522bc77df32c3f5258201949e9867d64f3d7cc0743d3,2025-04-05T00:00:00Z
EVID-00054,CASE-0016,,RULE_RESULT,ENGINE,cfg.financial_rules:FR-FEE-EXCESS-001,rule FR-FEE-EXCESS-001 evaluated to LEAKAGE,18e4922bc2fbccb34065841df19ecca8ad722ef5520b627395baea588966de17,2025-04-05T00:00:00Z
EVID-00055,CASE-0016,,RAW_PAYLOAD,RAZORPAY,raw.raw_source_records:payments:pay_000065axkkkkk,raw gateway payload for payment pay_000065axkkkkk,de0ae53d9449043fac53db9091bfb86650b271060d23d12ac4c293f6b56e59cd,2025-04-05T00:00:00Z
EVID-00056,CASE-0016,,RATE_CARD,CFG,cfg.rate_cards:RC-WALLET-2025,applicable rate card RC-WALLET-2025,db454a85728a7a4f21a9eca649bc6e418822fb35991d5e73c2f723f512f5ce83,2025-04-05T00:00:00Z
EVID-00057,CASE-0017,,RECON_RESULT,ENGINE,ops.anomaly_results:anm-00017,SETTLEMENT_MISMATCH detected 58.05 by FR-SETTLE-CALC-001,04a46b2184ebc12edc0fe45ba58e28f5574b5561c7d865b412fa7dfef7977aea,2025-04-05T00:00:00Z
EVID-00058,CASE-0017,,RULE_RESULT,ENGINE,cfg.financial_rules:FR-SETTLE-CALC-001,rule FR-SETTLE-CALC-001 evaluated to LEAKAGE,92721a1d592e667cfec36d980c4968dd25d2353654d60ceb830b5efa79ba2985,2025-04-05T00:00:00Z
EVID-00059,CASE-0017,,RAW_PAYLOAD,RAZORPAY,raw.raw_source_records:payments:pay_000071axkkkkkkkk,raw gateway payload for payment pay_000071axkkkkkkkk,46922b15b51cc04d83d37ef30907b26bfd061a3f3256a8d7e81fa16e81b01c9e,2025-04-05T00:00:00Z
EVID-00060,CASE-0018,,RECON_RESULT,ENGINE,ops.anomaly_results:anm-00018,FEE_DISCREPANCY detected 2.65 by FR-FEE-EXCESS-001,52af58d476aae710e847bcc117926c29b7f52a326564b9fb065d6c256aaf8f27,2025-04-05T00:00:00Z
EVID-00061,CASE-0018,,RULE_RESULT,ENGINE,cfg.financial_rules:FR-FEE-EXCESS-001,rule FR-FEE-EXCESS-001 evaluated to LEAKAGE,18e4922bc2fbccb34065841df19ecca8ad722ef5520b627395baea588966de17,2025-04-05T00:00:00Z
EVID-00062,CASE-0018,,RAW_PAYLOAD,RAZORPAY,raw.raw_source_records:payments:pay_000074axkkkkkkkk,raw gateway payload for payment pay_000074axkkkkkkkk,0e0f2396bd6cd700edfbaa200bbb327049415f56706ec9f8fe10eee65ff7a38d,2025-04-05T00:00:00Z
EVID-00063,CASE-0018,,RATE_CARD,CFG,cfg.rate_cards:RC-UPI-2025,applicable rate card RC-UPI-2025,6c366592a22d55351ed96af92fc67fb55c824bdc45180501b49acb478d3fc036,2025-04-05T00:00:00Z
EVID-00064,CASE-0019,,RECON_RESULT,ENGINE,ops.anomaly_results:anm-00019,SETTLEMENT_MISMATCH detected 36.8 by FR-SETTLE-CALC-001,b229ca1161e2dd58f88ab5815c20c16bd6f12a73b50f7da1d241b21c8976d449,2025-04-05T00:00:00Z
EVID-00065,CASE-0019,,RULE_RESULT,ENGINE,cfg.financial_rules:FR-SETTLE-CALC-001,rule FR-SETTLE-CALC-001 evaluated to LEAKAGE,92721a1d592e667cfec36d980c4968dd25d2353654d60ceb830b5efa79ba2985,2025-04-05T00:00:00Z
EVID-00066,CASE-0019,,RAW_PAYLOAD,RAZORPAY,raw.raw_source_records:payments:pay_000076axkkkkkkkkk,raw gateway payload for payment pay_000076axkkkkkkkkk,cb63e13fd0b50ef67572bbefdcdbc3c75874709d99c21c0c5f0331882ff7da32,2025-04-05T00:00:00Z
EVID-00067,CASE-0020,,RECON_RESULT,ENGINE,ops.anomaly_results:anm-00020,SETTLEMENT_MISMATCH detected 114.35 by FR-SETTLE-CALC-001,53ddef7f3fff417f95034850f56d15396b0e1873d5dd5e2f349cd31d8dabe92f,2025-04-05T00:00:00Z
EVID-00068,CASE-0020,,RULE_RESULT,ENGINE,cfg.financial_rules:FR-SETTLE-CALC-001,rule FR-SETTLE-CALC-001 evaluated to LEAKAGE,92721a1d592e667cfec36d980c4968dd25d2353654d60ceb830b5efa79ba2985,2025-04-05T00:00:00Z
EVID-00069,CASE-0020,,RAW_PAYLOAD,RAZORPAY,raw.raw_source_records:payments:pay_000077axkkkkkkk,raw gateway payload for payment pay_000077axkkkkkkk,e60ee6bb1be3a7de939e106586a18c72f6c4a0609d50e3cfc323490c752a4526,2025-04-05T00:00:00Z
EVID-00070,CASE-0021,,RECON_RESULT,ENGINE,ops.anomaly_results:anm-00021,SETTLEMENT_MISMATCH detected 136.39 by FR-SETTLE-CALC-001,397f59651ecace6a90fbd37077a0fbda7787e099592f3e18d29136493b74d939,2025-04-05T00:00:00Z
EVID-00071,CASE-0021,,RULE_RESULT,ENGINE,cfg.financial_rules:FR-SETTLE-CALC-001,rule FR-SETTLE-CALC-001 evaluated to LEAKAGE,92721a1d592e667cfec36d980c4968dd25d2353654d60ceb830b5efa79ba2985,2025-04-05T00:00:00Z
EVID-00072,CASE-0021,,RAW_PAYLOAD,RAZORPAY,raw.raw_source_records:payments:pay_000080axkkkkkkkkk,raw gateway payload for payment pay_000080axkkkkkkkkk,e9607b2ea394a55fdec2a15d50811ec9acd3c018963e50a1549d42cc7f5c9ef9,2025-04-05T00:00:00Z
EVID-00073,CASE-0022,,RECON_RESULT,ENGINE,ops.anomaly_results:anm-00022,FEE_DISCREPANCY detected 7.48 by FR-FEE-EXCESS-001,11b9e247eedcea39e4cd90c8f73f560e2bbe6c597c4d3c3cdc7cd18f17911500,2025-04-05T00:00:00Z
EVID-00074,CASE-0022,,RULE_RESULT,ENGINE,cfg.financial_rules:FR-FEE-EXCESS-001,rule FR-FEE-EXCESS-001 evaluated to LEAKAGE,18e4922bc2fbccb34065841df19ecca8ad722ef5520b627395baea588966de17,2025-04-05T00:00:00Z
EVID-00075,CASE-0022,,RAW_PAYLOAD,RAZORPAY,raw.raw_source_records:payments:pay_000082axkkkkkkkkk,raw gateway payload for payment pay_000082axkkkkkkkkk,164fde565b3dd619b94555f6361153855b609b00964f0baa0d0488bbc1a6e431,2025-04-05T00:00:00Z
EVID-00076,CASE-0022,,RATE_CARD,CFG,cfg.rate_cards:RC-NB-2025,applicable rate card RC-NB-2025,319c1843b37a6e78aa4b7e94785936a68fae6f51cbe7c340bdab41d62ea56c00,2025-04-05T00:00:00Z
EVID-00077,CASE-0023,,RECON_RESULT,ENGINE,ops.anomaly_results:anm-00023,FEE_DISCREPANCY detected 3.1 by FR-FEE-EXCESS-001,af5e347e9d16dacd538b2fe20074ab755d2f0e6579aea925d144b30625163d6b,2025-04-05T00:00:00Z
EVID-00078,CASE-0023,,RULE_RESULT,ENGINE,cfg.financial_rules:FR-FEE-EXCESS-001,rule FR-FEE-EXCESS-001 evaluated to LEAKAGE,18e4922bc2fbccb34065841df19ecca8ad722ef5520b627395baea588966de17,2025-04-05T00:00:00Z
EVID-00079,CASE-0023,,RAW_PAYLOAD,RAZORPAY,raw.raw_source_records:payments:pay_000091axkkkkkkk,raw gateway payload for payment pay_000091axkkkkkkk,ac3ba7c4c1f274113d43b80c347dcc71c4fd69e1ec3998910a18b117cff3cfd9,2025-04-05T00:00:00Z
EVID-00080,CASE-0023,,RATE_CARD,CFG,cfg.rate_cards:RC-UPI-2025,applicable rate card RC-UPI-2025,6c366592a22d55351ed96af92fc67fb55c824bdc45180501b49acb478d3fc036,2025-04-05T00:00:00Z
EVID-00081,CASE-0024,,RECON_RESULT,ENGINE,ops.anomaly_results:anm-00024,FEE_DISCREPANCY detected 6.04 by FR-FEE-EXCESS-001,d5149c8e4e7edd1ad043cde0d233fadb9f51e8ad9c81c6f7a5470c580da9d0f7,2025-04-05T00:00:00Z
EVID-00082,CASE-0024,,RULE_RESULT,ENGINE,cfg.financial_rules:FR-FEE-EXCESS-001,rule FR-FEE-EXCESS-001 evaluated to LEAKAGE,18e4922bc2fbccb34065841df19ecca8ad722ef5520b627395baea588966de17,2025-04-05T00:00:00Z
EVID-00083,CASE-0024,,RECON_RESULT,ENGINE,ops.anomaly_results:anm-00025,SETTLEMENT_MISMATCH detected 125.61 by FR-SETTLE-CALC-001,4ba23db084dc4146a5983624c2accd5f137282df636b7110fb84a5c39df29862,2025-04-05T00:00:00Z
EVID-00084,CASE-0024,,RULE_RESULT,ENGINE,cfg.financial_rules:FR-SETTLE-CALC-001,rule FR-SETTLE-CALC-001 evaluated to LEAKAGE,92721a1d592e667cfec36d980c4968dd25d2353654d60ceb830b5efa79ba2985,2025-04-05T00:00:00Z
EVID-00085,CASE-0024,,RAW_PAYLOAD,RAZORPAY,raw.raw_source_records:payments:pay_000101axkkkkkk,raw gateway payload for payment pay_000101axkkkkkk,e25d73bb4618e50139b1a021ee84b50ef4a4561168cc7031255da3bd8f9c7af7,2025-04-05T00:00:00Z
EVID-00086,CASE-0025,,RECON_RESULT,ENGINE,ops.anomaly_results:anm-00026,FEE_DISCREPANCY detected 1.42 by FR-FEE-EXCESS-001,af853b9bc9cd75341250636d66084eb3cb6093bf9bf92259306cc71625e4ca0f,2025-04-05T00:00:00Z
EVID-00087,CASE-0025,,RULE_RESULT,ENGINE,cfg.financial_rules:FR-FEE-EXCESS-001,rule FR-FEE-EXCESS-001 evaluated to LEAKAGE,18e4922bc2fbccb34065841df19ecca8ad722ef5520b627395baea588966de17,2025-04-05T00:00:00Z
EVID-00088,CASE-0025,,RAW_PAYLOAD,RAZORPAY,raw.raw_source_records:payments:pay_000118axkkkkkkkk,raw gateway payload for payment pay_000118axkkkkkkkk,923b4ab3e9a81fd74af80cda3b3f69f02dd09f9a6d3d89aae6218a39c546f3b0,2025-04-05T00:00:00Z
EVID-00089,CASE-0025,,RATE_CARD,CFG,cfg.rate_cards:RC-UPI-2025,applicable rate card RC-UPI-2025,6c366592a22d55351ed96af92fc67fb55c824bdc45180501b49acb478d3fc036,2025-04-05T00:00:00Z
EVID-00090,CASE-0026,,RECON_RESULT,ENGINE,ops.anomaly_results:anm-00027,SETTLEMENT_MISMATCH detected 792.3 by FR-SETTLE-TIMING-001,541b4c364ea3bbbea76db6260261f1b54c2b275cdc7e7385201c2c8ab7c0668b,2025-04-05T00:00:00Z
EVID-00091,CASE-0026,,RULE_RESULT,ENGINE,cfg.financial_rules:FR-SETTLE-TIMING-001,rule FR-SETTLE-TIMING-001 evaluated to LEAKAGE,b79283de7eb4efad69416f338e689ba8b43387b257b2380aac57faaf97f63c92,2025-04-05T00:00:00Z
EVID-00092,CASE-0026,,RAW_PAYLOAD,RAZORPAY,raw.raw_source_records:payments:pay_000126axkkkkkkkkk,raw gateway payload for payment pay_000126axkkkkkkkkk,c4d3cbbf6c3bfc070bbb2d56afb08ded55bb768c493acc9c48344fe83466d917,2025-04-05T00:00:00Z
EVID-00093,CASE-0027,,RECON_RESULT,ENGINE,ops.anomaly_results:anm-00028,SETTLEMENT_MISMATCH detected 101.73 by FR-SETTLE-CALC-001,0cf1f517697d2ee2ac0be44b21ca5c0e4cce82058146e49fdd4ea69caf02661c,2025-04-05T00:00:00Z
EVID-00094,CASE-0027,,RULE_RESULT,ENGINE,cfg.financial_rules:FR-SETTLE-CALC-001,rule FR-SETTLE-CALC-001 evaluated to LEAKAGE,92721a1d592e667cfec36d980c4968dd25d2353654d60ceb830b5efa79ba2985,2025-04-05T00:00:00Z
EVID-00095,CASE-0027,,RAW_PAYLOAD,RAZORPAY,raw.raw_source_records:payments:pay_000129axkkkkk,raw gateway payload for payment pay_000129axkkkkk,d6ff9687e456b570085276362d0d73e3a23b2bcdac33e5d6b792dae926279c10,2025-04-05T00:00:00Z
EVID-00096,CASE-0028,,RECON_RESULT,ENGINE,ops.anomaly_results:anm-00029,REFUND_ECONOMICS detected 2.08 by FR-REFUND-ECON-001,b1b58c919fdbc7da2727e6d3239e8c8af97966ecc99498c42c43bcdc68bc809e,2025-04-05T00:00:00Z
EVID-00097,CASE-0028,,RULE_RESULT,ENGINE,cfg.financial_rules:FR-REFUND-ECON-001,rule FR-REFUND-ECON-001 evaluated to LEAKAGE,072d2128cf5c3e963a54ce66aed510d191691f928efa61d5d53195f5ca83dd54,2025-04-05T00:00:00Z
EVID-00098,CASE-0028,,RAW_PAYLOAD,RAZORPAY,raw.raw_source_records:payments:pay_000137axkkkkk,raw gateway payload for payment pay_000137axkkkkk,13b348fab60d78822948077b7d04d1cbeacd16b1661bd781fb04d3d593d778ec,2025-04-05T00:00:00Z
EVID-00099,CASE-0029,,RECON_RESULT,ENGINE,ops.anomaly_results:anm-00030,SETTLEMENT_MISMATCH detected 2092.88 by FR-SETTLE-TIMING-001,5ce111a7736f5c8730f9271a0ac712d7299e008e43d8e2449510521a9e941489,2025-04-05T00:00:00Z
EVID-00100,CASE-0029,,RULE_RESULT,ENGINE,cfg.financial_rules:FR-SETTLE-TIMING-001,rule FR-SETTLE-TIMING-001 evaluated to LEAKAGE,b79283de7eb4efad69416f338e689ba8b43387b257b2380aac57faaf97f63c92,2025-04-05T00:00:00Z
EVID-00101,CASE-0029,,RAW_PAYLOAD,RAZORPAY,raw.raw_source_records:payments:pay_000138axkkkkkkkkkk,raw gateway payload for payment pay_000138axkkkkkkkkkk,eb83d0cc0234f040e582f0760c5f53260ceeee6b823ddf00c4a0577485b4bda1,2025-04-05T00:00:00Z
EVID-00102,CASE-0030,,RECON_RESULT,ENGINE,ops.anomaly_results:anm-00031,SETTLEMENT_MISMATCH detected 571.83 by FR-SETTLE-TIMING-001,0e746f1274827623fd6b9eb9aec3b020395a779d0bbe1cfe102f8e8f32819a10,2025-04-05T00:00:00Z
EVID-00103,CASE-0030,,RULE_RESULT,ENGINE,cfg.financial_rules:FR-SETTLE-TIMING-001,rule FR-SETTLE-TIMING-001 evaluated to LEAKAGE,b79283de7eb4efad69416f338e689ba8b43387b257b2380aac57faaf97f63c92,2025-04-05T00:00:00Z
EVID-00104,CASE-0030,,RAW_PAYLOAD,RAZORPAY,raw.raw_source_records:payments:pay_000140axkkkkkk,raw gateway payload for payment pay_000140axkkkkkk,fbb4c94e600888da892c8c130bc1664dabd084f192eab7ea21ca25ee1f00fcb1,2025-04-05T00:00:00Z
EVID-00105,CASE-0031,,RECON_RESULT,ENGINE,ops.anomaly_results:anm-00032,FEE_DISCREPANCY detected 25.74 by FR-FEE-EXCESS-001,b98003b9aaaa1d928b40033c23eebc5490bf635f509c1ff7460cd77eb3204b25,2025-04-05T00:00:00Z
EVID-00106,CASE-0031,,RULE_RESULT,ENGINE,cfg.financial_rules:FR-FEE-EXCESS-001,rule FR-FEE-EXCESS-001 evaluated to LEAKAGE,18e4922bc2fbccb34065841df19ecca8ad722ef5520b627395baea588966de17,2025-04-05T00:00:00Z
EVID-00107,CASE-0031,,RAW_PAYLOAD,RAZORPAY,raw.raw_source_records:payments:pay_000143axkkkkkkkk,raw gateway payload for payment pay_000143axkkkkkkkk,aa4933c339561bad8bec0036c9eaab9faa9b908870f552377f5141f644bf38dd,2025-04-05T00:00:00Z
EVID-00108,CASE-0031,,RATE_CARD,CFG,cfg.rate_cards:RC-CARD-2025,applicable rate card RC-CARD-2025,1bcea65058a6759a002a5283d9a4c2181d179ea3ee659aa3cd2f3d22a2c2cb3e,2025-04-05T00:00:00Z
EVID-00109,CASE-0032,,RECON_RESULT,ENGINE,ops.anomaly_results:anm-00033,SETTLEMENT_MISMATCH detected 814.95 by FR-SETTLE-TIMING-001,f7c3d54627c533ae20bac379b29727f2781378583b8b2e83b1027e4365784496,2025-04-05T00:00:00Z
EVID-00110,CASE-0032,,RULE_RESULT,ENGINE,cfg.financial_rules:FR-SETTLE-TIMING-001,rule FR-SETTLE-TIMING-001 evaluated to LEAKAGE,b79283de7eb4efad69416f338e689ba8b43387b257b2380aac57faaf97f63c92,2025-04-05T00:00:00Z
EVID-00111,CASE-0032,,RAW_PAYLOAD,RAZORPAY,raw.raw_source_records:payments:pay_000157axkkkkk,raw gateway payload for payment pay_000157axkkkkk,b3a337b7149181c9d92d02546b031f7c9835fe8d761586d4f36b61fe32b1db88,2025-04-05T00:00:00Z
EVID-00112,CASE-0033,,RECON_RESULT,ENGINE,ops.anomaly_results:anm-00034,FEE_DISCREPANCY detected 11.36 by FR-FEE-EXCESS-001,3ed3e436969b1d0dc76642d90dae16d98b283b45bbe5d850830e91142b73de3a,2025-04-05T00:00:00Z
EVID-00113,CASE-0033,,RULE_RESULT,ENGINE,cfg.financial_rules:FR-FEE-EXCESS-001,rule FR-FEE-EXCESS-001 evaluated to LEAKAGE,18e4922bc2fbccb34065841df19ecca8ad722ef5520b627395baea588966de17,2025-04-05T00:00:00Z
EVID-00114,CASE-0033,,RAW_PAYLOAD,RAZORPAY,raw.raw_source_records:payments:pay_000161axkkkkk,raw gateway payload for payment pay_000161axkkkkk,dcf0521bd1640d58492c54c58e38aa946761a5b9bf7e6dc1865542cb05321176,2025-04-05T00:00:00Z
EVID-00115,CASE-0033,,RATE_CARD,CFG,cfg.rate_cards:RC-NB-2025,applicable rate card RC-NB-2025,319c1843b37a6e78aa4b7e94785936a68fae6f51cbe7c340bdab41d62ea56c00,2025-04-05T00:00:00Z
EVID-00116,CASE-0034,,RECON_RESULT,ENGINE,ops.anomaly_results:anm-00035,FEE_DISCREPANCY detected 2.78 by FR-FEE-EXCESS-001,76c9ae4deed490d42be778b6da10e65d262eb44f899840ccfb7900225c273874,2025-04-05T00:00:00Z
EVID-00117,CASE-0034,,RULE_RESULT,ENGINE,cfg.financial_rules:FR-FEE-EXCESS-001,rule FR-FEE-EXCESS-001 evaluated to LEAKAGE,18e4922bc2fbccb34065841df19ecca8ad722ef5520b627395baea588966de17,2025-04-05T00:00:00Z
EVID-00118,CASE-0034,,RECON_RESULT,ENGINE,ops.anomaly_results:anm-00036,SETTLEMENT_MISMATCH detected 7.78 by FR-SETTLE-CALC-001,05299e1bf2a411ec646f514ba7be28abc06f9bf8c5470c7d11d8ade6f6c8d949,2025-04-05T00:00:00Z
EVID-00119,CASE-0034,,RULE_RESULT,ENGINE,cfg.financial_rules:FR-SETTLE-CALC-001,rule FR-SETTLE-CALC-001 evaluated to LEAKAGE,92721a1d592e667cfec36d980c4968dd25d2353654d60ceb830b5efa79ba2985,2025-04-05T00:00:00Z
EVID-00120,CASE-0034,,RAW_PAYLOAD,RAZORPAY,raw.raw_source_records:payments:pay_000164axkkkkkkkkk,raw gateway payload for payment pay_000164axkkkkkkkkk,b530ae192f182937288da5e45f11411055f05ef24aa0b6181687265575c34243,2025-04-05T00:00:00Z
EVID-00121,CASE-0035,,RECON_RESULT,ENGINE,ops.anomaly_results:anm-00037,SETTLEMENT_MISMATCH detected 5.45 by FR-SETTLE-CALC-001,f9dfc810b00597ec708f529004b96081c41a3ae31ed03a5c76452a5ae7d776d6,2025-04-05T00:00:00Z
EVID-00122,CASE-0035,,RULE_RESULT,ENGINE,cfg.financial_rules:FR-SETTLE-CALC-001,rule FR-SETTLE-CALC-001 evaluated to LEAKAGE,92721a1d592e667cfec36d980c4968dd25d2353654d60ceb830b5efa79ba2985,2025-04-05T00:00:00Z
EVID-00123,CASE-0035,,RAW_PAYLOAD,RAZORPAY,raw.raw_source_records:payments:pay_000168axkkkkk,raw gateway payload for payment pay_000168axkkkkk,e350f5b27aa9e6e502ec07482687f46ba78c324ddac43d02249d7819f665542d,2025-04-05T00:00:00Z
EVID-00124,CASE-0036,,RECON_RESULT,ENGINE,ops.anomaly_results:anm-00038,REFUND_ECONOMICS detected 6.39 by FR-REFUND-ECON-001,1fd874129d4a53b887bb8d6ad8b611b430765bb04e593fbd274ae2f9aa83d03d,2025-04-05T00:00:00Z
EVID-00125,CASE-0036,,RULE_RESULT,ENGINE,cfg.financial_rules:FR-REFUND-ECON-001,rule FR-REFUND-ECON-001 evaluated to LEAKAGE,072d2128cf5c3e963a54ce66aed510d191691f928efa61d5d53195f5ca83dd54,2025-04-05T00:00:00Z
EVID-00126,CASE-0036,,RAW_PAYLOAD,RAZORPAY,raw.raw_source_records:payments:pay_000173axkkkkkkkkk,raw gateway payload for payment pay_000173axkkkkkkkkk,122c8772dd515fd146210e4e2a8d437b861550abf9063d0ff6d40ccf1ad1c4b4,2025-04-05T00:00:00Z
EVID-00127,CASE-0037,,RECON_RESULT,ENGINE,ops.anomaly_results:anm-00039,REFUND_ECONOMICS detected 33.66 by FR-REFUND-ECON-001,41c7329dbb102c5825808bbc971110923ca2e23f4365eb2046fc92671264a86b,2025-04-05T00:00:00Z
EVID-00128,CASE-0037,,RULE_RESULT,ENGINE,cfg.financial_rules:FR-REFUND-ECON-001,rule FR-REFUND-ECON-001 evaluated to LEAKAGE,072d2128cf5c3e963a54ce66aed510d191691f928efa61d5d53195f5ca83dd54,2025-04-05T00:00:00Z
EVID-00129,CASE-0037,,RAW_PAYLOAD,RAZORPAY,raw.raw_source_records:payments:pay_000176axkkkkkkkkkk,raw gateway payload for payment pay_000176axkkkkkkkkkk,7a3f225ff5bf12a4df20ebf838866f545722ec3ec08043fc1c3dfd24117ab912,2025-04-05T00:00:00Z
EVID-00130,CASE-0038,,RECON_RESULT,ENGINE,ops.anomaly_results:anm-00040,FEE_DISCREPANCY detected 23.82 by FR-FEE-EXCESS-001,a2251ca95c65dc9e5bd99dc768347f087753b32d41b1aba08c61835212d75208,2025-04-05T00:00:00Z
EVID-00131,CASE-0038,,RULE_RESULT,ENGINE,cfg.financial_rules:FR-FEE-EXCESS-001,rule FR-FEE-EXCESS-001 evaluated to LEAKAGE,18e4922bc2fbccb34065841df19ecca8ad722ef5520b627395baea588966de17,2025-04-05T00:00:00Z
EVID-00132,CASE-0038,,RAW_PAYLOAD,RAZORPAY,raw.raw_source_records:payments:pay_000178axkkkkkkkkkk,raw gateway payload for payment pay_000178axkkkkkkkkkk,7596b2b0a62f0607ffe3e36e894e6e459d7cff04e1b139cc2f0162288120497d,2025-04-05T00:00:00Z
EVID-00133,CASE-0038,,RATE_CARD,CFG,cfg.rate_cards:RC-WALLET-2025,applicable rate card RC-WALLET-2025,db454a85728a7a4f21a9eca649bc6e418822fb35991d5e73c2f723f512f5ce83,2025-04-05T00:00:00Z
EVID-00134,CASE-0039,,RECON_RESULT,ENGINE,ops.anomaly_results:anm-00041,SETTLEMENT_MISMATCH detected 119.5 by FR-SETTLE-CALC-001,5dc8e2f1117be38376318f419f002ca0167b4c11d79a8b9f9c2aea585f48f7c9,2025-04-05T00:00:00Z
EVID-00135,CASE-0039,,RULE_RESULT,ENGINE,cfg.financial_rules:FR-SETTLE-CALC-001,rule FR-SETTLE-CALC-001 evaluated to LEAKAGE,92721a1d592e667cfec36d980c4968dd25d2353654d60ceb830b5efa79ba2985,2025-04-05T00:00:00Z
EVID-00136,CASE-0039,,RAW_PAYLOAD,RAZORPAY,raw.raw_source_records:payments:pay_000179axkkkkkkk,raw gateway payload for payment pay_000179axkkkkkkk,9b773363e767c49cff394b45cf23aa79c6dcb1f3f3af75f4718e3b008826d12d,2025-04-05T00:00:00Z
EVID-00137,CASE-0040,,RECON_RESULT,ENGINE,ops.anomaly_results:anm-00042,SETTLEMENT_MISMATCH detected 300.05 by FR-SETTLE-CALC-001,8b2ae307c7ae98b2abbb2370af7b7d42df695b95b990cb86bf9f4d61fc3a3c7a,2025-04-05T00:00:00Z
EVID-00138,CASE-0040,,RULE_RESULT,ENGINE,cfg.financial_rules:FR-SETTLE-CALC-001,rule FR-SETTLE-CALC-001 evaluated to LEAKAGE,92721a1d592e667cfec36d980c4968dd25d2353654d60ceb830b5efa79ba2985,2025-04-05T00:00:00Z
EVID-00139,CASE-0040,,RAW_PAYLOAD,RAZORPAY,raw.raw_source_records:payments:pay_000182axkkkk,raw gateway payload for payment pay_000182axkkkk,62f17acf3569fc011d0e64456ba5cbe90dd097d8db4718134e69712940147aaf,2025-04-05T00:00:00Z
EVID-00140,CASE-0041,,RECON_RESULT,ENGINE,ops.anomaly_results:anm-00043,SETTLEMENT_MISMATCH detected 291.94 by FR-SETTLE-TIMING-001,56f1b7346c6d471bebf762b7c37619cbec19d8a0af7d45b271794e46e3756caf,2025-04-05T00:00:00Z
EVID-00141,CASE-0041,,RULE_RESULT,ENGINE,cfg.financial_rules:FR-SETTLE-TIMING-001,rule FR-SETTLE-TIMING-001 evaluated to LEAKAGE,b79283de7eb4efad69416f338e689ba8b43387b257b2380aac57faaf97f63c92,2025-04-05T00:00:00Z
EVID-00142,CASE-0041,,RAW_PAYLOAD,RAZORPAY,raw.raw_source_records:payments:pay_000188axkkkkk,raw gateway payload for payment pay_000188axkkkkk,cdf5d1fecf4d3dd732adbef18b5df0dd99716b6fe9d41a524f34de68a9e5bddc,2025-04-05T00:00:00Z
EVID-00143,CASE-0042,,RECON_RESULT,ENGINE,ops.anomaly_results:anm-00044,SETTLEMENT_MISMATCH detected 550.24 by FR-SETTLE-TIMING-001,784cb0b22b9ba0f041387b0b7b9303328fadfc14ab144122f74239855a2f19d9,2025-04-05T00:00:00Z
EVID-00144,CASE-0042,,RULE_RESULT,ENGINE,cfg.financial_rules:FR-SETTLE-TIMING-001,rule FR-SETTLE-TIMING-001 evaluated to LEAKAGE,b79283de7eb4efad69416f338e689ba8b43387b257b2380aac57faaf97f63c92,2025-04-05T00:00:00Z
EVID-00145,CASE-0042,,RAW_PAYLOAD,RAZORPAY,raw.raw_source_records:payments:pay_000196axkkkkkk,raw gateway payload for payment pay_000196axkkkkkk,eb7d6fbb640c2512472e9da4d7cc284c4911df1b998dae809669f9dd42a43a16,2025-04-05T00:00:00Z
EVID-00146,CASE-0043,,RECON_RESULT,ENGINE,ops.anomaly_results:anm-00045,FEE_DISCREPANCY detected 7.58 by FR-FEE-EXCESS-001,5b3a42355431c1d46b2aa3e43e9bd1e613a401f0e3ecf4e5abc66a3e2f3ecf5d,2025-04-05T00:00:00Z
EVID-00147,CASE-0043,,RULE_RESULT,ENGINE,cfg.financial_rules:FR-FEE-EXCESS-001,rule FR-FEE-EXCESS-001 evaluated to LEAKAGE,18e4922bc2fbccb34065841df19ecca8ad722ef5520b627395baea588966de17,2025-04-05T00:00:00Z
EVID-00148,CASE-0043,,RAW_PAYLOAD,RAZORPAY,raw.raw_source_records:payments:pay_000201axkkkkk,raw gateway payload for payment pay_000201axkkkkk,e2f9b55040c7749620867410abb882f97c038d6cf4a0a339993e8c35785e2fca,2025-04-05T00:00:00Z
EVID-00149,CASE-0043,,RATE_CARD,CFG,cfg.rate_cards:RC-CARD-2025,applicable rate card RC-CARD-2025,1bcea65058a6759a002a5283d9a4c2181d179ea3ee659aa3cd2f3d22a2c2cb3e,2025-04-05T00:00:00Z
EVID-00150,CASE-0044,,RECON_RESULT,ENGINE,ops.anomaly_results:anm-00046,SETTLEMENT_MISMATCH detected 129.59 by FR-SETTLE-CALC-001,940241d0064b34ae877170a4903fdd998f441a7215bd4e4a90e6a97d47280327,2025-04-05T00:00:00Z
EVID-00151,CASE-0044,,RULE_RESULT,ENGINE,cfg.financial_rules:FR-SETTLE-CALC-001,rule FR-SETTLE-CALC-001 evaluated to LEAKAGE,92721a1d592e667cfec36d980c4968dd25d2353654d60ceb830b5efa79ba2985,2025-04-05T00:00:00Z
EVID-00152,CASE-0044,,RAW_PAYLOAD,RAZORPAY,raw.raw_source_records:payments:pay_000209axkkkkkkkkkk,raw gateway payload for payment pay_000209axkkkkkkkkkk,65f326dbac0bc599cf1d2afe50f1ef181b7f77cf7697fed45443f812eeb1a161,2025-04-05T00:00:00Z
EVID-00153,CASE-0045,,RECON_RESULT,ENGINE,ops.anomaly_results:anm-00047,FEE_DISCREPANCY detected 2.17 by FR-FEE-EXCESS-001,f736f9d9916483c83cbc84ee27fd5aee56e533ab775ef1ef5d776ddb68085a38,2025-04-05T00:00:00Z
EVID-00154,CASE-0045,,RULE_RESULT,ENGINE,cfg.financial_rules:FR-FEE-EXCESS-001,rule FR-FEE-EXCESS-001 evaluated to LEAKAGE,18e4922bc2fbccb34065841df19ecca8ad722ef5520b627395baea588966de17,2025-04-05T00:00:00Z
EVID-00155,CASE-0045,,RAW_PAYLOAD,RAZORPAY,raw.raw_source_records:payments:pay_000219axkkkkkk,raw gateway payload for payment pay_000219axkkkkkk,871ea0cde127c80cfaed9192cde94669c9386b6b41959f9757c116e6a668e607,2025-04-05T00:00:00Z
EVID-00156,CASE-0045,,RATE_CARD,CFG,cfg.rate_cards:RC-UPI-2025,applicable rate card RC-UPI-2025,6c366592a22d55351ed96af92fc67fb55c824bdc45180501b49acb478d3fc036,2025-04-05T00:00:00Z
EVID-00157,CASE-0046,,RECON_RESULT,ENGINE,ops.anomaly_results:anm-00048,SETTLEMENT_MISMATCH detected 1253.0 by FR-SETTLE-TIMING-001,6d11b8b7f74d7b8919b323c1922c55135c972d2aac86d36a6d842bead7f83828,2025-04-05T00:00:00Z
EVID-00158,CASE-0046,,RULE_RESULT,ENGINE,cfg.financial_rules:FR-SETTLE-TIMING-001,rule FR-SETTLE-TIMING-001 evaluated to LEAKAGE,b79283de7eb4efad69416f338e689ba8b43387b257b2380aac57faaf97f63c92,2025-04-05T00:00:00Z
EVID-00159,CASE-0046,,RAW_PAYLOAD,RAZORPAY,raw.raw_source_records:payments:pay_000231axkkkkkkkk,raw gateway payload for payment pay_000231axkkkkkkkk,d3912a1100a433a9d034a927287d143a4550b2ab726f75610366f455601de195,2025-04-05T00:00:00Z
EVID-00160,CASE-0047,,RECON_RESULT,ENGINE,ops.anomaly_results:anm-00049,SETTLEMENT_MISMATCH detected 1237.65 by FR-SETTLE-TIMING-001,462675018f72de8ed164e67ec2dc2258041d450f705453441c494076b05e46a1,2025-04-05T00:00:00Z
EVID-00161,CASE-0047,,RULE_RESULT,ENGINE,cfg.financial_rules:FR-SETTLE-TIMING-001,rule FR-SETTLE-TIMING-001 evaluated to LEAKAGE,b79283de7eb4efad69416f338e689ba8b43387b257b2380aac57faaf97f63c92,2025-04-05T00:00:00Z
EVID-00162,CASE-0047,,RAW_PAYLOAD,RAZORPAY,raw.raw_source_records:payments:pay_000238axkkkkkkk,raw gateway payload for payment pay_000238axkkkkkkk,8024a63522a35e044a5dbad9823ef6fa2a90c2c8ccc6e9fbfd003a05d06ce6ef,2025-04-05T00:00:00Z
EVID-00163,CASE-0048,,RECON_RESULT,ENGINE,ops.anomaly_results:anm-00050,SETTLEMENT_MISMATCH detected 106.19 by FR-SETTLE-CALC-001,8c91b32ca19feadd27b758234dfdfd3878c6f0ac9aa6319817db6fe08e49d4f9,2025-04-05T00:00:00Z
EVID-00164,CASE-0048,,RULE_RESULT,ENGINE,cfg.financial_rules:FR-SETTLE-CALC-001,rule FR-SETTLE-CALC-001 evaluated to LEAKAGE,92721a1d592e667cfec36d980c4968dd25d2353654d60ceb830b5efa79ba2985,2025-04-05T00:00:00Z
EVID-00165,CASE-0048,,RAW_PAYLOAD,RAZORPAY,raw.raw_source_records:payments:pay_000268axkkkkkkkk,raw gateway payload for payment pay_000268axkkkkkkkk,ec78118a21287a3d0cf92d1543e92ece3ea6158f78dc6d9c30bb9b723f101697,2025-04-05T00:00:00Z
EVID-00166,CASE-0049,,RECON_RESULT,ENGINE,ops.anomaly_results:anm-00051,REFUND_ECONOMICS detected 2.1 by FR-REFUND-ECON-001,089c2807450311e62c855295c27baf0ede4bd04937da59cefda781dad8eee6b6,2025-04-05T00:00:00Z
EVID-00167,CASE-0049,,RULE_RESULT,ENGINE,cfg.financial_rules:FR-REFUND-ECON-001,rule FR-REFUND-ECON-001 evaluated to LEAKAGE,072d2128cf5c3e963a54ce66aed510d191691f928efa61d5d53195f5ca83dd54,2025-04-05T00:00:00Z
EVID-00168,CASE-0049,,RAW_PAYLOAD,RAZORPAY,raw.raw_source_records:payments:pay_000269axkkkkkkkkk,raw gateway payload for payment pay_000269axkkkkkkkkk,0e82588c447b59d94b93e663f4732b74d37c45e7ec8780a6f965d576ca985aaf,2025-04-05T00:00:00Z
EVID-00169,CASE-0050,,RECON_RESULT,ENGINE,ops.anomaly_results:anm-00052,FEE_DISCREPANCY detected 4.07 by FR-FEE-EXCESS-001,a5d0a3f42ed6a6b9e87bbb7aacf407d2dafbfe154706d9520ac4cd643279da69,2025-04-05T00:00:00Z
EVID-00170,CASE-0050,,RULE_RESULT,ENGINE,cfg.financial_rules:FR-FEE-EXCESS-001,rule FR-FEE-EXCESS-001 evaluated to LEAKAGE,18e4922bc2fbccb34065841df19ecca8ad722ef5520b627395baea588966de17,2025-04-05T00:00:00Z
EVID-00171,CASE-0050,,RAW_PAYLOAD,RAZORPAY,raw.raw_source_records:payments:pay_000273axkkkkkk,raw gateway payload for payment pay_000273axkkkkkk,f8f29bb35b9ba46e8914b5030a09de4a41eae10767325b55e547435c4d13c83c,2025-04-05T00:00:00Z
EVID-00172,CASE-0050,,RATE_CARD,CFG,cfg.rate_cards:RC-UPI-2025,applicable rate card RC-UPI-2025,6c366592a22d55351ed96af92fc67fb55c824bdc45180501b49acb478d3fc036,2025-04-05T00:00:00Z
EVID-00173,CASE-0051,,RECON_RESULT,ENGINE,ops.anomaly_results:anm-00053,FEE_DISCREPANCY detected 7.07 by FR-FEE-EXCESS-001,1bfdaeb38a004b512298a53f65a637e9e22c6b41bddb52d17779e99608dfc80d,2025-04-05T00:00:00Z
EVID-00174,CASE-0051,,RULE_RESULT,ENGINE,cfg.financial_rules:FR-FEE-EXCESS-001,rule FR-FEE-EXCESS-001 evaluated to LEAKAGE,18e4922bc2fbccb34065841df19ecca8ad722ef5520b627395baea588966de17,2025-04-05T00:00:00Z
EVID-00175,CASE-0051,,RAW_PAYLOAD,RAZORPAY,raw.raw_source_records:payments:pay_000280axkkkkk,raw gateway payload for payment pay_000280axkkkkk,24d88d70c6847470e13f96db302c0c694db1ff56470ce3d03da351bdf160aa5c,2025-04-05T00:00:00Z
EVID-00176,CASE-0051,,RATE_CARD,CFG,cfg.rate_cards:RC-CARD-2025,applicable rate card RC-CARD-2025,1bcea65058a6759a002a5283d9a4c2181d179ea3ee659aa3cd2f3d22a2c2cb3e,2025-04-05T00:00:00Z
EVID-00177,CASE-0052,,RECON_RESULT,ENGINE,ops.anomaly_results:anm-00054,SETTLEMENT_MISMATCH detected 292.62 by FR-SETTLE-CALC-001,cf5820ab99c82e9a8737f2511e7f38801d763d60ca55eef659ee3bccc28fcb26,2025-04-05T00:00:00Z
EVID-00178,CASE-0052,,RULE_RESULT,ENGINE,cfg.financial_rules:FR-SETTLE-CALC-001,rule FR-SETTLE-CALC-001 evaluated to LEAKAGE,92721a1d592e667cfec36d980c4968dd25d2353654d60ceb830b5efa79ba2985,2025-04-05T00:00:00Z
EVID-00179,CASE-0052,,RAW_PAYLOAD,RAZORPAY,raw.raw_source_records:payments:pay_000282axkkkkk,raw gateway payload for payment pay_000282axkkkkk,6f2352fb5e28670918b41b6df2d6fa26831a013f6a79135e80175f3bab498e99,2025-04-05T00:00:00Z
EVID-00180,CASE-0053,,RECON_RESULT,ENGINE,ops.anomaly_results:anm-00055,FEE_DISCREPANCY detected 21.25 by FR-FEE-EXCESS-001,3b1746992c8fe783b763f5b22782a175e6c76513a16e09d2850770f54acdddce,2025-04-05T00:00:00Z
EVID-00181,CASE-0053,,RULE_RESULT,ENGINE,cfg.financial_rules:FR-FEE-EXCESS-001,rule FR-FEE-EXCESS-001 evaluated to LEAKAGE,18e4922bc2fbccb34065841df19ecca8ad722ef5520b627395baea588966de17,2025-04-05T00:00:00Z
EVID-00182,CASE-0053,,RAW_PAYLOAD,RAZORPAY,raw.raw_source_records:payments:pay_000288axkkkkk,raw gateway payload for payment pay_000288axkkkkk,be1c98f2b1d5afa500086cde4b365f5addc85d2fdee3ca6a6b0cf710cea00117,2025-04-05T00:00:00Z
EVID-00183,CASE-0053,,RATE_CARD,CFG,cfg.rate_cards:RC-CARD-2025,applicable rate card RC-CARD-2025,1bcea65058a6759a002a5283d9a4c2181d179ea3ee659aa3cd2f3d22a2c2cb3e,2025-04-05T00:00:00Z
EVID-00184,CASE-0054,,RECON_RESULT,ENGINE,ops.anomaly_results:anm-00056,FEE_DISCREPANCY detected 7.38 by FR-FEE-EXCESS-001,1b468d8affd9b6b5c0b284daa5def1a48c3d7078906aa74e7574e7ec930afd9d,2025-04-05T00:00:00Z
EVID-00185,CASE-0054,,RULE_RESULT,ENGINE,cfg.financial_rules:FR-FEE-EXCESS-001,rule FR-FEE-EXCESS-001 evaluated to LEAKAGE,18e4922bc2fbccb34065841df19ecca8ad722ef5520b627395baea588966de17,2025-04-05T00:00:00Z
EVID-00186,CASE-0054,,RAW_PAYLOAD,RAZORPAY,raw.raw_source_records:payments:pay_000291axkkkkkkkkk,raw gateway payload for payment pay_000291axkkkkkkkkk,b987c72a279d614616ff93753093f0552c7c48e16a9f44052478388df93f5235,2025-04-05T00:00:00Z
EVID-00187,CASE-0054,,RATE_CARD,CFG,cfg.rate_cards:RC-CARD-2025,applicable rate card RC-CARD-2025,1bcea65058a6759a002a5283d9a4c2181d179ea3ee659aa3cd2f3d22a2c2cb3e,2025-04-05T00:00:00Z
EVID-00188,CASE-0055,,RECON_RESULT,ENGINE,ops.anomaly_results:anm-00057,SETTLEMENT_MISMATCH detected 310.74 by FR-SETTLE-TIMING-001,5bccbd84017e9a5e448944fcc4087f73085f0c5f5fe989b46ca8e257651d230a,2025-04-05T00:00:00Z
EVID-00189,CASE-0055,,RULE_RESULT,ENGINE,cfg.financial_rules:FR-SETTLE-TIMING-001,rule FR-SETTLE-TIMING-001 evaluated to LEAKAGE,b79283de7eb4efad69416f338e689ba8b43387b257b2380aac57faaf97f63c92,2025-04-05T00:00:00Z
EVID-00190,CASE-0055,,RAW_PAYLOAD,RAZORPAY,raw.raw_source_records:payments:pay_000294axkkkkkkkkk,raw gateway payload for payment pay_000294axkkkkkkkkk,d5c9e8d2a816b1fd95a17efc38e31ace5ca5720b6252647589cf5a3db224b161,2025-04-05T00:00:00Z
EVID-00191,CASE-0056,,RECON_RESULT,ENGINE,ops.anomaly_results:anm-00058,REFUND_ECONOMICS detected 41.45 by FR-REFUND-ECON-001,4fe4b5f179b5a7bf6777480c1e33349145ee75fddbdc0c356967f9684ae30361,2025-04-05T00:00:00Z
EVID-00192,CASE-0056,,RULE_RESULT,ENGINE,cfg.financial_rules:FR-REFUND-ECON-001,rule FR-REFUND-ECON-001 evaluated to LEAKAGE,072d2128cf5c3e963a54ce66aed510d191691f928efa61d5d53195f5ca83dd54,2025-04-05T00:00:00Z
EVID-00193,CASE-0056,,RAW_PAYLOAD,RAZORPAY,raw.raw_source_records:payments:pay_000301axkkkkkk,raw gateway payload for payment pay_000301axkkkkkk,b51454051069f82d45792ea16fbf9eb25e6ee65a70af3258e8de955476d85f0e,2025-04-05T00:00:00Z
EVID-00194,CASE-0057,,RECON_RESULT,ENGINE,ops.anomaly_results:anm-00059,FEE_DISCREPANCY detected 5.11 by FR-FEE-EXCESS-001,51bd413c158260fbaec3148353ef0fc7f5e5d26f06aa501c7f0e9d7d340cbed7,2025-04-05T00:00:00Z
EVID-00195,CASE-0057,,RULE_RESULT,ENGINE,cfg.financial_rules:FR-FEE-EXCESS-001,rule FR-FEE-EXCESS-001 evaluated to LEAKAGE,18e4922bc2fbccb34065841df19ecca8ad722ef5520b627395baea588966de17,2025-04-05T00:00:00Z
EVID-00196,CASE-0057,,RAW_PAYLOAD,RAZORPAY,raw.raw_source_records:payments:pay_000304axkkkk,raw gateway payload for payment pay_000304axkkkk,1d655ec15cdb5ee38235ced17f12e971cc4b129b1e65850261834ba8f8db57cf,2025-04-05T00:00:00Z
EVID-00197,CASE-0057,,RATE_CARD,CFG,cfg.rate_cards:RC-CARD-2025,applicable rate card RC-CARD-2025,1bcea65058a6759a002a5283d9a4c2181d179ea3ee659aa3cd2f3d22a2c2cb3e,2025-04-05T00:00:00Z
EVID-00198,CASE-0058,,RECON_RESULT,ENGINE,ops.anomaly_results:anm-00060,SETTLEMENT_MISMATCH detected 175.78 by FR-SETTLE-CALC-001,5160c8cac8c54001e15845cedbc4e497fa08353a174395997830cfe3b748ac57,2025-04-05T00:00:00Z
EVID-00199,CASE-0058,,RULE_RESULT,ENGINE,cfg.financial_rules:FR-SETTLE-CALC-001,rule FR-SETTLE-CALC-001 evaluated to LEAKAGE,92721a1d592e667cfec36d980c4968dd25d2353654d60ceb830b5efa79ba2985,2025-04-05T00:00:00Z
EVID-00200,CASE-0058,,RAW_PAYLOAD,RAZORPAY,raw.raw_source_records:payments:pay_000316axkkkkkkk,raw gateway payload for payment pay_000316axkkkkkkk,cc8ffc8662ecbb03b81a7bd881f92caa22f8ff3373fad3ddc1995439a826102b,2025-04-05T00:00:00Z
EVID-00201,CASE-0059,,RECON_RESULT,ENGINE,ops.anomaly_results:anm-00061,FEE_DISCREPANCY detected 1.25 by FR-FEE-EXCESS-001,fdcbb72d51e1e46cf4b28951c6f0850b0a655f8cd42d9b4f745c874c00608802,2025-04-05T00:00:00Z
EVID-00202,CASE-0059,,RULE_RESULT,ENGINE,cfg.financial_rules:FR-FEE-EXCESS-001,rule FR-FEE-EXCESS-001 evaluated to LEAKAGE,18e4922bc2fbccb34065841df19ecca8ad722ef5520b627395baea588966de17,2025-04-05T00:00:00Z
EVID-00203,CASE-0059,,RAW_PAYLOAD,RAZORPAY,raw.raw_source_records:payments:pay_000330axkkkkk,raw gateway payload for payment pay_000330axkkkkk,eec8001557499e57b002c14349fc563d094696159e731f5a16b9d6c2692dd089,2025-04-05T00:00:00Z
EVID-00204,CASE-0059,,RATE_CARD,CFG,cfg.rate_cards:RC-UPI-2025,applicable rate card RC-UPI-2025,6c366592a22d55351ed96af92fc67fb55c824bdc45180501b49acb478d3fc036,2025-04-05T00:00:00Z
EVID-00205,CASE-0060,,RECON_RESULT,ENGINE,ops.anomaly_results:anm-00062,SETTLEMENT_MISMATCH detected 35.42 by FR-SETTLE-CALC-001,23027d7a40cd3c2fa317674dd8c9520359532cedf44da685a857e9c41c9b38ad,2025-04-05T00:00:00Z
EVID-00206,CASE-0060,,RULE_RESULT,ENGINE,cfg.financial_rules:FR-SETTLE-CALC-001,rule FR-SETTLE-CALC-001 evaluated to LEAKAGE,92721a1d592e667cfec36d980c4968dd25d2353654d60ceb830b5efa79ba2985,2025-04-05T00:00:00Z
EVID-00207,CASE-0060,,RAW_PAYLOAD,RAZORPAY,raw.raw_source_records:payments:pay_000345axkkkkkkkkk,raw gateway payload for payment pay_000345axkkkkkkkkk,ce6e3b5a1d6f35816643e52c144d10b47469a25520a3656e37aeff3b48ddede9,2025-04-05T00:00:00Z
EVID-00208,CASE-0061,,RECON_RESULT,ENGINE,ops.anomaly_results:anm-00063,SETTLEMENT_MISMATCH detected 2058.75 by FR-SETTLE-TIMING-001,4ed83135088f456cd84e4c63d37f294fb764a6d4af978ba7d05e36cb3872e77d,2025-04-05T00:00:00Z
EVID-00209,CASE-0061,,RULE_RESULT,ENGINE,cfg.financial_rules:FR-SETTLE-TIMING-001,rule FR-SETTLE-TIMING-001 evaluated to LEAKAGE,b79283de7eb4efad69416f338e689ba8b43387b257b2380aac57faaf97f63c92,2025-04-05T00:00:00Z
EVID-00210,CASE-0061,,RAW_PAYLOAD,RAZORPAY,raw.raw_source_records:payments:pay_000346axkkkk,raw gateway payload for payment pay_000346axkkkk,5f2499accfd2813f0df3e3dd81c6712f50b4dff315523f5b5d9c871273e948b9,2025-04-05T00:00:00Z
EVID-00211,CASE-0062,,RECON_RESULT,ENGINE,ops.anomaly_results:anm-00064,SETTLEMENT_MISMATCH detected 429.35 by FR-SETTLE-CALC-001,440ccdc4ceb8f601bf6ae6f20811b1bf54c4be230a07e38483310907d0d67cf9,2025-04-05T00:00:00Z
EVID-00212,CASE-0062,,RULE_RESULT,ENGINE,cfg.financial_rules:FR-SETTLE-CALC-001,rule FR-SETTLE-CALC-001 evaluated to LEAKAGE,92721a1d592e667cfec36d980c4968dd25d2353654d60ceb830b5efa79ba2985,2025-04-05T00:00:00Z
EVID-00213,CASE-0062,,RAW_PAYLOAD,RAZORPAY,raw.raw_source_records:payments:pay_000347axkkkkkkkk,raw gateway payload for payment pay_000347axkkkkkkkk,b9709c90fd0283f8a174143a702dc7fbd1bea03305d21f9e0831b4c993c4c68a,2025-04-05T00:00:00Z
EVID-00214,CASE-0063,,RECON_RESULT,ENGINE,ops.anomaly_results:anm-00065,FEE_DISCREPANCY detected 137.7 by FR-FEE-EXCESS-001,aaa25d0753dd1155dc3adcdcf03a35bd151b052deea25e8881eedb247236d30b,2025-04-05T00:00:00Z
EVID-00215,CASE-0063,,RULE_RESULT,ENGINE,cfg.financial_rules:FR-FEE-EXCESS-001,rule FR-FEE-EXCESS-001 evaluated to LEAKAGE,18e4922bc2fbccb34065841df19ecca8ad722ef5520b627395baea588966de17,2025-04-05T00:00:00Z
EVID-00216,CASE-0063,,RAW_PAYLOAD,RAZORPAY,raw.raw_source_records:payments:pay_000381axkkkkkkkkk,raw gateway payload for payment pay_000381axkkkkkkkkk,20439b1cdd02a7c60de176079f5c684dc4802579a99780c333955c75153e8366,2025-04-05T00:00:00Z
EVID-00217,CASE-0063,,RATE_CARD,CFG,cfg.rate_cards:RC-CARD-2025,applicable rate card RC-CARD-2025,1bcea65058a6759a002a5283d9a4c2181d179ea3ee659aa3cd2f3d22a2c2cb3e,2025-04-05T00:00:00Z
EVID-00218,CASE-0064,,RECON_RESULT,ENGINE,ops.anomaly_results:anm-00066,REFUND_ECONOMICS detected 6.08 by FR-REFUND-ECON-001,9c5eb5e708ba41e30addf0a67775ee621e9ec68324d3cb1c507426b9d8695dfe,2025-04-05T00:00:00Z
EVID-00219,CASE-0064,,RULE_RESULT,ENGINE,cfg.financial_rules:FR-REFUND-ECON-001,rule FR-REFUND-ECON-001 evaluated to LEAKAGE,072d2128cf5c3e963a54ce66aed510d191691f928efa61d5d53195f5ca83dd54,2025-04-05T00:00:00Z
EVID-00220,CASE-0064,,RAW_PAYLOAD,RAZORPAY,raw.raw_source_records:payments:pay_000388axkkkkkkkkk,raw gateway payload for payment pay_000388axkkkkkkkkk,5395c70ed63209adbec59f12813af70c5f44ce51b1f127b82361f046f29792b6,2025-04-05T00:00:00Z
EVID-00221,CASE-0065,,RECON_RESULT,ENGINE,ops.anomaly_results:anm-00067,FEE_DISCREPANCY detected 6.25 by FR-FEE-EXCESS-001,7d8c81bc04d16866ce5f4caf5f9540adbe631b48fb8d69775d933a39f57c4941,2025-04-05T00:00:00Z
EVID-00222,CASE-0065,,RULE_RESULT,ENGINE,cfg.financial_rules:FR-FEE-EXCESS-001,rule FR-FEE-EXCESS-001 evaluated to LEAKAGE,18e4922bc2fbccb34065841df19ecca8ad722ef5520b627395baea588966de17,2025-04-05T00:00:00Z
EVID-00223,CASE-0065,,RAW_PAYLOAD,RAZORPAY,raw.raw_source_records:payments:pay_000391axkkkkkk,raw gateway payload for payment pay_000391axkkkkkk,1ff6cea942694c64e1e0f0a89eef452a232d35d9f6a6975cae43169309f91f2e,2025-04-05T00:00:00Z
EVID-00224,CASE-0065,,RATE_CARD,CFG,cfg.rate_cards:RC-CARD-2025,applicable rate card RC-CARD-2025,1bcea65058a6759a002a5283d9a4c2181d179ea3ee659aa3cd2f3d22a2c2cb3e,2025-04-05T00:00:00Z
EVID-00225,CASE-0066,,RECON_RESULT,ENGINE,ops.anomaly_results:anm-00068,SETTLEMENT_MISMATCH detected 13.19 by FR-SETTLE-CALC-001,51dbd3e1fc502f11f5fff38ebf5cb36bd851f9af2759d1cd42112ba79a2aadd2,2025-04-05T00:00:00Z
EVID-00226,CASE-0066,,RULE_RESULT,ENGINE,cfg.financial_rules:FR-SETTLE-CALC-001,rule FR-SETTLE-CALC-001 evaluated to LEAKAGE,92721a1d592e667cfec36d980c4968dd25d2353654d60ceb830b5efa79ba2985,2025-04-05T00:00:00Z
EVID-00227,CASE-0066,,RAW_PAYLOAD,RAZORPAY,raw.raw_source_records:payments:pay_000403axkkkkk,raw gateway payload for payment pay_000403axkkkkk,71081df98c3de2eac97128b7bf8525a0a77d7a8104ecf1fad1e3ce47ff37d3fc,2025-04-05T00:00:00Z
EVID-00228,CASE-0067,,RECON_RESULT,ENGINE,ops.anomaly_results:anm-00069,FEE_DISCREPANCY detected 14.16 by FR-FEE-EXCESS-001,04f2ed51c8a4e6bf86e6e249fcc7ac018d40d485009044e23a2bb0a4f5849f18,2025-04-05T00:00:00Z
EVID-00229,CASE-0067,,RULE_RESULT,ENGINE,cfg.financial_rules:FR-FEE-EXCESS-001,rule FR-FEE-EXCESS-001 evaluated to LEAKAGE,18e4922bc2fbccb34065841df19ecca8ad722ef5520b627395baea588966de17,2025-04-05T00:00:00Z
EVID-00230,CASE-0067,,RAW_PAYLOAD,RAZORPAY,raw.raw_source_records:payments:pay_000404axkkkk,raw gateway payload for payment pay_000404axkkkk,f456773588cb6fad4364ed2757341c7c8ec63d334385db2fb081130885177bc5,2025-04-05T00:00:00Z
EVID-00231,CASE-0067,,RATE_CARD,CFG,cfg.rate_cards:RC-NB-2025,applicable rate card RC-NB-2025,319c1843b37a6e78aa4b7e94785936a68fae6f51cbe7c340bdab41d62ea56c00,2025-04-05T00:00:00Z
EVID-00232,CASE-0068,,RECON_RESULT,ENGINE,ops.anomaly_results:anm-00070,REFUND_ECONOMICS detected 8.41 by FR-REFUND-ECON-001,4d0120a38dc880194396530edbefcbccfb7a71d3cec32eadc87fe395eadfc65e,2025-04-05T00:00:00Z
EVID-00233,CASE-0068,,RULE_RESULT,ENGINE,cfg.financial_rules:FR-REFUND-ECON-001,rule FR-REFUND-ECON-001 evaluated to LEAKAGE,072d2128cf5c3e963a54ce66aed510d191691f928efa61d5d53195f5ca83dd54,2025-04-05T00:00:00Z
EVID-00234,CASE-0068,,RAW_PAYLOAD,RAZORPAY,raw.raw_source_records:payments:pay_000405axkkkkkk,raw gateway payload for payment pay_000405axkkkkkk,b8b69d82339635fb931d1093d40334c79d92801f42d87984759f4964e47ef43b,2025-04-05T00:00:00Z
EVID-00235,CASE-0069,,RECON_RESULT,ENGINE,ops.anomaly_results:anm-00071,SETTLEMENT_MISMATCH detected 22.2 by FR-SETTLE-CALC-001,617f568728183c5c4bb2a2518c338c159d5f51c1a5d080e1727e697c9d91890e,2025-04-05T00:00:00Z
EVID-00236,CASE-0069,,RULE_RESULT,ENGINE,cfg.financial_rules:FR-SETTLE-CALC-001,rule FR-SETTLE-CALC-001 evaluated to LEAKAGE,92721a1d592e667cfec36d980c4968dd25d2353654d60ceb830b5efa79ba2985,2025-04-05T00:00:00Z
EVID-00237,CASE-0069,,RAW_PAYLOAD,RAZORPAY,raw.raw_source_records:payments:pay_000428axkkkkkkk,raw gateway payload for payment pay_000428axkkkkkkk,ace4267521f14e919221fe0d0f330dad08bff0cb71c94c7e920881dc4b5164ab,2025-04-05T00:00:00Z
EVID-00238,CASE-0070,,RECON_RESULT,ENGINE,ops.anomaly_results:anm-00072,FEE_DISCREPANCY detected 5.38 by FR-FEE-EXCESS-001,75fb3b2cba0a668e963d4143fd321a489ecdfcf5e7a6c202a54fc06f7d63c352,2025-04-05T00:00:00Z
EVID-00239,CASE-0070,,RULE_RESULT,ENGINE,cfg.financial_rules:FR-FEE-EXCESS-001,rule FR-FEE-EXCESS-001 evaluated to LEAKAGE,18e4922bc2fbccb34065841df19ecca8ad722ef5520b627395baea588966de17,2025-04-05T00:00:00Z
EVID-00240,CASE-0070,,RAW_PAYLOAD,RAZORPAY,raw.raw_source_records:payments:pay_000435axkkkkk,raw gateway payload for payment pay_000435axkkkkk,b83508baace4939e6f9cddd2302dbe3c86f8100637f9d59bb7ecf94a58c6fe08,2025-04-05T00:00:00Z
EVID-00241,CASE-0070,,RATE_CARD,CFG,cfg.rate_cards:RC-UPI-2025,applicable rate card RC-UPI-2025,6c366592a22d55351ed96af92fc67fb55c824bdc45180501b49acb478d3fc036,2025-04-05T00:00:00Z
EVID-00242,CASE-0071,,RECON_RESULT,ENGINE,ops.anomaly_results:anm-00073,FEE_DISCREPANCY detected 5.12 by FR-FEE-EXCESS-001,aebafcb04be7c645b3e33c17b6d0c0c2b9ee83f270c92c385c720981f9e22de9,2025-04-05T00:00:00Z
EVID-00243,CASE-0071,,RULE_RESULT,ENGINE,cfg.financial_rules:FR-FEE-EXCESS-001,rule FR-FEE-EXCESS-001 evaluated to LEAKAGE,18e4922bc2fbccb34065841df19ecca8ad722ef5520b627395baea588966de17,2025-04-05T00:00:00Z
EVID-00244,CASE-0071,,RAW_PAYLOAD,RAZORPAY,raw.raw_source_records:payments:pay_000437axkkkkk,raw gateway payload for payment pay_000437axkkkkk,76180a2feaa14f90d606fbcc736aa2b8926a7bfcfb90018a3ad11247a46a4de9,2025-04-05T00:00:00Z
EVID-00245,CASE-0071,,RATE_CARD,CFG,cfg.rate_cards:RC-UPI-2025,applicable rate card RC-UPI-2025,6c366592a22d55351ed96af92fc67fb55c824bdc45180501b49acb478d3fc036,2025-04-05T00:00:00Z
EVID-00246,CASE-0072,,RECON_RESULT,ENGINE,ops.anomaly_results:anm-00074,FEE_DISCREPANCY detected 3.18 by FR-FEE-EXCESS-001,1f2f707607f4eacea00bdb16ee1e5b6dd3d34105b3377923ed158f2f43cbf813,2025-04-05T00:00:00Z
EVID-00247,CASE-0072,,RULE_RESULT,ENGINE,cfg.financial_rules:FR-FEE-EXCESS-001,rule FR-FEE-EXCESS-001 evaluated to LEAKAGE,18e4922bc2fbccb34065841df19ecca8ad722ef5520b627395baea588966de17,2025-04-05T00:00:00Z
EVID-00248,CASE-0072,,RAW_PAYLOAD,RAZORPAY,raw.raw_source_records:payments:pay_000438axkkkkkkkk,raw gateway payload for payment pay_000438axkkkkkkkk,c7cdf3e3cd72dc2f97046701cd3cbec86fc17b5a0d2013961118a186214c902e,2025-04-05T00:00:00Z
EVID-00249,CASE-0072,,RATE_CARD,CFG,cfg.rate_cards:RC-CARD-2025,applicable rate card RC-CARD-2025,1bcea65058a6759a002a5283d9a4c2181d179ea3ee659aa3cd2f3d22a2c2cb3e,2025-04-05T00:00:00Z
EVID-00250,CASE-0073,,RECON_RESULT,ENGINE,ops.anomaly_results:anm-00075,SETTLEMENT_MISMATCH detected 46.0 by FR-SETTLE-CALC-001,095538d53871810a9c6c77ea0c067b148e3c1b6ab3f9b1570643e73de8a644f5,2025-04-05T00:00:00Z
EVID-00251,CASE-0073,,RULE_RESULT,ENGINE,cfg.financial_rules:FR-SETTLE-CALC-001,rule FR-SETTLE-CALC-001 evaluated to LEAKAGE,92721a1d592e667cfec36d980c4968dd25d2353654d60ceb830b5efa79ba2985,2025-04-05T00:00:00Z
EVID-00252,CASE-0073,,RAW_PAYLOAD,RAZORPAY,raw.raw_source_records:payments:pay_000458axkkkkkkkk,raw gateway payload for payment pay_000458axkkkkkkkk,5d0d7ef58a109ab6775f8b451e09fa28be4f0b5c2ac3e2cbbe58bd0493c4f24e,2025-04-05T00:00:00Z
EVID-00253,CASE-0074,,RECON_RESULT,ENGINE,ops.anomaly_results:anm-00076,FEE_DISCREPANCY detected 5.52 by FR-FEE-EXCESS-001,d9ec6f033c045814d29dfd2530c1adb3217b994339d8cb6c08e0dc9cad0230ca,2025-04-05T00:00:00Z
EVID-00254,CASE-0074,,RULE_RESULT,ENGINE,cfg.financial_rules:FR-FEE-EXCESS-001,rule FR-FEE-EXCESS-001 evaluated to LEAKAGE,18e4922bc2fbccb34065841df19ecca8ad722ef5520b627395baea588966de17,2025-04-05T00:00:00Z
EVID-00255,CASE-0074,,RAW_PAYLOAD,RAZORPAY,raw.raw_source_records:payments:pay_000460axkkkkkkkkkk,raw gateway payload for payment pay_000460axkkkkkkkkkk,dda7440d0f95e67b58eab5b9ab0cae757b7517b5cd761850b163a5b644122237,2025-04-05T00:00:00Z
EVID-00256,CASE-0074,,RATE_CARD,CFG,cfg.rate_cards:RC-NB-2025,applicable rate card RC-NB-2025,319c1843b37a6e78aa4b7e94785936a68fae6f51cbe7c340bdab41d62ea56c00,2025-04-05T00:00:00Z
EVID-00257,CASE-0075,,RECON_RESULT,ENGINE,ops.anomaly_results:anm-00077,SETTLEMENT_MISMATCH detected 291.94 by FR-SETTLE-TIMING-001,9d024405d43efcaa345af6fec57113f14329bb422cc28350aef3b88b9d6f6fdb,2025-04-05T00:00:00Z
EVID-00258,CASE-0075,,RULE_RESULT,ENGINE,cfg.financial_rules:FR-SETTLE-TIMING-001,rule FR-SETTLE-TIMING-001 evaluated to LEAKAGE,b79283de7eb4efad69416f338e689ba8b43387b257b2380aac57faaf97f63c92,2025-04-05T00:00:00Z
EVID-00259,CASE-0075,,RAW_PAYLOAD,RAZORPAY,raw.raw_source_records:payments:pay_000461axkkkkkkkkkk,raw gateway payload for payment pay_000461axkkkkkkkkkk,3d46b3fe94097af3337df8629208b1483d865c2ce28a0379f047f13cc31a7959,2025-04-05T00:00:00Z
EVID-00260,CASE-0076,,RECON_RESULT,ENGINE,ops.anomaly_results:anm-00078,REFUND_ECONOMICS detected 16.81 by FR-REFUND-ECON-001,bdb9bbe36abc4117bcf17112104325cc2c22fab427d78676609bf1c3beb7d68a,2025-04-05T00:00:00Z
EVID-00261,CASE-0076,,RULE_RESULT,ENGINE,cfg.financial_rules:FR-REFUND-ECON-001,rule FR-REFUND-ECON-001 evaluated to LEAKAGE,072d2128cf5c3e963a54ce66aed510d191691f928efa61d5d53195f5ca83dd54,2025-04-05T00:00:00Z
EVID-00262,CASE-0076,,RAW_PAYLOAD,RAZORPAY,raw.raw_source_records:payments:pay_000465axkkkkk,raw gateway payload for payment pay_000465axkkkkk,e14482a0d94733504252322dc9d72b59b6b43c08d3a38d6eccaf5fb974a33b25,2025-04-05T00:00:00Z
EVID-00263,CASE-0077,,RECON_RESULT,ENGINE,ops.anomaly_results:anm-00079,FEE_DISCREPANCY detected 20.18 by FR-FEE-EXCESS-001,2c60d41e260954a1c4ee163dd51aca225f1e7a79e9f6396a3eb4e5a5a8f5aa6b,2025-04-05T00:00:00Z
EVID-00264,CASE-0077,,RULE_RESULT,ENGINE,cfg.financial_rules:FR-FEE-EXCESS-001,rule FR-FEE-EXCESS-001 evaluated to LEAKAGE,18e4922bc2fbccb34065841df19ecca8ad722ef5520b627395baea588966de17,2025-04-05T00:00:00Z
EVID-00265,CASE-0077,,RAW_PAYLOAD,RAZORPAY,raw.raw_source_records:payments:pay_000468axkkkk,raw gateway payload for payment pay_000468axkkkk,50235da058326b1babebb6ebb32229bd733d1ac01253975a1504ba926ab5adf4,2025-04-05T00:00:00Z
EVID-00266,CASE-0077,,RATE_CARD,CFG,cfg.rate_cards:RC-CARD-2025,applicable rate card RC-CARD-2025,1bcea65058a6759a002a5283d9a4c2181d179ea3ee659aa3cd2f3d22a2c2cb3e,2025-04-05T00:00:00Z
EVID-00267,CASE-0078,,RECON_RESULT,ENGINE,ops.anomaly_results:anm-00080,SETTLEMENT_MISMATCH detected 18.18 by FR-SETTLE-CALC-001,fb1ef6b074d9bd3a14cfaa5d4317b06a8051bbad3949c3cb6dae02c34c0c7984,2025-04-05T00:00:00Z
EVID-00268,CASE-0078,,RULE_RESULT,ENGINE,cfg.financial_rules:FR-SETTLE-CALC-001,rule FR-SETTLE-CALC-001 evaluated to LEAKAGE,92721a1d592e667cfec36d980c4968dd25d2353654d60ceb830b5efa79ba2985,2025-04-05T00:00:00Z
EVID-00269,CASE-0078,,RAW_PAYLOAD,RAZORPAY,raw.raw_source_records:payments:pay_000469axkkkkkkk,raw gateway payload for payment pay_000469axkkkkkkk,32c540333d2ea64feabcef2b4af7a9179a0eef1b81fe22295d2d57757c33c0d2,2025-04-05T00:00:00Z
EVID-00270,CASE-0079,,RECON_RESULT,ENGINE,ops.anomaly_results:anm-00081,FEE_DISCREPANCY detected 12.17 by FR-FEE-EXCESS-001,653dc6f8c09d9d45229c2c91c353cad6d52835a89d1ae7b9ebd722cfdc608f0f,2025-04-05T00:00:00Z
EVID-00271,CASE-0079,,RULE_RESULT,ENGINE,cfg.financial_rules:FR-FEE-EXCESS-001,rule FR-FEE-EXCESS-001 evaluated to LEAKAGE,18e4922bc2fbccb34065841df19ecca8ad722ef5520b627395baea588966de17,2025-04-05T00:00:00Z
EVID-00272,CASE-0079,,RAW_PAYLOAD,RAZORPAY,raw.raw_source_records:payments:pay_000471axkkkkkkkkkk,raw gateway payload for payment pay_000471axkkkkkkkkkk,90737fd5f7ce361db1c0c5d290629be37107868dc7debc1b66e8cc32fd4c75da,2025-04-05T00:00:00Z
EVID-00273,CASE-0079,,RATE_CARD,CFG,cfg.rate_cards:RC-CARD-2025,applicable rate card RC-CARD-2025,1bcea65058a6759a002a5283d9a4c2181d179ea3ee659aa3cd2f3d22a2c2cb3e,2025-04-05T00:00:00Z
EVID-00274,CASE-0080,,RECON_RESULT,ENGINE,ops.anomaly_results:anm-00082,FEE_DISCREPANCY detected 37.93 by FR-FEE-EXCESS-001,f69e728c5c19b0407e0da142f9c4ea445c3cb4528cdff660e8449f7f1fc9c455,2025-04-05T00:00:00Z
EVID-00275,CASE-0080,,RULE_RESULT,ENGINE,cfg.financial_rules:FR-FEE-EXCESS-001,rule FR-FEE-EXCESS-001 evaluated to LEAKAGE,18e4922bc2fbccb34065841df19ecca8ad722ef5520b627395baea588966de17,2025-04-05T00:00:00Z
EVID-00276,CASE-0080,,RAW_PAYLOAD,RAZORPAY,raw.raw_source_records:payments:pay_000476axkkkkkkkk,raw gateway payload for payment pay_000476axkkkkkkkk,4f58f32393ce4994b014a3f3cb251ed9bcd3a9c03782305abdba21c73f24556a,2025-04-05T00:00:00Z
EVID-00277,CASE-0080,,RATE_CARD,CFG,cfg.rate_cards:RC-WALLET-2025,applicable rate card RC-WALLET-2025,db454a85728a7a4f21a9eca649bc6e418822fb35991d5e73c2f723f512f5ce83,2025-04-05T00:00:00Z
EVID-00278,CASE-0081,,RECON_RESULT,ENGINE,ops.anomaly_results:anm-00083,SETTLEMENT_MISMATCH detected 1183.71 by FR-SETTLE-TIMING-001,22c5839a3c2e25fb6a037a75d0839e7a0f8c3edee8e14b35a0c21041e3fa1058,2025-04-05T00:00:00Z
EVID-00279,CASE-0081,,RULE_RESULT,ENGINE,cfg.financial_rules:FR-SETTLE-TIMING-001,rule FR-SETTLE-TIMING-001 evaluated to LEAKAGE,b79283de7eb4efad69416f338e689ba8b43387b257b2380aac57faaf97f63c92,2025-04-05T00:00:00Z
EVID-00280,CASE-0081,,RAW_PAYLOAD,RAZORPAY,raw.raw_source_records:payments:pay_000490axkkkkkkk,raw gateway payload for payment pay_000490axkkkkkkk,14b6daf0d5401aec3ac96f90b36adc91ed5a1c400a8198ee4f3de0a3a8af806e,2025-04-05T00:00:00Z
EVID-00281,CASE-0082,,RECON_RESULT,ENGINE,ops.anomaly_results:anm-00084,SETTLEMENT_MISMATCH detected 19.35 by FR-SETTLE-CALC-001,67dd60f972af5a46a2f58f43f54d39a05f9f9aaabc9d1eb55901d1bd564b4baf,2025-04-05T00:00:00Z
EVID-00282,CASE-0082,,RULE_RESULT,ENGINE,cfg.financial_rules:FR-SETTLE-CALC-001,rule FR-SETTLE-CALC-001 evaluated to LEAKAGE,92721a1d592e667cfec36d980c4968dd25d2353654d60ceb830b5efa79ba2985,2025-04-05T00:00:00Z
EVID-00283,CASE-0082,,RAW_PAYLOAD,RAZORPAY,raw.raw_source_records:payments:pay_000493axkkkk,raw gateway payload for payment pay_000493axkkkk,59d0de4f408aef7ca34cb6f6fc9a621e2794801152d183749224fd95f99dd8b7,2025-04-05T00:00:00Z
EVID-00284,CASE-0083,,RECON_RESULT,ENGINE,ops.anomaly_results:anm-00085,SETTLEMENT_MISMATCH detected 751.74 by FR-SETTLE-TIMING-001,9d94b9e62cf37ccadd9a916b2a704137f8a030b968f18e8608768c45902c9727,2025-04-05T00:00:00Z
EVID-00285,CASE-0083,,RULE_RESULT,ENGINE,cfg.financial_rules:FR-SETTLE-TIMING-001,rule FR-SETTLE-TIMING-001 evaluated to LEAKAGE,b79283de7eb4efad69416f338e689ba8b43387b257b2380aac57faaf97f63c92,2025-04-05T00:00:00Z
EVID-00286,CASE-0083,,RAW_PAYLOAD,RAZORPAY,raw.raw_source_records:payments:pay_000498axkkkkkkkk,raw gateway payload for payment pay_000498axkkkkkkkk,c7d41302bfa584c26846d1d547f9dd2ecb45ff8ed795dbc146bc9001bc3fae0f,2025-04-05T00:00:00Z
EVID-00287,CASE-0084,,RECON_RESULT,ENGINE,ops.anomaly_results:anm-00086,REFUND_ECONOMICS detected 20.47 by FR-REFUND-ECON-001,45e10a94dec0da892ccb4201e7ca5ed887d871b95314720d8768fd27114c15fa,2025-04-05T00:00:00Z
EVID-00288,CASE-0084,,RULE_RESULT,ENGINE,cfg.financial_rules:FR-REFUND-ECON-001,rule FR-REFUND-ECON-001 evaluated to LEAKAGE,072d2128cf5c3e963a54ce66aed510d191691f928efa61d5d53195f5ca83dd54,2025-04-05T00:00:00Z
EVID-00289,CASE-0084,,RAW_PAYLOAD,RAZORPAY,raw.raw_source_records:payments:pay_000550axkkkkk,raw gateway payload for payment pay_000550axkkkkk,6fcbd570a6def2256733763f7406cc5fab7910fd6b58f1d841df7c4103b1bcb4,2025-04-05T00:00:00Z
EVID-00290,CASE-0085,,RECON_RESULT,ENGINE,ops.anomaly_results:anm-00087,FEE_DISCREPANCY detected 6.05 by FR-FEE-EXCESS-001,2a3a2d64059a308b488be38c464047f5aee439f3053e8efe6d400f05da5226c7,2025-04-05T00:00:00Z
EVID-00291,CASE-0085,,RULE_RESULT,ENGINE,cfg.financial_rules:FR-FEE-EXCESS-001,rule FR-FEE-EXCESS-001 evaluated to LEAKAGE,18e4922bc2fbccb34065841df19ecca8ad722ef5520b627395baea588966de17,2025-04-05T00:00:00Z
EVID-00292,CASE-0085,,RAW_PAYLOAD,RAZORPAY,raw.raw_source_records:payments:pay_000563axkkkkkkkkkk,raw gateway payload for payment pay_000563axkkkkkkkkkk,2bb78fb117ec622b84d7336d4d20941944a46d37dc870d9305d70e64ec798723,2025-04-05T00:00:00Z
EVID-00293,CASE-0085,,RATE_CARD,CFG,cfg.rate_cards:RC-CARD-2025,applicable rate card RC-CARD-2025,1bcea65058a6759a002a5283d9a4c2181d179ea3ee659aa3cd2f3d22a2c2cb3e,2025-04-05T00:00:00Z
EVID-00294,CASE-0086,,RECON_RESULT,ENGINE,ops.anomaly_results:anm-00088,SETTLEMENT_MISMATCH detected 788.94 by FR-SETTLE-TIMING-001,04ee56f38c5a3fde664f9e870aade58304d454440ab9fac74c346940066dfc9e,2025-04-05T00:00:00Z
EVID-00295,CASE-0086,,RULE_RESULT,ENGINE,cfg.financial_rules:FR-SETTLE-TIMING-001,rule FR-SETTLE-TIMING-001 evaluated to LEAKAGE,b79283de7eb4efad69416f338e689ba8b43387b257b2380aac57faaf97f63c92,2025-04-05T00:00:00Z
EVID-00296,CASE-0086,,RAW_PAYLOAD,RAZORPAY,raw.raw_source_records:payments:pay_000568axkkkkkkkkkk,raw gateway payload for payment pay_000568axkkkkkkkkkk,9e399551a4010c5359619f78a9ffaa01c7f905a0f8198d91b5dd6ae5638e7562,2025-04-05T00:00:00Z
EVID-00297,CASE-0087,,RECON_RESULT,ENGINE,ops.anomaly_results:anm-00089,SETTLEMENT_MISMATCH detected 291.94 by FR-SETTLE-TIMING-001,6b2e13077d6a22fac604f3b687a34b8ae9684ce850f81a1e118975d03b03a420,2025-04-05T00:00:00Z
EVID-00298,CASE-0087,,RULE_RESULT,ENGINE,cfg.financial_rules:FR-SETTLE-TIMING-001,rule FR-SETTLE-TIMING-001 evaluated to LEAKAGE,b79283de7eb4efad69416f338e689ba8b43387b257b2380aac57faaf97f63c92,2025-04-05T00:00:00Z
EVID-00299,CASE-0087,,RAW_PAYLOAD,RAZORPAY,raw.raw_source_records:payments:pay_000579axkkkkkkkkkk,raw gateway payload for payment pay_000579axkkkkkkkkkk,7c3334d97fe4990807f309de31b506a4314f98c33952e3e6af07e2c061c73feb,2025-04-05T00:00:00Z
EVID-00300,CASE-0088,,RECON_RESULT,ENGINE,ops.anomaly_results:anm-00090,SETTLEMENT_MISMATCH detected 607.89 by FR-SETTLE-CALC-001,56f607060491b3ecc8256edddf9ad16d29a69b55168b42a0760807426dca6d15,2025-04-05T00:00:00Z
EVID-00301,CASE-0088,,RULE_RESULT,ENGINE,cfg.financial_rules:FR-SETTLE-CALC-001,rule FR-SETTLE-CALC-001 evaluated to LEAKAGE,92721a1d592e667cfec36d980c4968dd25d2353654d60ceb830b5efa79ba2985,2025-04-05T00:00:00Z
EVID-00302,CASE-0088,,RAW_PAYLOAD,RAZORPAY,raw.raw_source_records:payments:pay_000580axkkkkkkkkk,raw gateway payload for payment pay_000580axkkkkkkkkk,7f793cf643620b1d294a947745b6b3930864ea4810144073ef8139deaf3457c1,2025-04-05T00:00:00Z
EVID-00303,CASE-0089,,RECON_RESULT,ENGINE,ops.anomaly_results:anm-00091,FEE_DISCREPANCY detected 57.34 by FR-FEE-EXCESS-001,bd74acb042d078fca877919545e6c9f12f47753374ad21295cdb2c4f1df76d2e,2025-04-05T00:00:00Z
EVID-00304,CASE-0089,,RULE_RESULT,ENGINE,cfg.financial_rules:FR-FEE-EXCESS-001,rule FR-FEE-EXCESS-001 evaluated to LEAKAGE,18e4922bc2fbccb34065841df19ecca8ad722ef5520b627395baea588966de17,2025-04-05T00:00:00Z
EVID-00305,CASE-0089,,RAW_PAYLOAD,RAZORPAY,raw.raw_source_records:payments:pay_000585axkkkk,raw gateway payload for payment pay_000585axkkkk,e2e0fd2e3e4d09258f16cdfd8b59835d8a3e6b5626c81143760e1fc49f680bc4,2025-04-05T00:00:00Z
EVID-00306,CASE-0089,,RATE_CARD,CFG,cfg.rate_cards:RC-CARD-2025,applicable rate card RC-CARD-2025,1bcea65058a6759a002a5283d9a4c2181d179ea3ee659aa3cd2f3d22a2c2cb3e,2025-04-05T00:00:00Z
EVID-00307,CASE-0090,,RECON_RESULT,ENGINE,ops.anomaly_results:anm-00092,SETTLEMENT_MISMATCH detected 42.8 by FR-SETTLE-CALC-001,a97899e8a03718a5ba0bfd82c4271acf3ad649d6a1a8234e4df0f314a6674e7d,2025-04-05T00:00:00Z
EVID-00308,CASE-0090,,RULE_RESULT,ENGINE,cfg.financial_rules:FR-SETTLE-CALC-001,rule FR-SETTLE-CALC-001 evaluated to LEAKAGE,92721a1d592e667cfec36d980c4968dd25d2353654d60ceb830b5efa79ba2985,2025-04-05T00:00:00Z
EVID-00309,CASE-0090,,RAW_PAYLOAD,RAZORPAY,raw.raw_source_records:payments:pay_000590axkkkkkkkkkk,raw gateway payload for payment pay_000590axkkkkkkkkkk,85ad63045f9409f4fa22cdf6e9dc11b11fc6cf0d78757cbfc96b951261bb0a2a,2025-04-05T00:00:00Z
EVID-00310,CASE-0091,,RECON_RESULT,ENGINE,ops.anomaly_results:anm-00093,SETTLEMENT_MISMATCH detected 5755.61 by FR-SETTLE-TIMING-001,1bd5145a377df9474586f5c1de3449444f670447c9f09c12fbaa0d3e3e88fdad,2025-04-05T00:00:00Z
EVID-00311,CASE-0091,,RULE_RESULT,ENGINE,cfg.financial_rules:FR-SETTLE-TIMING-001,rule FR-SETTLE-TIMING-001 evaluated to LEAKAGE,b79283de7eb4efad69416f338e689ba8b43387b257b2380aac57faaf97f63c92,2025-04-05T00:00:00Z
EVID-00312,CASE-0091,,RAW_PAYLOAD,RAZORPAY,raw.raw_source_records:payments:pay_000603axkkkkkkkkk,raw gateway payload for payment pay_000603axkkkkkkkkk,778b8933ea938271f06bb50d977966dcd0510d5a288a982f18bd7abe88219c14,2025-04-05T00:00:00Z
EVID-00313,CASE-0092,,RECON_RESULT,ENGINE,ops.anomaly_results:anm-00094,SETTLEMENT_MISMATCH detected 822.81 by FR-SETTLE-TIMING-001,53eac29722bee679367331c12fcc464f9661beb02fa0eec047098be5ee2dbef2,2025-04-05T00:00:00Z
EVID-00314,CASE-0092,,RULE_RESULT,ENGINE,cfg.financial_rules:FR-SETTLE-TIMING-001,rule FR-SETTLE-TIMING-001 evaluated to LEAKAGE,b79283de7eb4efad69416f338e689ba8b43387b257b2380aac57faaf97f63c92,2025-04-05T00:00:00Z
EVID-00315,CASE-0092,,RAW_PAYLOAD,RAZORPAY,raw.raw_source_records:payments:pay_000614axkkkk,raw gateway payload for payment pay_000614axkkkk,ad94d3275acdcacd662b3e489cbc360a11bf4f1d214733f81a76ac6b31fe5e80,2025-04-05T00:00:00Z
EVID-00316,CASE-0093,,RECON_RESULT,ENGINE,ops.anomaly_results:anm-00095,SETTLEMENT_MISMATCH detected 876.8 by FR-SETTLE-TIMING-001,c2f82ae7f0148e55e663d24b5573f6512cdb6ee2213fc4a41c2fb6ad590c458b,2025-04-05T00:00:00Z
EVID-00317,CASE-0093,,RULE_RESULT,ENGINE,cfg.financial_rules:FR-SETTLE-TIMING-001,rule FR-SETTLE-TIMING-001 evaluated to LEAKAGE,b79283de7eb4efad69416f338e689ba8b43387b257b2380aac57faaf97f63c92,2025-04-05T00:00:00Z
EVID-00318,CASE-0093,,RAW_PAYLOAD,RAZORPAY,raw.raw_source_records:payments:pay_000623axkkkkkkkk,raw gateway payload for payment pay_000623axkkkkkkkk,36dae22c4178ab0e17eb85f74f5cb18c29882e963af2b6af02d3a02c8b4def1d,2025-04-05T00:00:00Z
EVID-00319,CASE-0094,,RECON_RESULT,ENGINE,ops.anomaly_results:anm-00096,FEE_DISCREPANCY detected 1.58 by FR-FEE-EXCESS-001,05d0a2a1e49d14fecd49872a51f701aa0a1f5fc0904a0d59c7ae076f4d357c80,2025-04-05T00:00:00Z
EVID-00320,CASE-0094,,RULE_RESULT,ENGINE,cfg.financial_rules:FR-FEE-EXCESS-001,rule FR-FEE-EXCESS-001 evaluated to LEAKAGE,18e4922bc2fbccb34065841df19ecca8ad722ef5520b627395baea588966de17,2025-04-05T00:00:00Z
EVID-00321,CASE-0094,,RAW_PAYLOAD,RAZORPAY,raw.raw_source_records:payments:pay_000627axkkkkkkk,raw gateway payload for payment pay_000627axkkkkkkk,c85d0fb879a90f95ed02cd6674311b9190d8f9af56057416b787206c31fedf42,2025-04-05T00:00:00Z
EVID-00322,CASE-0094,,RATE_CARD,CFG,cfg.rate_cards:RC-UPI-2025,applicable rate card RC-UPI-2025,6c366592a22d55351ed96af92fc67fb55c824bdc45180501b49acb478d3fc036,2025-04-05T00:00:00Z
EVID-00323,CASE-0095,,RECON_RESULT,ENGINE,ops.anomaly_results:anm-00097,SETTLEMENT_MISMATCH detected 181.72 by FR-SETTLE-CALC-001,3385b2fde1f127f20a9a8ade5b1ca091fdcb8058bc6e9a3ff0166145ffe3a6c7,2025-04-05T00:00:00Z
EVID-00324,CASE-0095,,RULE_RESULT,ENGINE,cfg.financial_rules:FR-SETTLE-CALC-001,rule FR-SETTLE-CALC-001 evaluated to LEAKAGE,92721a1d592e667cfec36d980c4968dd25d2353654d60ceb830b5efa79ba2985,2025-04-05T00:00:00Z
EVID-00325,CASE-0095,,RAW_PAYLOAD,RAZORPAY,raw.raw_source_records:payments:pay_000628axkkkk,raw gateway payload for payment pay_000628axkkkk,8d6241afe0cddeac34d924b13d7baf520d50e340f482b0a9fdc458425dbe47e2,2025-04-05T00:00:00Z
EVID-00326,CASE-0096,,RECON_RESULT,ENGINE,ops.anomaly_results:anm-00098,FEE_DISCREPANCY detected 11.63 by FR-FEE-EXCESS-001,f87debdbd4fa610dcbe5aed74669640c140b0ea9e56874e1d97c7aa0a5891199,2025-04-05T00:00:00Z
EVID-00327,CASE-0096,,RULE_RESULT,ENGINE,cfg.financial_rules:FR-FEE-EXCESS-001,rule FR-FEE-EXCESS-001 evaluated to LEAKAGE,18e4922bc2fbccb34065841df19ecca8ad722ef5520b627395baea588966de17,2025-04-05T00:00:00Z
EVID-00328,CASE-0096,,RECON_RESULT,ENGINE,ops.anomaly_results:anm-00099,SETTLEMENT_MISMATCH detected 3.67 by FR-SETTLE-CALC-001,b09c7a5340190a5842dbf52fed3cd9f4266a2d2c019c17f25ee753d61dd125d4,2025-04-05T00:00:00Z
EVID-00329,CASE-0096,,RULE_RESULT,ENGINE,cfg.financial_rules:FR-SETTLE-CALC-001,rule FR-SETTLE-CALC-001 evaluated to LEAKAGE,92721a1d592e667cfec36d980c4968dd25d2353654d60ceb830b5efa79ba2985,2025-04-05T00:00:00Z
EVID-00330,CASE-0096,,RAW_PAYLOAD,RAZORPAY,raw.raw_source_records:payments:pay_000629axkkkk,raw gateway payload for payment pay_000629axkkkk,33c26c80c2cd49e6a634966baac7f764dc7bc48a300d6c7df2ddabe40cfd6ecd,2025-04-05T00:00:00Z
EVID-00331,CASE-0096,,RATE_CARD,CFG,cfg.rate_cards:RC-UPI-2025,applicable rate card RC-UPI-2025,6c366592a22d55351ed96af92fc67fb55c824bdc45180501b49acb478d3fc036,2025-04-05T00:00:00Z
EVID-00332,CASE-0097,,RECON_RESULT,ENGINE,ops.anomaly_results:anm-00100,FEE_DISCREPANCY detected 38.85 by FR-FEE-EXCESS-001,1b4294b00e6f507b5b3070195fd5968584bcc6a81558f1e7c211e28437ec82e9,2025-04-05T00:00:00Z
EVID-00333,CASE-0097,,RULE_RESULT,ENGINE,cfg.financial_rules:FR-FEE-EXCESS-001,rule FR-FEE-EXCESS-001 evaluated to LEAKAGE,18e4922bc2fbccb34065841df19ecca8ad722ef5520b627395baea588966de17,2025-04-05T00:00:00Z
EVID-00334,CASE-0097,,RAW_PAYLOAD,RAZORPAY,raw.raw_source_records:payments:pay_000655axkkkkkk,raw gateway payload for payment pay_000655axkkkkkk,541539f52b5d0f1d0d373bc2adac7a0e1d0fc7e8bfa5ac28a86c8c3f3672c820,2025-04-05T00:00:00Z
EVID-00335,CASE-0097,,RATE_CARD,CFG,cfg.rate_cards:RC-WALLET-2025,applicable rate card RC-WALLET-2025,db454a85728a7a4f21a9eca649bc6e418822fb35991d5e73c2f723f512f5ce83,2025-04-05T00:00:00Z
EVID-00336,CASE-0098,,RECON_RESULT,ENGINE,ops.anomaly_results:anm-00101,SETTLEMENT_MISMATCH detected 389.35 by FR-SETTLE-TIMING-001,8916b78e6fa2da032de2b79a3273d2338321382c3f0d45992bfaef7d0244c5b1,2025-04-05T00:00:00Z
EVID-00337,CASE-0098,,RULE_RESULT,ENGINE,cfg.financial_rules:FR-SETTLE-TIMING-001,rule FR-SETTLE-TIMING-001 evaluated to LEAKAGE,b79283de7eb4efad69416f338e689ba8b43387b257b2380aac57faaf97f63c92,2025-04-05T00:00:00Z
EVID-00338,CASE-0098,,RAW_PAYLOAD,RAZORPAY,raw.raw_source_records:payments:pay_000656axkkkkkk,raw gateway payload for payment pay_000656axkkkkkk,367eed54f0536bc0c87139a087bc8ba705f882c232a85d43d48e39776ac4b288,2025-04-05T00:00:00Z
EVID-00339,CASE-0099,,RECON_RESULT,ENGINE,ops.anomaly_results:anm-00102,SETTLEMENT_MISMATCH detected 257.29 by FR-SETTLE-CALC-001,e8b316e50ef2ec306331c925e0313c35065c4d722e1721bffd2a795d76d450ff,2025-04-05T00:00:00Z
EVID-00340,CASE-0099,,RULE_RESULT,ENGINE,cfg.financial_rules:FR-SETTLE-CALC-001,rule FR-SETTLE-CALC-001 evaluated to LEAKAGE,92721a1d592e667cfec36d980c4968dd25d2353654d60ceb830b5efa79ba2985,2025-04-05T00:00:00Z
EVID-00341,CASE-0099,,RAW_PAYLOAD,RAZORPAY,raw.raw_source_records:payments:pay_000663axkkkkk,raw gateway payload for payment pay_000663axkkkkk,9700c6f74127b4c3e30c8cc3562c77e180d50477e1cd3776f6397dec56ec958b,2025-04-05T00:00:00Z
EVID-00342,CASE-0100,,RECON_RESULT,ENGINE,ops.anomaly_results:anm-00103,FEE_DISCREPANCY detected 3.32 by FR-FEE-EXCESS-001,30e9c31e5a00db992afe1253d9a543ab457d5fc00c6f7f4e30dea353d5f12abc,2025-04-05T00:00:00Z
EVID-00343,CASE-0100,,RULE_RESULT,ENGINE,cfg.financial_rules:FR-FEE-EXCESS-001,rule FR-FEE-EXCESS-001 evaluated to LEAKAGE,18e4922bc2fbccb34065841df19ecca8ad722ef5520b627395baea588966de17,2025-04-05T00:00:00Z
EVID-00344,CASE-0100,,RAW_PAYLOAD,RAZORPAY,raw.raw_source_records:payments:pay_000667axkkkkkkkkk,raw gateway payload for payment pay_000667axkkkkkkkkk,a99c13b200ab61e80d32d4c0360f3a7363d16a1e61f91d9af51c25e913216f0c,2025-04-05T00:00:00Z
EVID-00345,CASE-0100,,RATE_CARD,CFG,cfg.rate_cards:RC-UPI-2025,applicable rate card RC-UPI-2025,6c366592a22d55351ed96af92fc67fb55c824bdc45180501b49acb478d3fc036,2025-04-05T00:00:00Z
EVID-00346,CASE-0101,,RECON_RESULT,ENGINE,ops.anomaly_results:anm-00104,SETTLEMENT_MISMATCH detected 958.15 by FR-SETTLE-TIMING-001,6757926ed81bc7af64fb73ed4aab0373533c218f10471a21fd48659e132f857e,2025-04-05T00:00:00Z
EVID-00347,CASE-0101,,RULE_RESULT,ENGINE,cfg.financial_rules:FR-SETTLE-TIMING-001,rule FR-SETTLE-TIMING-001 evaluated to LEAKAGE,b79283de7eb4efad69416f338e689ba8b43387b257b2380aac57faaf97f63c92,2025-04-05T00:00:00Z
EVID-00348,CASE-0101,,RAW_PAYLOAD,RAZORPAY,raw.raw_source_records:payments:pay_000668axkkkkk,raw gateway payload for payment pay_000668axkkkkk,beab28e3c536083773d6781cfb86d5aeb0e5fd506f3426826b71ed454025cca9,2025-04-05T00:00:00Z
EVID-00349,CASE-0102,,RECON_RESULT,ENGINE,ops.anomaly_results:anm-00105,REFUND_ECONOMICS detected 28.8 by FR-REFUND-ECON-001,db1c541d1116fd3d7776af80ce7c78db61991a652490f5c9ba872a8619dc3632,2025-04-05T00:00:00Z
EVID-00350,CASE-0102,,RULE_RESULT,ENGINE,cfg.financial_rules:FR-REFUND-ECON-001,rule FR-REFUND-ECON-001 evaluated to LEAKAGE,072d2128cf5c3e963a54ce66aed510d191691f928efa61d5d53195f5ca83dd54,2025-04-05T00:00:00Z
EVID-00351,CASE-0102,,RAW_PAYLOAD,RAZORPAY,raw.raw_source_records:payments:pay_000669axkkkk,raw gateway payload for payment pay_000669axkkkk,c8895977b2cce66f59dc400eda59ed7d757179e41a2cff2c41116cc1410ef183,2025-04-05T00:00:00Z
EVID-00352,CASE-0103,,RECON_RESULT,ENGINE,ops.anomaly_results:anm-00106,REFUND_ECONOMICS detected 20.69 by FR-REFUND-ECON-001,cbfeb1916a9929cfc54ed1e92d14d3876e6c331a00df7e3f0acff2f36811d65d,2025-04-05T00:00:00Z
EVID-00353,CASE-0103,,RULE_RESULT,ENGINE,cfg.financial_rules:FR-REFUND-ECON-001,rule FR-REFUND-ECON-001 evaluated to LEAKAGE,072d2128cf5c3e963a54ce66aed510d191691f928efa61d5d53195f5ca83dd54,2025-04-05T00:00:00Z
EVID-00354,CASE-0103,,RAW_PAYLOAD,RAZORPAY,raw.raw_source_records:payments:pay_000680axkkkkkkkk,raw gateway payload for payment pay_000680axkkkkkkkk,c7c5b47b5c99ec9b48470579a696b6c89918f0513cf0ba71172827a8be293c7e,2025-04-05T00:00:00Z
EVID-00355,CASE-0104,,RECON_RESULT,ENGINE,ops.anomaly_results:anm-00107,SETTLEMENT_MISMATCH detected 219.92 by FR-SETTLE-CALC-001,826da9c268ae51f16a1441813d9eb8959ff04a2107db9d7dbeaed0f0c4a8b00b,2025-04-05T00:00:00Z
EVID-00356,CASE-0104,,RULE_RESULT,ENGINE,cfg.financial_rules:FR-SETTLE-CALC-001,rule FR-SETTLE-CALC-001 evaluated to LEAKAGE,92721a1d592e667cfec36d980c4968dd25d2353654d60ceb830b5efa79ba2985,2025-04-05T00:00:00Z
EVID-00357,CASE-0104,,RAW_PAYLOAD,RAZORPAY,raw.raw_source_records:payments:pay_000681axkkkkkkkk,raw gateway payload for payment pay_000681axkkkkkkkk,bb0db82cee79f5a596160bda8948ce31828ebf31558f79919e734ac6aeb9403e,2025-04-05T00:00:00Z
EVID-00358,CASE-0105,,RECON_RESULT,ENGINE,ops.anomaly_results:anm-00108,REFUND_ECONOMICS detected 13.94 by FR-REFUND-ECON-001,38578e031b04fcde3f3a1249237385a08c73e83bcef6da1032c47a265b1490ed,2025-04-05T00:00:00Z
EVID-00359,CASE-0105,,RULE_RESULT,ENGINE,cfg.financial_rules:FR-REFUND-ECON-001,rule FR-REFUND-ECON-001 evaluated to LEAKAGE,072d2128cf5c3e963a54ce66aed510d191691f928efa61d5d53195f5ca83dd54,2025-04-05T00:00:00Z
EVID-00360,CASE-0105,,RAW_PAYLOAD,RAZORPAY,raw.raw_source_records:payments:pay_000686axkkkkkkkkkk,raw gateway payload for payment pay_000686axkkkkkkkkkk,3e57ae12623ef352a74997a7a9c85bae50043430838cb3883b2c60ada54abb93,2025-04-05T00:00:00Z
EVID-00361,CASE-0106,,RECON_RESULT,ENGINE,ops.anomaly_results:anm-00109,SETTLEMENT_MISMATCH detected 284.84 by FR-SETTLE-TIMING-001,e64bff8945f102145dc18115b07f69b79a3e850e851069aabd73b92a1a6061b8,2025-04-05T00:00:00Z
EVID-00362,CASE-0106,,RULE_RESULT,ENGINE,cfg.financial_rules:FR-SETTLE-TIMING-001,rule FR-SETTLE-TIMING-001 evaluated to LEAKAGE,b79283de7eb4efad69416f338e689ba8b43387b257b2380aac57faaf97f63c92,2025-04-05T00:00:00Z
EVID-00363,CASE-0106,,RAW_PAYLOAD,RAZORPAY,raw.raw_source_records:payments:pay_000699axkkkkkkkkk,raw gateway payload for payment pay_000699axkkkkkkkkk,f077c1a2ca845769e67654f829d57f42b4836d8e3032162880f5693955361238,2025-04-05T00:00:00Z
EVID-00364,CASE-0107,,RECON_RESULT,ENGINE,ops.anomaly_results:anm-00110,SETTLEMENT_MISMATCH detected 675.77 by FR-SETTLE-TIMING-001,91672c63b2b7f4f40500985e85a8ed2971d6e39fdc0601b05478f1b085db0a61,2025-04-05T00:00:00Z
EVID-00365,CASE-0107,,RULE_RESULT,ENGINE,cfg.financial_rules:FR-SETTLE-TIMING-001,rule FR-SETTLE-TIMING-001 evaluated to LEAKAGE,b79283de7eb4efad69416f338e689ba8b43387b257b2380aac57faaf97f63c92,2025-04-05T00:00:00Z
EVID-00366,CASE-0107,,RAW_PAYLOAD,RAZORPAY,raw.raw_source_records:payments:pay_000702axkkkkkkk,raw gateway payload for payment pay_000702axkkkkkkk,4722e723cbaf9ea6defaf7e282ee18fd59f5bce3bfcabd255af696a9a6ec203b,2025-04-05T00:00:00Z
EVID-00367,CASE-0108,,RECON_RESULT,ENGINE,ops.anomaly_results:anm-00111,SETTLEMENT_MISMATCH detected 1722.34 by FR-SETTLE-TIMING-001,32c8e607093742a2c5aa54c89b8ae179253f082663bf42a758c318654e774a25,2025-04-05T00:00:00Z
EVID-00368,CASE-0108,,RULE_RESULT,ENGINE,cfg.financial_rules:FR-SETTLE-TIMING-001,rule FR-SETTLE-TIMING-001 evaluated to LEAKAGE,b79283de7eb4efad69416f338e689ba8b43387b257b2380aac57faaf97f63c92,2025-04-05T00:00:00Z
EVID-00369,CASE-0108,,RAW_PAYLOAD,RAZORPAY,raw.raw_source_records:payments:pay_000705axkkkkkkkkk,raw gateway payload for payment pay_000705axkkkkkkkkk,a93944e78e9bcdad872cb765d8abdc5fea2317749c9007fa388aff9730912950,2025-04-05T00:00:00Z
EVID-00370,CASE-0109,,RECON_RESULT,ENGINE,ops.anomaly_results:anm-00112,FEE_DISCREPANCY detected 2.64 by FR-FEE-EXCESS-001,aa486aa4cb05e9b238d3ddae5b8e67d6c44db5a1f4bb4643310f62e55e590a23,2025-04-05T00:00:00Z
EVID-00371,CASE-0109,,RULE_RESULT,ENGINE,cfg.financial_rules:FR-FEE-EXCESS-001,rule FR-FEE-EXCESS-001 evaluated to LEAKAGE,18e4922bc2fbccb34065841df19ecca8ad722ef5520b627395baea588966de17,2025-04-05T00:00:00Z
EVID-00372,CASE-0109,,RAW_PAYLOAD,RAZORPAY,raw.raw_source_records:payments:pay_000711axkkkkkkkk,raw gateway payload for payment pay_000711axkkkkkkkk,cfc8759ed37ba40f23fcfd565317eb2973a524abc25d8e66b73d5b9768c1ab87,2025-04-05T00:00:00Z
EVID-00373,CASE-0109,,RATE_CARD,CFG,cfg.rate_cards:RC-UPI-2025,applicable rate card RC-UPI-2025,6c366592a22d55351ed96af92fc67fb55c824bdc45180501b49acb478d3fc036,2025-04-05T00:00:00Z
EVID-00374,CASE-0110,,RECON_RESULT,ENGINE,ops.anomaly_results:anm-00113,SETTLEMENT_MISMATCH detected 8.86 by FR-SETTLE-CALC-001,dae1d72c8a28bdae7f559d9f34e239302fad348fd1820208ec46ab61eb7cdef9,2025-04-05T00:00:00Z
EVID-00375,CASE-0110,,RULE_RESULT,ENGINE,cfg.financial_rules:FR-SETTLE-CALC-001,rule FR-SETTLE-CALC-001 evaluated to LEAKAGE,92721a1d592e667cfec36d980c4968dd25d2353654d60ceb830b5efa79ba2985,2025-04-05T00:00:00Z
EVID-00376,CASE-0110,,RAW_PAYLOAD,RAZORPAY,raw.raw_source_records:payments:pay_000718axkkkkkkk,raw gateway payload for payment pay_000718axkkkkkkk,ce3ec384cbee2a356dd5a4cd4fdcbbeeb898a48d8d3becc9bc904a6cd9b50b69,2025-04-05T00:00:00Z
EVID-00377,CASE-0111,,RECON_RESULT,ENGINE,ops.anomaly_results:anm-00114,FEE_DISCREPANCY detected 8.12 by FR-FEE-EXCESS-001,bdeb77116563d45c36656ae33657c248cdb66fb4ed4020df6bf6364e548558f9,2025-04-05T00:00:00Z
EVID-00378,CASE-0111,,RULE_RESULT,ENGINE,cfg.financial_rules:FR-FEE-EXCESS-001,rule FR-FEE-EXCESS-001 evaluated to LEAKAGE,18e4922bc2fbccb34065841df19ecca8ad722ef5520b627395baea588966de17,2025-04-05T00:00:00Z
EVID-00379,CASE-0111,,RAW_PAYLOAD,RAZORPAY,raw.raw_source_records:payments:pay_000729axkkkkkkkkkk,raw gateway payload for payment pay_000729axkkkkkkkkkk,1fa9a3170fe2f10ce3914d4f13d26d53699c138c9b00eef9c903ba49d280cf8a,2025-04-05T00:00:00Z
EVID-00380,CASE-0111,,RATE_CARD,CFG,cfg.rate_cards:RC-UPI-2025,applicable rate card RC-UPI-2025,6c366592a22d55351ed96af92fc67fb55c824bdc45180501b49acb478d3fc036,2025-04-05T00:00:00Z
EVID-00381,CASE-0112,,RECON_RESULT,ENGINE,ops.anomaly_results:anm-00115,FEE_DISCREPANCY detected 13.25 by FR-FEE-EXCESS-001,7a440fed2b6de078f18fff18f0377b14d9697750d61c22ba0211a1ab2bd10604,2025-04-05T00:00:00Z
EVID-00382,CASE-0112,,RULE_RESULT,ENGINE,cfg.financial_rules:FR-FEE-EXCESS-001,rule FR-FEE-EXCESS-001 evaluated to LEAKAGE,18e4922bc2fbccb34065841df19ecca8ad722ef5520b627395baea588966de17,2025-04-05T00:00:00Z
EVID-00383,CASE-0112,,RECON_RESULT,ENGINE,ops.anomaly_results:anm-00116,SETTLEMENT_MISMATCH detected 92.42 by FR-SETTLE-CALC-001,b49dfdeaae621ff1bb20bf4471325382739a8110947ee7f5fcd640e477d2b8fb,2025-04-05T00:00:00Z
EVID-00384,CASE-0112,,RULE_RESULT,ENGINE,cfg.financial_rules:FR-SETTLE-CALC-001,rule FR-SETTLE-CALC-001 evaluated to LEAKAGE,92721a1d592e667cfec36d980c4968dd25d2353654d60ceb830b5efa79ba2985,2025-04-05T00:00:00Z
EVID-00385,CASE-0112,,RAW_PAYLOAD,RAZORPAY,raw.raw_source_records:payments:pay_000741axkkkkkk,raw gateway payload for payment pay_000741axkkkkkk,a99710a72d0c6fd784092ad4884999a38d56b33249696eee3612c963235bfcad,2025-04-05T00:00:00Z
EVID-00386,CASE-0113,,RECON_RESULT,ENGINE,ops.anomaly_results:anm-00117,REFUND_ECONOMICS detected 8.08 by FR-REFUND-ECON-001,102843ff6a1f9ef21a9c60d905b6026fc1a370f0fdea793a95049263005251de,2025-04-05T00:00:00Z
EVID-00387,CASE-0113,,RULE_RESULT,ENGINE,cfg.financial_rules:FR-REFUND-ECON-001,rule FR-REFUND-ECON-001 evaluated to LEAKAGE,072d2128cf5c3e963a54ce66aed510d191691f928efa61d5d53195f5ca83dd54,2025-04-05T00:00:00Z
EVID-00388,CASE-0113,,RAW_PAYLOAD,RAZORPAY,raw.raw_source_records:payments:pay_000747axkkkkkkkkk,raw gateway payload for payment pay_000747axkkkkkkkkk,4f77860507ae22cd15e4139dcf69d743e0604c2ae23619242a00ddac36ae9fd6,2025-04-05T00:00:00Z
EVID-00389,CASE-0114,,RECON_RESULT,ENGINE,ops.anomaly_results:anm-00118,FEE_DISCREPANCY detected 96.07 by FR-FEE-EXCESS-001,21713918957b4793eab83972b59a30e023182117695145d405b4dd1c3107e7de,2025-04-05T00:00:00Z
EVID-00390,CASE-0114,,RULE_RESULT,ENGINE,cfg.financial_rules:FR-FEE-EXCESS-001,rule FR-FEE-EXCESS-001 evaluated to LEAKAGE,18e4922bc2fbccb34065841df19ecca8ad722ef5520b627395baea588966de17,2025-04-05T00:00:00Z
EVID-00391,CASE-0114,,RAW_PAYLOAD,RAZORPAY,raw.raw_source_records:payments:pay_000758axkkkkkkkkk,raw gateway payload for payment pay_000758axkkkkkkkkk,b1c252e1cab3558de808d66e481a238034d5872c57882da35ac69137c3320381,2025-04-05T00:00:00Z
EVID-00392,CASE-0114,,RATE_CARD,CFG,cfg.rate_cards:RC-CARD-2025,applicable rate card RC-CARD-2025,1bcea65058a6759a002a5283d9a4c2181d179ea3ee659aa3cd2f3d22a2c2cb3e,2025-04-05T00:00:00Z
EVID-00393,CASE-0115,,RECON_RESULT,ENGINE,ops.anomaly_results:anm-00119,FEE_DISCREPANCY detected 8.32 by FR-FEE-EXCESS-001,9d10b49f15c266201d69aafe6eabb161a4c2b6b81c8d26dee63455aeedc683b7,2025-04-05T00:00:00Z
EVID-00394,CASE-0115,,RULE_RESULT,ENGINE,cfg.financial_rules:FR-FEE-EXCESS-001,rule FR-FEE-EXCESS-001 evaluated to LEAKAGE,18e4922bc2fbccb34065841df19ecca8ad722ef5520b627395baea588966de17,2025-04-05T00:00:00Z
EVID-00395,CASE-0115,,RAW_PAYLOAD,RAZORPAY,raw.raw_source_records:payments:pay_000768axkkkkkkk,raw gateway payload for payment pay_000768axkkkkkkk,6f0203c01c7cf43e20deb1c62cbd3a34f23b6a399c427fcea981ef4501e8e2ae,2025-04-05T00:00:00Z
EVID-00396,CASE-0115,,RATE_CARD,CFG,cfg.rate_cards:RC-NB-2025,applicable rate card RC-NB-2025,319c1843b37a6e78aa4b7e94785936a68fae6f51cbe7c340bdab41d62ea56c00,2025-04-05T00:00:00Z
EVID-00397,CASE-0116,,RECON_RESULT,ENGINE,ops.anomaly_results:anm-00120,FEE_DISCREPANCY detected 41.9 by FR-FEE-EXCESS-001,4a2c143418e4d5915acc83c481c36ae4c2e100b8f595e4a67c18fb611cb3e1d6,2025-04-05T00:00:00Z
EVID-00398,CASE-0116,,RULE_RESULT,ENGINE,cfg.financial_rules:FR-FEE-EXCESS-001,rule FR-FEE-EXCESS-001 evaluated to LEAKAGE,18e4922bc2fbccb34065841df19ecca8ad722ef5520b627395baea588966de17,2025-04-05T00:00:00Z
EVID-00399,CASE-0116,,RAW_PAYLOAD,RAZORPAY,raw.raw_source_records:payments:pay_000772axkkkkkkkkk,raw gateway payload for payment pay_000772axkkkkkkkkk,a2a9e0482b98e3b61dfbcb20f35bb303bb4feeaad24ae5f0aec9695564750a38,2025-04-05T00:00:00Z
EVID-00400,CASE-0116,,RATE_CARD,CFG,cfg.rate_cards:RC-WALLET-2025,applicable rate card RC-WALLET-2025,db454a85728a7a4f21a9eca649bc6e418822fb35991d5e73c2f723f512f5ce83,2025-04-05T00:00:00Z
EVID-00401,CASE-0117,,RECON_RESULT,ENGINE,ops.anomaly_results:anm-00121,SETTLEMENT_MISMATCH detected 1988.32 by FR-SETTLE-TIMING-001,421c0edbe46de454eccb736662bd224ac1e22ada11b85f5fa516317cac910fb2,2025-04-05T00:00:00Z
EVID-00402,CASE-0117,,RULE_RESULT,ENGINE,cfg.financial_rules:FR-SETTLE-TIMING-001,rule FR-SETTLE-TIMING-001 evaluated to LEAKAGE,b79283de7eb4efad69416f338e689ba8b43387b257b2380aac57faaf97f63c92,2025-04-05T00:00:00Z
EVID-00403,CASE-0117,,RAW_PAYLOAD,RAZORPAY,raw.raw_source_records:payments:pay_000773axkkkk,raw gateway payload for payment pay_000773axkkkk,9f75fd8eb098830fb3e065e92768ac5b49fbdbb8d6e5662e79dd3d457d9a0ccb,2025-04-05T00:00:00Z
EVID-00404,CASE-0118,,RECON_RESULT,ENGINE,ops.anomaly_results:anm-00122,FEE_DISCREPANCY detected 1.77 by FR-FEE-EXCESS-001,4ded0052a9b3524e70991a0677c53ede37192a06a1a9e230f392ef5650f817cb,2025-04-05T00:00:00Z
EVID-00405,CASE-0118,,RULE_RESULT,ENGINE,cfg.financial_rules:FR-FEE-EXCESS-001,rule FR-FEE-EXCESS-001 evaluated to LEAKAGE,18e4922bc2fbccb34065841df19ecca8ad722ef5520b627395baea588966de17,2025-04-05T00:00:00Z
EVID-00406,CASE-0118,,RAW_PAYLOAD,RAZORPAY,raw.raw_source_records:payments:pay_000781axkkkkkk,raw gateway payload for payment pay_000781axkkkkkk,332b111d8dced1aff9b60aaa3c7545c4f52b4ee3724b6420c5e1c6fb189db056,2025-04-05T00:00:00Z
EVID-00407,CASE-0118,,RATE_CARD,CFG,cfg.rate_cards:RC-UPI-2025,applicable rate card RC-UPI-2025,6c366592a22d55351ed96af92fc67fb55c824bdc45180501b49acb478d3fc036,2025-04-05T00:00:00Z
EVID-00408,CASE-0119,,RECON_RESULT,ENGINE,ops.anomaly_results:anm-00123,REFUND_ECONOMICS detected 63.71 by FR-REFUND-ECON-001,21db2e5481d31e9fee9383224c81915ba30e0abd13f36a728a1483fcede702ea,2025-04-05T00:00:00Z
EVID-00409,CASE-0119,,RULE_RESULT,ENGINE,cfg.financial_rules:FR-REFUND-ECON-001,rule FR-REFUND-ECON-001 evaluated to LEAKAGE,072d2128cf5c3e963a54ce66aed510d191691f928efa61d5d53195f5ca83dd54,2025-04-05T00:00:00Z
EVID-00410,CASE-0119,,RAW_PAYLOAD,RAZORPAY,raw.raw_source_records:payments:pay_000789axkkkkkkkkk,raw gateway payload for payment pay_000789axkkkkkkkkk,7ab22693bf28cb6f66b026be2f9a902094adfbbdc1db2fbb0932aee7f3443198,2025-04-05T00:00:00Z
EVID-00411,CASE-0120,,RECON_RESULT,ENGINE,ops.anomaly_results:anm-00124,FEE_DISCREPANCY detected 25.92 by FR-FEE-EXCESS-001,5f07b1eea68712e432847f72c98b3c26103491e736e34e7b9e4feb1aacf069dd,2025-04-05T00:00:00Z
EVID-00412,CASE-0120,,RULE_RESULT,ENGINE,cfg.financial_rules:FR-FEE-EXCESS-001,rule FR-FEE-EXCESS-001 evaluated to LEAKAGE,18e4922bc2fbccb34065841df19ecca8ad722ef5520b627395baea588966de17,2025-04-05T00:00:00Z
EVID-00413,CASE-0120,,RAW_PAYLOAD,RAZORPAY,raw.raw_source_records:payments:pay_000796axkkkkkk,raw gateway payload for payment pay_000796axkkkkkk,e31ebf70578be3057f4f677fb3a2341875287be7782274bdb667303592df4344,2025-04-05T00:00:00Z
EVID-00414,CASE-0120,,RATE_CARD,CFG,cfg.rate_cards:RC-CARD-2025,applicable rate card RC-CARD-2025,1bcea65058a6759a002a5283d9a4c2181d179ea3ee659aa3cd2f3d22a2c2cb3e,2025-04-05T00:00:00Z
EVID-00415,CASE-0121,,RECON_RESULT,ENGINE,ops.anomaly_results:anm-00125,SETTLEMENT_MISMATCH detected 1616.44 by FR-SETTLE-TIMING-001,cdadc0c1a54d2325cce51b6ca8502419e81d49225ecd44c1999c0bbf3f8b9292,2025-04-05T00:00:00Z
EVID-00416,CASE-0121,,RULE_RESULT,ENGINE,cfg.financial_rules:FR-SETTLE-TIMING-001,rule FR-SETTLE-TIMING-001 evaluated to LEAKAGE,b79283de7eb4efad69416f338e689ba8b43387b257b2380aac57faaf97f63c92,2025-04-05T00:00:00Z
EVID-00417,CASE-0121,,RAW_PAYLOAD,RAZORPAY,raw.raw_source_records:payments:pay_000807axkkkkkkkkkk,raw gateway payload for payment pay_000807axkkkkkkkkkk,352526fa32d72a20ac43d47afe1b5d46f658e77d4aa2e4e401efefa2931a369f,2025-04-05T00:00:00Z
EVID-00418,CASE-0122,,RECON_RESULT,ENGINE,ops.anomaly_results:anm-00126,SETTLEMENT_MISMATCH detected 531.04 by FR-SETTLE-TIMING-001,95aa8d398c63a1b35f75a5ef58f88577fdebc13d38964a378403ff20ff5cde60,2025-04-05T00:00:00Z
EVID-00419,CASE-0122,,RULE_RESULT,ENGINE,cfg.financial_rules:FR-SETTLE-TIMING-001,rule FR-SETTLE-TIMING-001 evaluated to LEAKAGE,b79283de7eb4efad69416f338e689ba8b43387b257b2380aac57faaf97f63c92,2025-04-05T00:00:00Z
EVID-00420,CASE-0122,,RAW_PAYLOAD,RAZORPAY,raw.raw_source_records:payments:pay_000812axkkkkkkkk,raw gateway payload for payment pay_000812axkkkkkkkk,66747da83ce041d01d3ef19b6b6f453daa4adf313636e4bf7713974b4e441da6,2025-04-05T00:00:00Z
EVID-00421,CASE-0123,,RECON_RESULT,ENGINE,ops.anomaly_results:anm-00127,FEE_DISCREPANCY detected 4.74 by FR-FEE-EXCESS-001,ad16bbae9b2d6af92c97e1b36901bf1a765dc0a31174171962eccc2fa43a47d4,2025-04-05T00:00:00Z
EVID-00422,CASE-0123,,RULE_RESULT,ENGINE,cfg.financial_rules:FR-FEE-EXCESS-001,rule FR-FEE-EXCESS-001 evaluated to LEAKAGE,18e4922bc2fbccb34065841df19ecca8ad722ef5520b627395baea588966de17,2025-04-05T00:00:00Z
EVID-00423,CASE-0123,,RECON_RESULT,ENGINE,ops.anomaly_results:anm-00128,SETTLEMENT_MISMATCH detected 62.7 by FR-SETTLE-CALC-001,30d2f0fc76c785734a39040520b15286e7b1199ae5004a50d2cd25f27049d693,2025-04-05T00:00:00Z
EVID-00424,CASE-0123,,RULE_RESULT,ENGINE,cfg.financial_rules:FR-SETTLE-CALC-001,rule FR-SETTLE-CALC-001 evaluated to LEAKAGE,92721a1d592e667cfec36d980c4968dd25d2353654d60ceb830b5efa79ba2985,2025-04-05T00:00:00Z
EVID-00425,CASE-0123,,RAW_PAYLOAD,RAZORPAY,raw.raw_source_records:payments:pay_000815axkkkkkkkkk,raw gateway payload for payment pay_000815axkkkkkkkkk,7cfb352a27c1192465ef39648b25a8e3e8ec74f564976d575aa29006a8c61429,2025-04-05T00:00:00Z
EVID-00426,CASE-0124,,RECON_RESULT,ENGINE,ops.anomaly_results:anm-00129,SETTLEMENT_MISMATCH detected 14.34 by FR-SETTLE-CALC-001,d8343a55b864d5cc50dfeaacc544eef39c54898ca2ce17fb669cafd009d9a7f2,2025-04-05T00:00:00Z
EVID-00427,CASE-0124,,RULE_RESULT,ENGINE,cfg.financial_rules:FR-SETTLE-CALC-001,rule FR-SETTLE-CALC-001 evaluated to LEAKAGE,92721a1d592e667cfec36d980c4968dd25d2353654d60ceb830b5efa79ba2985,2025-04-05T00:00:00Z
EVID-00428,CASE-0124,,RAW_PAYLOAD,RAZORPAY,raw.raw_source_records:payments:pay_000816axkkkkk,raw gateway payload for payment pay_000816axkkkkk,ef6f72492c7ad0426c2b639ddd602107f80211f5f0cad6031774fc8c1fad0d6d,2025-04-05T00:00:00Z
EVID-00429,CASE-0125,,RECON_RESULT,ENGINE,ops.anomaly_results:anm-00130,REFUND_ECONOMICS detected 474.13 by FR-REFUND-ECON-001,8d5e79ff1958c3af83d25b99b2bd03ceb2ccc80e5136d037445daf6ab77c55cc,2025-04-05T00:00:00Z
EVID-00430,CASE-0125,,RULE_RESULT,ENGINE,cfg.financial_rules:FR-REFUND-ECON-001,rule FR-REFUND-ECON-001 evaluated to LEAKAGE,072d2128cf5c3e963a54ce66aed510d191691f928efa61d5d53195f5ca83dd54,2025-04-05T00:00:00Z
EVID-00431,CASE-0125,,RAW_PAYLOAD,RAZORPAY,raw.raw_source_records:payments:pay_000825axkkkkk,raw gateway payload for payment pay_000825axkkkkk,4a98ae11652085f8a5924ccefbbf5113a9e3558dd640ce68d978c7e0efb4eec1,2025-04-05T00:00:00Z
EVID-00432,CASE-0126,,RECON_RESULT,ENGINE,ops.anomaly_results:anm-00131,FEE_DISCREPANCY detected 5.27 by FR-FEE-EXCESS-001,11dacb6d10bf70e4db91f6cd68bf3b01021eda0f59abf2bbb738b0edb2daf7b2,2025-04-05T00:00:00Z
EVID-00433,CASE-0126,,RULE_RESULT,ENGINE,cfg.financial_rules:FR-FEE-EXCESS-001,rule FR-FEE-EXCESS-001 evaluated to LEAKAGE,18e4922bc2fbccb34065841df19ecca8ad722ef5520b627395baea588966de17,2025-04-05T00:00:00Z
EVID-00434,CASE-0126,,RAW_PAYLOAD,RAZORPAY,raw.raw_source_records:payments:pay_000834axkkkkk,raw gateway payload for payment pay_000834axkkkkk,379c8d9152acded7c974525cd7523317254e172b96e3ee32011ea9e28b49cc2e,2025-04-05T00:00:00Z
EVID-00435,CASE-0126,,RATE_CARD,CFG,cfg.rate_cards:RC-UPI-2025,applicable rate card RC-UPI-2025,6c366592a22d55351ed96af92fc67fb55c824bdc45180501b49acb478d3fc036,2025-04-05T00:00:00Z
EVID-00436,CASE-0127,,RECON_RESULT,ENGINE,ops.anomaly_results:anm-00132,REFUND_ECONOMICS detected 38.64 by FR-REFUND-ECON-001,0afbfad84d870b1a34be401fe79bbab810c96f3a5b87a9a122991a07eeda6b6d,2025-04-05T00:00:00Z
EVID-00437,CASE-0127,,RULE_RESULT,ENGINE,cfg.financial_rules:FR-REFUND-ECON-001,rule FR-REFUND-ECON-001 evaluated to LEAKAGE,072d2128cf5c3e963a54ce66aed510d191691f928efa61d5d53195f5ca83dd54,2025-04-05T00:00:00Z
EVID-00438,CASE-0127,,RAW_PAYLOAD,RAZORPAY,raw.raw_source_records:payments:pay_000835axkkkkk,raw gateway payload for payment pay_000835axkkkkk,b5ae1f4f74e4ff79d25b4093c141595b6a93d8ff3dd6dbdc5f4e39691ad9450a,2025-04-05T00:00:00Z
EVID-00439,CASE-0128,,RECON_RESULT,ENGINE,ops.anomaly_results:anm-00133,SETTLEMENT_MISMATCH detected 65.58 by FR-SETTLE-CALC-001,921baf5f57e8b77e3aeee7c0767c21d2a7e8b24ce3995b8d62d24e2277b8633a,2025-04-05T00:00:00Z
EVID-00440,CASE-0128,,RULE_RESULT,ENGINE,cfg.financial_rules:FR-SETTLE-CALC-001,rule FR-SETTLE-CALC-001 evaluated to LEAKAGE,92721a1d592e667cfec36d980c4968dd25d2353654d60ceb830b5efa79ba2985,2025-04-05T00:00:00Z
EVID-00441,CASE-0128,,RAW_PAYLOAD,RAZORPAY,raw.raw_source_records:payments:pay_000837axkkkkk,raw gateway payload for payment pay_000837axkkkkk,d0f0a9ecd28e4196b2f42b2cc01dc04325e9b4fa56329042d69f7497247e4f8b,2025-04-05T00:00:00Z
EVID-00442,CASE-0129,,RECON_RESULT,ENGINE,ops.anomaly_results:anm-00134,SETTLEMENT_MISMATCH detected 66.48 by FR-SETTLE-CALC-001,4d294bce6516c5c4d9f24ff14622822ee7dd800cf330213c144e3dfe0576b60b,2025-04-05T00:00:00Z
EVID-00443,CASE-0129,,RULE_RESULT,ENGINE,cfg.financial_rules:FR-SETTLE-CALC-001,rule FR-SETTLE-CALC-001 evaluated to LEAKAGE,92721a1d592e667cfec36d980c4968dd25d2353654d60ceb830b5efa79ba2985,2025-04-05T00:00:00Z
EVID-00444,CASE-0129,,RAW_PAYLOAD,RAZORPAY,raw.raw_source_records:payments:pay_000840axkkkkkkk,raw gateway payload for payment pay_000840axkkkkkkk,7d2feaec9bc21899e5397f1ab50c7cab12297e288938eb2579c6bc179090519a,2025-04-05T00:00:00Z
EVID-00445,CASE-0130,,RECON_RESULT,ENGINE,ops.anomaly_results:anm-00135,SETTLEMENT_MISMATCH detected 1291.07 by FR-SETTLE-TIMING-001,3021c875e2664db505a31e690d4d1af635bbdd5c468ffffe031d4e6502023107,2025-04-05T00:00:00Z
EVID-00446,CASE-0130,,RULE_RESULT,ENGINE,cfg.financial_rules:FR-SETTLE-TIMING-001,rule FR-SETTLE-TIMING-001 evaluated to LEAKAGE,b79283de7eb4efad69416f338e689ba8b43387b257b2380aac57faaf97f63c92,2025-04-05T00:00:00Z
EVID-00447,CASE-0130,,RAW_PAYLOAD,RAZORPAY,raw.raw_source_records:payments:pay_000844axkkkkkkk,raw gateway payload for payment pay_000844axkkkkkkk,812af4839567cde05c6b48466d5b87b9a60fe31cbc90080fdf65278d8ba559da,2025-04-05T00:00:00Z
EVID-00448,CASE-0131,,RECON_RESULT,ENGINE,ops.anomaly_results:anm-00136,FEE_DISCREPANCY detected 20.81 by FR-FEE-EXCESS-001,4e5cc4a8341de12133dc26045308f7d6f47ed9c3ce2312fdaefa80a87110a6e5,2025-04-05T00:00:00Z
EVID-00449,CASE-0131,,RULE_RESULT,ENGINE,cfg.financial_rules:FR-FEE-EXCESS-001,rule FR-FEE-EXCESS-001 evaluated to LEAKAGE,18e4922bc2fbccb34065841df19ecca8ad722ef5520b627395baea588966de17,2025-04-05T00:00:00Z
EVID-00450,CASE-0131,,RAW_PAYLOAD,RAZORPAY,raw.raw_source_records:payments:pay_000849axkkkk,raw gateway payload for payment pay_000849axkkkk,3b7608f4e9e89a750adbf9f8aca6c9ea071e165b18193411a34ef77ed456e6e1,2025-04-05T00:00:00Z
EVID-00451,CASE-0131,,RATE_CARD,CFG,cfg.rate_cards:RC-UPI-2025,applicable rate card RC-UPI-2025,6c366592a22d55351ed96af92fc67fb55c824bdc45180501b49acb478d3fc036,2025-04-05T00:00:00Z
EVID-00452,CASE-0132,,RECON_RESULT,ENGINE,ops.anomaly_results:anm-00137,SETTLEMENT_MISMATCH detected 66.74 by FR-SETTLE-CALC-001,1efc4442acf69e6a1b3fe134ad6895bc0145a3c841b5e0cb30623cbbe6d38eb5,2025-04-05T00:00:00Z
EVID-00453,CASE-0132,,RULE_RESULT,ENGINE,cfg.financial_rules:FR-SETTLE-CALC-001,rule FR-SETTLE-CALC-001 evaluated to LEAKAGE,92721a1d592e667cfec36d980c4968dd25d2353654d60ceb830b5efa79ba2985,2025-04-05T00:00:00Z
EVID-00454,CASE-0132,,RAW_PAYLOAD,RAZORPAY,raw.raw_source_records:payments:pay_000857axkkkkkkkk,raw gateway payload for payment pay_000857axkkkkkkkk,81cb0852a175d58af692639d28eb127342a9ef3690446bfceca9f949712be1eb,2025-04-05T00:00:00Z
EVID-00455,CASE-0133,,RECON_RESULT,ENGINE,ops.anomaly_results:anm-00138,REFUND_ECONOMICS detected 2.43 by FR-REFUND-ECON-001,02a5dbaca3828ad09303df9fcead2349f379837c7fce511939674064ecd13813,2025-04-05T00:00:00Z
EVID-00456,CASE-0133,,RULE_RESULT,ENGINE,cfg.financial_rules:FR-REFUND-ECON-001,rule FR-REFUND-ECON-001 evaluated to LEAKAGE,072d2128cf5c3e963a54ce66aed510d191691f928efa61d5d53195f5ca83dd54,2025-04-05T00:00:00Z
EVID-00457,CASE-0133,,RAW_PAYLOAD,RAZORPAY,raw.raw_source_records:payments:pay_000872axkkkk,raw gateway payload for payment pay_000872axkkkk,03e1dc449331aedbf00c42ba69835d0386836b468eda4eec91bf59d5cb406f64,2025-04-05T00:00:00Z
EVID-00458,CASE-0134,,RECON_RESULT,ENGINE,ops.anomaly_results:anm-00139,FEE_DISCREPANCY detected 5.98 by FR-FEE-EXCESS-001,0e40d612ee284d982d49758a83151a6d1d001d61850552a5fe3d67d39c565635,2025-04-05T00:00:00Z
EVID-00459,CASE-0134,,RULE_RESULT,ENGINE,cfg.financial_rules:FR-FEE-EXCESS-001,rule FR-FEE-EXCESS-001 evaluated to LEAKAGE,18e4922bc2fbccb34065841df19ecca8ad722ef5520b627395baea588966de17,2025-04-05T00:00:00Z
EVID-00460,CASE-0134,,RAW_PAYLOAD,RAZORPAY,raw.raw_source_records:payments:pay_000873axkkkkk,raw gateway payload for payment pay_000873axkkkkk,f4ca887da744d70c710adc009fca6d2834b643298abd42e338742f870af968c6,2025-04-05T00:00:00Z
EVID-00461,CASE-0134,,RATE_CARD,CFG,cfg.rate_cards:RC-UPI-2025,applicable rate card RC-UPI-2025,6c366592a22d55351ed96af92fc67fb55c824bdc45180501b49acb478d3fc036,2025-04-05T00:00:00Z
EVID-00462,CASE-0135,,RECON_RESULT,ENGINE,ops.anomaly_results:anm-00140,REFUND_ECONOMICS detected 4.47 by FR-REFUND-ECON-001,65fc433eb701881c266a30856810337606c74fd2df1a7047fe310304f80d457e,2025-04-05T00:00:00Z
EVID-00463,CASE-0135,,RULE_RESULT,ENGINE,cfg.financial_rules:FR-REFUND-ECON-001,rule FR-REFUND-ECON-001 evaluated to LEAKAGE,072d2128cf5c3e963a54ce66aed510d191691f928efa61d5d53195f5ca83dd54,2025-04-05T00:00:00Z
EVID-00464,CASE-0135,,RAW_PAYLOAD,RAZORPAY,raw.raw_source_records:payments:pay_000877axkkkkkk,raw gateway payload for payment pay_000877axkkkkkk,a8901b1fa296b18a936cf561556768f2ee27766b6eb47c9eb8dc5df8a52cb91b,2025-04-05T00:00:00Z
EVID-00465,CASE-0136,,RECON_RESULT,ENGINE,ops.anomaly_results:anm-00141,FEE_DISCREPANCY detected 144.17 by FR-FEE-EXCESS-001,43467f65fbc973e57a0959b07f6725449d1444680247c6328ca0ed2dd02c1838,2025-04-05T00:00:00Z
EVID-00466,CASE-0136,,RULE_RESULT,ENGINE,cfg.financial_rules:FR-FEE-EXCESS-001,rule FR-FEE-EXCESS-001 evaluated to LEAKAGE,18e4922bc2fbccb34065841df19ecca8ad722ef5520b627395baea588966de17,2025-04-05T00:00:00Z
EVID-00467,CASE-0136,,RAW_PAYLOAD,RAZORPAY,raw.raw_source_records:payments:pay_000884axkkkkkkk,raw gateway payload for payment pay_000884axkkkkkkk,609ed29ee78fa4f35698bc88acd724989c85192c0e33c23f4e98dc9faf0ede1d,2025-04-05T00:00:00Z
EVID-00468,CASE-0136,,RATE_CARD,CFG,cfg.rate_cards:RC-CARD-2025,applicable rate card RC-CARD-2025,1bcea65058a6759a002a5283d9a4c2181d179ea3ee659aa3cd2f3d22a2c2cb3e,2025-04-05T00:00:00Z
EVID-00469,CASE-0137,,RECON_RESULT,ENGINE,ops.anomaly_results:anm-00142,SETTLEMENT_MISMATCH detected 27.51 by FR-SETTLE-CALC-001,7ac9fd41e8a1439efb9fc5e83ce9c10d54030e520acbe8f87bcafaf43a7ce2ef,2025-04-05T00:00:00Z
EVID-00470,CASE-0137,,RULE_RESULT,ENGINE,cfg.financial_rules:FR-SETTLE-CALC-001,rule FR-SETTLE-CALC-001 evaluated to LEAKAGE,92721a1d592e667cfec36d980c4968dd25d2353654d60ceb830b5efa79ba2985,2025-04-05T00:00:00Z
EVID-00471,CASE-0137,,RAW_PAYLOAD,RAZORPAY,raw.raw_source_records:payments:pay_000893axkkkkkkkkkk,raw gateway payload for payment pay_000893axkkkkkkkkkk,2c0fa07ab2ec304ab5f61720f999904d4aec5399637f1c7162d78ef1d9d4d763,2025-04-05T00:00:00Z
EVID-00472,CASE-0138,,RECON_RESULT,ENGINE,ops.anomaly_results:anm-00143,FEE_DISCREPANCY detected 3.94 by FR-FEE-EXCESS-001,90ee9dab1b4a7dfa4acffab726f4cc438d0d04686214b06f2473ca08f65f338f,2025-04-05T00:00:00Z
EVID-00473,CASE-0138,,RULE_RESULT,ENGINE,cfg.financial_rules:FR-FEE-EXCESS-001,rule FR-FEE-EXCESS-001 evaluated to LEAKAGE,18e4922bc2fbccb34065841df19ecca8ad722ef5520b627395baea588966de17,2025-04-05T00:00:00Z
EVID-00474,CASE-0138,,RAW_PAYLOAD,RAZORPAY,raw.raw_source_records:payments:pay_000902axkkkkkkkk,raw gateway payload for payment pay_000902axkkkkkkkk,39acd4292f88db7123ec32e5f828b86db1998eafac2bbf93846e9fb4856ccc69,2025-04-05T00:00:00Z
EVID-00475,CASE-0138,,RATE_CARD,CFG,cfg.rate_cards:RC-UPI-2025,applicable rate card RC-UPI-2025,6c366592a22d55351ed96af92fc67fb55c824bdc45180501b49acb478d3fc036,2025-04-05T00:00:00Z
EVID-00476,CASE-0139,,RECON_RESULT,ENGINE,ops.anomaly_results:anm-00144,FEE_DISCREPANCY detected 17.3 by FR-FEE-EXCESS-001,71b33625d85c96ce49be68fee628b8cee6d8602e3e100944d19610859028a967,2025-04-05T00:00:00Z
EVID-00477,CASE-0139,,RULE_RESULT,ENGINE,cfg.financial_rules:FR-FEE-EXCESS-001,rule FR-FEE-EXCESS-001 evaluated to LEAKAGE,18e4922bc2fbccb34065841df19ecca8ad722ef5520b627395baea588966de17,2025-04-05T00:00:00Z
EVID-00478,CASE-0139,,RECON_RESULT,ENGINE,ops.anomaly_results:anm-00145,SETTLEMENT_MISMATCH detected 55.18 by FR-SETTLE-CALC-001,e9841308216b04cc0a6179eb44ed83ade5ca7a1f5f6605dafeeaa9a9136694a1,2025-04-05T00:00:00Z
EVID-00479,CASE-0139,,RULE_RESULT,ENGINE,cfg.financial_rules:FR-SETTLE-CALC-001,rule FR-SETTLE-CALC-001 evaluated to LEAKAGE,92721a1d592e667cfec36d980c4968dd25d2353654d60ceb830b5efa79ba2985,2025-04-05T00:00:00Z
EVID-00480,CASE-0139,,RAW_PAYLOAD,RAZORPAY,raw.raw_source_records:payments:pay_000924axkkkkkkkkk,raw gateway payload for payment pay_000924axkkkkkkkkk,3640141c1409ddc2ad300231e5bfb18cebce3948363434df4fa3d34c3b8fcd73,2025-04-05T00:00:00Z
EVID-00481,CASE-0140,,RECON_RESULT,ENGINE,ops.anomaly_results:anm-00146,SETTLEMENT_MISMATCH detected 433.87 by FR-SETTLE-TIMING-001,ba569b0f6be617925f83893c3198f2f6b67b428cedaf768dda702a42807f481a,2025-04-05T00:00:00Z
EVID-00482,CASE-0140,,RULE_RESULT,ENGINE,cfg.financial_rules:FR-SETTLE-TIMING-001,rule FR-SETTLE-TIMING-001 evaluated to LEAKAGE,b79283de7eb4efad69416f338e689ba8b43387b257b2380aac57faaf97f63c92,2025-04-05T00:00:00Z
EVID-00483,CASE-0140,,RAW_PAYLOAD,RAZORPAY,raw.raw_source_records:payments:pay_000928axkkkkkkk,raw gateway payload for payment pay_000928axkkkkkkk,eeccd062bcb0153c9bef9dd89f9573bb53f03e265eb9743ba9f33435076aa606,2025-04-05T00:00:00Z
EVID-00484,CASE-0141,,RECON_RESULT,ENGINE,ops.anomaly_results:anm-00147,SETTLEMENT_MISMATCH detected 88.94 by FR-SETTLE-CALC-001,8c3fd061228053324b400fe0b18d72dab18634875c8862d05de58f58557ecf8b,2025-04-05T00:00:00Z
EVID-00485,CASE-0141,,RULE_RESULT,ENGINE,cfg.financial_rules:FR-SETTLE-CALC-001,rule FR-SETTLE-CALC-001 evaluated to LEAKAGE,92721a1d592e667cfec36d980c4968dd25d2353654d60ceb830b5efa79ba2985,2025-04-05T00:00:00Z
EVID-00486,CASE-0141,,RAW_PAYLOAD,RAZORPAY,raw.raw_source_records:payments:pay_000932axkkkkkkkkk,raw gateway payload for payment pay_000932axkkkkkkkkk,2cd6e0d3666b283fd92025e0b9fe84e2eb527378f1fed538dfedc0ea5c1a718e,2025-04-05T00:00:00Z
EVID-00487,CASE-0142,,RECON_RESULT,ENGINE,ops.anomaly_results:anm-00148,SETTLEMENT_MISMATCH detected 6.49 by FR-SETTLE-CALC-001,f8a2ef892a04abd013182bce808ef18935fba3c121de1dbda1fb71526f8655b8,2025-04-05T00:00:00Z
EVID-00488,CASE-0142,,RULE_RESULT,ENGINE,cfg.financial_rules:FR-SETTLE-CALC-001,rule FR-SETTLE-CALC-001 evaluated to LEAKAGE,92721a1d592e667cfec36d980c4968dd25d2353654d60ceb830b5efa79ba2985,2025-04-05T00:00:00Z
EVID-00489,CASE-0142,,RAW_PAYLOAD,RAZORPAY,raw.raw_source_records:payments:pay_000939axkkkkk,raw gateway payload for payment pay_000939axkkkkk,1651e6c1407bece2ce608ebe6d076913778fb4d3cd1071024c673fd5dba17034,2025-04-05T00:00:00Z
EVID-00490,CASE-0143,,RECON_RESULT,ENGINE,ops.anomaly_results:anm-00149,SETTLEMENT_MISMATCH detected 1980.46 by FR-SETTLE-TIMING-001,44163aa558614c9d2208fd4b6ac8fefaa6a5559283abd4c7760524913e41b6fc,2025-04-05T00:00:00Z
EVID-00491,CASE-0143,,RULE_RESULT,ENGINE,cfg.financial_rules:FR-SETTLE-TIMING-001,rule FR-SETTLE-TIMING-001 evaluated to LEAKAGE,b79283de7eb4efad69416f338e689ba8b43387b257b2380aac57faaf97f63c92,2025-04-05T00:00:00Z
EVID-00492,CASE-0143,,RAW_PAYLOAD,RAZORPAY,raw.raw_source_records:payments:pay_000952axkkkk,raw gateway payload for payment pay_000952axkkkk,f8ec09b5c661d35a87bdfbf39d2ce8c9cfeaaeedd88d8525d03df9c997237977,2025-04-05T00:00:00Z
EVID-00493,CASE-0144,,RECON_RESULT,ENGINE,ops.anomaly_results:anm-00150,REFUND_ECONOMICS detected 11.29 by FR-REFUND-ECON-001,556bd9c39312ef2f1f467fb35d0644d5e24ece6fddc685a7a6e9c9f1418a15d7,2025-04-05T00:00:00Z
EVID-00494,CASE-0144,,RULE_RESULT,ENGINE,cfg.financial_rules:FR-REFUND-ECON-001,rule FR-REFUND-ECON-001 evaluated to LEAKAGE,072d2128cf5c3e963a54ce66aed510d191691f928efa61d5d53195f5ca83dd54,2025-04-05T00:00:00Z
EVID-00495,CASE-0144,,RAW_PAYLOAD,RAZORPAY,raw.raw_source_records:payments:pay_000964axkkkkkkkkkk,raw gateway payload for payment pay_000964axkkkkkkkkkk,e863a94f36fe7e6c9613733eb629f08e6376b4eb3956379c9d8fd21a2811880a,2025-04-05T00:00:00Z
EVID-00496,CASE-0145,,RECON_RESULT,ENGINE,ops.anomaly_results:anm-00151,SETTLEMENT_MISMATCH detected 953.0 by FR-SETTLE-TIMING-001,2d3b1b791432af8e72fa67f6493030fde114bede10684eb6e71b355a0c401db0,2025-04-05T00:00:00Z
EVID-00497,CASE-0145,,RULE_RESULT,ENGINE,cfg.financial_rules:FR-SETTLE-TIMING-001,rule FR-SETTLE-TIMING-001 evaluated to LEAKAGE,b79283de7eb4efad69416f338e689ba8b43387b257b2380aac57faaf97f63c92,2025-04-05T00:00:00Z
EVID-00498,CASE-0145,,RAW_PAYLOAD,RAZORPAY,raw.raw_source_records:payments:pay_000971axkkkkkkkkk,raw gateway payload for payment pay_000971axkkkkkkkkk,5c32623a765815d2dd47ed3ee80baf0aed41ea3d3c997993f10f7c6ec7058f65,2025-04-05T00:00:00Z
EVID-00499,CASE-0146,,RECON_RESULT,ENGINE,ops.anomaly_results:anm-00152,FEE_DISCREPANCY detected 39.17 by FR-FEE-EXCESS-001,bf5a35b2c3696cdc777b3430290ff8889c324437978552cceab39973d42b76c8,2025-04-05T00:00:00Z
EVID-00500,CASE-0146,,RULE_RESULT,ENGINE,cfg.financial_rules:FR-FEE-EXCESS-001,rule FR-FEE-EXCESS-001 evaluated to LEAKAGE,18e4922bc2fbccb34065841df19ecca8ad722ef5520b627395baea588966de17,2025-04-05T00:00:00Z
EVID-00501,CASE-0146,,RAW_PAYLOAD,RAZORPAY,raw.raw_source_records:payments:pay_000980axkkkkkkkkk,raw gateway payload for payment pay_000980axkkkkkkkkk,f2998423c3fb7d8e1d8ef96fe03757d5ecb5e802f0d5bb1266dce18bcb82cffa,2025-04-05T00:00:00Z
EVID-00502,CASE-0146,,RATE_CARD,CFG,cfg.rate_cards:RC-CARD-2025,applicable rate card RC-CARD-2025,1bcea65058a6759a002a5283d9a4c2181d179ea3ee659aa3cd2f3d22a2c2cb3e,2025-04-05T00:00:00Z
EVID-00503,CASE-0147,,RECON_RESULT,ENGINE,ops.anomaly_results:anm-00153,SETTLEMENT_MISMATCH detected 479.39 by FR-SETTLE-TIMING-001,db896aaecb60b00a396fdc94f03e592187102d9535008d289fd560d97c1c958d,2025-04-05T00:00:00Z
EVID-00504,CASE-0147,,RULE_RESULT,ENGINE,cfg.financial_rules:FR-SETTLE-TIMING-001,rule FR-SETTLE-TIMING-001 evaluated to LEAKAGE,b79283de7eb4efad69416f338e689ba8b43387b257b2380aac57faaf97f63c92,2025-04-05T00:00:00Z
EVID-00505,CASE-0147,,RAW_PAYLOAD,RAZORPAY,raw.raw_source_records:payments:pay_000982axkkkkkkkk,raw gateway payload for payment pay_000982axkkkkkkkk,f0d22be51d070fc72edb2e50882f5621568cacec242ebd1560731550fcb95eb2,2025-04-05T00:00:00Z
EVID-00506,CASE-0148,,RECON_RESULT,ENGINE,ops.anomaly_results:anm-00154,FEE_DISCREPANCY detected 2.25 by FR-FEE-EXCESS-001,c50534f4e8ed3fefdc2a75f521b527da1539c84f0b3e8427c59fe147c836fd1b,2025-04-05T00:00:00Z
EVID-00507,CASE-0148,,RULE_RESULT,ENGINE,cfg.financial_rules:FR-FEE-EXCESS-001,rule FR-FEE-EXCESS-001 evaluated to LEAKAGE,18e4922bc2fbccb34065841df19ecca8ad722ef5520b627395baea588966de17,2025-04-05T00:00:00Z
EVID-00508,CASE-0148,,RAW_PAYLOAD,RAZORPAY,raw.raw_source_records:payments:pay_000988axkkkkkkkk,raw gateway payload for payment pay_000988axkkkkkkkk,ffe79d0912677afa70536991d29385ab0070cb663aa24fcb0cda6107221168e0,2025-04-05T00:00:00Z
EVID-00509,CASE-0148,,RATE_CARD,CFG,cfg.rate_cards:RC-CARD-2025,applicable rate card RC-CARD-2025,1bcea65058a6759a002a5283d9a4c2181d179ea3ee659aa3cd2f3d22a2c2cb3e,2025-04-05T00:00:00Z
EVID-00510,CASE-0149,,RECON_RESULT,ENGINE,ops.anomaly_results:anm-00155,FEE_DISCREPANCY detected 34.04 by FR-FEE-EXCESS-001,fa331e70fe965fafc9eb39d5fe242fbeedf698888e3025914bda5205e48c994c,2025-04-05T00:00:00Z
EVID-00511,CASE-0149,,RULE_RESULT,ENGINE,cfg.financial_rules:FR-FEE-EXCESS-001,rule FR-FEE-EXCESS-001 evaluated to LEAKAGE,18e4922bc2fbccb34065841df19ecca8ad722ef5520b627395baea588966de17,2025-04-05T00:00:00Z
EVID-00512,CASE-0149,,RECON_RESULT,ENGINE,ops.anomaly_results:anm-00156,SETTLEMENT_MISMATCH detected 37.29 by FR-SETTLE-CALC-001,4c41f57b38954b46c0efa47e406ed64dd65b8a4f9eb5254912423d65b36139c8,2025-04-05T00:00:00Z
EVID-00513,CASE-0149,,RULE_RESULT,ENGINE,cfg.financial_rules:FR-SETTLE-CALC-001,rule FR-SETTLE-CALC-001 evaluated to LEAKAGE,92721a1d592e667cfec36d980c4968dd25d2353654d60ceb830b5efa79ba2985,2025-04-05T00:00:00Z
EVID-00514,CASE-0149,,RAW_PAYLOAD,RAZORPAY,raw.raw_source_records:payments:pay_000990axkkkkkk,raw gateway payload for payment pay_000990axkkkkkk,368649d95f917315afe9fafdbe2168067393de16c13e81b1dd6f773475761993,2025-04-05T00:00:00Z
EVID-90001,CASE-9001,RCN-9001,RECON_RESULT,ENGINE,ops.reconciliation_results:RCN-9001,settlement â‚¹9514 vs expected â‚¹9764 â€” variance â‚¹250,hero90001,2026-09-05T05:58:46Z
EVID-90002,CASE-9001,RCN-9001,RULE_RESULT,ENGINE,cfg.financial_rules:FR-SETTLE-CALC-001,"rule engine: variance exceeds tolerance, class LEAKAGE",hero90002,2026-09-05T05:58:46Z
EVID-90003,CASE-9001,RCN-9001,RAW_PAYLOAD,ENGINE,raw.raw_source_records:payments:pay_hero_9001,raw gateway payload for payment pay_hero_9001,hero90003,2026-09-05T05:58:46Z
EVID-90004,CASE-9001,RCN-9001,BANK_CREDIT,ENGINE,core.bank_transactions:BNK-9001,bank credit â‚¹9514 UTR009001 matches settlement exactly,hero90004,2026-09-05T05:58:46Z
