identity_match_id,entity_type,left_system,left_entity,left_record_id,right_system,right_entity,right_record_id,match_method,confidence,status,conflict_detail,matched_at
idm-00001,ORDER,SHOPIFY,core.orders,ORD-1,RAZORPAY,core.payments,PAY-0001,EXACT_REF,1.00,RESOLVED,,2025-04-05T00:00:00Z
idm-00002,INVOICE,SHOPIFY,core.orders,ORD-1,ACCOUNTING,core.invoices,INV-0001,INVOICE_REF,1.00,RESOLVED,,2025-04-05T00:00:00Z
idm-00003,ORDER,SHOPIFY,core.orders,ORD-2,RAZORPAY,core.payments,PAY-0002,EXACT_REF,1.00,RESOLVED,,2025-04-05T00:00:00Z
idm-00004,INVOICE,SHOPIFY,core.orders,ORD-2,ACCOUNTING,core.invoices,INV-0002,INVOICE_REF,1.00,RESOLVED,,2025-04-05T00:00:00Z
idm-00005,ORDER,SHOPIFY,core.orders,ORD-3,RAZORPAY,core.payments,PAY-0003,EXACT_REF,1.00,RESOLVED,,2025-04-05T00:00:00Z
idm-00006,INVOICE,SHOPIFY,core.orders,ORD-3,ACCOUNTING,core.invoices,INV-0003,INVOICE_REF,1.00,RESOLVED,,2025-04-05T00:00:00Z
idm-00007,ORDER,SHOPIFY,core.orders,ORD-4,RAZORPAY,core.payments,PAY-0004,EXACT_REF,1.00,RESOLVED,,2025-04-05T00:00:00Z
idm-00008,INVOICE,SHOPIFY,core.orders,ORD-4,ACCOUNTING,core.invoices,INV-0004,INVOICE_REF,1.00,RESOLVED,,2025-04-05T00:00:00Z
idm-00009,ORDER,SHOPIFY,core.orders,ORD-5,RAZORPAY,core.payments,PAY-0005,EXACT_REF,1.00,RESOLVED,,2025-04-05T00:00:00Z
idm-00010,INVOICE,SHOPIFY,core.orders,ORD-5,ACCOUNTING,core.invoices,INV-0005,INVOICE_REF,1.00,RESOLVED,,2025-04-05T00:00:00Z
idm-00011,ORDER,SHOPIFY,core.orders,ORD-6,RAZORPAY,core.payments,PAY-0006,EXACT_REF,1.00,RESOLVED,,2025-04-05T00:00:00Z
idm-00012,INVOICE,SHOPIFY,core.orders,ORD-6,ACCOUNTING,core.invoices,INV-0006,INVOICE_REF,1.00,RESOLVED,,2025-04-05T00:00:00Z
idm-00013,ORDER,SHOPIFY,core.orders,ORD-7,RAZORPAY,core.payments,PAY-0007,EXACT_REF,1.00,RESOLVED,,2025-04-05T00:00:00Z
idm-00014,INVOICE,SHOPIFY,core.orders,ORD-7,ACCOUNTING,core.invoices,INV-0007,INVOICE_REF,1.00,RESOLVED,,2025-04-05T00:00:00Z
idm-00015,ORDER,SHOPIFY,core.orders,ORD-8,RAZORPAY,core.payments,PAY-0008,EXACT_REF,1.00,RESOLVED,,2025-04-05T00:00:00Z
idm-00016,INVOICE,SHOPIFY,core.orders,ORD-8,ACCOUNTING,core.invoices,INV-0008,INVOICE_REF,1.00,RESOLVED,,2025-04-05T00:00:00Z
idm-00017,ORDER,SHOPIFY,core.orders,ORD-9,RAZORPAY,core.payments,PAY-0009,EXACT_REF,1.00,RESOLVED,,2025-04-05T00:00:00Z
idm-00018,INVOICE,SHOPIFY,core.orders,ORD-9,ACCOUNTING,core.invoices,INV-0009,INVOICE_REF,1.00,RESOLVED,,2025-04-05T00:00:00Z
idm-00019,ORDER,SHOPIFY,core.orders,ORD-10,RAZORPAY,core.payments,PAY-0010,EXACT_REF,1.00,RESOLVED,,2025-04-05T00:00:00Z
idm-00020,INVOICE,SHOPIFY,core.orders,ORD-10,ACCOUNTING,core.invoices,INV-0010,INVOICE_REF,1.00,RESOLVED,,2025-04-05T00:00:00Z
idm-00021,ORDER,SHOPIFY,core.orders,ORD-11,RAZORPAY,core.payments,PAY-0011,EXACT_REF,1.00,RESOLVED,,2025-04-05T00:00:00Z
idm-00022,INVOICE,SHOPIFY,core.orders,ORD-11,ACCOUNTING,core.invoices,INV-0011,INVOICE_REF,1.00,RESOLVED,,2025-04-05T00:00:00Z
idm-00023,ORDER,SHOPIFY,core.orders,ORD-12,RAZORPAY,core.payments,PAY-0012,EXACT_REF,1.00,RESOLVED,,2025-04-05T00:00:00Z
idm-00024,INVOICE,SHOPIFY,core.orders,ORD-12,ACCOUNTING,core.invoices,INV-0012,INVOICE_REF,1.00,RESOLVED,,2025-04-05T00:00:00Z
idm-00025,ORDER,SHOPIFY,core.orders,ORD-13,RAZORPAY,core.payments,PAY-0013,EXACT_REF,1.00,RESOLVED,,2025-04-05T00:00:00Z
idm-00026,INVOICE,SHOPIFY,core.orders,ORD-13,ACCOUNTING,core.invoices,INV-0013,INVOICE_REF,1.00,RESOLVED,,2025-04-05T00:00:00Z
idm-00027,ORDER,SHOPIFY,core.orders,ORD-14,RAZORPAY,core.payments,PAY-0014,EXACT_REF,1.00,RESOLVED,,2025-04-05T00:00:00Z
idm-00028,INVOICE,SHOPIFY,core.orders,ORD-14,ACCOUNTING,core.invoices,INV-0014,INVOICE_REF,1.00,RESOLVED,,2025-04-05T00:00:00Z
idm-00029,ORDER,SHOPIFY,core.orders,ORD-15,RAZORPAY,core.payments,PAY-0015,EXACT_REF,1.00,RESOLVED,,2025-04-05T00:00:00Z
idm-00030,INVOICE,SHOPIFY,core.orders,ORD-15,ACCOUNTING,core.invoices,INV-0015,INVOICE_REF,1.00,RESOLVED,,2025-04-05T00:00:00Z
idm-00031,ORDER,SHOPIFY,core.orders,ORD-16,RAZORPAY,core.payments,PAY-0016,EXACT_REF,1.00,RESOLVED,,2025-04-05T00:00:00Z
idm-00032,INVOICE,SHOPIFY,core.orders,ORD-16,ACCOUNTING,core.invoices,INV-0016,INVOICE_REF,1.00,RESOLVED,,2025-04-05T00:00:00Z
idm-00033,ORDER,SHOPIFY,core.orders,ORD-17,RAZORPAY,core.payments,PAY-0017,EXACT_REF,1.00,RESOLVED,,2025-04-05T00:00:00Z
idm-00034,INVOICE,SHOPIFY,core.orders,ORD-17,ACCOUNTING,core.invoices,INV-0017,INVOICE_REF,1.00,RESOLVED,,2025-04-05T00:00:00Z
idm-00035,ORDER,SHOPIFY,core.orders,ORD-18,RAZORPAY,core.payments,PAY-0018,EXACT_REF,1.00,RESOLVED,,2025-04-05T00:00:00Z
idm-00036,INVOICE,SHOPIFY,core.orders,ORD-18,ACCOUNTING,core.invoices,INV-0018,INVOICE_REF,1.00,RESOLVED,,2025-04-05T00:00:00Z
idm-00037,ORDER,SHOPIFY,core.orders,ORD-19,RAZORPAY,core.payments,PAY-0019,EXACT_REF,1.00,RESOLVED,,2025-04-05T00:00:00Z
idm-00038,INVOICE,SHOPIFY,core.orders,ORD-19,ACCOUNTING,core.invoices,INV-0019,INVOICE_REF,1.00,RESOLVED,,2025-04-05T00:00:00Z
idm-00039,ORDER,SHOPIFY,core.orders,ORD-20,RAZORPAY,core.payments,PAY-0020,EXACT_REF,1.00,RESOLVED,,2025-04-05T00:00:00Z
idm-00040,INVOICE,SHOPIFY,core.orders,ORD-20,ACCOUNTING,core.invoices,INV-0020,INVOICE_REF,1.00,RESOLVED,,2025-04-05T00:00:00Z
idm-00041,ORDER,SHOPIFY,core.orders,ORD-21,RAZORPAY,core.payments,PAY-0021,EXACT_REF,1.00,RESOLVED,,2025-04-05T00:00:00Z
idm-00042,INVOICE,SHOPIFY,core.orders,ORD-21,ACCOUNTING,core.invoices,INV-0021,INVOICE_REF,1.00,RESOLVED,,2025-04-05T00:00:00Z
idm-00043,ORDER,SHOPIFY,core.orders,ORD-22,RAZORPAY,core.payments,PAY-0022,EXACT_REF,1.00,RESOLVED,,2025-04-05T00:00:00Z
idm-00044,INVOICE,SHOPIFY,core.orders,ORD-22,ACCOUNTING,core.invoices,INV-0022,INVOICE_REF,1.00,RESOLVED,,2025-04-05T00:00:00Z
idm-00045,ORDER,SHOPIFY,core.orders,ORD-23,RAZORPAY,core.payments,PAY-0023,EXACT_REF,1.00,RESOLVED,,2025-04-05T00:00:00Z
idm-00046,INVOICE,SHOPIFY,core.orders,ORD-23,ACCOUNTING,core.invoices,INV-0023,INVOICE_REF,1.00,RESOLVED,,2025-04-05T00:00:00Z
idm-00047,ORDER,SHOPIFY,core.orders,ORD-24,RAZORPAY,core.payments,PAY-0024,EXACT_REF,1.00,RESOLVED,,2025-04-05T00:00:00Z
idm-00048,INVOICE,SHOPIFY,core.orders,ORD-24,ACCOUNTING,core.invoices,INV-0024,INVOICE_REF,1.00,RESOLVED,,2025-04-05T00:00:00Z
idm-00049,ORDER,SHOPIFY,core.orders,ORD-25,RAZORPAY,core.payments,PAY-0025,EXACT_REF,1.00,RESOLVED,,2025-04-05T00:00:00Z
idm-00050,INVOICE,SHOPIFY,core.orders,ORD-25,ACCOUNTING,core.invoices,INV-0025,INVOICE_REF,1.00,RESOLVED,,2025-04-05T00:00:00Z
idm-00051,ORDER,SHOPIFY,core.orders,ORD-26,RAZORPAY,core.payments,PAY-0026,EXACT_REF,1.00,RESOLVED,,2025-04-05T00:00:00Z
idm-00052,INVOICE,SHOPIFY,core.orders,ORD-26,ACCOUNTING,core.invoices,INV-0026,INVOICE_REF,1.00,RESOLVED,,2025-04-05T00:00:00Z
idm-00053,ORDER,SHOPIFY,core.orders,ORD-27,RAZORPAY,core.payments,PAY-0027,EXACT_REF,1.00,RESOLVED,,2025-04-05T00:00:00Z
idm-00054,INVOICE,SHOPIFY,core.orders,ORD-27,ACCOUNTING,core.invoices,INV-0027,INVOICE_REF,1.00,RESOLVED,,2025-04-05T00:00:00Z
idm-00055,ORDER,SHOPIFY,core.orders,ORD-28,RAZORPAY,core.payments,PAY-0028,EXACT_REF,1.00,RESOLVED,,2025-04-05T00:00:00Z
idm-00056,INVOICE,SHOPIFY,core.orders,ORD-28,ACCOUNTING,core.invoices,INV-0028,INVOICE_REF,1.00,RESOLVED,,2025-04-05T00:00:00Z
idm-00057,ORDER,SHOPIFY,core.orders,ORD-29,RAZORPAY,core.payments,PAY-0029,EXACT_REF,1.00,RESOLVED,,2025-04-05T00:00:00Z
idm-00058,INVOICE,SHOPIFY,core.orders,ORD-29,ACCOUNTING,core.invoices,INV-0029,INVOICE_REF,1.00,RESOLVED,,2025-04-05T00:00:00Z
idm-00059,ORDER,SHOPIFY,core.orders,ORD-30,RAZORPAY,core.payments,PAY-0030,EXACT_REF,1.00,RESOLVED,,2025-04-05T00:00:00Z
idm-00060,INVOICE,SHOPIFY,core.orders,ORD-30,ACCOUNTING,core.invoices,INV-0030,INVOICE_REF,1.00,RESOLVED,,2025-04-05T00:00:00Z
idm-00061,ORDER,SHOPIFY,core.orders,ORD-31,RAZORPAY,core.payments,PAY-0031,EXACT_REF,1.00,RESOLVED,,2025-04-05T00:00:00Z
idm-00062,INVOICE,SHOPIFY,core.orders,ORD-31,ACCOUNTING,core.invoices,INV-0031,INVOICE_REF,1.00,RESOLVED,,2025-04-05T00:00:00Z
idm-00063,ORDER,SHOPIFY,core.orders,ORD-32,RAZORPAY,core.payments,PAY-0032,EXACT_REF,1.00,RESOLVED,,2025-04-05T00:00:00Z
idm-00064,INVOICE,SHOPIFY,core.orders,ORD-32,ACCOUNTING,core.invoices,INV-0032,INVOICE_REF,1.00,RESOLVED,,2025-04-05T00:00:00Z
idm-00065,ORDER,SHOPIFY,core.orders,ORD-33,RAZORPAY,core.payments,PAY-0033,EXACT_REF,1.00,RESOLVED,,2025-04-05T00:00:00Z
idm-00066,INVOICE,SHOPIFY,core.orders,ORD-33,ACCOUNTING,core.invoices,INV-0033,INVOICE_REF,1.00,RESOLVED,,2025-04-05T00:00:00Z
idm-00067,ORDER,SHOPIFY,core.orders,ORD-34,RAZORPAY,core.payments,PAY-0034,EXACT_REF,1.00,RESOLVED,,2025-04-05T00:00:00Z
idm-00068,INVOICE,SHOPIFY,core.orders,ORD-34,ACCOUNTING,core.invoices,INV-0034,INVOICE_REF,1.00,RESOLVED,,2025-04-05T00:00:00Z
idm-00069,ORDER,SHOPIFY,core.orders,ORD-35,RAZORPAY,core.payments,PAY-0035,EXACT_REF,1.00,RESOLVED,,2025-04-05T00:00:00Z
idm-00070,INVOICE,SHOPIFY,core.orders,ORD-35,ACCOUNTING,core.invoices,INV-0035,INVOICE_REF,1.00,RESOLVED,,2025-04-05T00:00:00Z
idm-00071,ORDER,SHOPIFY,core.orders,ORD-36,RAZORPAY,core.payments,PAY-0036,EXACT_REF,1.00,RESOLVED,,2025-04-05T00:00:00Z
idm-00072,INVOICE,SHOPIFY,core.orders,ORD-36,ACCOUNTING,core.invoices,INV-0036,INVOICE_REF,1.00,RESOLVED,,2025-04-05T00:00:00Z
idm-00073,ORDER,SHOPIFY,core.orders,ORD-37,RAZORPAY,core.payments,PAY-0037,EXACT_REF,1.00,RESOLVED,,2025-04-05T00:00:00Z
idm-00074,INVOICE,SHOPIFY,core.orders,ORD-37,ACCOUNTING,core.invoices,INV-0037,INVOICE_REF,1.00,RESOLVED,,2025-04-05T00:00:00Z
idm-00075,ORDER,SHOPIFY,core.orders,ORD-38,RAZORPAY,core.payments,PAY-0038,EXACT_REF,1.00,RESOLVED,,2025-04-05T00:00:00Z
idm-00076,INVOICE,SHOPIFY,core.orders,ORD-38,ACCOUNTING,core.invoices,INV-0038,INVOICE_REF,1.00,RESOLVED,,2025-04-05T00:00:00Z
idm-00077,ORDER,SHOPIFY,core.orders,ORD-39,RAZORPAY,core.payments,PAY-0039,EXACT_REF,1.00,RESOLVED,,2025-04-05T00:00:00Z
idm-00078,INVOICE,SHOPIFY,core.orders,ORD-39,ACCOUNTING,core.invoices,INV-0039,INVOICE_REF,1.00,RESOLVED,,2025-04-05T00:00:00Z
idm-00079,ORDER,SHOPIFY,core.orders,ORD-40,RAZORPAY,core.payments,PAY-0040,EXACT_REF,1.00,RESOLVED,,2025-04-05T00:00:00Z
idm-00080,INVOICE,SHOPIFY,core.orders,ORD-40,ACCOUNTING,core.invoices,INV-0040,INVOICE_REF,1.00,RESOLVED,,2025-04-05T00:00:00Z
idm-00081,ORDER,SHOPIFY,core.orders,ORD-41,RAZORPAY,core.payments,PAY-0041,EXACT_REF,1.00,RESOLVED,,2025-04-05T00:00:00Z
idm-00082,INVOICE,SHOPIFY,core.orders,ORD-41,ACCOUNTING,core.invoices,INV-0041,INVOICE_REF,1.00,RESOLVED,,2025-04-05T00:00:00Z
idm-00083,ORDER,SHOPIFY,core.orders,ORD-42,RAZORPAY,core.payments,PAY-0042,EXACT_REF,1.00,RESOLVED,,2025-04-05T00:00:00Z
idm-00084,INVOICE,SHOPIFY,core.orders,ORD-42,ACCOUNTING,core.invoices,INV-0042,INVOICE_REF,1.00,RESOLVED,,2025-04-05T00:00:00Z
idm-00085,ORDER,SHOPIFY,core.orders,ORD-43,RAZORPAY,core.payments,PAY-0043,EXACT_REF,1.00,RESOLVED,,2025-04-05T00:00:00Z
idm-00086,INVOICE,SHOPIFY,core.orders,ORD-43,ACCOUNTING,core.invoices,INV-0043,INVOICE_REF,1.00,RESOLVED,,2025-04-05T00:00:00Z
idm-00087,ORDER,SHOPIFY,core.orders,ORD-44,RAZORPAY,core.payments,PAY-0044,EXACT_REF,1.00,RESOLVED,,2025-04-05T00:00:00Z
idm-00088,INVOICE,SHOPIFY,core.orders,ORD-44,ACCOUNTING,core.invoices,INV-0044,INVOICE_REF,1.00,RESOLVED,,2025-04-05T00:00:00Z
idm-00089,ORDER,SHOPIFY,core.orders,ORD-45,RAZORPAY,core.payments,PAY-0045,EXACT_REF,1.00,RESOLVED,,2025-04-05T00:00:00Z
idm-00090,INVOICE,SHOPIFY,core.orders,ORD-45,ACCOUNTING,core.invoices,INV-0045,INVOICE_REF,1.00,RESOLVED,,2025-04-05T00:00:00Z
idm-00091,ORDER,SHOPIFY,core.orders,ORD-46,RAZORPAY,core.payments,PAY-0046,EXACT_REF,1.00,RESOLVED,,2025-04-05T00:00:00Z
idm-00092,INVOICE,SHOPIFY,core.orders,ORD-46,ACCOUNTING,core.invoices,INV-0046,INVOICE_REF,1.00,RESOLVED,,2025-04-05T00:00:00Z
idm-00093,ORDER,SHOPIFY,core.orders,ORD-47,RAZORPAY,core.payments,PAY-0047,EXACT_REF,1.00,RESOLVED,,2025-04-05T00:00:00Z
idm-00094,INVOICE,SHOPIFY,core.orders,ORD-47,ACCOUNTING,core.invoices,INV-0047,INVOICE_REF,1.00,RESOLVED,,2025-04-05T00:00:00Z
idm-00095,ORDER,SHOPIFY,core.orders,ORD-48,RAZORPAY,core.payments,PAY-0048,EXACT_REF,1.00,RESOLVED,,2025-04-05T00:00:00Z
idm-00096,INVOICE,SHOPIFY,core.orders,ORD-48,ACCOUNTING,core.invoices,INV-0048,INVOICE_REF,1.00,RESOLVED,,2025-04-05T00:00:00Z
idm-00097,ORDER,SHOPIFY,core.orders,ORD-49,RAZORPAY,core.payments,PAY-0049,EXACT_REF,1.00,RESOLVED,,2025-04-05T00:00:00Z
idm-00098,INVOICE,SHOPIFY,core.orders,ORD-49,ACCOUNTING,core.invoices,INV-0049,INVOICE_REF,1.00,RESOLVED,,2025-04-05T00:00:00Z
idm-00099,ORDER,SHOPIFY,core.orders,ORD-50,RAZORPAY,core.payments,PAY-0050,EXACT_REF,1.00,RESOLVED,,2025-04-05T00:00:00Z
idm-00100,INVOICE,SHOPIFY,core.orders,ORD-50,ACCOUNTING,core.invoices,INV-0050,INVOICE_REF,1.00,RESOLVED,,2025-04-05T00:00:00Z
idm-00101,ORDER,SHOPIFY,core.orders,ORD-51,RAZORPAY,core.payments,PAY-0051,EXACT_REF,1.00,RESOLVED,,2025-04-05T00:00:00Z
idm-00102,INVOICE,SHOPIFY,core.orders,ORD-51,ACCOUNTING,core.invoices,INV-0051,INVOICE_REF,1.00,RESOLVED,,2025-04-05T00:00:00Z
idm-00103,ORDER,SHOPIFY,core.orders,ORD-52,RAZORPAY,core.payments,PAY-0052,EXACT_REF,1.00,RESOLVED,,2025-04-05T00:00:00Z
idm-00104,INVOICE,SHOPIFY,core.orders,ORD-52,ACCOUNTING,core.invoices,INV-0052,INVOICE_REF,1.00,RESOLVED,,2025-04-05T00:00:00Z
idm-00105,ORDER,SHOPIFY,core.orders,ORD-53,RAZORPAY,core.payments,PAY-0053,EXACT_REF,1.00,RESOLVED,,2025-04-05T00:00:00Z
idm-00106,INVOICE,SHOPIFY,core.orders,ORD-53,ACCOUNTING,core.invoices,INV-0053,INVOICE_REF,1.00,RESOLVED,,2025-04-05T00:00:00Z
idm-00107,ORDER,SHOPIFY,core.orders,ORD-54,RAZORPAY,core.payments,PAY-0054,EXACT_REF,1.00,RESOLVED,,2025-04-05T00:00:00Z
idm-00108,INVOICE,SHOPIFY,core.orders,ORD-54,ACCOUNTING,core.invoices,INV-0054,INVOICE_REF,1.00,RESOLVED,,2025-04-05T00:00:00Z
idm-00109,ORDER,SHOPIFY,core.orders,ORD-55,RAZORPAY,core.payments,PAY-0055,EXACT_REF,1.00,RESOLVED,,2025-04-05T00:00:00Z
idm-00110,INVOICE,SHOPIFY,core.orders,ORD-55,ACCOUNTING,core.invoices,INV-0055,INVOICE_REF,1.00,RESOLVED,,2025-04-05T00:00:00Z
idm-00111,ORDER,SHOPIFY,core.orders,ORD-56,RAZORPAY,core.payments,PAY-0056,EXACT_REF,1.00,RESOLVED,,2025-04-05T00:00:00Z
idm-00112,INVOICE,SHOPIFY,core.orders,ORD-56,ACCOUNTING,core.invoices,INV-0056,INVOICE_REF,1.00,RESOLVED,,2025-04-05T00:00:00Z
idm-00113,ORDER,SHOPIFY,core.orders,ORD-57,RAZORPAY,core.payments,PAY-0057,EXACT_REF,1.00,RESOLVED,,2025-04-05T00:00:00Z
idm-00114,INVOICE,SHOPIFY,core.orders,ORD-57,ACCOUNTING,core.invoices,INV-0057,INVOICE_REF,1.00,RESOLVED,,2025-04-05T00:00:00Z
idm-00115,ORDER,SHOPIFY,core.orders,ORD-58,RAZORPAY,core.payments,PAY-0058,EXACT_REF,1.00,RESOLVED,,2025-04-05T00:00:00Z
idm-00116,INVOICE,SHOPIFY,core.orders,ORD-58,ACCOUNTING,core.invoices,INV-0058,INVOICE_REF,1.00,RESOLVED,,2025-04-05T00:00:00Z
idm-00117,ORDER,SHOPIFY,core.orders,ORD-59,RAZORPAY,core.payments,PAY-0059,EXACT_REF,1.00,RESOLVED,,2025-04-05T00:00:00Z
idm-00118,INVOICE,SHOPIFY,core.orders,ORD-59,ACCOUNTING,core.invoices,INV-0059,INVOICE_REF,1.00,RESOLVED,,2025-04-05T00:00:00Z
idm-00119,ORDER,SHOPIFY,core.orders,ORD-60,RAZORPAY,core.payments,PAY-0060,EXACT_REF,1.00,RESOLVED,,2025-04-05T00:00:00Z
idm-00120,INVOICE,SHOPIFY,core.orders,ORD-60,ACCOUNTING,core.invoices,INV-0060,INVOICE_REF,1.00,RESOLVED,,2025-04-05T00:00:00Z
idm-00121,ORDER,SHOPIFY,core.orders,ORD-61,RAZORPAY,core.payments,PAY-0061,EXACT_REF,1.00,RESOLVED,,2025-04-05T00:00:00Z
idm-00122,INVOICE,SHOPIFY,core.orders,ORD-61,ACCOUNTING,core.invoices,INV-0061,INVOICE_REF,1.00,RESOLVED,,2025-04-05T00:00:00Z
idm-00123,ORDER,SHOPIFY,core.orders,ORD-62,RAZORPAY,core.payments,PAY-0062,EXACT_REF,1.00,RESOLVED,,2025-04-05T00:00:00Z
idm-00124,INVOICE,SHOPIFY,core.orders,ORD-62,ACCOUNTING,core.invoices,INV-0062,INVOICE_REF,1.00,RESOLVED,,2025-04-05T00:00:00Z
idm-00125,ORDER,SHOPIFY,core.orders,ORD-63,RAZORPAY,core.payments,PAY-0063,EXACT_REF,1.00,RESOLVED,,2025-04-05T00:00:00Z
idm-00126,INVOICE,SHOPIFY,core.orders,ORD-63,ACCOUNTING,core.invoices,INV-0063,INVOICE_REF,1.00,RESOLVED,,2025-04-05T00:00:00Z
idm-00127,ORDER,SHOPIFY,core.orders,ORD-64,RAZORPAY,core.payments,PAY-0064,EXACT_REF,1.00,RESOLVED,,2025-04-05T00:00:00Z
idm-00128,INVOICE,SHOPIFY,core.orders,ORD-64,ACCOUNTING,core.invoices,INV-0064,INVOICE_REF,1.00,RESOLVED,,2025-04-05T00:00:00Z
idm-00129,ORDER,SHOPIFY,core.orders,ORD-65,RAZORPAY,core.payments,PAY-0065,EXACT_REF,1.00,RESOLVED,,2025-04-05T00:00:00Z
idm-00130,INVOICE,SHOPIFY,core.orders,ORD-65,ACCOUNTING,core.invoices,INV-0065,INVOICE_REF,1.00,RESOLVED,,2025-04-05T00:00:00Z
idm-00131,ORDER,SHOPIFY,core.orders,ORD-66,RAZORPAY,core.payments,PAY-0066,EXACT_REF,1.00,RESOLVED,,2025-04-05T00:00:00Z
idm-00132,INVOICE,SHOPIFY,core.orders,ORD-66,ACCOUNTING,core.invoices,INV-0066,INVOICE_REF,1.00,RESOLVED,,2025-04-05T00:00:00Z
idm-00133,ORDER,SHOPIFY,core.orders,ORD-67,RAZORPAY,core.payments,PAY-0067,EXACT_REF,1.00,RESOLVED,,2025-04-05T00:00:00Z
idm-00134,INVOICE,SHOPIFY,core.orders,ORD-67,ACCOUNTING,core.invoices,INV-0067,INVOICE_REF,1.00,RESOLVED,,2025-04-05T00:00:00Z
idm-00135,ORDER,SHOPIFY,core.orders,ORD-68,RAZORPAY,core.payments,PAY-0068,EXACT_REF,1.00,RESOLVED,,2025-04-05T00:00:00Z
idm-00136,INVOICE,SHOPIFY,core.orders,ORD-68,ACCOUNTING,core.invoices,INV-0068,INVOICE_REF,1.00,RESOLVED,,2025-04-05T00:00:00Z
idm-00137,ORDER,SHOPIFY,core.orders,ORD-69,RAZORPAY,core.payments,PAY-0069,EXACT_REF,1.00,RESOLVED,,2025-04-05T00:00:00Z
idm-00138,INVOICE,SHOPIFY,core.orders,ORD-69,ACCOUNTING,core.invoices,INV-0069,INVOICE_REF,1.00,RESOLVED,,2025-04-05T00:00:00Z
idm-00139,ORDER,SHOPIFY,core.orders,ORD-70,RAZORPAY,core.payments,PAY-0070,EXACT_REF,1.00,RESOLVED,,2025-04-05T00:00:00Z
idm-00140,INVOICE,SHOPIFY,core.orders,ORD-70,ACCOUNTING,core.invoices,INV-0070,INVOICE_REF,1.00,RESOLVED,,2025-04-05T00:00:00Z
idm-00141,ORDER,SHOPIFY,core.orders,ORD-71,RAZORPAY,core.payments,PAY-0071,EXACT_REF,1.00,RESOLVED,,2025-04-05T00:00:00Z
idm-00142,INVOICE,SHOPIFY,core.orders,ORD-71,ACCOUNTING,core.invoices,INV-0071,INVOICE_REF,1.00,RESOLVED,,2025-04-05T00:00:00Z
idm-00143,ORDER,SHOPIFY,core.orders,ORD-72,RAZORPAY,core.payments,PAY-0072,EXACT_REF,1.00,RESOLVED,,2025-04-05T00:00:00Z
idm-00144,INVOICE,SHOPIFY,core.orders,ORD-72,ACCOUNTING,core.invoices,INV-0072,INVOICE_REF,1.00,RESOLVED,,2025-04-05T00:00:00Z
idm-00145,ORDER,SHOPIFY,core.orders,ORD-73,RAZORPAY,core.payments,PAY-0073,EXACT_REF,1.00,RESOLVED,,2025-04-05T00:00:00Z
idm-00146,INVOICE,SHOPIFY,core.orders,ORD-73,ACCOUNTING,core.invoices,INV-0073,INVOICE_REF,1.00,RESOLVED,,2025-04-05T00:00:00Z
idm-00147,ORDER,SHOPIFY,core.orders,ORD-74,RAZORPAY,core.payments,PAY-0074,EXACT_REF,1.00,RESOLVED,,2025-04-05T00:00:00Z
idm-00148,INVOICE,SHOPIFY,core.orders,ORD-74,ACCOUNTING,core.invoices,INV-0074,INVOICE_REF,1.00,RESOLVED,,2025-04-05T00:00:00Z
idm-00149,ORDER,SHOPIFY,core.orders,ORD-75,RAZORPAY,core.payments,PAY-0075,EXACT_REF,1.00,RESOLVED,,2025-04-05T00:00:00Z
idm-00150,INVOICE,SHOPIFY,core.orders,ORD-75,ACCOUNTING,core.invoices,INV-0075,INVOICE_REF,1.00,RESOLVED,,2025-04-05T00:00:00Z
idm-00151,ORDER,SHOPIFY,core.orders,ORD-76,RAZORPAY,core.payments,PAY-0076,EXACT_REF,1.00,RESOLVED,,2025-04-05T00:00:00Z
idm-00152,INVOICE,SHOPIFY,core.orders,ORD-76,ACCOUNTING,core.invoices,INV-0076,INVOICE_REF,1.00,RESOLVED,,2025-04-05T00:00:00Z
idm-00153,ORDER,SHOPIFY,core.orders,ORD-77,RAZORPAY,core.payments,PAY-0077,EXACT_REF,1.00,RESOLVED,,2025-04-05T00:00:00Z
idm-00154,INVOICE,SHOPIFY,core.orders,ORD-77,ACCOUNTING,core.invoices,INV-0077,INVOICE_REF,1.00,RESOLVED,,2025-04-05T00:00:00Z
idm-00155,ORDER,SHOPIFY,core.orders,ORD-78,RAZORPAY,core.payments,PAY-0078,EXACT_REF,1.00,RESOLVED,,2025-04-05T00:00:00Z
idm-00156,INVOICE,SHOPIFY,core.orders,ORD-78,ACCOUNTING,core.invoices,INV-0078,INVOICE_REF,1.00,RESOLVED,,2025-04-05T00:00:00Z
idm-00157,ORDER,SHOPIFY,core.orders,ORD-79,RAZORPAY,core.payments,PAY-0079,EXACT_REF,1.00,RESOLVED,,2025-04-05T00:00:00Z
idm-00158,INVOICE,SHOPIFY,core.orders,ORD-79,ACCOUNTING,core.invoices,INV-0079,INVOICE_REF,1.00,RESOLVED,,2025-04-05T00:00:00Z
idm-00159,ORDER,SHOPIFY,core.orders,ORD-80,RAZORPAY,core.payments,PAY-0080,EXACT_REF,1.00,RESOLVED,,2025-04-05T00:00:00Z
idm-00160,INVOICE,SHOPIFY,core.orders,ORD-80,ACCOUNTING,core.invoices,INV-0080,INVOICE_REF,1.00,RESOLVED,,2025-04-05T00:00:00Z
idm-00161,ORDER,SHOPIFY,core.orders,ORD-81,RAZORPAY,core.payments,PAY-0081,EXACT_REF,1.00,RESOLVED,,2025-04-05T00:00:00Z
idm-00162,INVOICE,SHOPIFY,core.orders,ORD-81,ACCOUNTING,core.invoices,INV-0081,INVOICE_REF,1.00,RESOLVED,,2025-04-05T00:00:00Z
idm-00163,ORDER,SHOPIFY,core.orders,ORD-82,RAZORPAY,core.payments,PAY-0082,EXACT_REF,1.00,RESOLVED,,2025-04-05T00:00:00Z
idm-00164,INVOICE,SHOPIFY,core.orders,ORD-82,ACCOUNTING,core.invoices,INV-0082,INVOICE_REF,1.00,RESOLVED,,2025-04-05T00:00:00Z
idm-00165,ORDER,SHOPIFY,core.orders,ORD-83,RAZORPAY,core.payments,PAY-0083,EXACT_REF,1.00,RESOLVED,,2025-04-05T00:00:00Z
idm-00166,INVOICE,SHOPIFY,core.orders,ORD-83,ACCOUNTING,core.invoices,INV-0083,INVOICE_REF,1.00,RESOLVED,,2025-04-05T00:00:00Z
idm-00167,ORDER,SHOPIFY,core.orders,ORD-84,RAZORPAY,core.payments,PAY-0084,EXACT_REF,1.00,RESOLVED,,2025-04-05T00:00:00Z
idm-00168,INVOICE,SHOPIFY,core.orders,ORD-84,ACCOUNTING,core.invoices,INV-0084,INVOICE_REF,1.00,RESOLVED,,2025-04-05T00:00:00Z
idm-00169,ORDER,SHOPIFY,core.orders,ORD-85,RAZORPAY,core.payments,PAY-0085,EXACT_REF,1.00,RESOLVED,,2025-04-05T00:00:00Z
idm-00170,INVOICE,SHOPIFY,core.orders,ORD-85,ACCOUNTING,core.invoices,INV-0085,INVOICE_REF,1.00,RESOLVED,,2025-04-05T00:00:00Z
idm-00171,ORDER,SHOPIFY,core.orders,ORD-86,RAZORPAY,core.payments,PAY-0086,EXACT_REF,1.00,RESOLVED,,2025-04-05T00:00:00Z
idm-00172,INVOICE,SHOPIFY,core.orders,ORD-86,ACCOUNTING,core.invoices,INV-0086,INVOICE_REF,1.00,RESOLVED,,2025-04-05T00:00:00Z
idm-00173,ORDER,SHOPIFY,core.orders,ORD-87,RAZORPAY,core.payments,PAY-0087,EXACT_REF,1.00,RESOLVED,,2025-04-05T00:00:00Z
idm-00174,INVOICE,SHOPIFY,core.orders,ORD-87,ACCOUNTING,core.invoices,INV-0087,INVOICE_REF,1.00,RESOLVED,,2025-04-05T00:00:00Z
idm-00175,ORDER,SHOPIFY,core.orders,ORD-88,RAZORPAY,core.payments,PAY-0088,EXACT_REF,1.00,RESOLVED,,2025-04-05T00:00:00Z
idm-00176,INVOICE,SHOPIFY,core.orders,ORD-88,ACCOUNTING,core.invoices,INV-0088,INVOICE_REF,1.00,RESOLVED,,2025-04-05T00:00:00Z
idm-00177,ORDER,SHOPIFY,core.orders,ORD-89,RAZORPAY,core.payments,PAY-0089,EXACT_REF,1.00,RESOLVED,,2025-04-05T00:00:00Z
idm-00178,INVOICE,SHOPIFY,core.orders,ORD-89,ACCOUNTING,core.invoices,INV-0089,INVOICE_REF,1.00,RESOLVED,,2025-04-05T00:00:00Z
idm-00179,ORDER,SHOPIFY,core.orders,ORD-90,RAZORPAY,core.payments,PAY-0090,EXACT_REF,1.00,RESOLVED,,2025-04-05T00:00:00Z
idm-00180,INVOICE,SHOPIFY,core.orders,ORD-90,ACCOUNTING,core.invoices,INV-0090,INVOICE_REF,1.00,RESOLVED,,2025-04-05T00:00:00Z
idm-00181,ORDER,SHOPIFY,core.orders,ORD-91,RAZORPAY,core.payments,PAY-0091,EXACT_REF,1.00,RESOLVED,,2025-04-05T00:00:00Z
idm-00182,INVOICE,SHOPIFY,core.orders,ORD-91,ACCOUNTING,core.invoices,INV-0091,INVOICE_REF,1.00,RESOLVED,,2025-04-05T00:00:00Z
idm-00183,ORDER,SHOPIFY,core.orders,ORD-92,RAZORPAY,core.payments,PAY-0092,EXACT_REF,1.00,RESOLVED,,2025-04-05T00:00:00Z
idm-00184,INVOICE,SHOPIFY,core.orders,ORD-92,ACCOUNTING,core.invoices,INV-0092,INVOICE_REF,1.00,RESOLVED,,2025-04-05T00:00:00Z
idm-00185,ORDER,SHOPIFY,core.orders,ORD-93,RAZORPAY,core.payments,PAY-0093,EXACT_REF,1.00,RESOLVED,,2025-04-05T00:00:00Z
idm-00186,INVOICE,SHOPIFY,core.orders,ORD-93,ACCOUNTING,core.invoices,INV-0093,INVOICE_REF,1.00,RESOLVED,,2025-04-05T00:00:00Z
idm-00187,ORDER,SHOPIFY,core.orders,ORD-94,RAZORPAY,core.payments,PAY-0094,EXACT_REF,1.00,RESOLVED,,2025-04-05T00:00:00Z
idm-00188,INVOICE,SHOPIFY,core.orders,ORD-94,ACCOUNTING,core.invoices,INV-0094,INVOICE_REF,1.00,RESOLVED,,2025-04-05T00:00:00Z
idm-00189,ORDER,SHOPIFY,core.orders,ORD-95,RAZORPAY,core.payments,PAY-0095,EXACT_REF,1.00,RESOLVED,,2025-04-05T00:00:00Z
idm-00190,INVOICE,SHOPIFY,core.orders,ORD-95,ACCOUNTING,core.invoices,INV-0095,INVOICE_REF,1.00,RESOLVED,,2025-04-05T00:00:00Z
idm-00191,ORDER,SHOPIFY,core.orders,ORD-96,RAZORPAY,core.payments,PAY-0096,EXACT_REF,1.00,RESOLVED,,2025-04-05T00:00:00Z
idm-00192,INVOICE,SHOPIFY,core.orders,ORD-96,ACCOUNTING,core.invoices,INV-0096,INVOICE_REF,1.00,RESOLVED,,2025-04-05T00:00:00Z
idm-00193,ORDER,SHOPIFY,core.orders,ORD-97,RAZORPAY,core.payments,PAY-0097,EXACT_REF,1.00,RESOLVED,,2025-04-05T00:00:00Z
idm-00194,INVOICE,SHOPIFY,core.orders,ORD-97,ACCOUNTING,core.invoices,INV-0097,INVOICE_REF,1.00,RESOLVED,,2025-04-05T00:00:00Z
idm-00195,ORDER,SHOPIFY,core.orders,ORD-98,RAZORPAY,core.payments,PAY-0098,EXACT_REF,1.00,RESOLVED,,2025-04-05T00:00:00Z
idm-00196,INVOICE,SHOPIFY,core.orders,ORD-98,ACCOUNTING,core.invoices,INV-0098,INVOICE_REF,1.00,RESOLVED,,2025-04-05T00:00:00Z
idm-00197,ORDER,SHOPIFY,core.orders,ORD-99,RAZORPAY,core.payments,PAY-0099,EXACT_REF,1.00,RESOLVED,,2025-04-05T00:00:00Z
idm-00198,INVOICE,SHOPIFY,core.orders,ORD-99,ACCOUNTING,core.invoices,INV-0099,INVOICE_REF,1.00,RESOLVED,,2025-04-05T00:00:00Z
idm-00199,ORDER,SHOPIFY,core.orders,ORD-100,RAZORPAY,core.payments,PAY-0100,EXACT_REF,1.00,RESOLVED,,2025-04-05T00:00:00Z
idm-00200,INVOICE,SHOPIFY,core.orders,ORD-100,ACCOUNTING,core.invoices,INV-0100,INVOICE_REF,1.00,RESOLVED,,2025-04-05T00:00:00Z
idm-00201,ORDER,SHOPIFY,core.orders,ORD-101,RAZORPAY,core.payments,PAY-0101,EXACT_REF,1.00,RESOLVED,,2025-04-05T00:00:00Z
idm-00202,INVOICE,SHOPIFY,core.orders,ORD-101,ACCOUNTING,core.invoices,INV-0101,INVOICE_REF,1.00,RESOLVED,,2025-04-05T00:00:00Z
idm-00203,ORDER,SHOPIFY,core.orders,ORD-102,RAZORPAY,core.payments,PAY-0102,EXACT_REF,1.00,RESOLVED,,2025-04-05T00:00:00Z
idm-00204,INVOICE,SHOPIFY,core.orders,ORD-102,ACCOUNTING,core.invoices,INV-0102,INVOICE_REF,1.00,RESOLVED,,2025-04-05T00:00:00Z
idm-00205,ORDER,SHOPIFY,core.orders,ORD-103,RAZORPAY,core.payments,PAY-0103,EXACT_REF,1.00,RESOLVED,,2025-04-05T00:00:00Z
idm-00206,INVOICE,SHOPIFY,core.orders,ORD-103,ACCOUNTING,core.invoices,INV-0103,INVOICE_REF,1.00,RESOLVED,,2025-04-05T00:00:00Z
idm-00207,ORDER,SHOPIFY,core.orders,ORD-104,RAZORPAY,core.payments,PAY-0104,EXACT_REF,1.00,RESOLVED,,2025-04-05T00:00:00Z
idm-00208,INVOICE,SHOPIFY,core.orders,ORD-104,ACCOUNTING,core.invoices,INV-0104,INVOICE_REF,1.00,RESOLVED,,2025-04-05T00:00:00Z
idm-00209,ORDER,SHOPIFY,core.orders,ORD-105,RAZORPAY,core.payments,PAY-0105,EXACT_REF,1.00,RESOLVED,,2025-04-05T00:00:00Z
idm-00210,INVOICE,SHOPIFY,core.orders,ORD-105,ACCOUNTING,core.invoices,INV-0105,INVOICE_REF,1.00,RESOLVED,,2025-04-05T00:00:00Z
idm-00211,ORDER,SHOPIFY,core.orders,ORD-106,RAZORPAY,core.payments,PAY-0106,EXACT_REF,1.00,RESOLVED,,2025-04-05T00:00:00Z
idm-00212,INVOICE,SHOPIFY,core.orders,ORD-106,ACCOUNTING,core.invoices,INV-0106,INVOICE_REF,1.00,RESOLVED,,2025-04-05T00:00:00Z
idm-00213,ORDER,SHOPIFY,core.orders,ORD-107,RAZORPAY,core.payments,PAY-0107,EXACT_REF,1.00,RESOLVED,,2025-04-05T00:00:00Z
idm-00214,INVOICE,SHOPIFY,core.orders,ORD-107,ACCOUNTING,core.invoices,INV-0107,INVOICE_REF,1.00,RESOLVED,,2025-04-05T00:00:00Z
idm-00215,ORDER,SHOPIFY,core.orders,ORD-108,RAZORPAY,core.payments,PAY-0108,EXACT_REF,1.00,RESOLVED,,2025-04-05T00:00:00Z
idm-00216,INVOICE,SHOPIFY,core.orders,ORD-108,ACCOUNTING,core.invoices,INV-0108,INVOICE_REF,1.00,RESOLVED,,2025-04-05T00:00:00Z
idm-00217,ORDER,SHOPIFY,core.orders,ORD-109,RAZORPAY,core.payments,PAY-0109,EXACT_REF,1.00,RESOLVED,,2025-04-05T00:00:00Z
idm-00218,INVOICE,SHOPIFY,core.orders,ORD-109,ACCOUNTING,core.invoices,INV-0109,INVOICE_REF,1.00,RESOLVED,,2025-04-05T00:00:00Z
idm-00219,ORDER,SHOPIFY,core.orders,ORD-110,RAZORPAY,core.payments,PAY-0110,EXACT_REF,1.00,RESOLVED,,2025-04-05T00:00:00Z
idm-00220,INVOICE,SHOPIFY,core.orders,ORD-110,ACCOUNTING,core.invoices,INV-0110,INVOICE_REF,1.00,RESOLVED,,2025-04-05T00:00:00Z
idm-00221,ORDER,SHOPIFY,core.orders,ORD-111,RAZORPAY,core.payments,PAY-0111,EXACT_REF,1.00,RESOLVED,,2025-04-05T00:00:00Z
idm-00222,INVOICE,SHOPIFY,core.orders,ORD-111,ACCOUNTING,core.invoices,INV-0111,INVOICE_REF,1.00,RESOLVED,,2025-04-05T00:00:00Z
idm-00223,ORDER,SHOPIFY,core.orders,ORD-112,RAZORPAY,core.payments,PAY-0112,EXACT_REF,1.00,RESOLVED,,2025-04-05T00:00:00Z
idm-00224,INVOICE,SHOPIFY,core.orders,ORD-112,ACCOUNTING,core.invoices,INV-0112,INVOICE_REF,1.00,RESOLVED,,2025-04-05T00:00:00Z
idm-00225,ORDER,SHOPIFY,core.orders,ORD-113,RAZORPAY,core.payments,PAY-0113,EXACT_REF,1.00,RESOLVED,,2025-04-05T00:00:00Z
idm-00226,INVOICE,SHOPIFY,core.orders,ORD-113,ACCOUNTING,core.invoices,INV-0113,INVOICE_REF,1.00,RESOLVED,,2025-04-05T00:00:00Z
idm-00227,ORDER,SHOPIFY,core.orders,ORD-114,RAZORPAY,core.payments,PAY-0114,EXACT_REF,1.00,RESOLVED,,2025-04-05T00:00:00Z
idm-00228,INVOICE,SHOPIFY,core.orders,ORD-114,ACCOUNTING,core.invoices,INV-0114,INVOICE_REF,1.00,RESOLVED,,2025-04-05T00:00:00Z
idm-00229,ORDER,SHOPIFY,core.orders,ORD-115,RAZORPAY,core.payments,PAY-0115,EXACT_REF,1.00,RESOLVED,,2025-04-05T00:00:00Z
idm-00230,INVOICE,SHOPIFY,core.orders,ORD-115,ACCOUNTING,core.invoices,INV-0115,INVOICE_REF,1.00,RESOLVED,,2025-04-05T00:00:00Z
idm-00231,ORDER,SHOPIFY,core.orders,ORD-116,RAZORPAY,core.payments,PAY-0116,EXACT_REF,1.00,RESOLVED,,2025-04-05T00:00:00Z
idm-00232,INVOICE,SHOPIFY,core.orders,ORD-116,ACCOUNTING,core.invoices,INV-0116,INVOICE_REF,1.00,RESOLVED,,2025-04-05T00:00:00Z
idm-00233,ORDER,SHOPIFY,core.orders,ORD-117,RAZORPAY,core.payments,PAY-0117,EXACT_REF,1.00,RESOLVED,,2025-04-05T00:00:00Z
idm-00234,INVOICE,SHOPIFY,core.orders,ORD-117,ACCOUNTING,core.invoices,INV-0117,INVOICE_REF,1.00,RESOLVED,,2025-04-05T00:00:00Z
idm-00235,ORDER,SHOPIFY,core.orders,ORD-118,RAZORPAY,core.payments,PAY-0118,EXACT_REF,1.00,RESOLVED,,2025-04-05T00:00:00Z
idm-00236,INVOICE,SHOPIFY,core.orders,ORD-118,ACCOUNTING,core.invoices,INV-0118,INVOICE_REF,1.00,RESOLVED,,2025-04-05T00:00:00Z
idm-00237,ORDER,SHOPIFY,core.orders,ORD-119,RAZORPAY,core.payments,PAY-0119,EXACT_REF,1.00,RESOLVED,,2025-04-05T00:00:00Z
idm-00238,INVOICE,SHOPIFY,core.orders,ORD-119,ACCOUNTING,core.invoices,INV-0119,INVOICE_REF,1.00,RESOLVED,,2025-04-05T00:00:00Z
idm-00239,ORDER,SHOPIFY,core.orders,ORD-120,RAZORPAY,core.payments,PAY-0120,EXACT_REF,1.00,RESOLVED,,2025-04-05T00:00:00Z
idm-00240,INVOICE,SHOPIFY,core.orders,ORD-120,ACCOUNTING,core.invoices,INV-0120,INVOICE_REF,1.00,RESOLVED,,2025-04-05T00:00:00Z
idm-00241,ORDER,SHOPIFY,core.orders,ORD-121,RAZORPAY,core.payments,PAY-0121,EXACT_REF,1.00,RESOLVED,,2025-04-05T00:00:00Z
idm-00242,INVOICE,SHOPIFY,core.orders,ORD-121,ACCOUNTING,core.invoices,INV-0121,INVOICE_REF,1.00,RESOLVED,,2025-04-05T00:00:00Z
idm-00243,ORDER,SHOPIFY,core.orders,ORD-122,RAZORPAY,core.payments,PAY-0122,EXACT_REF,1.00,RESOLVED,,2025-04-05T00:00:00Z
idm-00244,INVOICE,SHOPIFY,core.orders,ORD-122,ACCOUNTING,core.invoices,INV-0122,INVOICE_REF,1.00,RESOLVED,,2025-04-05T00:00:00Z
idm-00245,ORDER,SHOPIFY,core.orders,ORD-123,RAZORPAY,core.payments,PAY-0123,EXACT_REF,1.00,RESOLVED,,2025-04-05T00:00:00Z
idm-00246,INVOICE,SHOPIFY,core.orders,ORD-123,ACCOUNTING,core.invoices,INV-0123,INVOICE_REF,1.00,RESOLVED,,2025-04-05T00:00:00Z
idm-00247,ORDER,SHOPIFY,core.orders,ORD-124,RAZORPAY,core.payments,PAY-0124,EXACT_REF,1.00,RESOLVED,,2025-04-05T00:00:00Z
idm-00248,INVOICE,SHOPIFY,core.orders,ORD-124,ACCOUNTING,core.invoices,INV-0124,INVOICE_REF,1.00,RESOLVED,,2025-04-05T00:00:00Z
idm-00249,ORDER,SHOPIFY,core.orders,ORD-125,RAZORPAY,core.payments,PAY-0125,EXACT_REF,1.00,RESOLVED,,2025-04-05T00:00:00Z
idm-00250,INVOICE,SHOPIFY,core.orders,ORD-125,ACCOUNTING,core.invoices,INV-0125,INVOICE_REF,1.00,RESOLVED,,2025-04-05T00:00:00Z
idm-00251,ORDER,SHOPIFY,core.orders,ORD-126,RAZORPAY,core.payments,PAY-0126,EXACT_REF,1.00,RESOLVED,,2025-04-05T00:00:00Z
idm-00252,INVOICE,SHOPIFY,core.orders,ORD-126,ACCOUNTING,core.invoices,INV-0126,INVOICE_REF,1.00,RESOLVED,,2025-04-05T00:00:00Z
idm-00253,ORDER,SHOPIFY,core.orders,ORD-127,RAZORPAY,core.payments,PAY-0127,EXACT_REF,1.00,RESOLVED,,2025-04-05T00:00:00Z
idm-00254,INVOICE,SHOPIFY,core.orders,ORD-127,ACCOUNTING,core.invoices,INV-0127,INVOICE_REF,1.00,RESOLVED,,2025-04-05T00:00:00Z
idm-00255,ORDER,SHOPIFY,core.orders,ORD-128,RAZORPAY,core.payments,PAY-0128,EXACT_REF,1.00,RESOLVED,,2025-04-05T00:00:00Z
idm-00256,INVOICE,SHOPIFY,core.orders,ORD-128,ACCOUNTING,core.invoices,INV-0128,INVOICE_REF,1.00,RESOLVED,,2025-04-05T00:00:00Z
idm-00257,ORDER,SHOPIFY,core.orders,ORD-129,RAZORPAY,core.payments,PAY-0129,EXACT_REF,1.00,RESOLVED,,2025-04-05T00:00:00Z
idm-00258,INVOICE,SHOPIFY,core.orders,ORD-129,ACCOUNTING,core.invoices,INV-0129,INVOICE_REF,1.00,RESOLVED,,2025-04-05T00:00:00Z
idm-00259,ORDER,SHOPIFY,core.orders,ORD-130,RAZORPAY,core.payments,PAY-0130,EXACT_REF,1.00,RESOLVED,,2025-04-05T00:00:00Z
idm-00260,INVOICE,SHOPIFY,core.orders,ORD-130,ACCOUNTING,core.invoices,INV-0130,INVOICE_REF,1.00,RESOLVED,,2025-04-05T00:00:00Z
idm-00261,ORDER,SHOPIFY,core.orders,ORD-131,RAZORPAY,core.payments,PAY-0131,EXACT_REF,1.00,RESOLVED,,2025-04-05T00:00:00Z
idm-00262,INVOICE,SHOPIFY,core.orders,ORD-131,ACCOUNTING,core.invoices,INV-0131,INVOICE_REF,1.00,RESOLVED,,2025-04-05T00:00:00Z
idm-00263,ORDER,SHOPIFY,core.orders,ORD-132,RAZORPAY,core.payments,PAY-0132,EXACT_REF,1.00,RESOLVED,,2025-04-05T00:00:00Z
idm-00264,INVOICE,SHOPIFY,core.orders,ORD-132,ACCOUNTING,core.invoices,INV-0132,INVOICE_REF,1.00,RESOLVED,,2025-04-05T00:00:00Z
idm-00265,ORDER,SHOPIFY,core.orders,ORD-133,RAZORPAY,core.payments,PAY-0133,EXACT_REF,1.00,RESOLVED,,2025-04-05T00:00:00Z
idm-00266,INVOICE,SHOPIFY,core.orders,ORD-133,ACCOUNTING,core.invoices,INV-0133,INVOICE_REF,1.00,RESOLVED,,2025-04-05T00:00:00Z
idm-00267,ORDER,SHOPIFY,core.orders,ORD-134,RAZORPAY,core.payments,PAY-0134,EXACT_REF,1.00,RESOLVED,,2025-04-05T00:00:00Z
idm-00268,INVOICE,SHOPIFY,core.orders,ORD-134,ACCOUNTING,core.invoices,INV-0134,INVOICE_REF,1.00,RESOLVED,,2025-04-05T00:00:00Z
idm-00269,ORDER,SHOPIFY,core.orders,ORD-136,RAZORPAY,core.payments,PAY-0136,EXACT_REF,1.00,RESOLVED,,2025-04-05T00:00:00Z
idm-00270,INVOICE,SHOPIFY,core.orders,ORD-136,ACCOUNTING,core.invoices,INV-0136,INVOICE_REF,1.00,RESOLVED,,2025-04-05T00:00:00Z
idm-00271,ORDER,SHOPIFY,core.orders,ORD-137,RAZORPAY,core.payments,PAY-0137,EXACT_REF,1.00,RESOLVED,,2025-04-05T00:00:00Z
idm-00272,INVOICE,SHOPIFY,core.orders,ORD-137,ACCOUNTING,core.invoices,INV-0137,INVOICE_REF,1.00,RESOLVED,,2025-04-05T00:00:00Z
idm-00273,ORDER,SHOPIFY,core.orders,ORD-138,RAZORPAY,core.payments,PAY-0138,EXACT_REF,1.00,RESOLVED,,2025-04-05T00:00:00Z
idm-00274,INVOICE,SHOPIFY,core.orders,ORD-138,ACCOUNTING,core.invoices,INV-0138,INVOICE_REF,1.00,RESOLVED,,2025-04-05T00:00:00Z
idm-00275,ORDER,SHOPIFY,core.orders,ORD-139,RAZORPAY,core.payments,PAY-0139,EXACT_REF,1.00,RESOLVED,,2025-04-05T00:00:00Z
idm-00276,INVOICE,SHOPIFY,core.orders,ORD-139,ACCOUNTING,core.invoices,INV-0139,INVOICE_REF,1.00,RESOLVED,,2025-04-05T00:00:00Z
idm-00277,ORDER,SHOPIFY,core.orders,ORD-140,RAZORPAY,core.payments,PAY-0140,EXACT_REF,1.00,RESOLVED,,2025-04-05T00:00:00Z
idm-00278,INVOICE,SHOPIFY,core.orders,ORD-140,ACCOUNTING,core.invoices,INV-0140,INVOICE_REF,1.00,RESOLVED,,2025-04-05T00:00:00Z
idm-00279,ORDER,SHOPIFY,core.orders,ORD-141,RAZORPAY,core.payments,PAY-0141,EXACT_REF,1.00,RESOLVED,,2025-04-05T00:00:00Z
idm-00280,INVOICE,SHOPIFY,core.orders,ORD-141,ACCOUNTING,core.invoices,INV-0141,INVOICE_REF,1.00,RESOLVED,,2025-04-05T00:00:00Z
idm-00281,ORDER,SHOPIFY,core.orders,ORD-142,RAZORPAY,core.payments,PAY-0142,EXACT_REF,1.00,RESOLVED,,2025-04-05T00:00:00Z
idm-00282,INVOICE,SHOPIFY,core.orders,ORD-142,ACCOUNTING,core.invoices,INV-0142,INVOICE_REF,1.00,RESOLVED,,2025-04-05T00:00:00Z
idm-00283,ORDER,SHOPIFY,core.orders,ORD-143,RAZORPAY,core.payments,PAY-0143,EXACT_REF,1.00,RESOLVED,,2025-04-05T00:00:00Z
idm-00284,INVOICE,SHOPIFY,core.orders,ORD-143,ACCOUNTING,core.invoices,INV-0143,INVOICE_REF,1.00,RESOLVED,,2025-04-05T00:00:00Z
idm-00285,ORDER,SHOPIFY,core.orders,ORD-144,RAZORPAY,core.payments,PAY-0144,EXACT_REF,1.00,RESOLVED,,2025-04-05T00:00:00Z
idm-00286,INVOICE,SHOPIFY,core.orders,ORD-144,ACCOUNTING,core.invoices,INV-0144,INVOICE_REF,1.00,RESOLVED,,2025-04-05T00:00:00Z
idm-00287,ORDER,SHOPIFY,core.orders,ORD-145,RAZORPAY,core.payments,PAY-0145,EXACT_REF,1.00,RESOLVED,,2025-04-05T00:00:00Z
idm-00288,INVOICE,SHOPIFY,core.orders,ORD-145,ACCOUNTING,core.invoices,INV-0145,INVOICE_REF,1.00,RESOLVED,,2025-04-05T00:00:00Z
idm-00289,ORDER,SHOPIFY,core.orders,ORD-146,RAZORPAY,core.payments,PAY-0146,EXACT_REF,1.00,RESOLVED,,2025-04-05T00:00:00Z
idm-00290,INVOICE,SHOPIFY,core.orders,ORD-146,ACCOUNTING,core.invoices,INV-0146,INVOICE_REF,1.00,RESOLVED,,2025-04-05T00:00:00Z
idm-00291,ORDER,SHOPIFY,core.orders,ORD-147,RAZORPAY,core.payments,PAY-0147,EXACT_REF,1.00,RESOLVED,,2025-04-05T00:00:00Z
idm-00292,INVOICE,SHOPIFY,core.orders,ORD-147,ACCOUNTING,core.invoices,INV-0147,INVOICE_REF,1.00,RESOLVED,,2025-04-05T00:00:00Z
idm-00293,ORDER,SHOPIFY,core.orders,ORD-148,RAZORPAY,core.payments,PAY-0148,EXACT_REF,1.00,RESOLVED,,2025-04-05T00:00:00Z
idm-00294,INVOICE,SHOPIFY,core.orders,ORD-148,ACCOUNTING,core.invoices,INV-0148,INVOICE_REF,1.00,RESOLVED,,2025-04-05T00:00:00Z
idm-00295,ORDER,SHOPIFY,core.orders,ORD-149,RAZORPAY,core.payments,PAY-0149,EXACT_REF,1.00,RESOLVED,,2025-04-05T00:00:00Z
idm-00296,INVOICE,SHOPIFY,core.orders,ORD-149,ACCOUNTING,core.invoices,INV-0149,INVOICE_REF,1.00,RESOLVED,,2025-04-05T00:00:00Z
idm-00297,ORDER,SHOPIFY,core.orders,ORD-150,RAZORPAY,core.payments,PAY-0150,EXACT_REF,1.00,RESOLVED,,2025-04-05T00:00:00Z
idm-00298,INVOICE,SHOPIFY,core.orders,ORD-150,ACCOUNTING,core.invoices,INV-0150,INVOICE_REF,1.00,RESOLVED,,2025-04-05T00:00:00Z
idm-00299,ORDER,SHOPIFY,core.orders,ORD-151,RAZORPAY,core.payments,PAY-0151,EXACT_REF,1.00,RESOLVED,,2025-04-05T00:00:00Z
idm-00300,INVOICE,SHOPIFY,core.orders,ORD-151,ACCOUNTING,core.invoices,INV-0151,INVOICE_REF,1.00,RESOLVED,,2025-04-05T00:00:00Z
idm-00301,ORDER,SHOPIFY,core.orders,ORD-152,RAZORPAY,core.payments,PAY-0152,EXACT_REF,1.00,RESOLVED,,2025-04-05T00:00:00Z
idm-00302,INVOICE,SHOPIFY,core.orders,ORD-152,ACCOUNTING,core.invoices,INV-0152,INVOICE_REF,1.00,RESOLVED,,2025-04-05T00:00:00Z
idm-00303,ORDER,SHOPIFY,core.orders,ORD-153,RAZORPAY,core.payments,PAY-0153,EXACT_REF,1.00,RESOLVED,,2025-04-05T00:00:00Z
idm-00304,INVOICE,SHOPIFY,core.orders,ORD-153,ACCOUNTING,core.invoices,INV-0153,INVOICE_REF,1.00,RESOLVED,,2025-04-05T00:00:00Z
idm-00305,ORDER,SHOPIFY,core.orders,ORD-154,RAZORPAY,core.payments,PAY-0154,EXACT_REF,1.00,RESOLVED,,2025-04-05T00:00:00Z
idm-00306,INVOICE,SHOPIFY,core.orders,ORD-154,ACCOUNTING,core.invoices,INV-0154,INVOICE_REF,1.00,RESOLVED,,2025-04-05T00:00:00Z
idm-00307,ORDER,SHOPIFY,core.orders,ORD-155,RAZORPAY,core.payments,PAY-0155,EXACT_REF,1.00,RESOLVED,,2025-04-05T00:00:00Z
idm-00308,INVOICE,SHOPIFY,core.orders,ORD-155,ACCOUNTING,core.invoices,INV-0155,INVOICE_REF,1.00,RESOLVED,,2025-04-05T00:00:00Z
idm-00309,ORDER,SHOPIFY,core.orders,ORD-156,RAZORPAY,core.payments,PAY-0156,EXACT_REF,1.00,RESOLVED,,2025-04-05T00:00:00Z
idm-00310,INVOICE,SHOPIFY,core.orders,ORD-156,ACCOUNTING,core.invoices,INV-0156,INVOICE_REF,1.00,RESOLVED,,2025-04-05T00:00:00Z
idm-00311,ORDER,SHOPIFY,core.orders,ORD-157,RAZORPAY,core.payments,PAY-0157,EXACT_REF,1.00,RESOLVED,,2025-04-05T00:00:00Z
idm-00312,INVOICE,SHOPIFY,core.orders,ORD-157,ACCOUNTING,core.invoices,INV-0157,INVOICE_REF,1.00,RESOLVED,,2025-04-05T00:00:00Z
idm-00313,ORDER,SHOPIFY,core.orders,ORD-158,RAZORPAY,core.payments,PAY-0158,EXACT_REF,1.00,RESOLVED,,2025-04-05T00:00:00Z
idm-00314,INVOICE,SHOPIFY,core.orders,ORD-158,ACCOUNTING,core.invoices,INV-0158,INVOICE_REF,1.00,RESOLVED,,2025-04-05T00:00:00Z
idm-00315,ORDER,SHOPIFY,core.orders,ORD-159,RAZORPAY,core.payments,PAY-0159,EXACT_REF,1.00,RESOLVED,,2025-04-05T00:00:00Z
idm-00316,INVOICE,SHOPIFY,core.orders,ORD-159,ACCOUNTING,core.invoices,INV-0159,INVOICE_REF,1.00,RESOLVED,,2025-04-05T00:00:00Z
idm-00317,ORDER,SHOPIFY,core.orders,ORD-160,RAZORPAY,core.payments,PAY-0160,EXACT_REF,1.00,RESOLVED,,2025-04-05T00:00:00Z
idm-00318,INVOICE,SHOPIFY,core.orders,ORD-160,ACCOUNTING,core.invoices,INV-0160,INVOICE_REF,1.00,RESOLVED,,2025-04-05T00:00:00Z
idm-00319,ORDER,SHOPIFY,core.orders,ORD-161,RAZORPAY,core.payments,PAY-0161,EXACT_REF,1.00,RESOLVED,,2025-04-05T00:00:00Z
idm-00320,INVOICE,SHOPIFY,core.orders,ORD-161,ACCOUNTING,core.invoices,INV-0161,INVOICE_REF,1.00,RESOLVED,,2025-04-05T00:00:00Z
idm-00321,ORDER,SHOPIFY,core.orders,ORD-162,RAZORPAY,core.payments,PAY-0162,EXACT_REF,1.00,RESOLVED,,2025-04-05T00:00:00Z
idm-00322,INVOICE,SHOPIFY,core.orders,ORD-162,ACCOUNTING,core.invoices,INV-0162,INVOICE_REF,1.00,RESOLVED,,2025-04-05T00:00:00Z
idm-00323,ORDER,SHOPIFY,core.orders,ORD-163,RAZORPAY,core.payments,PAY-0163,EXACT_REF,1.00,RESOLVED,,2025-04-05T00:00:00Z
idm-00324,INVOICE,SHOPIFY,core.orders,ORD-163,ACCOUNTING,core.invoices,INV-0163,INVOICE_REF,1.00,RESOLVED,,2025-04-05T00:00:00Z
idm-00325,ORDER,SHOPIFY,core.orders,ORD-164,RAZORPAY,core.payments,PAY-0164,EXACT_REF,1.00,RESOLVED,,2025-04-05T00:00:00Z
idm-00326,INVOICE,SHOPIFY,core.orders,ORD-164,ACCOUNTING,core.invoices,INV-0164,INVOICE_REF,1.00,RESOLVED,,2025-04-05T00:00:00Z
idm-00327,ORDER,SHOPIFY,core.orders,ORD-165,RAZORPAY,core.payments,PAY-0165,EXACT_REF,1.00,RESOLVED,,2025-04-05T00:00:00Z
idm-00328,INVOICE,SHOPIFY,core.orders,ORD-165,ACCOUNTING,core.invoices,INV-0165,INVOICE_REF,1.00,RESOLVED,,2025-04-05T00:00:00Z
idm-00329,ORDER,SHOPIFY,core.orders,ORD-166,RAZORPAY,core.payments,PAY-0166,EXACT_REF,1.00,RESOLVED,,2025-04-05T00:00:00Z
idm-00330,INVOICE,SHOPIFY,core.orders,ORD-166,ACCOUNTING,core.invoices,INV-0166,INVOICE_REF,1.00,RESOLVED,,2025-04-05T00:00:00Z
idm-00331,ORDER,SHOPIFY,core.orders,ORD-167,RAZORPAY,core.payments,PAY-0167,EXACT_REF,1.00,RESOLVED,,2025-04-05T00:00:00Z
idm-00332,INVOICE,SHOPIFY,core.orders,ORD-167,ACCOUNTING,core.invoices,INV-0167,INVOICE_REF,1.00,RESOLVED,,2025-04-05T00:00:00Z
idm-00333,ORDER,SHOPIFY,core.orders,ORD-168,RAZORPAY,core.payments,PAY-0168,EXACT_REF,1.00,RESOLVED,,2025-04-05T00:00:00Z
idm-00334,INVOICE,SHOPIFY,core.orders,ORD-168,ACCOUNTING,core.invoices,INV-0168,INVOICE_REF,1.00,RESOLVED,,2025-04-05T00:00:00Z
idm-00335,ORDER,SHOPIFY,core.orders,ORD-169,RAZORPAY,core.payments,PAY-0169,EXACT_REF,1.00,RESOLVED,,2025-04-05T00:00:00Z
idm-00336,INVOICE,SHOPIFY,core.orders,ORD-169,ACCOUNTING,core.invoices,INV-0169,INVOICE_REF,1.00,RESOLVED,,2025-04-05T00:00:00Z
idm-00337,ORDER,SHOPIFY,core.orders,ORD-170,RAZORPAY,core.payments,PAY-0170,EXACT_REF,1.00,RESOLVED,,2025-04-05T00:00:00Z
idm-00338,INVOICE,SHOPIFY,core.orders,ORD-170,ACCOUNTING,core.invoices,INV-0170,INVOICE_REF,1.00,RESOLVED,,2025-04-05T00:00:00Z
idm-00339,ORDER,SHOPIFY,core.orders,ORD-171,RAZORPAY,core.payments,PAY-0171,EXACT_REF,1.00,RESOLVED,,2025-04-05T00:00:00Z
idm-00340,INVOICE,SHOPIFY,core.orders,ORD-171,ACCOUNTING,core.invoices,INV-0171,INVOICE_REF,1.00,RESOLVED,,2025-04-05T00:00:00Z
idm-00341,ORDER,SHOPIFY,core.orders,ORD-172,RAZORPAY,core.payments,PAY-0172,EXACT_REF,1.00,RESOLVED,,2025-04-05T00:00:00Z
idm-00342,INVOICE,SHOPIFY,core.orders,ORD-172,ACCOUNTING,core.invoices,INV-0172,INVOICE_REF,1.00,RESOLVED,,2025-04-05T00:00:00Z
idm-00343,ORDER,SHOPIFY,core.orders,ORD-173,RAZORPAY,core.payments,PAY-0173,EXACT_REF,1.00,RESOLVED,,2025-04-05T00:00:00Z
idm-00344,INVOICE,SHOPIFY,core.orders,ORD-173,ACCOUNTING,core.invoices,INV-0173,INVOICE_REF,1.00,RESOLVED,,2025-04-05T00:00:00Z
idm-00345,ORDER,SHOPIFY,core.orders,ORD-174,RAZORPAY,core.payments,PAY-0174,EXACT_REF,1.00,RESOLVED,,2025-04-05T00:00:00Z
idm-00346,INVOICE,SHOPIFY,core.orders,ORD-174,ACCOUNTING,core.invoices,INV-0174,INVOICE_REF,1.00,RESOLVED,,2025-04-05T00:00:00Z
idm-00347,ORDER,SHOPIFY,core.orders,ORD-175,RAZORPAY,core.payments,PAY-0175,EXACT_REF,1.00,RESOLVED,,2025-04-05T00:00:00Z
idm-00348,INVOICE,SHOPIFY,core.orders,ORD-175,ACCOUNTING,core.invoices,INV-0175,INVOICE_REF,1.00,RESOLVED,,2025-04-05T00:00:00Z
idm-00349,ORDER,SHOPIFY,core.orders,ORD-176,RAZORPAY,core.payments,PAY-0176,EXACT_REF,1.00,RESOLVED,,2025-04-05T00:00:00Z
idm-00350,INVOICE,SHOPIFY,core.orders,ORD-176,ACCOUNTING,core.invoices,INV-0176,INVOICE_REF,1.00,RESOLVED,,2025-04-05T00:00:00Z
idm-00351,ORDER,SHOPIFY,core.orders,ORD-177,RAZORPAY,core.payments,PAY-0177,EXACT_REF,1.00,RESOLVED,,2025-04-05T00:00:00Z
idm-00352,INVOICE,SHOPIFY,core.orders,ORD-177,ACCOUNTING,core.invoices,INV-0177,INVOICE_REF,1.00,RESOLVED,,2025-04-05T00:00:00Z
idm-00353,ORDER,SHOPIFY,core.orders,ORD-178,RAZORPAY,core.payments,PAY-0178,EXACT_REF,1.00,RESOLVED,,2025-04-05T00:00:00Z
idm-00354,INVOICE,SHOPIFY,core.orders,ORD-178,ACCOUNTING,core.invoices,INV-0178,INVOICE_REF,1.00,RESOLVED,,2025-04-05T00:00:00Z
idm-00355,ORDER,SHOPIFY,core.orders,ORD-179,RAZORPAY,core.payments,PAY-0179,EXACT_REF,1.00,RESOLVED,,2025-04-05T00:00:00Z
idm-00356,INVOICE,SHOPIFY,core.orders,ORD-179,ACCOUNTING,core.invoices,INV-0179,INVOICE_REF,1.00,RESOLVED,,2025-04-05T00:00:00Z
idm-00357,ORDER,SHOPIFY,core.orders,ORD-180,RAZORPAY,core.payments,PAY-0180,EXACT_REF,1.00,RESOLVED,,2025-04-05T00:00:00Z
idm-00358,INVOICE,SHOPIFY,core.orders,ORD-180,ACCOUNTING,core.invoices,INV-0180,INVOICE_REF,1.00,RESOLVED,,2025-04-05T00:00:00Z
idm-00359,ORDER,SHOPIFY,core.orders,ORD-181,RAZORPAY,core.payments,PAY-0181,EXACT_REF,1.00,RESOLVED,,2025-04-05T00:00:00Z
idm-00360,INVOICE,SHOPIFY,core.orders,ORD-181,ACCOUNTING,core.invoices,INV-0181,INVOICE_REF,1.00,RESOLVED,,2025-04-05T00:00:00Z
idm-00361,ORDER,SHOPIFY,core.orders,ORD-182,RAZORPAY,core.payments,PAY-0182,EXACT_REF,1.00,RESOLVED,,2025-04-05T00:00:00Z
idm-00362,INVOICE,SHOPIFY,core.orders,ORD-182,ACCOUNTING,core.invoices,INV-0182,INVOICE_REF,1.00,RESOLVED,,2025-04-05T00:00:00Z
idm-00363,ORDER,SHOPIFY,core.orders,ORD-183,RAZORPAY,core.payments,PAY-0183,EXACT_REF,1.00,RESOLVED,,2025-04-05T00:00:00Z
idm-00364,INVOICE,SHOPIFY,core.orders,ORD-183,ACCOUNTING,core.invoices,INV-0183,INVOICE_REF,1.00,RESOLVED,,2025-04-05T00:00:00Z
idm-00365,ORDER,SHOPIFY,core.orders,ORD-184,RAZORPAY,core.payments,PAY-0184,EXACT_REF,1.00,RESOLVED,,2025-04-05T00:00:00Z
idm-00366,INVOICE,SHOPIFY,core.orders,ORD-184,ACCOUNTING,core.invoices,INV-0184,INVOICE_REF,1.00,RESOLVED,,2025-04-05T00:00:00Z
idm-00367,ORDER,SHOPIFY,core.orders,ORD-185,RAZORPAY,core.payments,PAY-0185,EXACT_REF,1.00,RESOLVED,,2025-04-05T00:00:00Z
idm-00368,INVOICE,SHOPIFY,core.orders,ORD-185,ACCOUNTING,core.invoices,INV-0185,INVOICE_REF,1.00,RESOLVED,,2025-04-05T00:00:00Z
idm-00369,ORDER,SHOPIFY,core.orders,ORD-186,RAZORPAY,core.payments,PAY-0186,EXACT_REF,1.00,RESOLVED,,2025-04-05T00:00:00Z
idm-00370,INVOICE,SHOPIFY,core.orders,ORD-186,ACCOUNTING,core.invoices,INV-0186,INVOICE_REF,1.00,RESOLVED,,2025-04-05T00:00:00Z
idm-00371,ORDER,SHOPIFY,core.orders,ORD-187,RAZORPAY,core.payments,PAY-0187,EXACT_REF,1.00,RESOLVED,,2025-04-05T00:00:00Z
idm-00372,INVOICE,SHOPIFY,core.orders,ORD-187,ACCOUNTING,core.invoices,INV-0187,INVOICE_REF,1.00,RESOLVED,,2025-04-05T00:00:00Z
idm-00373,ORDER,SHOPIFY,core.orders,ORD-188,RAZORPAY,core.payments,PAY-0188,EXACT_REF,1.00,RESOLVED,,2025-04-05T00:00:00Z
idm-00374,INVOICE,SHOPIFY,core.orders,ORD-188,ACCOUNTING,core.invoices,INV-0188,INVOICE_REF,1.00,RESOLVED,,2025-04-05T00:00:00Z
idm-00375,ORDER,SHOPIFY,core.orders,ORD-189,RAZORPAY,core.payments,PAY-0189,EXACT_REF,1.00,RESOLVED,,2025-04-05T00:00:00Z
idm-00376,INVOICE,SHOPIFY,core.orders,ORD-189,ACCOUNTING,core.invoices,INV-0189,INVOICE_REF,1.00,RESOLVED,,2025-04-05T00:00:00Z
idm-00377,ORDER,SHOPIFY,core.orders,ORD-190,RAZORPAY,core.payments,PAY-0190,EXACT_REF,1.00,RESOLVED,,2025-04-05T00:00:00Z
idm-00378,INVOICE,SHOPIFY,core.orders,ORD-190,ACCOUNTING,core.invoices,INV-0190,INVOICE_REF,1.00,RESOLVED,,2025-04-05T00:00:00Z
idm-00379,ORDER,SHOPIFY,core.orders,ORD-191,RAZORPAY,core.payments,PAY-0191,EXACT_REF,1.00,RESOLVED,,2025-04-05T00:00:00Z
idm-00380,INVOICE,SHOPIFY,core.orders,ORD-191,ACCOUNTING,core.invoices,INV-0191,INVOICE_REF,1.00,RESOLVED,,2025-04-05T00:00:00Z
idm-00381,ORDER,SHOPIFY,core.orders,ORD-192,RAZORPAY,core.payments,PAY-0192,EXACT_REF,1.00,RESOLVED,,2025-04-05T00:00:00Z
idm-00382,INVOICE,SHOPIFY,core.orders,ORD-192,ACCOUNTING,core.invoices,INV-0192,INVOICE_REF,1.00,RESOLVED,,2025-04-05T00:00:00Z
idm-00383,ORDER,SHOPIFY,core.orders,ORD-193,RAZORPAY,core.payments,PAY-0193,EXACT_REF,1.00,RESOLVED,,2025-04-05T00:00:00Z
idm-00384,INVOICE,SHOPIFY,core.orders,ORD-193,ACCOUNTING,core.invoices,INV-0193,INVOICE_REF,1.00,RESOLVED,,2025-04-05T00:00:00Z
idm-00385,ORDER,SHOPIFY,core.orders,ORD-194,RAZORPAY,core.payments,PAY-0194,EXACT_REF,1.00,RESOLVED,,2025-04-05T00:00:00Z
idm-00386,INVOICE,SHOPIFY,core.orders,ORD-194,ACCOUNTING,core.invoices,INV-0194,INVOICE_REF,1.00,RESOLVED,,2025-04-05T00:00:00Z
idm-00387,ORDER,SHOPIFY,core.orders,ORD-195,RAZORPAY,core.payments,PAY-0195,EXACT_REF,1.00,RESOLVED,,2025-04-05T00:00:00Z
idm-00388,INVOICE,SHOPIFY,core.orders,ORD-195,ACCOUNTING,core.invoices,INV-0195,INVOICE_REF,1.00,RESOLVED,,2025-04-05T00:00:00Z
idm-00389,ORDER,SHOPIFY,core.orders,ORD-196,RAZORPAY,core.payments,PAY-0196,EXACT_REF,1.00,RESOLVED,,2025-04-05T00:00:00Z
idm-00390,INVOICE,SHOPIFY,core.orders,ORD-196,ACCOUNTING,core.invoices,INV-0196,INVOICE_REF,1.00,RESOLVED,,2025-04-05T00:00:00Z
idm-00391,ORDER,SHOPIFY,core.orders,ORD-197,RAZORPAY,core.payments,PAY-0197,EXACT_REF,1.00,RESOLVED,,2025-04-05T00:00:00Z
idm-00392,INVOICE,SHOPIFY,core.orders,ORD-197,ACCOUNTING,core.invoices,INV-0197,INVOICE_REF,1.00,RESOLVED,,2025-04-05T00:00:00Z
idm-00393,ORDER,SHOPIFY,core.orders,ORD-198,RAZORPAY,core.payments,PAY-0198,EXACT_REF,1.00,RESOLVED,,2025-04-05T00:00:00Z
idm-00394,INVOICE,SHOPIFY,core.orders,ORD-198,ACCOUNTING,core.invoices,INV-0198,INVOICE_REF,1.00,RESOLVED,,2025-04-05T00:00:00Z
idm-00395,ORDER,SHOPIFY,core.orders,ORD-199,RAZORPAY,core.payments,PAY-0199,EXACT_REF,1.00,RESOLVED,,2025-04-05T00:00:00Z
idm-00396,INVOICE,SHOPIFY,core.orders,ORD-199,ACCOUNTING,core.invoices,INV-0199,INVOICE_REF,1.00,RESOLVED,,2025-04-05T00:00:00Z
idm-00397,ORDER,SHOPIFY,core.orders,ORD-200,RAZORPAY,core.payments,PAY-0200,EXACT_REF,1.00,RESOLVED,,2025-04-05T00:00:00Z
idm-00398,INVOICE,SHOPIFY,core.orders,ORD-200,ACCOUNTING,core.invoices,INV-0200,INVOICE_REF,1.00,RESOLVED,,2025-04-05T00:00:00Z
idm-00399,ORDER,SHOPIFY,core.orders,ORD-201,RAZORPAY,core.payments,PAY-0201,EXACT_REF,1.00,RESOLVED,,2025-04-05T00:00:00Z
idm-00400,INVOICE,SHOPIFY,core.orders,ORD-201,ACCOUNTING,core.invoices,INV-0201,INVOICE_REF,1.00,RESOLVED,,2025-04-05T00:00:00Z
idm-00401,ORDER,SHOPIFY,core.orders,ORD-202,RAZORPAY,core.payments,PAY-0202,EXACT_REF,1.00,RESOLVED,,2025-04-05T00:00:00Z
idm-00402,INVOICE,SHOPIFY,core.orders,ORD-202,ACCOUNTING,core.invoices,INV-0202,INVOICE_REF,1.00,RESOLVED,,2025-04-05T00:00:00Z
idm-00403,ORDER,SHOPIFY,core.orders,ORD-203,RAZORPAY,core.payments,PAY-0203,EXACT_REF,1.00,RESOLVED,,2025-04-05T00:00:00Z
idm-00404,INVOICE,SHOPIFY,core.orders,ORD-203,ACCOUNTING,core.invoices,INV-0203,INVOICE_REF,1.00,RESOLVED,,2025-04-05T00:00:00Z
idm-00405,ORDER,SHOPIFY,core.orders,ORD-204,RAZORPAY,core.payments,PAY-0204,EXACT_REF,1.00,RESOLVED,,2025-04-05T00:00:00Z
idm-00406,INVOICE,SHOPIFY,core.orders,ORD-204,ACCOUNTING,core.invoices,INV-0204,INVOICE_REF,1.00,RESOLVED,,2025-04-05T00:00:00Z
idm-00407,ORDER,SHOPIFY,core.orders,ORD-205,RAZORPAY,core.payments,PAY-0205,EXACT_REF,1.00,RESOLVED,,2025-04-05T00:00:00Z
idm-00408,INVOICE,SHOPIFY,core.orders,ORD-205,ACCOUNTING,core.invoices,INV-0205,INVOICE_REF,1.00,RESOLVED,,2025-04-05T00:00:00Z
idm-00409,ORDER,SHOPIFY,core.orders,ORD-206,RAZORPAY,core.payments,PAY-0206,EXACT_REF,1.00,RESOLVED,,2025-04-05T00:00:00Z
idm-00410,INVOICE,SHOPIFY,core.orders,ORD-206,ACCOUNTING,core.invoices,INV-0206,INVOICE_REF,1.00,RESOLVED,,2025-04-05T00:00:00Z
idm-00411,ORDER,SHOPIFY,core.orders,ORD-207,RAZORPAY,core.payments,PAY-0207,EXACT_REF,1.00,RESOLVED,,2025-04-05T00:00:00Z
idm-00412,INVOICE,SHOPIFY,core.orders,ORD-207,ACCOUNTING,core.invoices,INV-0207,INVOICE_REF,1.00,RESOLVED,,2025-04-05T00:00:00Z
idm-00413,ORDER,SHOPIFY,core.orders,ORD-208,RAZORPAY,core.payments,PAY-0208,EXACT_REF,1.00,RESOLVED,,2025-04-05T00:00:00Z
idm-00414,INVOICE,SHOPIFY,core.orders,ORD-208,ACCOUNTING,core.invoices,INV-0208,INVOICE_REF,1.00,RESOLVED,,2025-04-05T00:00:00Z
idm-00415,ORDER,SHOPIFY,core.orders,ORD-209,RAZORPAY,core.payments,PAY-0209,EXACT_REF,1.00,RESOLVED,,2025-04-05T00:00:00Z
idm-00416,INVOICE,SHOPIFY,core.orders,ORD-209,ACCOUNTING,core.invoices,INV-0209,INVOICE_REF,1.00,RESOLVED,,2025-04-05T00:00:00Z
idm-00417,ORDER,SHOPIFY,core.orders,ORD-210,RAZORPAY,core.payments,PAY-0210,EXACT_REF,1.00,RESOLVED,,2025-04-05T00:00:00Z
idm-00418,INVOICE,SHOPIFY,core.orders,ORD-210,ACCOUNTING,core.invoices,INV-0210,INVOICE_REF,1.00,RESOLVED,,2025-04-05T00:00:00Z
idm-00419,ORDER,SHOPIFY,core.orders,ORD-211,RAZORPAY,core.payments,PAY-0211,EXACT_REF,1.00,RESOLVED,,2025-04-05T00:00:00Z
idm-00420,INVOICE,SHOPIFY,core.orders,ORD-211,ACCOUNTING,core.invoices,INV-0211,INVOICE_REF,1.00,RESOLVED,,2025-04-05T00:00:00Z
idm-00421,ORDER,SHOPIFY,core.orders,ORD-212,RAZORPAY,core.payments,PAY-0212,EXACT_REF,1.00,RESOLVED,,2025-04-05T00:00:00Z
idm-00422,INVOICE,SHOPIFY,core.orders,ORD-212,ACCOUNTING,core.invoices,INV-0212,INVOICE_REF,1.00,RESOLVED,,2025-04-05T00:00:00Z
idm-00423,ORDER,SHOPIFY,core.orders,ORD-213,RAZORPAY,core.payments,PAY-0213,EXACT_REF,1.00,RESOLVED,,2025-04-05T00:00:00Z
idm-00424,INVOICE,SHOPIFY,core.orders,ORD-213,ACCOUNTING,core.invoices,INV-0213,INVOICE_REF,1.00,RESOLVED,,2025-04-05T00:00:00Z
idm-00425,ORDER,SHOPIFY,core.orders,ORD-214,RAZORPAY,core.payments,PAY-0214,EXACT_REF,1.00,RESOLVED,,2025-04-05T00:00:00Z
idm-00426,INVOICE,SHOPIFY,core.orders,ORD-214,ACCOUNTING,core.invoices,INV-0214,INVOICE_REF,1.00,RESOLVED,,2025-04-05T00:00:00Z
idm-00427,ORDER,SHOPIFY,core.orders,ORD-215,RAZORPAY,core.payments,PAY-0215,EXACT_REF,1.00,RESOLVED,,2025-04-05T00:00:00Z
idm-00428,INVOICE,SHOPIFY,core.orders,ORD-215,ACCOUNTING,core.invoices,INV-0215,INVOICE_REF,1.00,RESOLVED,,2025-04-05T00:00:00Z
idm-00429,ORDER,SHOPIFY,core.orders,ORD-216,RAZORPAY,core.payments,PAY-0216,EXACT_REF,1.00,RESOLVED,,2025-04-05T00:00:00Z
idm-00430,INVOICE,SHOPIFY,core.orders,ORD-216,ACCOUNTING,core.invoices,INV-0216,INVOICE_REF,1.00,RESOLVED,,2025-04-05T00:00:00Z
idm-00431,ORDER,SHOPIFY,core.orders,ORD-217,RAZORPAY,core.payments,PAY-0217,EXACT_REF,1.00,RESOLVED,,2025-04-05T00:00:00Z
idm-00432,INVOICE,SHOPIFY,core.orders,ORD-217,ACCOUNTING,core.invoices,INV-0217,INVOICE_REF,1.00,RESOLVED,,2025-04-05T00:00:00Z
idm-00433,ORDER,SHOPIFY,core.orders,ORD-218,RAZORPAY,core.payments,PAY-0218,EXACT_REF,1.00,RESOLVED,,2025-04-05T00:00:00Z
idm-00434,INVOICE,SHOPIFY,core.orders,ORD-218,ACCOUNTING,core.invoices,INV-0218,INVOICE_REF,1.00,RESOLVED,,2025-04-05T00:00:00Z
idm-00435,ORDER,SHOPIFY,core.orders,ORD-219,RAZORPAY,core.payments,PAY-0219,EXACT_REF,1.00,RESOLVED,,2025-04-05T00:00:00Z
idm-00436,INVOICE,SHOPIFY,core.orders,ORD-219,ACCOUNTING,core.invoices,INV-0219,INVOICE_REF,1.00,RESOLVED,,2025-04-05T00:00:00Z
idm-00437,ORDER,SHOPIFY,core.orders,ORD-220,RAZORPAY,core.payments,PAY-0220,EXACT_REF,1.00,RESOLVED,,2025-04-05T00:00:00Z
idm-00438,INVOICE,SHOPIFY,core.orders,ORD-220,ACCOUNTING,core.invoices,INV-0220,INVOICE_REF,1.00,RESOLVED,,2025-04-05T00:00:00Z
idm-00439,ORDER,SHOPIFY,core.orders,ORD-221,RAZORPAY,core.payments,PAY-0221,EXACT_REF,1.00,RESOLVED,,2025-04-05T00:00:00Z
idm-00440,INVOICE,SHOPIFY,core.orders,ORD-221,ACCOUNTING,core.invoices,INV-0221,INVOICE_REF,1.00,RESOLVED,,2025-04-05T00:00:00Z
idm-00441,ORDER,SHOPIFY,core.orders,ORD-222,RAZORPAY,core.payments,PAY-0222,EXACT_REF,1.00,RESOLVED,,2025-04-05T00:00:00Z
idm-00442,INVOICE,SHOPIFY,core.orders,ORD-222,ACCOUNTING,core.invoices,INV-0222,INVOICE_REF,1.00,RESOLVED,,2025-04-05T00:00:00Z
idm-00443,ORDER,SHOPIFY,core.orders,ORD-223,RAZORPAY,core.payments,PAY-0223,EXACT_REF,1.00,RESOLVED,,2025-04-05T00:00:00Z
idm-00444,INVOICE,SHOPIFY,core.orders,ORD-223,ACCOUNTING,core.invoices,INV-0223,INVOICE_REF,1.00,RESOLVED,,2025-04-05T00:00:00Z
idm-00445,ORDER,SHOPIFY,core.orders,ORD-224,RAZORPAY,core.payments,PAY-0224,EXACT_REF,1.00,RESOLVED,,2025-04-05T00:00:00Z
idm-00446,INVOICE,SHOPIFY,core.orders,ORD-224,ACCOUNTING,core.invoices,INV-0224,INVOICE_REF,1.00,RESOLVED,,2025-04-05T00:00:00Z
idm-00447,ORDER,SHOPIFY,core.orders,ORD-225,RAZORPAY,core.payments,PAY-0225,EXACT_REF,1.00,RESOLVED,,2025-04-05T00:00:00Z
idm-00448,INVOICE,SHOPIFY,core.orders,ORD-225,ACCOUNTING,core.invoices,INV-0225,INVOICE_REF,1.00,RESOLVED,,2025-04-05T00:00:00Z
idm-00449,ORDER,SHOPIFY,core.orders,ORD-226,RAZORPAY,core.payments,PAY-0226,EXACT_REF,1.00,RESOLVED,,2025-04-05T00:00:00Z
idm-00450,INVOICE,SHOPIFY,core.orders,ORD-226,ACCOUNTING,core.invoices,INV-0226,INVOICE_REF,1.00,RESOLVED,,2025-04-05T00:00:00Z
idm-00451,ORDER,SHOPIFY,core.orders,ORD-227,RAZORPAY,core.payments,PAY-0227,EXACT_REF,1.00,RESOLVED,,2025-04-05T00:00:00Z
idm-00452,INVOICE,SHOPIFY,core.orders,ORD-227,ACCOUNTING,core.invoices,INV-0227,INVOICE_REF,1.00,RESOLVED,,2025-04-05T00:00:00Z
idm-00453,ORDER,SHOPIFY,core.orders,ORD-228,RAZORPAY,core.payments,PAY-0228,EXACT_REF,1.00,RESOLVED,,2025-04-05T00:00:00Z
idm-00454,INVOICE,SHOPIFY,core.orders,ORD-228,ACCOUNTING,core.invoices,INV-0228,INVOICE_REF,1.00,RESOLVED,,2025-04-05T00:00:00Z
idm-00455,ORDER,SHOPIFY,core.orders,ORD-229,RAZORPAY,core.payments,PAY-0229,EXACT_REF,1.00,RESOLVED,,2025-04-05T00:00:00Z
idm-00456,INVOICE,SHOPIFY,core.orders,ORD-229,ACCOUNTING,core.invoices,INV-0229,INVOICE_REF,1.00,RESOLVED,,2025-04-05T00:00:00Z
idm-00457,ORDER,SHOPIFY,core.orders,ORD-230,RAZORPAY,core.payments,PAY-0230,EXACT_REF,1.00,RESOLVED,,2025-04-05T00:00:00Z
idm-00458,INVOICE,SHOPIFY,core.orders,ORD-230,ACCOUNTING,core.invoices,INV-0230,INVOICE_REF,1.00,RESOLVED,,2025-04-05T00:00:00Z
idm-00459,ORDER,SHOPIFY,core.orders,ORD-231,RAZORPAY,core.payments,PAY-0231,EXACT_REF,1.00,RESOLVED,,2025-04-05T00:00:00Z
idm-00460,INVOICE,SHOPIFY,core.orders,ORD-231,ACCOUNTING,core.invoices,INV-0231,INVOICE_REF,1.00,RESOLVED,,2025-04-05T00:00:00Z
idm-00461,ORDER,SHOPIFY,core.orders,ORD-232,RAZORPAY,core.payments,PAY-0232,EXACT_REF,1.00,RESOLVED,,2025-04-05T00:00:00Z
idm-00462,INVOICE,SHOPIFY,core.orders,ORD-232,ACCOUNTING,core.invoices,INV-0232,INVOICE_REF,1.00,RESOLVED,,2025-04-05T00:00:00Z
idm-00463,ORDER,SHOPIFY,core.orders,ORD-233,RAZORPAY,core.payments,PAY-0233,EXACT_REF,1.00,RESOLVED,,2025-04-05T00:00:00Z
idm-00464,INVOICE,SHOPIFY,core.orders,ORD-233,ACCOUNTING,core.invoices,INV-0233,INVOICE_REF,1.00,RESOLVED,,2025-04-05T00:00:00Z
idm-00465,ORDER,SHOPIFY,core.orders,ORD-234,RAZORPAY,core.payments,PAY-0234,EXACT_REF,1.00,RESOLVED,,2025-04-05T00:00:00Z
idm-00466,INVOICE,SHOPIFY,core.orders,ORD-234,ACCOUNTING,core.invoices,INV-0234,INVOICE_REF,1.00,RESOLVED,,2025-04-05T00:00:00Z
idm-00467,ORDER,SHOPIFY,core.orders,ORD-235,RAZORPAY,core.payments,PAY-0235,EXACT_REF,1.00,RESOLVED,,2025-04-05T00:00:00Z
idm-00468,INVOICE,SHOPIFY,core.orders,ORD-235,ACCOUNTING,core.invoices,INV-0235,INVOICE_REF,1.00,RESOLVED,,2025-04-05T00:00:00Z
idm-00469,ORDER,SHOPIFY,core.orders,ORD-237,RAZORPAY,core.payments,PAY-0237,EXACT_REF,1.00,RESOLVED,,2025-04-05T00:00:00Z
idm-00470,INVOICE,SHOPIFY,core.orders,ORD-237,ACCOUNTING,core.invoices,INV-0237,INVOICE_REF,1.00,RESOLVED,,2025-04-05T00:00:00Z
idm-00471,ORDER,SHOPIFY,core.orders,ORD-238,RAZORPAY,core.payments,PAY-0238,EXACT_REF,1.00,RESOLVED,,2025-04-05T00:00:00Z
idm-00472,INVOICE,SHOPIFY,core.orders,ORD-238,ACCOUNTING,core.invoices,INV-0238,INVOICE_REF,1.00,RESOLVED,,2025-04-05T00:00:00Z
idm-00473,ORDER,SHOPIFY,core.orders,ORD-239,RAZORPAY,core.payments,PAY-0239,EXACT_REF,1.00,RESOLVED,,2025-04-05T00:00:00Z
idm-00474,INVOICE,SHOPIFY,core.orders,ORD-239,ACCOUNTING,core.invoices,INV-0239,INVOICE_REF,1.00,RESOLVED,,2025-04-05T00:00:00Z
idm-00475,ORDER,SHOPIFY,core.orders,ORD-240,RAZORPAY,core.payments,PAY-0240,EXACT_REF,1.00,RESOLVED,,2025-04-05T00:00:00Z
idm-00476,INVOICE,SHOPIFY,core.orders,ORD-240,ACCOUNTING,core.invoices,INV-0240,INVOICE_REF,1.00,RESOLVED,,2025-04-05T00:00:00Z
idm-00477,ORDER,SHOPIFY,core.orders,ORD-241,RAZORPAY,core.payments,PAY-0241,EXACT_REF,1.00,RESOLVED,,2025-04-05T00:00:00Z
idm-00478,INVOICE,SHOPIFY,core.orders,ORD-241,ACCOUNTING,core.invoices,INV-0241,INVOICE_REF,1.00,RESOLVED,,2025-04-05T00:00:00Z
idm-00479,ORDER,SHOPIFY,core.orders,ORD-242,RAZORPAY,core.payments,PAY-0242,EXACT_REF,1.00,RESOLVED,,2025-04-05T00:00:00Z
idm-00480,INVOICE,SHOPIFY,core.orders,ORD-242,ACCOUNTING,core.invoices,INV-0242,INVOICE_REF,1.00,RESOLVED,,2025-04-05T00:00:00Z
idm-00481,ORDER,SHOPIFY,core.orders,ORD-243,RAZORPAY,core.payments,PAY-0243,EXACT_REF,1.00,RESOLVED,,2025-04-05T00:00:00Z
idm-00482,INVOICE,SHOPIFY,core.orders,ORD-243,ACCOUNTING,core.invoices,INV-0243,INVOICE_REF,1.00,RESOLVED,,2025-04-05T00:00:00Z
idm-00483,ORDER,SHOPIFY,core.orders,ORD-244,RAZORPAY,core.payments,PAY-0244,EXACT_REF,1.00,RESOLVED,,2025-04-05T00:00:00Z
idm-00484,INVOICE,SHOPIFY,core.orders,ORD-244,ACCOUNTING,core.invoices,INV-0244,INVOICE_REF,1.00,RESOLVED,,2025-04-05T00:00:00Z
idm-00485,ORDER,SHOPIFY,core.orders,ORD-245,RAZORPAY,core.payments,PAY-0245,EXACT_REF,1.00,RESOLVED,,2025-04-05T00:00:00Z
idm-00486,INVOICE,SHOPIFY,core.orders,ORD-245,ACCOUNTING,core.invoices,INV-0245,INVOICE_REF,1.00,RESOLVED,,2025-04-05T00:00:00Z
idm-00487,ORDER,SHOPIFY,core.orders,ORD-246,RAZORPAY,core.payments,PAY-0246,EXACT_REF,1.00,RESOLVED,,2025-04-05T00:00:00Z
idm-00488,INVOICE,SHOPIFY,core.orders,ORD-246,ACCOUNTING,core.invoices,INV-0246,INVOICE_REF,1.00,RESOLVED,,2025-04-05T00:00:00Z
idm-00489,ORDER,SHOPIFY,core.orders,ORD-247,RAZORPAY,core.payments,PAY-0247,EXACT_REF,1.00,RESOLVED,,2025-04-05T00:00:00Z
idm-00490,INVOICE,SHOPIFY,core.orders,ORD-247,ACCOUNTING,core.invoices,INV-0247,INVOICE_REF,1.00,RESOLVED,,2025-04-05T00:00:00Z
idm-00491,ORDER,SHOPIFY,core.orders,ORD-248,RAZORPAY,core.payments,PAY-0248,EXACT_REF,1.00,RESOLVED,,2025-04-05T00:00:00Z
idm-00492,INVOICE,SHOPIFY,core.orders,ORD-248,ACCOUNTING,core.invoices,INV-0248,INVOICE_REF,1.00,RESOLVED,,2025-04-05T00:00:00Z
idm-00493,ORDER,SHOPIFY,core.orders,ORD-249,RAZORPAY,core.payments,PAY-0249,EXACT_REF,1.00,RESOLVED,,2025-04-05T00:00:00Z
idm-00494,INVOICE,SHOPIFY,core.orders,ORD-249,ACCOUNTING,core.invoices,INV-0249,INVOICE_REF,1.00,RESOLVED,,2025-04-05T00:00:00Z
idm-00495,ORDER,SHOPIFY,core.orders,ORD-250,RAZORPAY,core.payments,PAY-0250,EXACT_REF,1.00,RESOLVED,,2025-04-05T00:00:00Z
idm-00496,INVOICE,SHOPIFY,core.orders,ORD-250,ACCOUNTING,core.invoices,INV-0250,INVOICE_REF,1.00,RESOLVED,,2025-04-05T00:00:00Z
idm-00497,ORDER,SHOPIFY,core.orders,ORD-251,RAZORPAY,core.payments,PAY-0251,EXACT_REF,1.00,RESOLVED,,2025-04-05T00:00:00Z
idm-00498,INVOICE,SHOPIFY,core.orders,ORD-251,ACCOUNTING,core.invoices,INV-0251,INVOICE_REF,1.00,RESOLVED,,2025-04-05T00:00:00Z
idm-00499,ORDER,SHOPIFY,core.orders,ORD-252,RAZORPAY,core.payments,PAY-0252,EXACT_REF,1.00,RESOLVED,,2025-04-05T00:00:00Z
idm-00500,INVOICE,SHOPIFY,core.orders,ORD-252,ACCOUNTING,core.invoices,INV-0252,INVOICE_REF,1.00,RESOLVED,,2025-04-05T00:00:00Z
idm-00501,ORDER,SHOPIFY,core.orders,ORD-253,RAZORPAY,core.payments,PAY-0253,EXACT_REF,1.00,RESOLVED,,2025-04-05T00:00:00Z
idm-00502,INVOICE,SHOPIFY,core.orders,ORD-253,ACCOUNTING,core.invoices,INV-0253,INVOICE_REF,1.00,RESOLVED,,2025-04-05T00:00:00Z
idm-00503,ORDER,SHOPIFY,core.orders,ORD-254,RAZORPAY,core.payments,PAY-0254,EXACT_REF,1.00,RESOLVED,,2025-04-05T00:00:00Z
idm-00504,INVOICE,SHOPIFY,core.orders,ORD-254,ACCOUNTING,core.invoices,INV-0254,INVOICE_REF,1.00,RESOLVED,,2025-04-05T00:00:00Z
idm-00505,ORDER,SHOPIFY,core.orders,ORD-255,RAZORPAY,core.payments,PAY-0255,EXACT_REF,1.00,RESOLVED,,2025-04-05T00:00:00Z
idm-00506,INVOICE,SHOPIFY,core.orders,ORD-255,ACCOUNTING,core.invoices,INV-0255,INVOICE_REF,1.00,RESOLVED,,2025-04-05T00:00:00Z
idm-00507,ORDER,SHOPIFY,core.orders,ORD-256,RAZORPAY,core.payments,PAY-0256,EXACT_REF,1.00,RESOLVED,,2025-04-05T00:00:00Z
idm-00508,INVOICE,SHOPIFY,core.orders,ORD-256,ACCOUNTING,core.invoices,INV-0256,INVOICE_REF,1.00,RESOLVED,,2025-04-05T00:00:00Z
idm-00509,ORDER,SHOPIFY,core.orders,ORD-257,RAZORPAY,core.payments,PAY-0257,EXACT_REF,1.00,RESOLVED,,2025-04-05T00:00:00Z
idm-00510,INVOICE,SHOPIFY,core.orders,ORD-257,ACCOUNTING,core.invoices,INV-0257,INVOICE_REF,1.00,RESOLVED,,2025-04-05T00:00:00Z
idm-00511,ORDER,SHOPIFY,core.orders,ORD-258,RAZORPAY,core.payments,PAY-0258,EXACT_REF,1.00,RESOLVED,,2025-04-05T00:00:00Z
idm-00512,INVOICE,SHOPIFY,core.orders,ORD-258,ACCOUNTING,core.invoices,INV-0258,INVOICE_REF,1.00,RESOLVED,,2025-04-05T00:00:00Z
idm-00513,ORDER,SHOPIFY,core.orders,ORD-259,RAZORPAY,core.payments,PAY-0259,EXACT_REF,1.00,RESOLVED,,2025-04-05T00:00:00Z
idm-00514,INVOICE,SHOPIFY,core.orders,ORD-259,ACCOUNTING,core.invoices,INV-0259,INVOICE_REF,1.00,RESOLVED,,2025-04-05T00:00:00Z
idm-00515,ORDER,SHOPIFY,core.orders,ORD-260,RAZORPAY,core.payments,PAY-0260,EXACT_REF,1.00,RESOLVED,,2025-04-05T00:00:00Z
idm-00516,INVOICE,SHOPIFY,core.orders,ORD-260,ACCOUNTING,core.invoices,INV-0260,INVOICE_REF,1.00,RESOLVED,,2025-04-05T00:00:00Z
idm-00517,ORDER,SHOPIFY,core.orders,ORD-261,RAZORPAY,core.payments,PAY-0261,EXACT_REF,1.00,RESOLVED,,2025-04-05T00:00:00Z
idm-00518,INVOICE,SHOPIFY,core.orders,ORD-261,ACCOUNTING,core.invoices,INV-0261,INVOICE_REF,1.00,RESOLVED,,2025-04-05T00:00:00Z
idm-00519,ORDER,SHOPIFY,core.orders,ORD-262,RAZORPAY,core.payments,PAY-0262,EXACT_REF,1.00,RESOLVED,,2025-04-05T00:00:00Z
idm-00520,INVOICE,SHOPIFY,core.orders,ORD-262,ACCOUNTING,core.invoices,INV-0262,INVOICE_REF,1.00,RESOLVED,,2025-04-05T00:00:00Z
idm-00521,ORDER,SHOPIFY,core.orders,ORD-263,RAZORPAY,core.payments,PAY-0263,EXACT_REF,1.00,RESOLVED,,2025-04-05T00:00:00Z
idm-00522,INVOICE,SHOPIFY,core.orders,ORD-263,ACCOUNTING,core.invoices,INV-0263,INVOICE_REF,1.00,RESOLVED,,2025-04-05T00:00:00Z
idm-00523,ORDER,SHOPIFY,core.orders,ORD-264,RAZORPAY,core.payments,PAY-0264,EXACT_REF,1.00,RESOLVED,,2025-04-05T00:00:00Z
idm-00524,INVOICE,SHOPIFY,core.orders,ORD-264,ACCOUNTING,core.invoices,INV-0264,INVOICE_REF,1.00,RESOLVED,,2025-04-05T00:00:00Z
idm-00525,ORDER,SHOPIFY,core.orders,ORD-265,RAZORPAY,core.payments,PAY-0265,EXACT_REF,1.00,RESOLVED,,2025-04-05T00:00:00Z
idm-00526,INVOICE,SHOPIFY,core.orders,ORD-265,ACCOUNTING,core.invoices,INV-0265,INVOICE_REF,1.00,RESOLVED,,2025-04-05T00:00:00Z
idm-00527,ORDER,SHOPIFY,core.orders,ORD-266,RAZORPAY,core.payments,PAY-0266,EXACT_REF,1.00,RESOLVED,,2025-04-05T00:00:00Z
idm-00528,INVOICE,SHOPIFY,core.orders,ORD-266,ACCOUNTING,core.invoices,INV-0266,INVOICE_REF,1.00,RESOLVED,,2025-04-05T00:00:00Z
idm-00529,ORDER,SHOPIFY,core.orders,ORD-267,RAZORPAY,core.payments,PAY-0267,EXACT_REF,1.00,RESOLVED,,2025-04-05T00:00:00Z
idm-00530,INVOICE,SHOPIFY,core.orders,ORD-267,ACCOUNTING,core.invoices,INV-0267,INVOICE_REF,1.00,RESOLVED,,2025-04-05T00:00:00Z
idm-00531,ORDER,SHOPIFY,core.orders,ORD-268,RAZORPAY,core.payments,PAY-0268,EXACT_REF,1.00,RESOLVED,,2025-04-05T00:00:00Z
idm-00532,INVOICE,SHOPIFY,core.orders,ORD-268,ACCOUNTING,core.invoices,INV-0268,INVOICE_REF,1.00,RESOLVED,,2025-04-05T00:00:00Z
idm-00533,ORDER,SHOPIFY,core.orders,ORD-269,RAZORPAY,core.payments,PAY-0269,EXACT_REF,1.00,RESOLVED,,2025-04-05T00:00:00Z
idm-00534,INVOICE,SHOPIFY,core.orders,ORD-269,ACCOUNTING,core.invoices,INV-0269,INVOICE_REF,1.00,RESOLVED,,2025-04-05T00:00:00Z
idm-00535,ORDER,SHOPIFY,core.orders,ORD-270,RAZORPAY,core.payments,PAY-0270,EXACT_REF,1.00,RESOLVED,,2025-04-05T00:00:00Z
idm-00536,INVOICE,SHOPIFY,core.orders,ORD-270,ACCOUNTING,core.invoices,INV-0270,INVOICE_REF,1.00,RESOLVED,,2025-04-05T00:00:00Z
idm-00537,ORDER,SHOPIFY,core.orders,ORD-271,RAZORPAY,core.payments,PAY-0271,EXACT_REF,1.00,RESOLVED,,2025-04-05T00:00:00Z
idm-00538,INVOICE,SHOPIFY,core.orders,ORD-271,ACCOUNTING,core.invoices,INV-0271,INVOICE_REF,1.00,RESOLVED,,2025-04-05T00:00:00Z
idm-00539,ORDER,SHOPIFY,core.orders,ORD-272,RAZORPAY,core.payments,PAY-0272,EXACT_REF,1.00,RESOLVED,,2025-04-05T00:00:00Z
idm-00540,INVOICE,SHOPIFY,core.orders,ORD-272,ACCOUNTING,core.invoices,INV-0272,INVOICE_REF,1.00,RESOLVED,,2025-04-05T00:00:00Z
idm-00541,ORDER,SHOPIFY,core.orders,ORD-273,RAZORPAY,core.payments,PAY-0273,EXACT_REF,1.00,RESOLVED,,2025-04-05T00:00:00Z
idm-00542,INVOICE,SHOPIFY,core.orders,ORD-273,ACCOUNTING,core.invoices,INV-0273,INVOICE_REF,1.00,RESOLVED,,2025-04-05T00:00:00Z
idm-00543,ORDER,SHOPIFY,core.orders,ORD-274,RAZORPAY,core.payments,PAY-0274,EXACT_REF,1.00,RESOLVED,,2025-04-05T00:00:00Z
idm-00544,INVOICE,SHOPIFY,core.orders,ORD-274,ACCOUNTING,core.invoices,INV-0274,INVOICE_REF,1.00,RESOLVED,,2025-04-05T00:00:00Z
idm-00545,ORDER,SHOPIFY,core.orders,ORD-275,RAZORPAY,core.payments,PAY-0275,EXACT_REF,1.00,RESOLVED,,2025-04-05T00:00:00Z
idm-00546,INVOICE,SHOPIFY,core.orders,ORD-275,ACCOUNTING,core.invoices,INV-0275,INVOICE_REF,1.00,RESOLVED,,2025-04-05T00:00:00Z
idm-00547,ORDER,SHOPIFY,core.orders,ORD-276,RAZORPAY,core.payments,PAY-0276,EXACT_REF,1.00,RESOLVED,,2025-04-05T00:00:00Z
idm-00548,INVOICE,SHOPIFY,core.orders,ORD-276,ACCOUNTING,core.invoices,INV-0276,INVOICE_REF,1.00,RESOLVED,,2025-04-05T00:00:00Z
idm-00549,ORDER,SHOPIFY,core.orders,ORD-277,RAZORPAY,core.payments,PAY-0277,EXACT_REF,1.00,RESOLVED,,2025-04-05T00:00:00Z
idm-00550,INVOICE,SHOPIFY,core.orders,ORD-277,ACCOUNTING,core.invoices,INV-0277,INVOICE_REF,1.00,RESOLVED,,2025-04-05T00:00:00Z
idm-00551,ORDER,SHOPIFY,core.orders,ORD-278,RAZORPAY,core.payments,PAY-0278,EXACT_REF,1.00,RESOLVED,,2025-04-05T00:00:00Z
idm-00552,INVOICE,SHOPIFY,core.orders,ORD-278,ACCOUNTING,core.invoices,INV-0278,INVOICE_REF,1.00,RESOLVED,,2025-04-05T00:00:00Z
idm-00553,ORDER,SHOPIFY,core.orders,ORD-279,RAZORPAY,core.payments,PAY-0279,EXACT_REF,1.00,RESOLVED,,2025-04-05T00:00:00Z
idm-00554,INVOICE,SHOPIFY,core.orders,ORD-279,ACCOUNTING,core.invoices,INV-0279,INVOICE_REF,1.00,RESOLVED,,2025-04-05T00:00:00Z
idm-00555,ORDER,SHOPIFY,core.orders,ORD-280,RAZORPAY,core.payments,PAY-0280,EXACT_REF,1.00,RESOLVED,,2025-04-05T00:00:00Z
idm-00556,INVOICE,SHOPIFY,core.orders,ORD-280,ACCOUNTING,core.invoices,INV-0280,INVOICE_REF,1.00,RESOLVED,,2025-04-05T00:00:00Z
idm-00557,ORDER,SHOPIFY,core.orders,ORD-282,RAZORPAY,core.payments,PAY-0282,EXACT_REF,1.00,RESOLVED,,2025-04-05T00:00:00Z
idm-00558,INVOICE,SHOPIFY,core.orders,ORD-282,ACCOUNTING,core.invoices,INV-0282,INVOICE_REF,1.00,RESOLVED,,2025-04-05T00:00:00Z
idm-00559,ORDER,SHOPIFY,core.orders,ORD-283,RAZORPAY,core.payments,PAY-0283,EXACT_REF,1.00,RESOLVED,,2025-04-05T00:00:00Z
idm-00560,INVOICE,SHOPIFY,core.orders,ORD-283,ACCOUNTING,core.invoices,INV-0283,INVOICE_REF,1.00,RESOLVED,,2025-04-05T00:00:00Z
idm-00561,ORDER,SHOPIFY,core.orders,ORD-284,RAZORPAY,core.payments,PAY-0284,EXACT_REF,1.00,RESOLVED,,2025-04-05T00:00:00Z
idm-00562,INVOICE,SHOPIFY,core.orders,ORD-284,ACCOUNTING,core.invoices,INV-0284,INVOICE_REF,1.00,RESOLVED,,2025-04-05T00:00:00Z
idm-00563,ORDER,SHOPIFY,core.orders,ORD-285,RAZORPAY,core.payments,PAY-0285,EXACT_REF,1.00,RESOLVED,,2025-04-05T00:00:00Z
idm-00564,INVOICE,SHOPIFY,core.orders,ORD-285,ACCOUNTING,core.invoices,INV-0285,INVOICE_REF,1.00,RESOLVED,,2025-04-05T00:00:00Z
idm-00565,ORDER,SHOPIFY,core.orders,ORD-286,RAZORPAY,core.payments,PAY-0286,EXACT_REF,1.00,RESOLVED,,2025-04-05T00:00:00Z
idm-00566,INVOICE,SHOPIFY,core.orders,ORD-286,ACCOUNTING,core.invoices,INV-0286,INVOICE_REF,1.00,RESOLVED,,2025-04-05T00:00:00Z
idm-00567,ORDER,SHOPIFY,core.orders,ORD-288,RAZORPAY,core.payments,PAY-0288,EXACT_REF,1.00,RESOLVED,,2025-04-05T00:00:00Z
idm-00568,INVOICE,SHOPIFY,core.orders,ORD-288,ACCOUNTING,core.invoices,INV-0288,INVOICE_REF,1.00,RESOLVED,,2025-04-05T00:00:00Z
idm-00569,ORDER,SHOPIFY,core.orders,ORD-289,RAZORPAY,core.payments,PAY-0289,EXACT_REF,1.00,RESOLVED,,2025-04-05T00:00:00Z
idm-00570,INVOICE,SHOPIFY,core.orders,ORD-289,ACCOUNTING,core.invoices,INV-0289,INVOICE_REF,1.00,RESOLVED,,2025-04-05T00:00:00Z
idm-00571,ORDER,SHOPIFY,core.orders,ORD-290,RAZORPAY,core.payments,PAY-0290,EXACT_REF,1.00,RESOLVED,,2025-04-05T00:00:00Z
idm-00572,INVOICE,SHOPIFY,core.orders,ORD-290,ACCOUNTING,core.invoices,INV-0290,INVOICE_REF,1.00,RESOLVED,,2025-04-05T00:00:00Z
idm-00573,ORDER,SHOPIFY,core.orders,ORD-291,RAZORPAY,core.payments,PAY-0291,EXACT_REF,1.00,RESOLVED,,2025-04-05T00:00:00Z
idm-00574,INVOICE,SHOPIFY,core.orders,ORD-291,ACCOUNTING,core.invoices,INV-0291,INVOICE_REF,1.00,RESOLVED,,2025-04-05T00:00:00Z
idm-00575,ORDER,SHOPIFY,core.orders,ORD-292,RAZORPAY,core.payments,PAY-0292,EXACT_REF,1.00,RESOLVED,,2025-04-05T00:00:00Z
idm-00576,INVOICE,SHOPIFY,core.orders,ORD-292,ACCOUNTING,core.invoices,INV-0292,INVOICE_REF,1.00,RESOLVED,,2025-04-05T00:00:00Z
idm-00577,ORDER,SHOPIFY,core.orders,ORD-293,RAZORPAY,core.payments,PAY-0293,EXACT_REF,1.00,RESOLVED,,2025-04-05T00:00:00Z
idm-00578,INVOICE,SHOPIFY,core.orders,ORD-293,ACCOUNTING,core.invoices,INV-0293,INVOICE_REF,1.00,RESOLVED,,2025-04-05T00:00:00Z
idm-00579,ORDER,SHOPIFY,core.orders,ORD-294,RAZORPAY,core.payments,PAY-0294,EXACT_REF,1.00,RESOLVED,,2025-04-05T00:00:00Z
idm-00580,INVOICE,SHOPIFY,core.orders,ORD-294,ACCOUNTING,core.invoices,INV-0294,INVOICE_REF,1.00,RESOLVED,,2025-04-05T00:00:00Z
idm-00581,ORDER,SHOPIFY,core.orders,ORD-295,RAZORPAY,core.payments,PAY-0295,EXACT_REF,1.00,RESOLVED,,2025-04-05T00:00:00Z
idm-00582,INVOICE,SHOPIFY,core.orders,ORD-295,ACCOUNTING,core.invoices,INV-0295,INVOICE_REF,1.00,RESOLVED,,2025-04-05T00:00:00Z
idm-00583,ORDER,SHOPIFY,core.orders,ORD-296,RAZORPAY,core.payments,PAY-0296,EXACT_REF,1.00,RESOLVED,,2025-04-05T00:00:00Z
idm-00584,INVOICE,SHOPIFY,core.orders,ORD-296,ACCOUNTING,core.invoices,INV-0296,INVOICE_REF,1.00,RESOLVED,,2025-04-05T00:00:00Z
idm-00585,ORDER,SHOPIFY,core.orders,ORD-297,RAZORPAY,core.payments,PAY-0297,EXACT_REF,1.00,RESOLVED,,2025-04-05T00:00:00Z
idm-00586,INVOICE,SHOPIFY,core.orders,ORD-297,ACCOUNTING,core.invoices,INV-0297,INVOICE_REF,1.00,RESOLVED,,2025-04-05T00:00:00Z
idm-00587,ORDER,SHOPIFY,core.orders,ORD-298,RAZORPAY,core.payments,PAY-0298,EXACT_REF,1.00,RESOLVED,,2025-04-05T00:00:00Z
idm-00588,INVOICE,SHOPIFY,core.orders,ORD-298,ACCOUNTING,core.invoices,INV-0298,INVOICE_REF,1.00,RESOLVED,,2025-04-05T00:00:00Z
idm-00589,ORDER,SHOPIFY,core.orders,ORD-299,RAZORPAY,core.payments,PAY-0299,EXACT_REF,1.00,RESOLVED,,2025-04-05T00:00:00Z
idm-00590,INVOICE,SHOPIFY,core.orders,ORD-299,ACCOUNTING,core.invoices,INV-0299,INVOICE_REF,1.00,RESOLVED,,2025-04-05T00:00:00Z
idm-00591,ORDER,SHOPIFY,core.orders,ORD-300,RAZORPAY,core.payments,PAY-0300,EXACT_REF,1.00,RESOLVED,,2025-04-05T00:00:00Z
idm-00592,INVOICE,SHOPIFY,core.orders,ORD-300,ACCOUNTING,core.invoices,INV-0300,INVOICE_REF,1.00,RESOLVED,,2025-04-05T00:00:00Z
idm-00593,ORDER,SHOPIFY,core.orders,ORD-301,RAZORPAY,core.payments,PAY-0301,EXACT_REF,1.00,RESOLVED,,2025-04-05T00:00:00Z
idm-00594,INVOICE,SHOPIFY,core.orders,ORD-301,ACCOUNTING,core.invoices,INV-0301,INVOICE_REF,1.00,RESOLVED,,2025-04-05T00:00:00Z
idm-00595,ORDER,SHOPIFY,core.orders,ORD-302,RAZORPAY,core.payments,PAY-0302,EXACT_REF,1.00,RESOLVED,,2025-04-05T00:00:00Z
idm-00596,INVOICE,SHOPIFY,core.orders,ORD-302,ACCOUNTING,core.invoices,INV-0302,INVOICE_REF,1.00,RESOLVED,,2025-04-05T00:00:00Z
idm-00597,ORDER,SHOPIFY,core.orders,ORD-303,RAZORPAY,core.payments,PAY-0303,EXACT_REF,1.00,RESOLVED,,2025-04-05T00:00:00Z
idm-00598,INVOICE,SHOPIFY,core.orders,ORD-303,ACCOUNTING,core.invoices,INV-0303,INVOICE_REF,1.00,RESOLVED,,2025-04-05T00:00:00Z
idm-00599,ORDER,SHOPIFY,core.orders,ORD-304,RAZORPAY,core.payments,PAY-0304,EXACT_REF,1.00,RESOLVED,,2025-04-05T00:00:00Z
idm-00600,INVOICE,SHOPIFY,core.orders,ORD-304,ACCOUNTING,core.invoices,INV-0304,INVOICE_REF,1.00,RESOLVED,,2025-04-05T00:00:00Z
idm-00601,ORDER,SHOPIFY,core.orders,ORD-305,RAZORPAY,core.payments,PAY-0305,EXACT_REF,1.00,RESOLVED,,2025-04-05T00:00:00Z
idm-00602,INVOICE,SHOPIFY,core.orders,ORD-305,ACCOUNTING,core.invoices,INV-0305,INVOICE_REF,1.00,RESOLVED,,2025-04-05T00:00:00Z
idm-00603,ORDER,SHOPIFY,core.orders,ORD-306,RAZORPAY,core.payments,PAY-0306,EXACT_REF,1.00,RESOLVED,,2025-04-05T00:00:00Z
idm-00604,INVOICE,SHOPIFY,core.orders,ORD-306,ACCOUNTING,core.invoices,INV-0306,INVOICE_REF,1.00,RESOLVED,,2025-04-05T00:00:00Z
idm-00605,ORDER,SHOPIFY,core.orders,ORD-307,RAZORPAY,core.payments,PAY-0307,EXACT_REF,1.00,RESOLVED,,2025-04-05T00:00:00Z
idm-00606,INVOICE,SHOPIFY,core.orders,ORD-307,ACCOUNTING,core.invoices,INV-0307,INVOICE_REF,1.00,RESOLVED,,2025-04-05T00:00:00Z
idm-00607,ORDER,SHOPIFY,core.orders,ORD-308,RAZORPAY,core.payments,PAY-0308,EXACT_REF,1.00,RESOLVED,,2025-04-05T00:00:00Z
idm-00608,INVOICE,SHOPIFY,core.orders,ORD-308,ACCOUNTING,core.invoices,INV-0308,INVOICE_REF,1.00,RESOLVED,,2025-04-05T00:00:00Z
idm-00609,ORDER,SHOPIFY,core.orders,ORD-309,RAZORPAY,core.payments,PAY-0309,EXACT_REF,1.00,RESOLVED,,2025-04-05T00:00:00Z
idm-00610,INVOICE,SHOPIFY,core.orders,ORD-309,ACCOUNTING,core.invoices,INV-0309,INVOICE_REF,1.00,RESOLVED,,2025-04-05T00:00:00Z
idm-00611,ORDER,SHOPIFY,core.orders,ORD-310,RAZORPAY,core.payments,PAY-0310,EXACT_REF,1.00,RESOLVED,,2025-04-05T00:00:00Z
idm-00612,INVOICE,SHOPIFY,core.orders,ORD-310,ACCOUNTING,core.invoices,INV-0310,INVOICE_REF,1.00,RESOLVED,,2025-04-05T00:00:00Z
idm-00613,ORDER,SHOPIFY,core.orders,ORD-311,RAZORPAY,core.payments,PAY-0311,EXACT_REF,1.00,RESOLVED,,2025-04-05T00:00:00Z
idm-00614,INVOICE,SHOPIFY,core.orders,ORD-311,ACCOUNTING,core.invoices,INV-0311,INVOICE_REF,1.00,RESOLVED,,2025-04-05T00:00:00Z
idm-00615,ORDER,SHOPIFY,core.orders,ORD-312,RAZORPAY,core.payments,PAY-0312,EXACT_REF,1.00,RESOLVED,,2025-04-05T00:00:00Z
idm-00616,INVOICE,SHOPIFY,core.orders,ORD-312,ACCOUNTING,core.invoices,INV-0312,INVOICE_REF,1.00,RESOLVED,,2025-04-05T00:00:00Z
idm-00617,ORDER,SHOPIFY,core.orders,ORD-313,RAZORPAY,core.payments,PAY-0313,EXACT_REF,1.00,RESOLVED,,2025-04-05T00:00:00Z
idm-00618,INVOICE,SHOPIFY,core.orders,ORD-313,ACCOUNTING,core.invoices,INV-0313,INVOICE_REF,1.00,RESOLVED,,2025-04-05T00:00:00Z
idm-00619,ORDER,SHOPIFY,core.orders,ORD-314,RAZORPAY,core.payments,PAY-0314,EXACT_REF,1.00,RESOLVED,,2025-04-05T00:00:00Z
idm-00620,INVOICE,SHOPIFY,core.orders,ORD-314,ACCOUNTING,core.invoices,INV-0314,INVOICE_REF,1.00,RESOLVED,,2025-04-05T00:00:00Z
idm-00621,ORDER,SHOPIFY,core.orders,ORD-315,RAZORPAY,core.payments,PAY-0315,EXACT_REF,1.00,RESOLVED,,2025-04-05T00:00:00Z
idm-00622,INVOICE,SHOPIFY,core.orders,ORD-315,ACCOUNTING,core.invoices,INV-0315,INVOICE_REF,1.00,RESOLVED,,2025-04-05T00:00:00Z
idm-00623,ORDER,SHOPIFY,core.orders,ORD-316,RAZORPAY,core.payments,PAY-0316,EXACT_REF,1.00,RESOLVED,,2025-04-05T00:00:00Z
idm-00624,INVOICE,SHOPIFY,core.orders,ORD-316,ACCOUNTING,core.invoices,INV-0316,INVOICE_REF,1.00,RESOLVED,,2025-04-05T00:00:00Z
idm-00625,ORDER,SHOPIFY,core.orders,ORD-317,RAZORPAY,core.payments,PAY-0317,EXACT_REF,1.00,RESOLVED,,2025-04-05T00:00:00Z
idm-00626,INVOICE,SHOPIFY,core.orders,ORD-317,ACCOUNTING,core.invoices,INV-0317,INVOICE_REF,1.00,RESOLVED,,2025-04-05T00:00:00Z
idm-00627,ORDER,SHOPIFY,core.orders,ORD-318,RAZORPAY,core.payments,PAY-0318,EXACT_REF,1.00,RESOLVED,,2025-04-05T00:00:00Z
idm-00628,INVOICE,SHOPIFY,core.orders,ORD-318,ACCOUNTING,core.invoices,INV-0318,INVOICE_REF,1.00,RESOLVED,,2025-04-05T00:00:00Z
idm-00629,ORDER,SHOPIFY,core.orders,ORD-319,RAZORPAY,core.payments,PAY-0319,EXACT_REF,1.00,RESOLVED,,2025-04-05T00:00:00Z
idm-00630,INVOICE,SHOPIFY,core.orders,ORD-319,ACCOUNTING,core.invoices,INV-0319,INVOICE_REF,1.00,RESOLVED,,2025-04-05T00:00:00Z
idm-00631,ORDER,SHOPIFY,core.orders,ORD-320,RAZORPAY,core.payments,PAY-0320,EXACT_REF,1.00,RESOLVED,,2025-04-05T00:00:00Z
idm-00632,INVOICE,SHOPIFY,core.orders,ORD-320,ACCOUNTING,core.invoices,INV-0320,INVOICE_REF,1.00,RESOLVED,,2025-04-05T00:00:00Z
idm-00633,ORDER,SHOPIFY,core.orders,ORD-321,RAZORPAY,core.payments,PAY-0321,EXACT_REF,1.00,RESOLVED,,2025-04-05T00:00:00Z
idm-00634,INVOICE,SHOPIFY,core.orders,ORD-321,ACCOUNTING,core.invoices,INV-0321,INVOICE_REF,1.00,RESOLVED,,2025-04-05T00:00:00Z
idm-00635,ORDER,SHOPIFY,core.orders,ORD-322,RAZORPAY,core.payments,PAY-0322,EXACT_REF,1.00,RESOLVED,,2025-04-05T00:00:00Z
idm-00636,INVOICE,SHOPIFY,core.orders,ORD-322,ACCOUNTING,core.invoices,INV-0322,INVOICE_REF,1.00,RESOLVED,,2025-04-05T00:00:00Z
idm-00637,ORDER,SHOPIFY,core.orders,ORD-323,RAZORPAY,core.payments,PAY-0323,EXACT_REF,1.00,RESOLVED,,2025-04-05T00:00:00Z
idm-00638,INVOICE,SHOPIFY,core.orders,ORD-323,ACCOUNTING,core.invoices,INV-0323,INVOICE_REF,1.00,RESOLVED,,2025-04-05T00:00:00Z
idm-00639,ORDER,SHOPIFY,core.orders,ORD-324,RAZORPAY,core.payments,PAY-0324,EXACT_REF,1.00,RESOLVED,,2025-04-05T00:00:00Z
idm-00640,INVOICE,SHOPIFY,core.orders,ORD-324,ACCOUNTING,core.invoices,INV-0324,INVOICE_REF,1.00,RESOLVED,,2025-04-05T00:00:00Z
idm-00641,ORDER,SHOPIFY,core.orders,ORD-325,RAZORPAY,core.payments,PAY-0325,EXACT_REF,1.00,RESOLVED,,2025-04-05T00:00:00Z
idm-00642,INVOICE,SHOPIFY,core.orders,ORD-325,ACCOUNTING,core.invoices,INV-0325,INVOICE_REF,1.00,RESOLVED,,2025-04-05T00:00:00Z
idm-00643,ORDER,SHOPIFY,core.orders,ORD-326,RAZORPAY,core.payments,PAY-0326,EXACT_REF,1.00,RESOLVED,,2025-04-05T00:00:00Z
idm-00644,INVOICE,SHOPIFY,core.orders,ORD-326,ACCOUNTING,core.invoices,INV-0326,INVOICE_REF,1.00,RESOLVED,,2025-04-05T00:00:00Z
idm-00645,ORDER,SHOPIFY,core.orders,ORD-327,RAZORPAY,core.payments,PAY-0327,EXACT_REF,1.00,RESOLVED,,2025-04-05T00:00:00Z
idm-00646,INVOICE,SHOPIFY,core.orders,ORD-327,ACCOUNTING,core.invoices,INV-0327,INVOICE_REF,1.00,RESOLVED,,2025-04-05T00:00:00Z
idm-00647,ORDER,SHOPIFY,core.orders,ORD-328,RAZORPAY,core.payments,PAY-0328,EXACT_REF,1.00,RESOLVED,,2025-04-05T00:00:00Z
idm-00648,INVOICE,SHOPIFY,core.orders,ORD-328,ACCOUNTING,core.invoices,INV-0328,INVOICE_REF,1.00,RESOLVED,,2025-04-05T00:00:00Z
idm-00649,ORDER,SHOPIFY,core.orders,ORD-329,RAZORPAY,core.payments,PAY-0329,EXACT_REF,1.00,RESOLVED,,2025-04-05T00:00:00Z
idm-00650,INVOICE,SHOPIFY,core.orders,ORD-329,ACCOUNTING,core.invoices,INV-0329,INVOICE_REF,1.00,RESOLVED,,2025-04-05T00:00:00Z
idm-00651,ORDER,SHOPIFY,core.orders,ORD-330,RAZORPAY,core.payments,PAY-0330,EXACT_REF,1.00,RESOLVED,,2025-04-05T00:00:00Z
idm-00652,INVOICE,SHOPIFY,core.orders,ORD-330,ACCOUNTING,core.invoices,INV-0330,INVOICE_REF,1.00,RESOLVED,,2025-04-05T00:00:00Z
idm-00653,ORDER,SHOPIFY,core.orders,ORD-331,RAZORPAY,core.payments,PAY-0331,EXACT_REF,1.00,RESOLVED,,2025-04-05T00:00:00Z
idm-00654,INVOICE,SHOPIFY,core.orders,ORD-331,ACCOUNTING,core.invoices,INV-0331,INVOICE_REF,1.00,RESOLVED,,2025-04-05T00:00:00Z
idm-00655,ORDER,SHOPIFY,core.orders,ORD-332,RAZORPAY,core.payments,PAY-0332,EXACT_REF,1.00,RESOLVED,,2025-04-05T00:00:00Z
idm-00656,INVOICE,SHOPIFY,core.orders,ORD-332,ACCOUNTING,core.invoices,INV-0332,INVOICE_REF,1.00,RESOLVED,,2025-04-05T00:00:00Z
idm-00657,ORDER,SHOPIFY,core.orders,ORD-333,RAZORPAY,core.payments,PAY-0333,EXACT_REF,1.00,RESOLVED,,2025-04-05T00:00:00Z
idm-00658,INVOICE,SHOPIFY,core.orders,ORD-333,ACCOUNTING,core.invoices,INV-0333,INVOICE_REF,1.00,RESOLVED,,2025-04-05T00:00:00Z
idm-00659,ORDER,SHOPIFY,core.orders,ORD-334,RAZORPAY,core.payments,PAY-0334,EXACT_REF,1.00,RESOLVED,,2025-04-05T00:00:00Z
idm-00660,INVOICE,SHOPIFY,core.orders,ORD-334,ACCOUNTING,core.invoices,INV-0334,INVOICE_REF,1.00,RESOLVED,,2025-04-05T00:00:00Z
idm-00661,ORDER,SHOPIFY,core.orders,ORD-335,RAZORPAY,core.payments,PAY-0335,EXACT_REF,1.00,RESOLVED,,2025-04-05T00:00:00Z
idm-00662,INVOICE,SHOPIFY,core.orders,ORD-335,ACCOUNTING,core.invoices,INV-0335,INVOICE_REF,1.00,RESOLVED,,2025-04-05T00:00:00Z
idm-00663,ORDER,SHOPIFY,core.orders,ORD-336,RAZORPAY,core.payments,PAY-0336,EXACT_REF,1.00,RESOLVED,,2025-04-05T00:00:00Z
idm-00664,INVOICE,SHOPIFY,core.orders,ORD-336,ACCOUNTING,core.invoices,INV-0336,INVOICE_REF,1.00,RESOLVED,,2025-04-05T00:00:00Z
idm-00665,ORDER,SHOPIFY,core.orders,ORD-337,RAZORPAY,core.payments,PAY-0337,EXACT_REF,1.00,RESOLVED,,2025-04-05T00:00:00Z
idm-00666,INVOICE,SHOPIFY,core.orders,ORD-337,ACCOUNTING,core.invoices,INV-0337,INVOICE_REF,1.00,RESOLVED,,2025-04-05T00:00:00Z
idm-00667,ORDER,SHOPIFY,core.orders,ORD-338,RAZORPAY,core.payments,PAY-0338,EXACT_REF,1.00,RESOLVED,,2025-04-05T00:00:00Z
idm-00668,INVOICE,SHOPIFY,core.orders,ORD-338,ACCOUNTING,core.invoices,INV-0338,INVOICE_REF,1.00,RESOLVED,,2025-04-05T00:00:00Z
idm-00669,ORDER,SHOPIFY,core.orders,ORD-339,RAZORPAY,core.payments,PAY-0339,EXACT_REF,1.00,RESOLVED,,2025-04-05T00:00:00Z
idm-00670,INVOICE,SHOPIFY,core.orders,ORD-339,ACCOUNTING,core.invoices,INV-0339,INVOICE_REF,1.00,RESOLVED,,2025-04-05T00:00:00Z
idm-00671,ORDER,SHOPIFY,core.orders,ORD-340,RAZORPAY,core.payments,PAY-0340,EXACT_REF,1.00,RESOLVED,,2025-04-05T00:00:00Z
idm-00672,INVOICE,SHOPIFY,core.orders,ORD-340,ACCOUNTING,core.invoices,INV-0340,INVOICE_REF,1.00,RESOLVED,,2025-04-05T00:00:00Z
idm-00673,ORDER,SHOPIFY,core.orders,ORD-341,RAZORPAY,core.payments,PAY-0341,EXACT_REF,1.00,RESOLVED,,2025-04-05T00:00:00Z
idm-00674,INVOICE,SHOPIFY,core.orders,ORD-341,ACCOUNTING,core.invoices,INV-0341,INVOICE_REF,1.00,RESOLVED,,2025-04-05T00:00:00Z
idm-00675,ORDER,SHOPIFY,core.orders,ORD-342,RAZORPAY,core.payments,PAY-0342,EXACT_REF,1.00,RESOLVED,,2025-04-05T00:00:00Z
idm-00676,INVOICE,SHOPIFY,core.orders,ORD-342,ACCOUNTING,core.invoices,INV-0342,INVOICE_REF,1.00,RESOLVED,,2025-04-05T00:00:00Z
idm-00677,ORDER,SHOPIFY,core.orders,ORD-343,RAZORPAY,core.payments,PAY-0343,EXACT_REF,1.00,RESOLVED,,2025-04-05T00:00:00Z
idm-00678,INVOICE,SHOPIFY,core.orders,ORD-343,ACCOUNTING,core.invoices,INV-0343,INVOICE_REF,1.00,RESOLVED,,2025-04-05T00:00:00Z
idm-00679,ORDER,SHOPIFY,core.orders,ORD-344,RAZORPAY,core.payments,PAY-0344,EXACT_REF,1.00,RESOLVED,,2025-04-05T00:00:00Z
idm-00680,INVOICE,SHOPIFY,core.orders,ORD-344,ACCOUNTING,core.invoices,INV-0344,INVOICE_REF,1.00,RESOLVED,,2025-04-05T00:00:00Z
idm-00681,ORDER,SHOPIFY,core.orders,ORD-345,RAZORPAY,core.payments,PAY-0345,EXACT_REF,1.00,RESOLVED,,2025-04-05T00:00:00Z
idm-00682,INVOICE,SHOPIFY,core.orders,ORD-345,ACCOUNTING,core.invoices,INV-0345,INVOICE_REF,1.00,RESOLVED,,2025-04-05T00:00:00Z
idm-00683,ORDER,SHOPIFY,core.orders,ORD-346,RAZORPAY,core.payments,PAY-0346,EXACT_REF,1.00,RESOLVED,,2025-04-05T00:00:00Z
idm-00684,INVOICE,SHOPIFY,core.orders,ORD-346,ACCOUNTING,core.invoices,INV-0346,INVOICE_REF,1.00,RESOLVED,,2025-04-05T00:00:00Z
idm-00685,ORDER,SHOPIFY,core.orders,ORD-347,RAZORPAY,core.payments,PAY-0347,EXACT_REF,1.00,RESOLVED,,2025-04-05T00:00:00Z
idm-00686,INVOICE,SHOPIFY,core.orders,ORD-347,ACCOUNTING,core.invoices,INV-0347,INVOICE_REF,1.00,RESOLVED,,2025-04-05T00:00:00Z
idm-00687,ORDER,SHOPIFY,core.orders,ORD-348,RAZORPAY,core.payments,PAY-0348,EXACT_REF,1.00,RESOLVED,,2025-04-05T00:00:00Z
idm-00688,INVOICE,SHOPIFY,core.orders,ORD-348,ACCOUNTING,core.invoices,INV-0348,INVOICE_REF,1.00,RESOLVED,,2025-04-05T00:00:00Z
idm-00689,ORDER,SHOPIFY,core.orders,ORD-349,RAZORPAY,core.payments,PAY-0349,EXACT_REF,1.00,RESOLVED,,2025-04-05T00:00:00Z
idm-00690,INVOICE,SHOPIFY,core.orders,ORD-349,ACCOUNTING,core.invoices,INV-0349,INVOICE_REF,1.00,RESOLVED,,2025-04-05T00:00:00Z
idm-00691,ORDER,SHOPIFY,core.orders,ORD-350,RAZORPAY,core.payments,PAY-0350,EXACT_REF,1.00,RESOLVED,,2025-04-05T00:00:00Z
idm-00692,INVOICE,SHOPIFY,core.orders,ORD-350,ACCOUNTING,core.invoices,INV-0350,INVOICE_REF,1.00,RESOLVED,,2025-04-05T00:00:00Z
idm-00693,ORDER,SHOPIFY,core.orders,ORD-351,RAZORPAY,core.payments,PAY-0351,EXACT_REF,1.00,RESOLVED,,2025-04-05T00:00:00Z
idm-00694,INVOICE,SHOPIFY,core.orders,ORD-351,ACCOUNTING,core.invoices,INV-0351,INVOICE_REF,1.00,RESOLVED,,2025-04-05T00:00:00Z
idm-00695,ORDER,SHOPIFY,core.orders,ORD-352,RAZORPAY,core.payments,PAY-0352,EXACT_REF,1.00,RESOLVED,,2025-04-05T00:00:00Z
idm-00696,INVOICE,SHOPIFY,core.orders,ORD-352,ACCOUNTING,core.invoices,INV-0352,INVOICE_REF,1.00,RESOLVED,,2025-04-05T00:00:00Z
idm-00697,ORDER,SHOPIFY,core.orders,ORD-353,RAZORPAY,core.payments,PAY-0353,EXACT_REF,1.00,RESOLVED,,2025-04-05T00:00:00Z
idm-00698,INVOICE,SHOPIFY,core.orders,ORD-353,ACCOUNTING,core.invoices,INV-0353,INVOICE_REF,1.00,RESOLVED,,2025-04-05T00:00:00Z
idm-00699,ORDER,SHOPIFY,core.orders,ORD-354,RAZORPAY,core.payments,PAY-0354,EXACT_REF,1.00,RESOLVED,,2025-04-05T00:00:00Z
idm-00700,INVOICE,SHOPIFY,core.orders,ORD-354,ACCOUNTING,core.invoices,INV-0354,INVOICE_REF,1.00,RESOLVED,,2025-04-05T00:00:00Z
idm-00701,ORDER,SHOPIFY,core.orders,ORD-355,RAZORPAY,core.payments,PAY-0355,EXACT_REF,1.00,RESOLVED,,2025-04-05T00:00:00Z
idm-00702,INVOICE,SHOPIFY,core.orders,ORD-355,ACCOUNTING,core.invoices,INV-0355,INVOICE_REF,1.00,RESOLVED,,2025-04-05T00:00:00Z
idm-00703,ORDER,SHOPIFY,core.orders,ORD-356,RAZORPAY,core.payments,PAY-0356,EXACT_REF,1.00,RESOLVED,,2025-04-05T00:00:00Z
idm-00704,INVOICE,SHOPIFY,core.orders,ORD-356,ACCOUNTING,core.invoices,INV-0356,INVOICE_REF,1.00,RESOLVED,,2025-04-05T00:00:00Z
idm-00705,ORDER,SHOPIFY,core.orders,ORD-358,RAZORPAY,core.payments,PAY-0358,EXACT_REF,1.00,RESOLVED,,2025-04-05T00:00:00Z
idm-00706,INVOICE,SHOPIFY,core.orders,ORD-358,ACCOUNTING,core.invoices,INV-0358,INVOICE_REF,1.00,RESOLVED,,2025-04-05T00:00:00Z
idm-00707,ORDER,SHOPIFY,core.orders,ORD-359,RAZORPAY,core.payments,PAY-0359,EXACT_REF,1.00,RESOLVED,,2025-04-05T00:00:00Z
idm-00708,INVOICE,SHOPIFY,core.orders,ORD-359,ACCOUNTING,core.invoices,INV-0359,INVOICE_REF,1.00,RESOLVED,,2025-04-05T00:00:00Z
idm-00709,ORDER,SHOPIFY,core.orders,ORD-360,RAZORPAY,core.payments,PAY-0360,EXACT_REF,1.00,RESOLVED,,2025-04-05T00:00:00Z
idm-00710,INVOICE,SHOPIFY,core.orders,ORD-360,ACCOUNTING,core.invoices,INV-0360,INVOICE_REF,1.00,RESOLVED,,2025-04-05T00:00:00Z
idm-00711,ORDER,SHOPIFY,core.orders,ORD-361,RAZORPAY,core.payments,PAY-0361,EXACT_REF,1.00,RESOLVED,,2025-04-05T00:00:00Z
idm-00712,INVOICE,SHOPIFY,core.orders,ORD-361,ACCOUNTING,core.invoices,INV-0361,INVOICE_REF,1.00,RESOLVED,,2025-04-05T00:00:00Z
idm-00713,ORDER,SHOPIFY,core.orders,ORD-362,RAZORPAY,core.payments,PAY-0362,EXACT_REF,1.00,RESOLVED,,2025-04-05T00:00:00Z
idm-00714,INVOICE,SHOPIFY,core.orders,ORD-362,ACCOUNTING,core.invoices,INV-0362,INVOICE_REF,1.00,RESOLVED,,2025-04-05T00:00:00Z
idm-00715,ORDER,SHOPIFY,core.orders,ORD-363,RAZORPAY,core.payments,PAY-0363,EXACT_REF,1.00,RESOLVED,,2025-04-05T00:00:00Z
idm-00716,INVOICE,SHOPIFY,core.orders,ORD-363,ACCOUNTING,core.invoices,INV-0363,INVOICE_REF,1.00,RESOLVED,,2025-04-05T00:00:00Z
idm-00717,ORDER,SHOPIFY,core.orders,ORD-364,RAZORPAY,core.payments,PAY-0364,EXACT_REF,1.00,RESOLVED,,2025-04-05T00:00:00Z
idm-00718,INVOICE,SHOPIFY,core.orders,ORD-364,ACCOUNTING,core.invoices,INV-0364,INVOICE_REF,1.00,RESOLVED,,2025-04-05T00:00:00Z
idm-00719,ORDER,SHOPIFY,core.orders,ORD-366,RAZORPAY,core.payments,PAY-0366,EXACT_REF,1.00,RESOLVED,,2025-04-05T00:00:00Z
idm-00720,INVOICE,SHOPIFY,core.orders,ORD-366,ACCOUNTING,core.invoices,INV-0366,INVOICE_REF,1.00,RESOLVED,,2025-04-05T00:00:00Z
idm-00721,ORDER,SHOPIFY,core.orders,ORD-367,RAZORPAY,core.payments,PAY-0367,EXACT_REF,1.00,RESOLVED,,2025-04-05T00:00:00Z
idm-00722,INVOICE,SHOPIFY,core.orders,ORD-367,ACCOUNTING,core.invoices,INV-0367,INVOICE_REF,1.00,RESOLVED,,2025-04-05T00:00:00Z
idm-00723,ORDER,SHOPIFY,core.orders,ORD-368,RAZORPAY,core.payments,PAY-0368,EXACT_REF,1.00,RESOLVED,,2025-04-05T00:00:00Z
idm-00724,INVOICE,SHOPIFY,core.orders,ORD-368,ACCOUNTING,core.invoices,INV-0368,INVOICE_REF,1.00,RESOLVED,,2025-04-05T00:00:00Z
idm-00725,ORDER,SHOPIFY,core.orders,ORD-369,RAZORPAY,core.payments,PAY-0369,EXACT_REF,1.00,RESOLVED,,2025-04-05T00:00:00Z
idm-00726,INVOICE,SHOPIFY,core.orders,ORD-369,ACCOUNTING,core.invoices,INV-0369,INVOICE_REF,1.00,RESOLVED,,2025-04-05T00:00:00Z
idm-00727,ORDER,SHOPIFY,core.orders,ORD-370,RAZORPAY,core.payments,PAY-0370,EXACT_REF,1.00,RESOLVED,,2025-04-05T00:00:00Z
idm-00728,INVOICE,SHOPIFY,core.orders,ORD-370,ACCOUNTING,core.invoices,INV-0370,INVOICE_REF,1.00,RESOLVED,,2025-04-05T00:00:00Z
idm-00729,ORDER,SHOPIFY,core.orders,ORD-371,RAZORPAY,core.payments,PAY-0371,EXACT_REF,1.00,RESOLVED,,2025-04-05T00:00:00Z
idm-00730,INVOICE,SHOPIFY,core.orders,ORD-371,ACCOUNTING,core.invoices,INV-0371,INVOICE_REF,1.00,RESOLVED,,2025-04-05T00:00:00Z
idm-00731,ORDER,SHOPIFY,core.orders,ORD-372,RAZORPAY,core.payments,PAY-0372,EXACT_REF,1.00,RESOLVED,,2025-04-05T00:00:00Z
idm-00732,INVOICE,SHOPIFY,core.orders,ORD-372,ACCOUNTING,core.invoices,INV-0372,INVOICE_REF,1.00,RESOLVED,,2025-04-05T00:00:00Z
idm-00733,ORDER,SHOPIFY,core.orders,ORD-373,RAZORPAY,core.payments,PAY-0373,EXACT_REF,1.00,RESOLVED,,2025-04-05T00:00:00Z
idm-00734,INVOICE,SHOPIFY,core.orders,ORD-373,ACCOUNTING,core.invoices,INV-0373,INVOICE_REF,1.00,RESOLVED,,2025-04-05T00:00:00Z
idm-00735,ORDER,SHOPIFY,core.orders,ORD-374,RAZORPAY,core.payments,PAY-0374,EXACT_REF,1.00,RESOLVED,,2025-04-05T00:00:00Z
idm-00736,INVOICE,SHOPIFY,core.orders,ORD-374,ACCOUNTING,core.invoices,INV-0374,INVOICE_REF,1.00,RESOLVED,,2025-04-05T00:00:00Z
idm-00737,ORDER,SHOPIFY,core.orders,ORD-375,RAZORPAY,core.payments,PAY-0375,EXACT_REF,1.00,RESOLVED,,2025-04-05T00:00:00Z
idm-00738,INVOICE,SHOPIFY,core.orders,ORD-375,ACCOUNTING,core.invoices,INV-0375,INVOICE_REF,1.00,RESOLVED,,2025-04-05T00:00:00Z
idm-00739,ORDER,SHOPIFY,core.orders,ORD-376,RAZORPAY,core.payments,PAY-0376,EXACT_REF,1.00,RESOLVED,,2025-04-05T00:00:00Z
idm-00740,INVOICE,SHOPIFY,core.orders,ORD-376,ACCOUNTING,core.invoices,INV-0376,INVOICE_REF,1.00,RESOLVED,,2025-04-05T00:00:00Z
idm-00741,ORDER,SHOPIFY,core.orders,ORD-377,RAZORPAY,core.payments,PAY-0377,EXACT_REF,1.00,RESOLVED,,2025-04-05T00:00:00Z
idm-00742,INVOICE,SHOPIFY,core.orders,ORD-377,ACCOUNTING,core.invoices,INV-0377,INVOICE_REF,1.00,RESOLVED,,2025-04-05T00:00:00Z
idm-00743,ORDER,SHOPIFY,core.orders,ORD-378,RAZORPAY,core.payments,PAY-0378,EXACT_REF,1.00,RESOLVED,,2025-04-05T00:00:00Z
idm-00744,INVOICE,SHOPIFY,core.orders,ORD-378,ACCOUNTING,core.invoices,INV-0378,INVOICE_REF,1.00,RESOLVED,,2025-04-05T00:00:00Z
idm-00745,ORDER,SHOPIFY,core.orders,ORD-379,RAZORPAY,core.payments,PAY-0379,EXACT_REF,1.00,RESOLVED,,2025-04-05T00:00:00Z
idm-00746,INVOICE,SHOPIFY,core.orders,ORD-379,ACCOUNTING,core.invoices,INV-0379,INVOICE_REF,1.00,RESOLVED,,2025-04-05T00:00:00Z
idm-00747,ORDER,SHOPIFY,core.orders,ORD-380,RAZORPAY,core.payments,PAY-0380,EXACT_REF,1.00,RESOLVED,,2025-04-05T00:00:00Z
idm-00748,INVOICE,SHOPIFY,core.orders,ORD-380,ACCOUNTING,core.invoices,INV-0380,INVOICE_REF,1.00,RESOLVED,,2025-04-05T00:00:00Z
idm-00749,ORDER,SHOPIFY,core.orders,ORD-381,RAZORPAY,core.payments,PAY-0381,EXACT_REF,1.00,RESOLVED,,2025-04-05T00:00:00Z
idm-00750,INVOICE,SHOPIFY,core.orders,ORD-381,ACCOUNTING,core.invoices,INV-0381,INVOICE_REF,1.00,RESOLVED,,2025-04-05T00:00:00Z
idm-00751,ORDER,SHOPIFY,core.orders,ORD-382,RAZORPAY,core.payments,PAY-0382,EXACT_REF,1.00,RESOLVED,,2025-04-05T00:00:00Z
idm-00752,INVOICE,SHOPIFY,core.orders,ORD-382,ACCOUNTING,core.invoices,INV-0382,INVOICE_REF,1.00,RESOLVED,,2025-04-05T00:00:00Z
idm-00753,ORDER,SHOPIFY,core.orders,ORD-383,RAZORPAY,core.payments,PAY-0383,EXACT_REF,1.00,RESOLVED,,2025-04-05T00:00:00Z
idm-00754,INVOICE,SHOPIFY,core.orders,ORD-383,ACCOUNTING,core.invoices,INV-0383,INVOICE_REF,1.00,RESOLVED,,2025-04-05T00:00:00Z
idm-00755,ORDER,SHOPIFY,core.orders,ORD-384,RAZORPAY,core.payments,PAY-0384,EXACT_REF,1.00,RESOLVED,,2025-04-05T00:00:00Z
idm-00756,INVOICE,SHOPIFY,core.orders,ORD-384,ACCOUNTING,core.invoices,INV-0384,INVOICE_REF,1.00,RESOLVED,,2025-04-05T00:00:00Z
idm-00757,ORDER,SHOPIFY,core.orders,ORD-385,RAZORPAY,core.payments,PAY-0385,EXACT_REF,1.00,RESOLVED,,2025-04-05T00:00:00Z
idm-00758,INVOICE,SHOPIFY,core.orders,ORD-385,ACCOUNTING,core.invoices,INV-0385,INVOICE_REF,1.00,RESOLVED,,2025-04-05T00:00:00Z
idm-00759,ORDER,SHOPIFY,core.orders,ORD-386,RAZORPAY,core.payments,PAY-0386,EXACT_REF,1.00,RESOLVED,,2025-04-05T00:00:00Z
idm-00760,INVOICE,SHOPIFY,core.orders,ORD-386,ACCOUNTING,core.invoices,INV-0386,INVOICE_REF,1.00,RESOLVED,,2025-04-05T00:00:00Z
idm-00761,ORDER,SHOPIFY,core.orders,ORD-387,RAZORPAY,core.payments,PAY-0387,EXACT_REF,1.00,RESOLVED,,2025-04-05T00:00:00Z
idm-00762,INVOICE,SHOPIFY,core.orders,ORD-387,ACCOUNTING,core.invoices,INV-0387,INVOICE_REF,1.00,RESOLVED,,2025-04-05T00:00:00Z
idm-00763,ORDER,SHOPIFY,core.orders,ORD-388,RAZORPAY,core.payments,PAY-0388,EXACT_REF,1.00,RESOLVED,,2025-04-05T00:00:00Z
idm-00764,INVOICE,SHOPIFY,core.orders,ORD-388,ACCOUNTING,core.invoices,INV-0388,INVOICE_REF,1.00,RESOLVED,,2025-04-05T00:00:00Z
idm-00765,ORDER,SHOPIFY,core.orders,ORD-389,RAZORPAY,core.payments,PAY-0389,EXACT_REF,1.00,RESOLVED,,2025-04-05T00:00:00Z
idm-00766,INVOICE,SHOPIFY,core.orders,ORD-389,ACCOUNTING,core.invoices,INV-0389,INVOICE_REF,1.00,RESOLVED,,2025-04-05T00:00:00Z
idm-00767,ORDER,SHOPIFY,core.orders,ORD-390,RAZORPAY,core.payments,PAY-0390,EXACT_REF,1.00,RESOLVED,,2025-04-05T00:00:00Z
idm-00768,INVOICE,SHOPIFY,core.orders,ORD-390,ACCOUNTING,core.invoices,INV-0390,INVOICE_REF,1.00,RESOLVED,,2025-04-05T00:00:00Z
idm-00769,ORDER,SHOPIFY,core.orders,ORD-391,RAZORPAY,core.payments,PAY-0391,EXACT_REF,1.00,RESOLVED,,2025-04-05T00:00:00Z
idm-00770,INVOICE,SHOPIFY,core.orders,ORD-391,ACCOUNTING,core.invoices,INV-0391,INVOICE_REF,1.00,RESOLVED,,2025-04-05T00:00:00Z
idm-00771,ORDER,SHOPIFY,core.orders,ORD-392,RAZORPAY,core.payments,PAY-0392,EXACT_REF,1.00,RESOLVED,,2025-04-05T00:00:00Z
idm-00772,INVOICE,SHOPIFY,core.orders,ORD-392,ACCOUNTING,core.invoices,INV-0392,INVOICE_REF,1.00,RESOLVED,,2025-04-05T00:00:00Z
idm-00773,ORDER,SHOPIFY,core.orders,ORD-393,RAZORPAY,core.payments,PAY-0393,EXACT_REF,1.00,RESOLVED,,2025-04-05T00:00:00Z
idm-00774,INVOICE,SHOPIFY,core.orders,ORD-393,ACCOUNTING,core.invoices,INV-0393,INVOICE_REF,1.00,RESOLVED,,2025-04-05T00:00:00Z
idm-00775,ORDER,SHOPIFY,core.orders,ORD-394,RAZORPAY,core.payments,PAY-0394,EXACT_REF,1.00,RESOLVED,,2025-04-05T00:00:00Z
idm-00776,INVOICE,SHOPIFY,core.orders,ORD-394,ACCOUNTING,core.invoices,INV-0394,INVOICE_REF,1.00,RESOLVED,,2025-04-05T00:00:00Z
idm-00777,ORDER,SHOPIFY,core.orders,ORD-395,RAZORPAY,core.payments,PAY-0395,EXACT_REF,1.00,RESOLVED,,2025-04-05T00:00:00Z
idm-00778,INVOICE,SHOPIFY,core.orders,ORD-395,ACCOUNTING,core.invoices,INV-0395,INVOICE_REF,1.00,RESOLVED,,2025-04-05T00:00:00Z
idm-00779,ORDER,SHOPIFY,core.orders,ORD-396,RAZORPAY,core.payments,PAY-0396,EXACT_REF,1.00,RESOLVED,,2025-04-05T00:00:00Z
idm-00780,INVOICE,SHOPIFY,core.orders,ORD-396,ACCOUNTING,core.invoices,INV-0396,INVOICE_REF,1.00,RESOLVED,,2025-04-05T00:00:00Z
idm-00781,ORDER,SHOPIFY,core.orders,ORD-398,RAZORPAY,core.payments,PAY-0398,EXACT_REF,1.00,RESOLVED,,2025-04-05T00:00:00Z
idm-00782,INVOICE,SHOPIFY,core.orders,ORD-398,ACCOUNTING,core.invoices,INV-0398,INVOICE_REF,1.00,RESOLVED,,2025-04-05T00:00:00Z
idm-00783,ORDER,SHOPIFY,core.orders,ORD-399,RAZORPAY,core.payments,PAY-0399,EXACT_REF,1.00,RESOLVED,,2025-04-05T00:00:00Z
idm-00784,INVOICE,SHOPIFY,core.orders,ORD-399,ACCOUNTING,core.invoices,INV-0399,INVOICE_REF,1.00,RESOLVED,,2025-04-05T00:00:00Z
idm-00785,ORDER,SHOPIFY,core.orders,ORD-400,RAZORPAY,core.payments,PAY-0400,EXACT_REF,1.00,RESOLVED,,2025-04-05T00:00:00Z
idm-00786,INVOICE,SHOPIFY,core.orders,ORD-400,ACCOUNTING,core.invoices,INV-0400,INVOICE_REF,1.00,RESOLVED,,2025-04-05T00:00:00Z
idm-00787,ORDER,SHOPIFY,core.orders,ORD-401,RAZORPAY,core.payments,PAY-0401,EXACT_REF,1.00,RESOLVED,,2025-04-05T00:00:00Z
idm-00788,INVOICE,SHOPIFY,core.orders,ORD-401,ACCOUNTING,core.invoices,INV-0401,INVOICE_REF,1.00,RESOLVED,,2025-04-05T00:00:00Z
idm-00789,ORDER,SHOPIFY,core.orders,ORD-402,RAZORPAY,core.payments,PAY-0402,EXACT_REF,1.00,RESOLVED,,2025-04-05T00:00:00Z
idm-00790,INVOICE,SHOPIFY,core.orders,ORD-402,ACCOUNTING,core.invoices,INV-0402,INVOICE_REF,1.00,RESOLVED,,2025-04-05T00:00:00Z
idm-00791,ORDER,SHOPIFY,core.orders,ORD-403,RAZORPAY,core.payments,PAY-0403,EXACT_REF,1.00,RESOLVED,,2025-04-05T00:00:00Z
idm-00792,INVOICE,SHOPIFY,core.orders,ORD-403,ACCOUNTING,core.invoices,INV-0403,INVOICE_REF,1.00,RESOLVED,,2025-04-05T00:00:00Z
idm-00793,ORDER,SHOPIFY,core.orders,ORD-404,RAZORPAY,core.payments,PAY-0404,EXACT_REF,1.00,RESOLVED,,2025-04-05T00:00:00Z
idm-00794,INVOICE,SHOPIFY,core.orders,ORD-404,ACCOUNTING,core.invoices,INV-0404,INVOICE_REF,1.00,RESOLVED,,2025-04-05T00:00:00Z
idm-00795,ORDER,SHOPIFY,core.orders,ORD-405,RAZORPAY,core.payments,PAY-0405,EXACT_REF,1.00,RESOLVED,,2025-04-05T00:00:00Z
idm-00796,INVOICE,SHOPIFY,core.orders,ORD-405,ACCOUNTING,core.invoices,INV-0405,INVOICE_REF,1.00,RESOLVED,,2025-04-05T00:00:00Z
idm-00797,ORDER,SHOPIFY,core.orders,ORD-406,RAZORPAY,core.payments,PAY-0406,EXACT_REF,1.00,RESOLVED,,2025-04-05T00:00:00Z
idm-00798,INVOICE,SHOPIFY,core.orders,ORD-406,ACCOUNTING,core.invoices,INV-0406,INVOICE_REF,1.00,RESOLVED,,2025-04-05T00:00:00Z
idm-00799,ORDER,SHOPIFY,core.orders,ORD-407,RAZORPAY,core.payments,PAY-0407,EXACT_REF,1.00,RESOLVED,,2025-04-05T00:00:00Z
idm-00800,INVOICE,SHOPIFY,core.orders,ORD-407,ACCOUNTING,core.invoices,INV-0407,INVOICE_REF,1.00,RESOLVED,,2025-04-05T00:00:00Z
idm-00801,ORDER,SHOPIFY,core.orders,ORD-408,RAZORPAY,core.payments,PAY-0408,EXACT_REF,1.00,RESOLVED,,2025-04-05T00:00:00Z
idm-00802,INVOICE,SHOPIFY,core.orders,ORD-408,ACCOUNTING,core.invoices,INV-0408,INVOICE_REF,1.00,RESOLVED,,2025-04-05T00:00:00Z
idm-00803,ORDER,SHOPIFY,core.orders,ORD-409,RAZORPAY,core.payments,PAY-0409,EXACT_REF,1.00,RESOLVED,,2025-04-05T00:00:00Z
idm-00804,INVOICE,SHOPIFY,core.orders,ORD-409,ACCOUNTING,core.invoices,INV-0409,INVOICE_REF,1.00,RESOLVED,,2025-04-05T00:00:00Z
idm-00805,ORDER,SHOPIFY,core.orders,ORD-410,RAZORPAY,core.payments,PAY-0410,EXACT_REF,1.00,RESOLVED,,2025-04-05T00:00:00Z
idm-00806,INVOICE,SHOPIFY,core.orders,ORD-410,ACCOUNTING,core.invoices,INV-0410,INVOICE_REF,1.00,RESOLVED,,2025-04-05T00:00:00Z
idm-00807,ORDER,SHOPIFY,core.orders,ORD-412,RAZORPAY,core.payments,PAY-0412,EXACT_REF,1.00,RESOLVED,,2025-04-05T00:00:00Z
idm-00808,INVOICE,SHOPIFY,core.orders,ORD-412,ACCOUNTING,core.invoices,INV-0412,INVOICE_REF,1.00,RESOLVED,,2025-04-05T00:00:00Z
idm-00809,ORDER,SHOPIFY,core.orders,ORD-413,RAZORPAY,core.payments,PAY-0413,EXACT_REF,1.00,RESOLVED,,2025-04-05T00:00:00Z
idm-00810,INVOICE,SHOPIFY,core.orders,ORD-413,ACCOUNTING,core.invoices,INV-0413,INVOICE_REF,1.00,RESOLVED,,2025-04-05T00:00:00Z
idm-00811,ORDER,SHOPIFY,core.orders,ORD-414,RAZORPAY,core.payments,PAY-0414,EXACT_REF,1.00,RESOLVED,,2025-04-05T00:00:00Z
idm-00812,INVOICE,SHOPIFY,core.orders,ORD-414,ACCOUNTING,core.invoices,INV-0414,INVOICE_REF,1.00,RESOLVED,,2025-04-05T00:00:00Z
idm-00813,ORDER,SHOPIFY,core.orders,ORD-415,RAZORPAY,core.payments,PAY-0415,EXACT_REF,1.00,RESOLVED,,2025-04-05T00:00:00Z
idm-00814,INVOICE,SHOPIFY,core.orders,ORD-415,ACCOUNTING,core.invoices,INV-0415,INVOICE_REF,1.00,RESOLVED,,2025-04-05T00:00:00Z
idm-00815,ORDER,SHOPIFY,core.orders,ORD-416,RAZORPAY,core.payments,PAY-0416,EXACT_REF,1.00,RESOLVED,,2025-04-05T00:00:00Z
idm-00816,INVOICE,SHOPIFY,core.orders,ORD-416,ACCOUNTING,core.invoices,INV-0416,INVOICE_REF,1.00,RESOLVED,,2025-04-05T00:00:00Z
idm-00817,ORDER,SHOPIFY,core.orders,ORD-417,RAZORPAY,core.payments,PAY-0417,EXACT_REF,1.00,RESOLVED,,2025-04-05T00:00:00Z
idm-00818,INVOICE,SHOPIFY,core.orders,ORD-417,ACCOUNTING,core.invoices,INV-0417,INVOICE_REF,1.00,RESOLVED,,2025-04-05T00:00:00Z
idm-00819,ORDER,SHOPIFY,core.orders,ORD-418,RAZORPAY,core.payments,PAY-0418,EXACT_REF,1.00,RESOLVED,,2025-04-05T00:00:00Z
idm-00820,INVOICE,SHOPIFY,core.orders,ORD-418,ACCOUNTING,core.invoices,INV-0418,INVOICE_REF,1.00,RESOLVED,,2025-04-05T00:00:00Z
idm-00821,ORDER,SHOPIFY,core.orders,ORD-419,RAZORPAY,core.payments,PAY-0419,EXACT_REF,1.00,RESOLVED,,2025-04-05T00:00:00Z
idm-00822,INVOICE,SHOPIFY,core.orders,ORD-419,ACCOUNTING,core.invoices,INV-0419,INVOICE_REF,1.00,RESOLVED,,2025-04-05T00:00:00Z
idm-00823,ORDER,SHOPIFY,core.orders,ORD-420,RAZORPAY,core.payments,PAY-0420,EXACT_REF,1.00,RESOLVED,,2025-04-05T00:00:00Z
idm-00824,INVOICE,SHOPIFY,core.orders,ORD-420,ACCOUNTING,core.invoices,INV-0420,INVOICE_REF,1.00,RESOLVED,,2025-04-05T00:00:00Z
idm-00825,ORDER,SHOPIFY,core.orders,ORD-421,RAZORPAY,core.payments,PAY-0421,EXACT_REF,1.00,RESOLVED,,2025-04-05T00:00:00Z
idm-00826,INVOICE,SHOPIFY,core.orders,ORD-421,ACCOUNTING,core.invoices,INV-0421,INVOICE_REF,1.00,RESOLVED,,2025-04-05T00:00:00Z
idm-00827,ORDER,SHOPIFY,core.orders,ORD-422,RAZORPAY,core.payments,PAY-0422,EXACT_REF,1.00,RESOLVED,,2025-04-05T00:00:00Z
idm-00828,INVOICE,SHOPIFY,core.orders,ORD-422,ACCOUNTING,core.invoices,INV-0422,INVOICE_REF,1.00,RESOLVED,,2025-04-05T00:00:00Z
idm-00829,ORDER,SHOPIFY,core.orders,ORD-423,RAZORPAY,core.payments,PAY-0423,EXACT_REF,1.00,RESOLVED,,2025-04-05T00:00:00Z
idm-00830,INVOICE,SHOPIFY,core.orders,ORD-423,ACCOUNTING,core.invoices,INV-0423,INVOICE_REF,1.00,RESOLVED,,2025-04-05T00:00:00Z
idm-00831,ORDER,SHOPIFY,core.orders,ORD-424,RAZORPAY,core.payments,PAY-0424,EXACT_REF,1.00,RESOLVED,,2025-04-05T00:00:00Z
idm-00832,INVOICE,SHOPIFY,core.orders,ORD-424,ACCOUNTING,core.invoices,INV-0424,INVOICE_REF,1.00,RESOLVED,,2025-04-05T00:00:00Z
idm-00833,ORDER,SHOPIFY,core.orders,ORD-425,RAZORPAY,core.payments,PAY-0425,EXACT_REF,1.00,RESOLVED,,2025-04-05T00:00:00Z
idm-00834,INVOICE,SHOPIFY,core.orders,ORD-425,ACCOUNTING,core.invoices,INV-0425,INVOICE_REF,1.00,RESOLVED,,2025-04-05T00:00:00Z
idm-00835,ORDER,SHOPIFY,core.orders,ORD-426,RAZORPAY,core.payments,PAY-0426,EXACT_REF,1.00,RESOLVED,,2025-04-05T00:00:00Z
idm-00836,INVOICE,SHOPIFY,core.orders,ORD-426,ACCOUNTING,core.invoices,INV-0426,INVOICE_REF,1.00,RESOLVED,,2025-04-05T00:00:00Z
idm-00837,ORDER,SHOPIFY,core.orders,ORD-427,RAZORPAY,core.payments,PAY-0427,EXACT_REF,1.00,RESOLVED,,2025-04-05T00:00:00Z
idm-00838,INVOICE,SHOPIFY,core.orders,ORD-427,ACCOUNTING,core.invoices,INV-0427,INVOICE_REF,1.00,RESOLVED,,2025-04-05T00:00:00Z
idm-00839,ORDER,SHOPIFY,core.orders,ORD-428,RAZORPAY,core.payments,PAY-0428,EXACT_REF,1.00,RESOLVED,,2025-04-05T00:00:00Z
idm-00840,INVOICE,SHOPIFY,core.orders,ORD-428,ACCOUNTING,core.invoices,INV-0428,INVOICE_REF,1.00,RESOLVED,,2025-04-05T00:00:00Z
idm-00841,ORDER,SHOPIFY,core.orders,ORD-429,RAZORPAY,core.payments,PAY-0429,EXACT_REF,1.00,RESOLVED,,2025-04-05T00:00:00Z
idm-00842,INVOICE,SHOPIFY,core.orders,ORD-429,ACCOUNTING,core.invoices,INV-0429,INVOICE_REF,1.00,RESOLVED,,2025-04-05T00:00:00Z
idm-00843,ORDER,SHOPIFY,core.orders,ORD-430,RAZORPAY,core.payments,PAY-0430,EXACT_REF,1.00,RESOLVED,,2025-04-05T00:00:00Z
idm-00844,INVOICE,SHOPIFY,core.orders,ORD-430,ACCOUNTING,core.invoices,INV-0430,INVOICE_REF,1.00,RESOLVED,,2025-04-05T00:00:00Z
idm-00845,ORDER,SHOPIFY,core.orders,ORD-431,RAZORPAY,core.payments,PAY-0431,EXACT_REF,1.00,RESOLVED,,2025-04-05T00:00:00Z
idm-00846,INVOICE,SHOPIFY,core.orders,ORD-431,ACCOUNTING,core.invoices,INV-0431,INVOICE_REF,1.00,RESOLVED,,2025-04-05T00:00:00Z
idm-00847,ORDER,SHOPIFY,core.orders,ORD-432,RAZORPAY,core.payments,PAY-0432,EXACT_REF,1.00,RESOLVED,,2025-04-05T00:00:00Z
idm-00848,INVOICE,SHOPIFY,core.orders,ORD-432,ACCOUNTING,core.invoices,INV-0432,INVOICE_REF,1.00,RESOLVED,,2025-04-05T00:00:00Z
idm-00849,ORDER,SHOPIFY,core.orders,ORD-433,RAZORPAY,core.payments,PAY-0433,EXACT_REF,1.00,RESOLVED,,2025-04-05T00:00:00Z
idm-00850,INVOICE,SHOPIFY,core.orders,ORD-433,ACCOUNTING,core.invoices,INV-0433,INVOICE_REF,1.00,RESOLVED,,2025-04-05T00:00:00Z
idm-00851,ORDER,SHOPIFY,core.orders,ORD-434,RAZORPAY,core.payments,PAY-0434,EXACT_REF,1.00,RESOLVED,,2025-04-05T00:00:00Z
idm-00852,INVOICE,SHOPIFY,core.orders,ORD-434,ACCOUNTING,core.invoices,INV-0434,INVOICE_REF,1.00,RESOLVED,,2025-04-05T00:00:00Z
idm-00853,ORDER,SHOPIFY,core.orders,ORD-435,RAZORPAY,core.payments,PAY-0435,EXACT_REF,1.00,RESOLVED,,2025-04-05T00:00:00Z
idm-00854,INVOICE,SHOPIFY,core.orders,ORD-435,ACCOUNTING,core.invoices,INV-0435,INVOICE_REF,1.00,RESOLVED,,2025-04-05T00:00:00Z
idm-00855,ORDER,SHOPIFY,core.orders,ORD-436,RAZORPAY,core.payments,PAY-0436,EXACT_REF,1.00,RESOLVED,,2025-04-05T00:00:00Z
idm-00856,INVOICE,SHOPIFY,core.orders,ORD-436,ACCOUNTING,core.invoices,INV-0436,INVOICE_REF,1.00,RESOLVED,,2025-04-05T00:00:00Z
idm-00857,ORDER,SHOPIFY,core.orders,ORD-437,RAZORPAY,core.payments,PAY-0437,EXACT_REF,1.00,RESOLVED,,2025-04-05T00:00:00Z
idm-00858,INVOICE,SHOPIFY,core.orders,ORD-437,ACCOUNTING,core.invoices,INV-0437,INVOICE_REF,1.00,RESOLVED,,2025-04-05T00:00:00Z
idm-00859,ORDER,SHOPIFY,core.orders,ORD-438,RAZORPAY,core.payments,PAY-0438,EXACT_REF,1.00,RESOLVED,,2025-04-05T00:00:00Z
idm-00860,INVOICE,SHOPIFY,core.orders,ORD-438,ACCOUNTING,core.invoices,INV-0438,INVOICE_REF,1.00,RESOLVED,,2025-04-05T00:00:00Z
idm-00861,ORDER,SHOPIFY,core.orders,ORD-439,RAZORPAY,core.payments,PAY-0439,EXACT_REF,1.00,RESOLVED,,2025-04-05T00:00:00Z
idm-00862,INVOICE,SHOPIFY,core.orders,ORD-439,ACCOUNTING,core.invoices,INV-0439,INVOICE_REF,1.00,RESOLVED,,2025-04-05T00:00:00Z
idm-00863,ORDER,SHOPIFY,core.orders,ORD-440,RAZORPAY,core.payments,PAY-0440,EXACT_REF,1.00,RESOLVED,,2025-04-05T00:00:00Z
idm-00864,INVOICE,SHOPIFY,core.orders,ORD-440,ACCOUNTING,core.invoices,INV-0440,INVOICE_REF,1.00,RESOLVED,,2025-04-05T00:00:00Z
idm-00865,ORDER,SHOPIFY,core.orders,ORD-441,RAZORPAY,core.payments,PAY-0441,EXACT_REF,1.00,RESOLVED,,2025-04-05T00:00:00Z
idm-00866,INVOICE,SHOPIFY,core.orders,ORD-441,ACCOUNTING,core.invoices,INV-0441,INVOICE_REF,1.00,RESOLVED,,2025-04-05T00:00:00Z
idm-00867,ORDER,SHOPIFY,core.orders,ORD-442,RAZORPAY,core.payments,PAY-0442,EXACT_REF,1.00,RESOLVED,,2025-04-05T00:00:00Z
idm-00868,INVOICE,SHOPIFY,core.orders,ORD-442,ACCOUNTING,core.invoices,INV-0442,INVOICE_REF,1.00,RESOLVED,,2025-04-05T00:00:00Z
idm-00869,ORDER,SHOPIFY,core.orders,ORD-443,RAZORPAY,core.payments,PAY-0443,EXACT_REF,1.00,RESOLVED,,2025-04-05T00:00:00Z
idm-00870,INVOICE,SHOPIFY,core.orders,ORD-443,ACCOUNTING,core.invoices,INV-0443,INVOICE_REF,1.00,RESOLVED,,2025-04-05T00:00:00Z
idm-00871,ORDER,SHOPIFY,core.orders,ORD-444,RAZORPAY,core.payments,PAY-0444,EXACT_REF,1.00,RESOLVED,,2025-04-05T00:00:00Z
idm-00872,INVOICE,SHOPIFY,core.orders,ORD-444,ACCOUNTING,core.invoices,INV-0444,INVOICE_REF,1.00,RESOLVED,,2025-04-05T00:00:00Z
idm-00873,ORDER,SHOPIFY,core.orders,ORD-445,RAZORPAY,core.payments,PAY-0445,EXACT_REF,1.00,RESOLVED,,2025-04-05T00:00:00Z
idm-00874,INVOICE,SHOPIFY,core.orders,ORD-445,ACCOUNTING,core.invoices,INV-0445,INVOICE_REF,1.00,RESOLVED,,2025-04-05T00:00:00Z
idm-00875,ORDER,SHOPIFY,core.orders,ORD-446,RAZORPAY,core.payments,PAY-0446,EXACT_REF,1.00,RESOLVED,,2025-04-05T00:00:00Z
idm-00876,INVOICE,SHOPIFY,core.orders,ORD-446,ACCOUNTING,core.invoices,INV-0446,INVOICE_REF,1.00,RESOLVED,,2025-04-05T00:00:00Z
idm-00877,ORDER,SHOPIFY,core.orders,ORD-447,RAZORPAY,core.payments,PAY-0447,EXACT_REF,1.00,RESOLVED,,2025-04-05T00:00:00Z
idm-00878,INVOICE,SHOPIFY,core.orders,ORD-447,ACCOUNTING,core.invoices,INV-0447,INVOICE_REF,1.00,RESOLVED,,2025-04-05T00:00:00Z
idm-00879,ORDER,SHOPIFY,core.orders,ORD-448,RAZORPAY,core.payments,PAY-0448,EXACT_REF,1.00,RESOLVED,,2025-04-05T00:00:00Z
idm-00880,INVOICE,SHOPIFY,core.orders,ORD-448,ACCOUNTING,core.invoices,INV-0448,INVOICE_REF,1.00,RESOLVED,,2025-04-05T00:00:00Z
idm-00881,ORDER,SHOPIFY,core.orders,ORD-449,RAZORPAY,core.payments,PAY-0449,EXACT_REF,1.00,RESOLVED,,2025-04-05T00:00:00Z
idm-00882,INVOICE,SHOPIFY,core.orders,ORD-449,ACCOUNTING,core.invoices,INV-0449,INVOICE_REF,1.00,RESOLVED,,2025-04-05T00:00:00Z
idm-00883,ORDER,SHOPIFY,core.orders,ORD-450,RAZORPAY,core.payments,PAY-0450,EXACT_REF,1.00,RESOLVED,,2025-04-05T00:00:00Z
idm-00884,INVOICE,SHOPIFY,core.orders,ORD-450,ACCOUNTING,core.invoices,INV-0450,INVOICE_REF,1.00,RESOLVED,,2025-04-05T00:00:00Z
idm-00885,ORDER,SHOPIFY,core.orders,ORD-451,RAZORPAY,core.payments,PAY-0451,EXACT_REF,1.00,RESOLVED,,2025-04-05T00:00:00Z
idm-00886,INVOICE,SHOPIFY,core.orders,ORD-451,ACCOUNTING,core.invoices,INV-0451,INVOICE_REF,1.00,RESOLVED,,2025-04-05T00:00:00Z
idm-00887,ORDER,SHOPIFY,core.orders,ORD-452,RAZORPAY,core.payments,PAY-0452,EXACT_REF,1.00,RESOLVED,,2025-04-05T00:00:00Z
idm-00888,INVOICE,SHOPIFY,core.orders,ORD-452,ACCOUNTING,core.invoices,INV-0452,INVOICE_REF,1.00,RESOLVED,,2025-04-05T00:00:00Z
idm-00889,ORDER,SHOPIFY,core.orders,ORD-453,RAZORPAY,core.payments,PAY-0453,EXACT_REF,1.00,RESOLVED,,2025-04-05T00:00:00Z
idm-00890,INVOICE,SHOPIFY,core.orders,ORD-453,ACCOUNTING,core.invoices,INV-0453,INVOICE_REF,1.00,RESOLVED,,2025-04-05T00:00:00Z
idm-00891,ORDER,SHOPIFY,core.orders,ORD-454,RAZORPAY,core.payments,PAY-0454,EXACT_REF,1.00,RESOLVED,,2025-04-05T00:00:00Z
idm-00892,INVOICE,SHOPIFY,core.orders,ORD-454,ACCOUNTING,core.invoices,INV-0454,INVOICE_REF,1.00,RESOLVED,,2025-04-05T00:00:00Z
idm-00893,ORDER,SHOPIFY,core.orders,ORD-455,RAZORPAY,core.payments,PAY-0455,EXACT_REF,1.00,RESOLVED,,2025-04-05T00:00:00Z
idm-00894,INVOICE,SHOPIFY,core.orders,ORD-455,ACCOUNTING,core.invoices,INV-0455,INVOICE_REF,1.00,RESOLVED,,2025-04-05T00:00:00Z
idm-00895,ORDER,SHOPIFY,core.orders,ORD-456,RAZORPAY,core.payments,PAY-0456,EXACT_REF,1.00,RESOLVED,,2025-04-05T00:00:00Z
idm-00896,INVOICE,SHOPIFY,core.orders,ORD-456,ACCOUNTING,core.invoices,INV-0456,INVOICE_REF,1.00,RESOLVED,,2025-04-05T00:00:00Z
idm-00897,ORDER,SHOPIFY,core.orders,ORD-457,RAZORPAY,core.payments,PAY-0457,EXACT_REF,1.00,RESOLVED,,2025-04-05T00:00:00Z
idm-00898,INVOICE,SHOPIFY,core.orders,ORD-457,ACCOUNTING,core.invoices,INV-0457,INVOICE_REF,1.00,RESOLVED,,2025-04-05T00:00:00Z
idm-00899,ORDER,SHOPIFY,core.orders,ORD-458,RAZORPAY,core.payments,PAY-0458,EXACT_REF,1.00,RESOLVED,,2025-04-05T00:00:00Z
idm-00900,INVOICE,SHOPIFY,core.orders,ORD-458,ACCOUNTING,core.invoices,INV-0458,INVOICE_REF,1.00,RESOLVED,,2025-04-05T00:00:00Z
idm-00901,ORDER,SHOPIFY,core.orders,ORD-459,RAZORPAY,core.payments,PAY-0459,EXACT_REF,1.00,RESOLVED,,2025-04-05T00:00:00Z
idm-00902,INVOICE,SHOPIFY,core.orders,ORD-459,ACCOUNTING,core.invoices,INV-0459,INVOICE_REF,1.00,RESOLVED,,2025-04-05T00:00:00Z
idm-00903,ORDER,SHOPIFY,core.orders,ORD-460,RAZORPAY,core.payments,PAY-0460,EXACT_REF,1.00,RESOLVED,,2025-04-05T00:00:00Z
idm-00904,INVOICE,SHOPIFY,core.orders,ORD-460,ACCOUNTING,core.invoices,INV-0460,INVOICE_REF,1.00,RESOLVED,,2025-04-05T00:00:00Z
idm-00905,ORDER,SHOPIFY,core.orders,ORD-461,RAZORPAY,core.payments,PAY-0461,EXACT_REF,1.00,RESOLVED,,2025-04-05T00:00:00Z
idm-00906,INVOICE,SHOPIFY,core.orders,ORD-461,ACCOUNTING,core.invoices,INV-0461,INVOICE_REF,1.00,RESOLVED,,2025-04-05T00:00:00Z
idm-00907,ORDER,SHOPIFY,core.orders,ORD-462,RAZORPAY,core.payments,PAY-0462,EXACT_REF,1.00,RESOLVED,,2025-04-05T00:00:00Z
idm-00908,INVOICE,SHOPIFY,core.orders,ORD-462,ACCOUNTING,core.invoices,INV-0462,INVOICE_REF,1.00,RESOLVED,,2025-04-05T00:00:00Z
idm-00909,ORDER,SHOPIFY,core.orders,ORD-464,RAZORPAY,core.payments,PAY-0464,EXACT_REF,1.00,RESOLVED,,2025-04-05T00:00:00Z
idm-00910,INVOICE,SHOPIFY,core.orders,ORD-464,ACCOUNTING,core.invoices,INV-0464,INVOICE_REF,1.00,RESOLVED,,2025-04-05T00:00:00Z
idm-00911,ORDER,SHOPIFY,core.orders,ORD-465,RAZORPAY,core.payments,PAY-0465,EXACT_REF,1.00,RESOLVED,,2025-04-05T00:00:00Z
idm-00912,INVOICE,SHOPIFY,core.orders,ORD-465,ACCOUNTING,core.invoices,INV-0465,INVOICE_REF,1.00,RESOLVED,,2025-04-05T00:00:00Z
idm-00913,ORDER,SHOPIFY,core.orders,ORD-466,RAZORPAY,core.payments,PAY-0466,EXACT_REF,1.00,RESOLVED,,2025-04-05T00:00:00Z
idm-00914,INVOICE,SHOPIFY,core.orders,ORD-466,ACCOUNTING,core.invoices,INV-0466,INVOICE_REF,1.00,RESOLVED,,2025-04-05T00:00:00Z
idm-00915,ORDER,SHOPIFY,core.orders,ORD-467,RAZORPAY,core.payments,PAY-0467,EXACT_REF,1.00,RESOLVED,,2025-04-05T00:00:00Z
idm-00916,INVOICE,SHOPIFY,core.orders,ORD-467,ACCOUNTING,core.invoices,INV-0467,INVOICE_REF,1.00,RESOLVED,,2025-04-05T00:00:00Z
idm-00917,ORDER,SHOPIFY,core.orders,ORD-468,RAZORPAY,core.payments,PAY-0468,EXACT_REF,1.00,RESOLVED,,2025-04-05T00:00:00Z
idm-00918,INVOICE,SHOPIFY,core.orders,ORD-468,ACCOUNTING,core.invoices,INV-0468,INVOICE_REF,1.00,RESOLVED,,2025-04-05T00:00:00Z
idm-00919,ORDER,SHOPIFY,core.orders,ORD-469,RAZORPAY,core.payments,PAY-0469,EXACT_REF,1.00,RESOLVED,,2025-04-05T00:00:00Z
idm-00920,INVOICE,SHOPIFY,core.orders,ORD-469,ACCOUNTING,core.invoices,INV-0469,INVOICE_REF,1.00,RESOLVED,,2025-04-05T00:00:00Z
idm-00921,ORDER,SHOPIFY,core.orders,ORD-470,RAZORPAY,core.payments,PAY-0470,EXACT_REF,1.00,RESOLVED,,2025-04-05T00:00:00Z
idm-00922,INVOICE,SHOPIFY,core.orders,ORD-470,ACCOUNTING,core.invoices,INV-0470,INVOICE_REF,1.00,RESOLVED,,2025-04-05T00:00:00Z
idm-00923,ORDER,SHOPIFY,core.orders,ORD-471,RAZORPAY,core.payments,PAY-0471,EXACT_REF,1.00,RESOLVED,,2025-04-05T00:00:00Z
idm-00924,INVOICE,SHOPIFY,core.orders,ORD-471,ACCOUNTING,core.invoices,INV-0471,INVOICE_REF,1.00,RESOLVED,,2025-04-05T00:00:00Z
idm-00925,ORDER,SHOPIFY,core.orders,ORD-472,RAZORPAY,core.payments,PAY-0472,EXACT_REF,1.00,RESOLVED,,2025-04-05T00:00:00Z
idm-00926,INVOICE,SHOPIFY,core.orders,ORD-472,ACCOUNTING,core.invoices,INV-0472,INVOICE_REF,1.00,RESOLVED,,2025-04-05T00:00:00Z
idm-00927,ORDER,SHOPIFY,core.orders,ORD-473,RAZORPAY,core.payments,PAY-0473,EXACT_REF,1.00,RESOLVED,,2025-04-05T00:00:00Z
idm-00928,INVOICE,SHOPIFY,core.orders,ORD-473,ACCOUNTING,core.invoices,INV-0473,INVOICE_REF,1.00,RESOLVED,,2025-04-05T00:00:00Z
idm-00929,ORDER,SHOPIFY,core.orders,ORD-474,RAZORPAY,core.payments,PAY-0474,EXACT_REF,1.00,RESOLVED,,2025-04-05T00:00:00Z
idm-00930,INVOICE,SHOPIFY,core.orders,ORD-474,ACCOUNTING,core.invoices,INV-0474,INVOICE_REF,1.00,RESOLVED,,2025-04-05T00:00:00Z
idm-00931,ORDER,SHOPIFY,core.orders,ORD-475,RAZORPAY,core.payments,PAY-0475,EXACT_REF,1.00,RESOLVED,,2025-04-05T00:00:00Z
idm-00932,INVOICE,SHOPIFY,core.orders,ORD-475,ACCOUNTING,core.invoices,INV-0475,INVOICE_REF,1.00,RESOLVED,,2025-04-05T00:00:00Z
idm-00933,ORDER,SHOPIFY,core.orders,ORD-476,RAZORPAY,core.payments,PAY-0476,EXACT_REF,1.00,RESOLVED,,2025-04-05T00:00:00Z
idm-00934,INVOICE,SHOPIFY,core.orders,ORD-476,ACCOUNTING,core.invoices,INV-0476,INVOICE_REF,1.00,RESOLVED,,2025-04-05T00:00:00Z
idm-00935,ORDER,SHOPIFY,core.orders,ORD-477,RAZORPAY,core.payments,PAY-0477,EXACT_REF,1.00,RESOLVED,,2025-04-05T00:00:00Z
idm-00936,INVOICE,SHOPIFY,core.orders,ORD-477,ACCOUNTING,core.invoices,INV-0477,INVOICE_REF,1.00,RESOLVED,,2025-04-05T00:00:00Z
idm-00937,ORDER,SHOPIFY,core.orders,ORD-478,RAZORPAY,core.payments,PAY-0478,EXACT_REF,1.00,RESOLVED,,2025-04-05T00:00:00Z
idm-00938,INVOICE,SHOPIFY,core.orders,ORD-478,ACCOUNTING,core.invoices,INV-0478,INVOICE_REF,1.00,RESOLVED,,2025-04-05T00:00:00Z
idm-00939,ORDER,SHOPIFY,core.orders,ORD-479,RAZORPAY,core.payments,PAY-0479,EXACT_REF,1.00,RESOLVED,,2025-04-05T00:00:00Z
idm-00940,INVOICE,SHOPIFY,core.orders,ORD-479,ACCOUNTING,core.invoices,INV-0479,INVOICE_REF,1.00,RESOLVED,,2025-04-05T00:00:00Z
idm-00941,ORDER,SHOPIFY,core.orders,ORD-480,RAZORPAY,core.payments,PAY-0480,EXACT_REF,1.00,RESOLVED,,2025-04-05T00:00:00Z
idm-00942,INVOICE,SHOPIFY,core.orders,ORD-480,ACCOUNTING,core.invoices,INV-0480,INVOICE_REF,1.00,RESOLVED,,2025-04-05T00:00:00Z
idm-00943,ORDER,SHOPIFY,core.orders,ORD-481,RAZORPAY,core.payments,PAY-0481,EXACT_REF,1.00,RESOLVED,,2025-04-05T00:00:00Z
idm-00944,INVOICE,SHOPIFY,core.orders,ORD-481,ACCOUNTING,core.invoices,INV-0481,INVOICE_REF,1.00,RESOLVED,,2025-04-05T00:00:00Z
idm-00945,ORDER,SHOPIFY,core.orders,ORD-482,RAZORPAY,core.payments,PAY-0482,EXACT_REF,1.00,RESOLVED,,2025-04-05T00:00:00Z
idm-00946,INVOICE,SHOPIFY,core.orders,ORD-482,ACCOUNTING,core.invoices,INV-0482,INVOICE_REF,1.00,RESOLVED,,2025-04-05T00:00:00Z
idm-00947,ORDER,SHOPIFY,core.orders,ORD-483,RAZORPAY,core.payments,PAY-0483,EXACT_REF,1.00,RESOLVED,,2025-04-05T00:00:00Z
idm-00948,INVOICE,SHOPIFY,core.orders,ORD-483,ACCOUNTING,core.invoices,INV-0483,INVOICE_REF,1.00,RESOLVED,,2025-04-05T00:00:00Z
idm-00949,ORDER,SHOPIFY,core.orders,ORD-484,RAZORPAY,core.payments,PAY-0484,EXACT_REF,1.00,RESOLVED,,2025-04-05T00:00:00Z
idm-00950,INVOICE,SHOPIFY,core.orders,ORD-484,ACCOUNTING,core.invoices,INV-0484,INVOICE_REF,1.00,RESOLVED,,2025-04-05T00:00:00Z
idm-00951,ORDER,SHOPIFY,core.orders,ORD-485,RAZORPAY,core.payments,PAY-0485,EXACT_REF,1.00,RESOLVED,,2025-04-05T00:00:00Z
idm-00952,INVOICE,SHOPIFY,core.orders,ORD-485,ACCOUNTING,core.invoices,INV-0485,INVOICE_REF,1.00,RESOLVED,,2025-04-05T00:00:00Z
idm-00953,ORDER,SHOPIFY,core.orders,ORD-486,RAZORPAY,core.payments,PAY-0486,EXACT_REF,1.00,RESOLVED,,2025-04-05T00:00:00Z
idm-00954,INVOICE,SHOPIFY,core.orders,ORD-486,ACCOUNTING,core.invoices,INV-0486,INVOICE_REF,1.00,RESOLVED,,2025-04-05T00:00:00Z
idm-00955,ORDER,SHOPIFY,core.orders,ORD-487,RAZORPAY,core.payments,PAY-0487,EXACT_REF,1.00,RESOLVED,,2025-04-05T00:00:00Z
idm-00956,INVOICE,SHOPIFY,core.orders,ORD-487,ACCOUNTING,core.invoices,INV-0487,INVOICE_REF,1.00,RESOLVED,,2025-04-05T00:00:00Z
idm-00957,ORDER,SHOPIFY,core.orders,ORD-488,RAZORPAY,core.payments,PAY-0488,EXACT_REF,1.00,RESOLVED,,2025-04-05T00:00:00Z
idm-00958,INVOICE,SHOPIFY,core.orders,ORD-488,ACCOUNTING,core.invoices,INV-0488,INVOICE_REF,1.00,RESOLVED,,2025-04-05T00:00:00Z
idm-00959,ORDER,SHOPIFY,core.orders,ORD-489,RAZORPAY,core.payments,PAY-0489,EXACT_REF,1.00,RESOLVED,,2025-04-05T00:00:00Z
idm-00960,INVOICE,SHOPIFY,core.orders,ORD-489,ACCOUNTING,core.invoices,INV-0489,INVOICE_REF,1.00,RESOLVED,,2025-04-05T00:00:00Z
idm-00961,ORDER,SHOPIFY,core.orders,ORD-490,RAZORPAY,core.payments,PAY-0490,EXACT_REF,1.00,RESOLVED,,2025-04-05T00:00:00Z
idm-00962,INVOICE,SHOPIFY,core.orders,ORD-490,ACCOUNTING,core.invoices,INV-0490,INVOICE_REF,1.00,RESOLVED,,2025-04-05T00:00:00Z
idm-00963,ORDER,SHOPIFY,core.orders,ORD-491,RAZORPAY,core.payments,PAY-0491,EXACT_REF,1.00,RESOLVED,,2025-04-05T00:00:00Z
idm-00964,INVOICE,SHOPIFY,core.orders,ORD-491,ACCOUNTING,core.invoices,INV-0491,INVOICE_REF,1.00,RESOLVED,,2025-04-05T00:00:00Z
idm-00965,ORDER,SHOPIFY,core.orders,ORD-492,RAZORPAY,core.payments,PAY-0492,EXACT_REF,1.00,RESOLVED,,2025-04-05T00:00:00Z
idm-00966,INVOICE,SHOPIFY,core.orders,ORD-492,ACCOUNTING,core.invoices,INV-0492,INVOICE_REF,1.00,RESOLVED,,2025-04-05T00:00:00Z
idm-00967,ORDER,SHOPIFY,core.orders,ORD-493,RAZORPAY,core.payments,PAY-0493,EXACT_REF,1.00,RESOLVED,,2025-04-05T00:00:00Z
idm-00968,INVOICE,SHOPIFY,core.orders,ORD-493,ACCOUNTING,core.invoices,INV-0493,INVOICE_REF,1.00,RESOLVED,,2025-04-05T00:00:00Z
idm-00969,ORDER,SHOPIFY,core.orders,ORD-494,RAZORPAY,core.payments,PAY-0494,EXACT_REF,1.00,RESOLVED,,2025-04-05T00:00:00Z
idm-00970,INVOICE,SHOPIFY,core.orders,ORD-494,ACCOUNTING,core.invoices,INV-0494,INVOICE_REF,1.00,RESOLVED,,2025-04-05T00:00:00Z
idm-00971,ORDER,SHOPIFY,core.orders,ORD-495,RAZORPAY,core.payments,PAY-0495,EXACT_REF,1.00,RESOLVED,,2025-04-05T00:00:00Z
idm-00972,INVOICE,SHOPIFY,core.orders,ORD-495,ACCOUNTING,core.invoices,INV-0495,INVOICE_REF,1.00,RESOLVED,,2025-04-05T00:00:00Z
idm-00973,ORDER,SHOPIFY,core.orders,ORD-496,RAZORPAY,core.payments,PAY-0496,EXACT_REF,1.00,RESOLVED,,2025-04-05T00:00:00Z
idm-00974,INVOICE,SHOPIFY,core.orders,ORD-496,ACCOUNTING,core.invoices,INV-0496,INVOICE_REF,1.00,RESOLVED,,2025-04-05T00:00:00Z
idm-00975,ORDER,SHOPIFY,core.orders,ORD-497,RAZORPAY,core.payments,PAY-0497,EXACT_REF,1.00,RESOLVED,,2025-04-05T00:00:00Z
idm-00976,INVOICE,SHOPIFY,core.orders,ORD-497,ACCOUNTING,core.invoices,INV-0497,INVOICE_REF,1.00,RESOLVED,,2025-04-05T00:00:00Z
idm-00977,ORDER,SHOPIFY,core.orders,ORD-498,RAZORPAY,core.payments,PAY-0498,EXACT_REF,1.00,RESOLVED,,2025-04-05T00:00:00Z
idm-00978,INVOICE,SHOPIFY,core.orders,ORD-498,ACCOUNTING,core.invoices,INV-0498,INVOICE_REF,1.00,RESOLVED,,2025-04-05T00:00:00Z
idm-00979,ORDER,SHOPIFY,core.orders,ORD-499,RAZORPAY,core.payments,PAY-0499,EXACT_REF,1.00,RESOLVED,,2025-04-05T00:00:00Z
idm-00980,INVOICE,SHOPIFY,core.orders,ORD-499,ACCOUNTING,core.invoices,INV-0499,INVOICE_REF,1.00,RESOLVED,,2025-04-05T00:00:00Z
idm-00981,ORDER,SHOPIFY,core.orders,ORD-500,RAZORPAY,core.payments,PAY-0500,EXACT_REF,1.00,RESOLVED,,2025-04-05T00:00:00Z
idm-00982,INVOICE,SHOPIFY,core.orders,ORD-500,ACCOUNTING,core.invoices,INV-0500,INVOICE_REF,1.00,RESOLVED,,2025-04-05T00:00:00Z
idm-00983,ORDER,SHOPIFY,core.orders,ORD-502,RAZORPAY,core.payments,PAY-0502,EXACT_REF,1.00,RESOLVED,,2025-04-05T00:00:00Z
idm-00984,INVOICE,SHOPIFY,core.orders,ORD-502,ACCOUNTING,core.invoices,INV-0502,INVOICE_REF,1.00,RESOLVED,,2025-04-05T00:00:00Z
idm-00985,ORDER,SHOPIFY,core.orders,ORD-503,RAZORPAY,core.payments,PAY-0503,EXACT_REF,1.00,RESOLVED,,2025-04-05T00:00:00Z
idm-00986,INVOICE,SHOPIFY,core.orders,ORD-503,ACCOUNTING,core.invoices,INV-0503,INVOICE_REF,1.00,RESOLVED,,2025-04-05T00:00:00Z
idm-00987,ORDER,SHOPIFY,core.orders,ORD-504,RAZORPAY,core.payments,PAY-0504,EXACT_REF,1.00,RESOLVED,,2025-04-05T00:00:00Z
idm-00988,INVOICE,SHOPIFY,core.orders,ORD-504,ACCOUNTING,core.invoices,INV-0504,INVOICE_REF,1.00,RESOLVED,,2025-04-05T00:00:00Z
idm-00989,ORDER,SHOPIFY,core.orders,ORD-505,RAZORPAY,core.payments,PAY-0505,EXACT_REF,1.00,RESOLVED,,2025-04-05T00:00:00Z
idm-00990,INVOICE,SHOPIFY,core.orders,ORD-505,ACCOUNTING,core.invoices,INV-0505,INVOICE_REF,1.00,RESOLVED,,2025-04-05T00:00:00Z
idm-00991,ORDER,SHOPIFY,core.orders,ORD-506,RAZORPAY,core.payments,PAY-0506,EXACT_REF,1.00,RESOLVED,,2025-04-05T00:00:00Z
idm-00992,INVOICE,SHOPIFY,core.orders,ORD-506,ACCOUNTING,core.invoices,INV-0506,INVOICE_REF,1.00,RESOLVED,,2025-04-05T00:00:00Z
idm-00993,ORDER,SHOPIFY,core.orders,ORD-507,RAZORPAY,core.payments,PAY-0507,EXACT_REF,1.00,RESOLVED,,2025-04-05T00:00:00Z
idm-00994,INVOICE,SHOPIFY,core.orders,ORD-507,ACCOUNTING,core.invoices,INV-0507,INVOICE_REF,1.00,RESOLVED,,2025-04-05T00:00:00Z
idm-00995,ORDER,SHOPIFY,core.orders,ORD-508,RAZORPAY,core.payments,PAY-0508,EXACT_REF,1.00,RESOLVED,,2025-04-05T00:00:00Z
idm-00996,INVOICE,SHOPIFY,core.orders,ORD-508,ACCOUNTING,core.invoices,INV-0508,INVOICE_REF,1.00,RESOLVED,,2025-04-05T00:00:00Z
idm-00997,ORDER,SHOPIFY,core.orders,ORD-509,RAZORPAY,core.payments,PAY-0509,EXACT_REF,1.00,RESOLVED,,2025-04-05T00:00:00Z
idm-00998,INVOICE,SHOPIFY,core.orders,ORD-509,ACCOUNTING,core.invoices,INV-0509,INVOICE_REF,1.00,RESOLVED,,2025-04-05T00:00:00Z
idm-00999,ORDER,SHOPIFY,core.orders,ORD-510,RAZORPAY,core.payments,PAY-0510,EXACT_REF,1.00,RESOLVED,,2025-04-05T00:00:00Z
idm-01000,INVOICE,SHOPIFY,core.orders,ORD-510,ACCOUNTING,core.invoices,INV-0510,INVOICE_REF,1.00,RESOLVED,,2025-04-05T00:00:00Z
idm-01001,ORDER,SHOPIFY,core.orders,ORD-511,RAZORPAY,core.payments,PAY-0511,EXACT_REF,1.00,RESOLVED,,2025-04-05T00:00:00Z
idm-01002,INVOICE,SHOPIFY,core.orders,ORD-511,ACCOUNTING,core.invoices,INV-0511,INVOICE_REF,1.00,RESOLVED,,2025-04-05T00:00:00Z
idm-01003,ORDER,SHOPIFY,core.orders,ORD-512,RAZORPAY,core.payments,PAY-0512,EXACT_REF,1.00,RESOLVED,,2025-04-05T00:00:00Z
idm-01004,INVOICE,SHOPIFY,core.orders,ORD-512,ACCOUNTING,core.invoices,INV-0512,INVOICE_REF,1.00,RESOLVED,,2025-04-05T00:00:00Z
idm-01005,ORDER,SHOPIFY,core.orders,ORD-513,RAZORPAY,core.payments,PAY-0513,EXACT_REF,1.00,RESOLVED,,2025-04-05T00:00:00Z
idm-01006,INVOICE,SHOPIFY,core.orders,ORD-513,ACCOUNTING,core.invoices,INV-0513,INVOICE_REF,1.00,RESOLVED,,2025-04-05T00:00:00Z
idm-01007,ORDER,SHOPIFY,core.orders,ORD-515,RAZORPAY,core.payments,PAY-0515,EXACT_REF,1.00,RESOLVED,,2025-04-05T00:00:00Z
idm-01008,INVOICE,SHOPIFY,core.orders,ORD-515,ACCOUNTING,core.invoices,INV-0515,INVOICE_REF,1.00,RESOLVED,,2025-04-05T00:00:00Z
idm-01009,ORDER,SHOPIFY,core.orders,ORD-516,RAZORPAY,core.payments,PAY-0516,EXACT_REF,1.00,RESOLVED,,2025-04-05T00:00:00Z
idm-01010,INVOICE,SHOPIFY,core.orders,ORD-516,ACCOUNTING,core.invoices,INV-0516,INVOICE_REF,1.00,RESOLVED,,2025-04-05T00:00:00Z
idm-01011,ORDER,SHOPIFY,core.orders,ORD-517,RAZORPAY,core.payments,PAY-0517,EXACT_REF,1.00,RESOLVED,,2025-04-05T00:00:00Z
idm-01012,INVOICE,SHOPIFY,core.orders,ORD-517,ACCOUNTING,core.invoices,INV-0517,INVOICE_REF,1.00,RESOLVED,,2025-04-05T00:00:00Z
idm-01013,ORDER,SHOPIFY,core.orders,ORD-518,RAZORPAY,core.payments,PAY-0518,EXACT_REF,1.00,RESOLVED,,2025-04-05T00:00:00Z
idm-01014,INVOICE,SHOPIFY,core.orders,ORD-518,ACCOUNTING,core.invoices,INV-0518,INVOICE_REF,1.00,RESOLVED,,2025-04-05T00:00:00Z
idm-01015,ORDER,SHOPIFY,core.orders,ORD-519,RAZORPAY,core.payments,PAY-0519,EXACT_REF,1.00,RESOLVED,,2025-04-05T00:00:00Z
idm-01016,INVOICE,SHOPIFY,core.orders,ORD-519,ACCOUNTING,core.invoices,INV-0519,INVOICE_REF,1.00,RESOLVED,,2025-04-05T00:00:00Z
idm-01017,ORDER,SHOPIFY,core.orders,ORD-520,RAZORPAY,core.payments,PAY-0520,EXACT_REF,1.00,RESOLVED,,2025-04-05T00:00:00Z
idm-01018,INVOICE,SHOPIFY,core.orders,ORD-520,ACCOUNTING,core.invoices,INV-0520,INVOICE_REF,1.00,RESOLVED,,2025-04-05T00:00:00Z
idm-01019,ORDER,SHOPIFY,core.orders,ORD-521,RAZORPAY,core.payments,PAY-0521,EXACT_REF,1.00,RESOLVED,,2025-04-05T00:00:00Z
idm-01020,INVOICE,SHOPIFY,core.orders,ORD-521,ACCOUNTING,core.invoices,INV-0521,INVOICE_REF,1.00,RESOLVED,,2025-04-05T00:00:00Z
idm-01021,ORDER,SHOPIFY,core.orders,ORD-522,RAZORPAY,core.payments,PAY-0522,EXACT_REF,1.00,RESOLVED,,2025-04-05T00:00:00Z
idm-01022,INVOICE,SHOPIFY,core.orders,ORD-522,ACCOUNTING,core.invoices,INV-0522,INVOICE_REF,1.00,RESOLVED,,2025-04-05T00:00:00Z
idm-01023,ORDER,SHOPIFY,core.orders,ORD-523,RAZORPAY,core.payments,PAY-0523,EXACT_REF,1.00,RESOLVED,,2025-04-05T00:00:00Z
idm-01024,INVOICE,SHOPIFY,core.orders,ORD-523,ACCOUNTING,core.invoices,INV-0523,INVOICE_REF,1.00,RESOLVED,,2025-04-05T00:00:00Z
idm-01025,ORDER,SHOPIFY,core.orders,ORD-524,RAZORPAY,core.payments,PAY-0524,EXACT_REF,1.00,RESOLVED,,2025-04-05T00:00:00Z
idm-01026,INVOICE,SHOPIFY,core.orders,ORD-524,ACCOUNTING,core.invoices,INV-0524,INVOICE_REF,1.00,RESOLVED,,2025-04-05T00:00:00Z
idm-01027,ORDER,SHOPIFY,core.orders,ORD-525,RAZORPAY,core.payments,PAY-0525,EXACT_REF,1.00,RESOLVED,,2025-04-05T00:00:00Z
idm-01028,INVOICE,SHOPIFY,core.orders,ORD-525,ACCOUNTING,core.invoices,INV-0525,INVOICE_REF,1.00,RESOLVED,,2025-04-05T00:00:00Z
idm-01029,ORDER,SHOPIFY,core.orders,ORD-526,RAZORPAY,core.payments,PAY-0526,EXACT_REF,1.00,RESOLVED,,2025-04-05T00:00:00Z
idm-01030,INVOICE,SHOPIFY,core.orders,ORD-526,ACCOUNTING,core.invoices,INV-0526,INVOICE_REF,1.00,RESOLVED,,2025-04-05T00:00:00Z
idm-01031,ORDER,SHOPIFY,core.orders,ORD-527,RAZORPAY,core.payments,PAY-0527,EXACT_REF,1.00,RESOLVED,,2025-04-05T00:00:00Z
idm-01032,INVOICE,SHOPIFY,core.orders,ORD-527,ACCOUNTING,core.invoices,INV-0527,INVOICE_REF,1.00,RESOLVED,,2025-04-05T00:00:00Z
idm-01033,ORDER,SHOPIFY,core.orders,ORD-528,RAZORPAY,core.payments,PAY-0528,EXACT_REF,1.00,RESOLVED,,2025-04-05T00:00:00Z
idm-01034,INVOICE,SHOPIFY,core.orders,ORD-528,ACCOUNTING,core.invoices,INV-0528,INVOICE_REF,1.00,RESOLVED,,2025-04-05T00:00:00Z
idm-01035,ORDER,SHOPIFY,core.orders,ORD-530,RAZORPAY,core.payments,PAY-0530,EXACT_REF,1.00,RESOLVED,,2025-04-05T00:00:00Z
idm-01036,INVOICE,SHOPIFY,core.orders,ORD-530,ACCOUNTING,core.invoices,INV-0530,INVOICE_REF,1.00,RESOLVED,,2025-04-05T00:00:00Z
idm-01037,ORDER,SHOPIFY,core.orders,ORD-531,RAZORPAY,core.payments,PAY-0531,EXACT_REF,1.00,RESOLVED,,2025-04-05T00:00:00Z
idm-01038,INVOICE,SHOPIFY,core.orders,ORD-531,ACCOUNTING,core.invoices,INV-0531,INVOICE_REF,1.00,RESOLVED,,2025-04-05T00:00:00Z
idm-01039,ORDER,SHOPIFY,core.orders,ORD-532,RAZORPAY,core.payments,PAY-0532,EXACT_REF,1.00,RESOLVED,,2025-04-05T00:00:00Z
idm-01040,INVOICE,SHOPIFY,core.orders,ORD-532,ACCOUNTING,core.invoices,INV-0532,INVOICE_REF,1.00,RESOLVED,,2025-04-05T00:00:00Z
idm-01041,ORDER,SHOPIFY,core.orders,ORD-533,RAZORPAY,core.payments,PAY-0533,EXACT_REF,1.00,RESOLVED,,2025-04-05T00:00:00Z
idm-01042,INVOICE,SHOPIFY,core.orders,ORD-533,ACCOUNTING,core.invoices,INV-0533,INVOICE_REF,1.00,RESOLVED,,2025-04-05T00:00:00Z
idm-01043,ORDER,SHOPIFY,core.orders,ORD-534,RAZORPAY,core.payments,PAY-0534,EXACT_REF,1.00,RESOLVED,,2025-04-05T00:00:00Z
idm-01044,INVOICE,SHOPIFY,core.orders,ORD-534,ACCOUNTING,core.invoices,INV-0534,INVOICE_REF,1.00,RESOLVED,,2025-04-05T00:00:00Z
idm-01045,ORDER,SHOPIFY,core.orders,ORD-535,RAZORPAY,core.payments,PAY-0535,EXACT_REF,1.00,RESOLVED,,2025-04-05T00:00:00Z
idm-01046,INVOICE,SHOPIFY,core.orders,ORD-535,ACCOUNTING,core.invoices,INV-0535,INVOICE_REF,1.00,RESOLVED,,2025-04-05T00:00:00Z
idm-01047,ORDER,SHOPIFY,core.orders,ORD-536,RAZORPAY,core.payments,PAY-0536,EXACT_REF,1.00,RESOLVED,,2025-04-05T00:00:00Z
idm-01048,INVOICE,SHOPIFY,core.orders,ORD-536,ACCOUNTING,core.invoices,INV-0536,INVOICE_REF,1.00,RESOLVED,,2025-04-05T00:00:00Z
idm-01049,ORDER,SHOPIFY,core.orders,ORD-537,RAZORPAY,core.payments,PAY-0537,EXACT_REF,1.00,RESOLVED,,2025-04-05T00:00:00Z
idm-01050,INVOICE,SHOPIFY,core.orders,ORD-537,ACCOUNTING,core.invoices,INV-0537,INVOICE_REF,1.00,RESOLVED,,2025-04-05T00:00:00Z
idm-01051,ORDER,SHOPIFY,core.orders,ORD-538,RAZORPAY,core.payments,PAY-0538,EXACT_REF,1.00,RESOLVED,,2025-04-05T00:00:00Z
idm-01052,INVOICE,SHOPIFY,core.orders,ORD-538,ACCOUNTING,core.invoices,INV-0538,INVOICE_REF,1.00,RESOLVED,,2025-04-05T00:00:00Z
idm-01053,ORDER,SHOPIFY,core.orders,ORD-539,RAZORPAY,core.payments,PAY-0539,EXACT_REF,1.00,RESOLVED,,2025-04-05T00:00:00Z
idm-01054,INVOICE,SHOPIFY,core.orders,ORD-539,ACCOUNTING,core.invoices,INV-0539,INVOICE_REF,1.00,RESOLVED,,2025-04-05T00:00:00Z
idm-01055,ORDER,SHOPIFY,core.orders,ORD-540,RAZORPAY,core.payments,PAY-0540,EXACT_REF,1.00,RESOLVED,,2025-04-05T00:00:00Z
idm-01056,INVOICE,SHOPIFY,core.orders,ORD-540,ACCOUNTING,core.invoices,INV-0540,INVOICE_REF,1.00,RESOLVED,,2025-04-05T00:00:00Z
idm-01057,ORDER,SHOPIFY,core.orders,ORD-541,RAZORPAY,core.payments,PAY-0541,EXACT_REF,1.00,RESOLVED,,2025-04-05T00:00:00Z
idm-01058,INVOICE,SHOPIFY,core.orders,ORD-541,ACCOUNTING,core.invoices,INV-0541,INVOICE_REF,1.00,RESOLVED,,2025-04-05T00:00:00Z
idm-01059,ORDER,SHOPIFY,core.orders,ORD-542,RAZORPAY,core.payments,PAY-0542,EXACT_REF,1.00,RESOLVED,,2025-04-05T00:00:00Z
idm-01060,INVOICE,SHOPIFY,core.orders,ORD-542,ACCOUNTING,core.invoices,INV-0542,INVOICE_REF,1.00,RESOLVED,,2025-04-05T00:00:00Z
idm-01061,ORDER,SHOPIFY,core.orders,ORD-543,RAZORPAY,core.payments,PAY-0543,EXACT_REF,1.00,RESOLVED,,2025-04-05T00:00:00Z
idm-01062,INVOICE,SHOPIFY,core.orders,ORD-543,ACCOUNTING,core.invoices,INV-0543,INVOICE_REF,1.00,RESOLVED,,2025-04-05T00:00:00Z
idm-01063,ORDER,SHOPIFY,core.orders,ORD-544,RAZORPAY,core.payments,PAY-0544,EXACT_REF,1.00,RESOLVED,,2025-04-05T00:00:00Z
idm-01064,INVOICE,SHOPIFY,core.orders,ORD-544,ACCOUNTING,core.invoices,INV-0544,INVOICE_REF,1.00,RESOLVED,,2025-04-05T00:00:00Z
idm-01065,ORDER,SHOPIFY,core.orders,ORD-545,RAZORPAY,core.payments,PAY-0545,EXACT_REF,1.00,RESOLVED,,2025-04-05T00:00:00Z
idm-01066,INVOICE,SHOPIFY,core.orders,ORD-545,ACCOUNTING,core.invoices,INV-0545,INVOICE_REF,1.00,RESOLVED,,2025-04-05T00:00:00Z
idm-01067,ORDER,SHOPIFY,core.orders,ORD-546,RAZORPAY,core.payments,PAY-0546,EXACT_REF,1.00,RESOLVED,,2025-04-05T00:00:00Z
idm-01068,INVOICE,SHOPIFY,core.orders,ORD-546,ACCOUNTING,core.invoices,INV-0546,INVOICE_REF,1.00,RESOLVED,,2025-04-05T00:00:00Z
idm-01069,ORDER,SHOPIFY,core.orders,ORD-547,RAZORPAY,core.payments,PAY-0547,EXACT_REF,1.00,RESOLVED,,2025-04-05T00:00:00Z
idm-01070,INVOICE,SHOPIFY,core.orders,ORD-547,ACCOUNTING,core.invoices,INV-0547,INVOICE_REF,1.00,RESOLVED,,2025-04-05T00:00:00Z
idm-01071,ORDER,SHOPIFY,core.orders,ORD-548,RAZORPAY,core.payments,PAY-0548,EXACT_REF,1.00,RESOLVED,,2025-04-05T00:00:00Z
idm-01072,INVOICE,SHOPIFY,core.orders,ORD-548,ACCOUNTING,core.invoices,INV-0548,INVOICE_REF,1.00,RESOLVED,,2025-04-05T00:00:00Z
idm-01073,ORDER,SHOPIFY,core.orders,ORD-549,RAZORPAY,core.payments,PAY-0549,EXACT_REF,1.00,RESOLVED,,2025-04-05T00:00:00Z
idm-01074,INVOICE,SHOPIFY,core.orders,ORD-549,ACCOUNTING,core.invoices,INV-0549,INVOICE_REF,1.00,RESOLVED,,2025-04-05T00:00:00Z
idm-01075,ORDER,SHOPIFY,core.orders,ORD-550,RAZORPAY,core.payments,PAY-0550,EXACT_REF,1.00,RESOLVED,,2025-04-05T00:00:00Z
idm-01076,INVOICE,SHOPIFY,core.orders,ORD-550,ACCOUNTING,core.invoices,INV-0550,INVOICE_REF,1.00,RESOLVED,,2025-04-05T00:00:00Z
idm-01077,ORDER,SHOPIFY,core.orders,ORD-551,RAZORPAY,core.payments,PAY-0551,EXACT_REF,1.00,RESOLVED,,2025-04-05T00:00:00Z
idm-01078,INVOICE,SHOPIFY,core.orders,ORD-551,ACCOUNTING,core.invoices,INV-0551,INVOICE_REF,1.00,RESOLVED,,2025-04-05T00:00:00Z
idm-01079,ORDER,SHOPIFY,core.orders,ORD-552,RAZORPAY,core.payments,PAY-0552,EXACT_REF,1.00,RESOLVED,,2025-04-05T00:00:00Z
idm-01080,INVOICE,SHOPIFY,core.orders,ORD-552,ACCOUNTING,core.invoices,INV-0552,INVOICE_REF,1.00,RESOLVED,,2025-04-05T00:00:00Z
idm-01081,ORDER,SHOPIFY,core.orders,ORD-553,RAZORPAY,core.payments,PAY-0553,EXACT_REF,1.00,RESOLVED,,2025-04-05T00:00:00Z
idm-01082,INVOICE,SHOPIFY,core.orders,ORD-553,ACCOUNTING,core.invoices,INV-0553,INVOICE_REF,1.00,RESOLVED,,2025-04-05T00:00:00Z
idm-01083,ORDER,SHOPIFY,core.orders,ORD-554,RAZORPAY,core.payments,PAY-0554,EXACT_REF,1.00,RESOLVED,,2025-04-05T00:00:00Z
idm-01084,INVOICE,SHOPIFY,core.orders,ORD-554,ACCOUNTING,core.invoices,INV-0554,INVOICE_REF,1.00,RESOLVED,,2025-04-05T00:00:00Z
idm-01085,ORDER,SHOPIFY,core.orders,ORD-555,RAZORPAY,core.payments,PAY-0555,EXACT_REF,1.00,RESOLVED,,2025-04-05T00:00:00Z
idm-01086,INVOICE,SHOPIFY,core.orders,ORD-555,ACCOUNTING,core.invoices,INV-0555,INVOICE_REF,1.00,RESOLVED,,2025-04-05T00:00:00Z
idm-01087,ORDER,SHOPIFY,core.orders,ORD-557,RAZORPAY,core.payments,PAY-0557,EXACT_REF,1.00,RESOLVED,,2025-04-05T00:00:00Z
idm-01088,INVOICE,SHOPIFY,core.orders,ORD-557,ACCOUNTING,core.invoices,INV-0557,INVOICE_REF,1.00,RESOLVED,,2025-04-05T00:00:00Z
idm-01089,ORDER,SHOPIFY,core.orders,ORD-558,RAZORPAY,core.payments,PAY-0558,EXACT_REF,1.00,RESOLVED,,2025-04-05T00:00:00Z
idm-01090,INVOICE,SHOPIFY,core.orders,ORD-558,ACCOUNTING,core.invoices,INV-0558,INVOICE_REF,1.00,RESOLVED,,2025-04-05T00:00:00Z
idm-01091,ORDER,SHOPIFY,core.orders,ORD-559,RAZORPAY,core.payments,PAY-0559,EXACT_REF,1.00,RESOLVED,,2025-04-05T00:00:00Z
idm-01092,INVOICE,SHOPIFY,core.orders,ORD-559,ACCOUNTING,core.invoices,INV-0559,INVOICE_REF,1.00,RESOLVED,,2025-04-05T00:00:00Z
idm-01093,ORDER,SHOPIFY,core.orders,ORD-560,RAZORPAY,core.payments,PAY-0560,EXACT_REF,1.00,RESOLVED,,2025-04-05T00:00:00Z
idm-01094,INVOICE,SHOPIFY,core.orders,ORD-560,ACCOUNTING,core.invoices,INV-0560,INVOICE_REF,1.00,RESOLVED,,2025-04-05T00:00:00Z
idm-01095,ORDER,SHOPIFY,core.orders,ORD-561,RAZORPAY,core.payments,PAY-0561,EXACT_REF,1.00,RESOLVED,,2025-04-05T00:00:00Z
idm-01096,INVOICE,SHOPIFY,core.orders,ORD-561,ACCOUNTING,core.invoices,INV-0561,INVOICE_REF,1.00,RESOLVED,,2025-04-05T00:00:00Z
idm-01097,ORDER,SHOPIFY,core.orders,ORD-562,RAZORPAY,core.payments,PAY-0562,EXACT_REF,1.00,RESOLVED,,2025-04-05T00:00:00Z
idm-01098,INVOICE,SHOPIFY,core.orders,ORD-562,ACCOUNTING,core.invoices,INV-0562,INVOICE_REF,1.00,RESOLVED,,2025-04-05T00:00:00Z
idm-01099,ORDER,SHOPIFY,core.orders,ORD-563,RAZORPAY,core.payments,PAY-0563,EXACT_REF,1.00,RESOLVED,,2025-04-05T00:00:00Z
idm-01100,INVOICE,SHOPIFY,core.orders,ORD-563,ACCOUNTING,core.invoices,INV-0563,INVOICE_REF,1.00,RESOLVED,,2025-04-05T00:00:00Z
idm-01101,ORDER,SHOPIFY,core.orders,ORD-564,RAZORPAY,core.payments,PAY-0564,EXACT_REF,1.00,RESOLVED,,2025-04-05T00:00:00Z
idm-01102,INVOICE,SHOPIFY,core.orders,ORD-564,ACCOUNTING,core.invoices,INV-0564,INVOICE_REF,1.00,RESOLVED,,2025-04-05T00:00:00Z
idm-01103,ORDER,SHOPIFY,core.orders,ORD-565,RAZORPAY,core.payments,PAY-0565,EXACT_REF,1.00,RESOLVED,,2025-04-05T00:00:00Z
idm-01104,INVOICE,SHOPIFY,core.orders,ORD-565,ACCOUNTING,core.invoices,INV-0565,INVOICE_REF,1.00,RESOLVED,,2025-04-05T00:00:00Z
idm-01105,ORDER,SHOPIFY,core.orders,ORD-566,RAZORPAY,core.payments,PAY-0566,EXACT_REF,1.00,RESOLVED,,2025-04-05T00:00:00Z
idm-01106,INVOICE,SHOPIFY,core.orders,ORD-566,ACCOUNTING,core.invoices,INV-0566,INVOICE_REF,1.00,RESOLVED,,2025-04-05T00:00:00Z
idm-01107,ORDER,SHOPIFY,core.orders,ORD-567,RAZORPAY,core.payments,PAY-0567,EXACT_REF,1.00,RESOLVED,,2025-04-05T00:00:00Z
idm-01108,INVOICE,SHOPIFY,core.orders,ORD-567,ACCOUNTING,core.invoices,INV-0567,INVOICE_REF,1.00,RESOLVED,,2025-04-05T00:00:00Z
idm-01109,ORDER,SHOPIFY,core.orders,ORD-568,RAZORPAY,core.payments,PAY-0568,EXACT_REF,1.00,RESOLVED,,2025-04-05T00:00:00Z
idm-01110,INVOICE,SHOPIFY,core.orders,ORD-568,ACCOUNTING,core.invoices,INV-0568,INVOICE_REF,1.00,RESOLVED,,2025-04-05T00:00:00Z
idm-01111,ORDER,SHOPIFY,core.orders,ORD-569,RAZORPAY,core.payments,PAY-0569,EXACT_REF,1.00,RESOLVED,,2025-04-05T00:00:00Z
idm-01112,INVOICE,SHOPIFY,core.orders,ORD-569,ACCOUNTING,core.invoices,INV-0569,INVOICE_REF,1.00,RESOLVED,,2025-04-05T00:00:00Z
idm-01113,ORDER,SHOPIFY,core.orders,ORD-570,RAZORPAY,core.payments,PAY-0570,EXACT_REF,1.00,RESOLVED,,2025-04-05T00:00:00Z
idm-01114,INVOICE,SHOPIFY,core.orders,ORD-570,ACCOUNTING,core.invoices,INV-0570,INVOICE_REF,1.00,RESOLVED,,2025-04-05T00:00:00Z
idm-01115,ORDER,SHOPIFY,core.orders,ORD-571,RAZORPAY,core.payments,PAY-0571,EXACT_REF,1.00,RESOLVED,,2025-04-05T00:00:00Z
idm-01116,INVOICE,SHOPIFY,core.orders,ORD-571,ACCOUNTING,core.invoices,INV-0571,INVOICE_REF,1.00,RESOLVED,,2025-04-05T00:00:00Z
idm-01117,ORDER,SHOPIFY,core.orders,ORD-572,RAZORPAY,core.payments,PAY-0572,EXACT_REF,1.00,RESOLVED,,2025-04-05T00:00:00Z
idm-01118,INVOICE,SHOPIFY,core.orders,ORD-572,ACCOUNTING,core.invoices,INV-0572,INVOICE_REF,1.00,RESOLVED,,2025-04-05T00:00:00Z
idm-01119,ORDER,SHOPIFY,core.orders,ORD-573,RAZORPAY,core.payments,PAY-0573,EXACT_REF,1.00,RESOLVED,,2025-04-05T00:00:00Z
idm-01120,INVOICE,SHOPIFY,core.orders,ORD-573,ACCOUNTING,core.invoices,INV-0573,INVOICE_REF,1.00,RESOLVED,,2025-04-05T00:00:00Z
idm-01121,ORDER,SHOPIFY,core.orders,ORD-574,RAZORPAY,core.payments,PAY-0574,EXACT_REF,1.00,RESOLVED,,2025-04-05T00:00:00Z
idm-01122,INVOICE,SHOPIFY,core.orders,ORD-574,ACCOUNTING,core.invoices,INV-0574,INVOICE_REF,1.00,RESOLVED,,2025-04-05T00:00:00Z
idm-01123,ORDER,SHOPIFY,core.orders,ORD-575,RAZORPAY,core.payments,PAY-0575,EXACT_REF,1.00,RESOLVED,,2025-04-05T00:00:00Z
idm-01124,INVOICE,SHOPIFY,core.orders,ORD-575,ACCOUNTING,core.invoices,INV-0575,INVOICE_REF,1.00,RESOLVED,,2025-04-05T00:00:00Z
idm-01125,ORDER,SHOPIFY,core.orders,ORD-576,RAZORPAY,core.payments,PAY-0576,EXACT_REF,1.00,RESOLVED,,2025-04-05T00:00:00Z
idm-01126,INVOICE,SHOPIFY,core.orders,ORD-576,ACCOUNTING,core.invoices,INV-0576,INVOICE_REF,1.00,RESOLVED,,2025-04-05T00:00:00Z
idm-01127,ORDER,SHOPIFY,core.orders,ORD-577,RAZORPAY,core.payments,PAY-0577,EXACT_REF,1.00,RESOLVED,,2025-04-05T00:00:00Z
idm-01128,INVOICE,SHOPIFY,core.orders,ORD-577,ACCOUNTING,core.invoices,INV-0577,INVOICE_REF,1.00,RESOLVED,,2025-04-05T00:00:00Z
idm-01129,ORDER,SHOPIFY,core.orders,ORD-578,RAZORPAY,core.payments,PAY-0578,EXACT_REF,1.00,RESOLVED,,2025-04-05T00:00:00Z
idm-01130,INVOICE,SHOPIFY,core.orders,ORD-578,ACCOUNTING,core.invoices,INV-0578,INVOICE_REF,1.00,RESOLVED,,2025-04-05T00:00:00Z
idm-01131,ORDER,SHOPIFY,core.orders,ORD-579,RAZORPAY,core.payments,PAY-0579,EXACT_REF,1.00,RESOLVED,,2025-04-05T00:00:00Z
idm-01132,INVOICE,SHOPIFY,core.orders,ORD-579,ACCOUNTING,core.invoices,INV-0579,INVOICE_REF,1.00,RESOLVED,,2025-04-05T00:00:00Z
idm-01133,ORDER,SHOPIFY,core.orders,ORD-580,RAZORPAY,core.payments,PAY-0580,EXACT_REF,1.00,RESOLVED,,2025-04-05T00:00:00Z
idm-01134,INVOICE,SHOPIFY,core.orders,ORD-580,ACCOUNTING,core.invoices,INV-0580,INVOICE_REF,1.00,RESOLVED,,2025-04-05T00:00:00Z
idm-01135,ORDER,SHOPIFY,core.orders,ORD-581,RAZORPAY,core.payments,PAY-0581,EXACT_REF,1.00,RESOLVED,,2025-04-05T00:00:00Z
idm-01136,INVOICE,SHOPIFY,core.orders,ORD-581,ACCOUNTING,core.invoices,INV-0581,INVOICE_REF,1.00,RESOLVED,,2025-04-05T00:00:00Z
idm-01137,ORDER,SHOPIFY,core.orders,ORD-582,RAZORPAY,core.payments,PAY-0582,EXACT_REF,1.00,RESOLVED,,2025-04-05T00:00:00Z
idm-01138,INVOICE,SHOPIFY,core.orders,ORD-582,ACCOUNTING,core.invoices,INV-0582,INVOICE_REF,1.00,RESOLVED,,2025-04-05T00:00:00Z
idm-01139,ORDER,SHOPIFY,core.orders,ORD-583,RAZORPAY,core.payments,PAY-0583,EXACT_REF,1.00,RESOLVED,,2025-04-05T00:00:00Z
idm-01140,INVOICE,SHOPIFY,core.orders,ORD-583,ACCOUNTING,core.invoices,INV-0583,INVOICE_REF,1.00,RESOLVED,,2025-04-05T00:00:00Z
idm-01141,ORDER,SHOPIFY,core.orders,ORD-584,RAZORPAY,core.payments,PAY-0584,EXACT_REF,1.00,RESOLVED,,2025-04-05T00:00:00Z
idm-01142,INVOICE,SHOPIFY,core.orders,ORD-584,ACCOUNTING,core.invoices,INV-0584,INVOICE_REF,1.00,RESOLVED,,2025-04-05T00:00:00Z
idm-01143,ORDER,SHOPIFY,core.orders,ORD-585,RAZORPAY,core.payments,PAY-0585,EXACT_REF,1.00,RESOLVED,,2025-04-05T00:00:00Z
idm-01144,INVOICE,SHOPIFY,core.orders,ORD-585,ACCOUNTING,core.invoices,INV-0585,INVOICE_REF,1.00,RESOLVED,,2025-04-05T00:00:00Z
idm-01145,ORDER,SHOPIFY,core.orders,ORD-586,RAZORPAY,core.payments,PAY-0586,EXACT_REF,1.00,RESOLVED,,2025-04-05T00:00:00Z
idm-01146,INVOICE,SHOPIFY,core.orders,ORD-586,ACCOUNTING,core.invoices,INV-0586,INVOICE_REF,1.00,RESOLVED,,2025-04-05T00:00:00Z
idm-01147,ORDER,SHOPIFY,core.orders,ORD-587,RAZORPAY,core.payments,PAY-0587,EXACT_REF,1.00,RESOLVED,,2025-04-05T00:00:00Z
idm-01148,INVOICE,SHOPIFY,core.orders,ORD-587,ACCOUNTING,core.invoices,INV-0587,INVOICE_REF,1.00,RESOLVED,,2025-04-05T00:00:00Z
idm-01149,ORDER,SHOPIFY,core.orders,ORD-588,RAZORPAY,core.payments,PAY-0588,EXACT_REF,1.00,RESOLVED,,2025-04-05T00:00:00Z
idm-01150,INVOICE,SHOPIFY,core.orders,ORD-588,ACCOUNTING,core.invoices,INV-0588,INVOICE_REF,1.00,RESOLVED,,2025-04-05T00:00:00Z
idm-01151,ORDER,SHOPIFY,core.orders,ORD-589,RAZORPAY,core.payments,PAY-0589,EXACT_REF,1.00,RESOLVED,,2025-04-05T00:00:00Z
idm-01152,INVOICE,SHOPIFY,core.orders,ORD-589,ACCOUNTING,core.invoices,INV-0589,INVOICE_REF,1.00,RESOLVED,,2025-04-05T00:00:00Z
idm-01153,ORDER,SHOPIFY,core.orders,ORD-590,RAZORPAY,core.payments,PAY-0590,EXACT_REF,1.00,RESOLVED,,2025-04-05T00:00:00Z
idm-01154,INVOICE,SHOPIFY,core.orders,ORD-590,ACCOUNTING,core.invoices,INV-0590,INVOICE_REF,1.00,RESOLVED,,2025-04-05T00:00:00Z
idm-01155,ORDER,SHOPIFY,core.orders,ORD-591,RAZORPAY,core.payments,PAY-0591,EXACT_REF,1.00,RESOLVED,,2025-04-05T00:00:00Z
idm-01156,INVOICE,SHOPIFY,core.orders,ORD-591,ACCOUNTING,core.invoices,INV-0591,INVOICE_REF,1.00,RESOLVED,,2025-04-05T00:00:00Z
idm-01157,ORDER,SHOPIFY,core.orders,ORD-592,RAZORPAY,core.payments,PAY-0592,EXACT_REF,1.00,RESOLVED,,2025-04-05T00:00:00Z
idm-01158,INVOICE,SHOPIFY,core.orders,ORD-592,ACCOUNTING,core.invoices,INV-0592,INVOICE_REF,1.00,RESOLVED,,2025-04-05T00:00:00Z
idm-01159,ORDER,SHOPIFY,core.orders,ORD-593,RAZORPAY,core.payments,PAY-0593,EXACT_REF,1.00,RESOLVED,,2025-04-05T00:00:00Z
idm-01160,INVOICE,SHOPIFY,core.orders,ORD-593,ACCOUNTING,core.invoices,INV-0593,INVOICE_REF,1.00,RESOLVED,,2025-04-05T00:00:00Z
idm-01161,ORDER,SHOPIFY,core.orders,ORD-594,RAZORPAY,core.payments,PAY-0594,EXACT_REF,1.00,RESOLVED,,2025-04-05T00:00:00Z
idm-01162,INVOICE,SHOPIFY,core.orders,ORD-594,ACCOUNTING,core.invoices,INV-0594,INVOICE_REF,1.00,RESOLVED,,2025-04-05T00:00:00Z
idm-01163,ORDER,SHOPIFY,core.orders,ORD-595,RAZORPAY,core.payments,PAY-0595,EXACT_REF,1.00,RESOLVED,,2025-04-05T00:00:00Z
idm-01164,INVOICE,SHOPIFY,core.orders,ORD-595,ACCOUNTING,core.invoices,INV-0595,INVOICE_REF,1.00,RESOLVED,,2025-04-05T00:00:00Z
idm-01165,ORDER,SHOPIFY,core.orders,ORD-596,RAZORPAY,core.payments,PAY-0596,EXACT_REF,1.00,RESOLVED,,2025-04-05T00:00:00Z
idm-01166,INVOICE,SHOPIFY,core.orders,ORD-596,ACCOUNTING,core.invoices,INV-0596,INVOICE_REF,1.00,RESOLVED,,2025-04-05T00:00:00Z
idm-01167,ORDER,SHOPIFY,core.orders,ORD-597,RAZORPAY,core.payments,PAY-0597,EXACT_REF,1.00,RESOLVED,,2025-04-05T00:00:00Z
idm-01168,INVOICE,SHOPIFY,core.orders,ORD-597,ACCOUNTING,core.invoices,INV-0597,INVOICE_REF,1.00,RESOLVED,,2025-04-05T00:00:00Z
idm-01169,ORDER,SHOPIFY,core.orders,ORD-598,RAZORPAY,core.payments,PAY-0598,EXACT_REF,1.00,RESOLVED,,2025-04-05T00:00:00Z
idm-01170,INVOICE,SHOPIFY,core.orders,ORD-598,ACCOUNTING,core.invoices,INV-0598,INVOICE_REF,1.00,RESOLVED,,2025-04-05T00:00:00Z
idm-01171,ORDER,SHOPIFY,core.orders,ORD-599,RAZORPAY,core.payments,PAY-0599,EXACT_REF,1.00,RESOLVED,,2025-04-05T00:00:00Z
idm-01172,INVOICE,SHOPIFY,core.orders,ORD-599,ACCOUNTING,core.invoices,INV-0599,INVOICE_REF,1.00,RESOLVED,,2025-04-05T00:00:00Z
idm-01173,ORDER,SHOPIFY,core.orders,ORD-600,RAZORPAY,core.payments,PAY-0600,EXACT_REF,1.00,RESOLVED,,2025-04-05T00:00:00Z
idm-01174,INVOICE,SHOPIFY,core.orders,ORD-600,ACCOUNTING,core.invoices,INV-0600,INVOICE_REF,1.00,RESOLVED,,2025-04-05T00:00:00Z
idm-01175,ORDER,SHOPIFY,core.orders,ORD-601,RAZORPAY,core.payments,PAY-0601,EXACT_REF,1.00,RESOLVED,,2025-04-05T00:00:00Z
idm-01176,INVOICE,SHOPIFY,core.orders,ORD-601,ACCOUNTING,core.invoices,INV-0601,INVOICE_REF,1.00,RESOLVED,,2025-04-05T00:00:00Z
idm-01177,ORDER,SHOPIFY,core.orders,ORD-602,RAZORPAY,core.payments,PAY-0602,EXACT_REF,1.00,RESOLVED,,2025-04-05T00:00:00Z
idm-01178,INVOICE,SHOPIFY,core.orders,ORD-602,ACCOUNTING,core.invoices,INV-0602,INVOICE_REF,1.00,RESOLVED,,2025-04-05T00:00:00Z
idm-01179,ORDER,SHOPIFY,core.orders,ORD-603,RAZORPAY,core.payments,PAY-0603,EXACT_REF,1.00,RESOLVED,,2025-04-05T00:00:00Z
idm-01180,INVOICE,SHOPIFY,core.orders,ORD-603,ACCOUNTING,core.invoices,INV-0603,INVOICE_REF,1.00,RESOLVED,,2025-04-05T00:00:00Z
idm-01181,ORDER,SHOPIFY,core.orders,ORD-604,RAZORPAY,core.payments,PAY-0604,EXACT_REF,1.00,RESOLVED,,2025-04-05T00:00:00Z
idm-01182,INVOICE,SHOPIFY,core.orders,ORD-604,ACCOUNTING,core.invoices,INV-0604,INVOICE_REF,1.00,RESOLVED,,2025-04-05T00:00:00Z
idm-01183,ORDER,SHOPIFY,core.orders,ORD-605,RAZORPAY,core.payments,PAY-0605,EXACT_REF,1.00,RESOLVED,,2025-04-05T00:00:00Z
idm-01184,INVOICE,SHOPIFY,core.orders,ORD-605,ACCOUNTING,core.invoices,INV-0605,INVOICE_REF,1.00,RESOLVED,,2025-04-05T00:00:00Z
idm-01185,ORDER,SHOPIFY,core.orders,ORD-606,RAZORPAY,core.payments,PAY-0606,EXACT_REF,1.00,RESOLVED,,2025-04-05T00:00:00Z
idm-01186,INVOICE,SHOPIFY,core.orders,ORD-606,ACCOUNTING,core.invoices,INV-0606,INVOICE_REF,1.00,RESOLVED,,2025-04-05T00:00:00Z
idm-01187,ORDER,SHOPIFY,core.orders,ORD-607,RAZORPAY,core.payments,PAY-0607,EXACT_REF,1.00,RESOLVED,,2025-04-05T00:00:00Z
idm-01188,INVOICE,SHOPIFY,core.orders,ORD-607,ACCOUNTING,core.invoices,INV-0607,INVOICE_REF,1.00,RESOLVED,,2025-04-05T00:00:00Z
idm-01189,ORDER,SHOPIFY,core.orders,ORD-608,RAZORPAY,core.payments,PAY-0608,EXACT_REF,1.00,RESOLVED,,2025-04-05T00:00:00Z
idm-01190,INVOICE,SHOPIFY,core.orders,ORD-608,ACCOUNTING,core.invoices,INV-0608,INVOICE_REF,1.00,RESOLVED,,2025-04-05T00:00:00Z
idm-01191,ORDER,SHOPIFY,core.orders,ORD-609,RAZORPAY,core.payments,PAY-0609,EXACT_REF,1.00,RESOLVED,,2025-04-05T00:00:00Z
idm-01192,INVOICE,SHOPIFY,core.orders,ORD-609,ACCOUNTING,core.invoices,INV-0609,INVOICE_REF,1.00,RESOLVED,,2025-04-05T00:00:00Z
idm-01193,ORDER,SHOPIFY,core.orders,ORD-610,RAZORPAY,core.payments,PAY-0610,EXACT_REF,1.00,RESOLVED,,2025-04-05T00:00:00Z
idm-01194,INVOICE,SHOPIFY,core.orders,ORD-610,ACCOUNTING,core.invoices,INV-0610,INVOICE_REF,1.00,RESOLVED,,2025-04-05T00:00:00Z
idm-01195,ORDER,SHOPIFY,core.orders,ORD-612,RAZORPAY,core.payments,PAY-0612,EXACT_REF,1.00,RESOLVED,,2025-04-05T00:00:00Z
idm-01196,INVOICE,SHOPIFY,core.orders,ORD-612,ACCOUNTING,core.invoices,INV-0612,INVOICE_REF,1.00,RESOLVED,,2025-04-05T00:00:00Z
idm-01197,ORDER,SHOPIFY,core.orders,ORD-613,RAZORPAY,core.payments,PAY-0613,EXACT_REF,1.00,RESOLVED,,2025-04-05T00:00:00Z
idm-01198,INVOICE,SHOPIFY,core.orders,ORD-613,ACCOUNTING,core.invoices,INV-0613,INVOICE_REF,1.00,RESOLVED,,2025-04-05T00:00:00Z
idm-01199,ORDER,SHOPIFY,core.orders,ORD-614,RAZORPAY,core.payments,PAY-0614,EXACT_REF,1.00,RESOLVED,,2025-04-05T00:00:00Z
idm-01200,INVOICE,SHOPIFY,core.orders,ORD-614,ACCOUNTING,core.invoices,INV-0614,INVOICE_REF,1.00,RESOLVED,,2025-04-05T00:00:00Z
idm-01201,ORDER,SHOPIFY,core.orders,ORD-615,RAZORPAY,core.payments,PAY-0615,EXACT_REF,1.00,RESOLVED,,2025-04-05T00:00:00Z
idm-01202,INVOICE,SHOPIFY,core.orders,ORD-615,ACCOUNTING,core.invoices,INV-0615,INVOICE_REF,1.00,RESOLVED,,2025-04-05T00:00:00Z
idm-01203,ORDER,SHOPIFY,core.orders,ORD-616,RAZORPAY,core.payments,PAY-0616,EXACT_REF,1.00,RESOLVED,,2025-04-05T00:00:00Z
idm-01204,INVOICE,SHOPIFY,core.orders,ORD-616,ACCOUNTING,core.invoices,INV-0616,INVOICE_REF,1.00,RESOLVED,,2025-04-05T00:00:00Z
idm-01205,ORDER,SHOPIFY,core.orders,ORD-617,RAZORPAY,core.payments,PAY-0617,EXACT_REF,1.00,RESOLVED,,2025-04-05T00:00:00Z
idm-01206,INVOICE,SHOPIFY,core.orders,ORD-617,ACCOUNTING,core.invoices,INV-0617,INVOICE_REF,1.00,RESOLVED,,2025-04-05T00:00:00Z
idm-01207,ORDER,SHOPIFY,core.orders,ORD-618,RAZORPAY,core.payments,PAY-0618,EXACT_REF,1.00,RESOLVED,,2025-04-05T00:00:00Z
idm-01208,INVOICE,SHOPIFY,core.orders,ORD-618,ACCOUNTING,core.invoices,INV-0618,INVOICE_REF,1.00,RESOLVED,,2025-04-05T00:00:00Z
idm-01209,ORDER,SHOPIFY,core.orders,ORD-619,RAZORPAY,core.payments,PAY-0619,EXACT_REF,1.00,RESOLVED,,2025-04-05T00:00:00Z
idm-01210,INVOICE,SHOPIFY,core.orders,ORD-619,ACCOUNTING,core.invoices,INV-0619,INVOICE_REF,1.00,RESOLVED,,2025-04-05T00:00:00Z
idm-01211,ORDER,SHOPIFY,core.orders,ORD-620,RAZORPAY,core.payments,PAY-0620,EXACT_REF,1.00,RESOLVED,,2025-04-05T00:00:00Z
idm-01212,INVOICE,SHOPIFY,core.orders,ORD-620,ACCOUNTING,core.invoices,INV-0620,INVOICE_REF,1.00,RESOLVED,,2025-04-05T00:00:00Z
idm-01213,ORDER,SHOPIFY,core.orders,ORD-621,RAZORPAY,core.payments,PAY-0621,EXACT_REF,1.00,RESOLVED,,2025-04-05T00:00:00Z
idm-01214,INVOICE,SHOPIFY,core.orders,ORD-621,ACCOUNTING,core.invoices,INV-0621,INVOICE_REF,1.00,RESOLVED,,2025-04-05T00:00:00Z
idm-01215,ORDER,SHOPIFY,core.orders,ORD-622,RAZORPAY,core.payments,PAY-0622,EXACT_REF,1.00,RESOLVED,,2025-04-05T00:00:00Z
idm-01216,INVOICE,SHOPIFY,core.orders,ORD-622,ACCOUNTING,core.invoices,INV-0622,INVOICE_REF,1.00,RESOLVED,,2025-04-05T00:00:00Z
idm-01217,ORDER,SHOPIFY,core.orders,ORD-623,RAZORPAY,core.payments,PAY-0623,EXACT_REF,1.00,RESOLVED,,2025-04-05T00:00:00Z
idm-01218,INVOICE,SHOPIFY,core.orders,ORD-623,ACCOUNTING,core.invoices,INV-0623,INVOICE_REF,1.00,RESOLVED,,2025-04-05T00:00:00Z
idm-01219,ORDER,SHOPIFY,core.orders,ORD-624,RAZORPAY,core.payments,PAY-0624,EXACT_REF,1.00,RESOLVED,,2025-04-05T00:00:00Z
idm-01220,INVOICE,SHOPIFY,core.orders,ORD-624,ACCOUNTING,core.invoices,INV-0624,INVOICE_REF,1.00,RESOLVED,,2025-04-05T00:00:00Z
idm-01221,ORDER,SHOPIFY,core.orders,ORD-625,RAZORPAY,core.payments,PAY-0625,EXACT_REF,1.00,RESOLVED,,2025-04-05T00:00:00Z
idm-01222,INVOICE,SHOPIFY,core.orders,ORD-625,ACCOUNTING,core.invoices,INV-0625,INVOICE_REF,1.00,RESOLVED,,2025-04-05T00:00:00Z
idm-01223,ORDER,SHOPIFY,core.orders,ORD-626,RAZORPAY,core.payments,PAY-0626,EXACT_REF,1.00,RESOLVED,,2025-04-05T00:00:00Z
idm-01224,INVOICE,SHOPIFY,core.orders,ORD-626,ACCOUNTING,core.invoices,INV-0626,INVOICE_REF,1.00,RESOLVED,,2025-04-05T00:00:00Z
idm-01225,ORDER,SHOPIFY,core.orders,ORD-627,RAZORPAY,core.payments,PAY-0627,EXACT_REF,1.00,RESOLVED,,2025-04-05T00:00:00Z
idm-01226,INVOICE,SHOPIFY,core.orders,ORD-627,ACCOUNTING,core.invoices,INV-0627,INVOICE_REF,1.00,RESOLVED,,2025-04-05T00:00:00Z
idm-01227,ORDER,SHOPIFY,core.orders,ORD-628,RAZORPAY,core.payments,PAY-0628,EXACT_REF,1.00,RESOLVED,,2025-04-05T00:00:00Z
idm-01228,INVOICE,SHOPIFY,core.orders,ORD-628,ACCOUNTING,core.invoices,INV-0628,INVOICE_REF,1.00,RESOLVED,,2025-04-05T00:00:00Z
idm-01229,ORDER,SHOPIFY,core.orders,ORD-629,RAZORPAY,core.payments,PAY-0629,EXACT_REF,1.00,RESOLVED,,2025-04-05T00:00:00Z
idm-01230,INVOICE,SHOPIFY,core.orders,ORD-629,ACCOUNTING,core.invoices,INV-0629,INVOICE_REF,1.00,RESOLVED,,2025-04-05T00:00:00Z
idm-01231,ORDER,SHOPIFY,core.orders,ORD-630,RAZORPAY,core.payments,PAY-0630,EXACT_REF,1.00,RESOLVED,,2025-04-05T00:00:00Z
idm-01232,INVOICE,SHOPIFY,core.orders,ORD-630,ACCOUNTING,core.invoices,INV-0630,INVOICE_REF,1.00,RESOLVED,,2025-04-05T00:00:00Z
idm-01233,ORDER,SHOPIFY,core.orders,ORD-631,RAZORPAY,core.payments,PAY-0631,EXACT_REF,1.00,RESOLVED,,2025-04-05T00:00:00Z
idm-01234,INVOICE,SHOPIFY,core.orders,ORD-631,ACCOUNTING,core.invoices,INV-0631,INVOICE_REF,1.00,RESOLVED,,2025-04-05T00:00:00Z
idm-01235,ORDER,SHOPIFY,core.orders,ORD-632,RAZORPAY,core.payments,PAY-0632,EXACT_REF,1.00,RESOLVED,,2025-04-05T00:00:00Z
idm-01236,INVOICE,SHOPIFY,core.orders,ORD-632,ACCOUNTING,core.invoices,INV-0632,INVOICE_REF,1.00,RESOLVED,,2025-04-05T00:00:00Z
idm-01237,ORDER,SHOPIFY,core.orders,ORD-633,RAZORPAY,core.payments,PAY-0633,EXACT_REF,1.00,RESOLVED,,2025-04-05T00:00:00Z
idm-01238,INVOICE,SHOPIFY,core.orders,ORD-633,ACCOUNTING,core.invoices,INV-0633,INVOICE_REF,1.00,RESOLVED,,2025-04-05T00:00:00Z
idm-01239,ORDER,SHOPIFY,core.orders,ORD-634,RAZORPAY,core.payments,PAY-0634,EXACT_REF,1.00,RESOLVED,,2025-04-05T00:00:00Z
idm-01240,INVOICE,SHOPIFY,core.orders,ORD-634,ACCOUNTING,core.invoices,INV-0634,INVOICE_REF,1.00,RESOLVED,,2025-04-05T00:00:00Z
idm-01241,ORDER,SHOPIFY,core.orders,ORD-636,RAZORPAY,core.payments,PAY-0636,EXACT_REF,1.00,RESOLVED,,2025-04-05T00:00:00Z
idm-01242,INVOICE,SHOPIFY,core.orders,ORD-636,ACCOUNTING,core.invoices,INV-0636,INVOICE_REF,1.00,RESOLVED,,2025-04-05T00:00:00Z
idm-01243,ORDER,SHOPIFY,core.orders,ORD-637,RAZORPAY,core.payments,PAY-0637,EXACT_REF,1.00,RESOLVED,,2025-04-05T00:00:00Z
idm-01244,INVOICE,SHOPIFY,core.orders,ORD-637,ACCOUNTING,core.invoices,INV-0637,INVOICE_REF,1.00,RESOLVED,,2025-04-05T00:00:00Z
idm-01245,ORDER,SHOPIFY,core.orders,ORD-638,RAZORPAY,core.payments,PAY-0638,EXACT_REF,1.00,RESOLVED,,2025-04-05T00:00:00Z
idm-01246,INVOICE,SHOPIFY,core.orders,ORD-638,ACCOUNTING,core.invoices,INV-0638,INVOICE_REF,1.00,RESOLVED,,2025-04-05T00:00:00Z
idm-01247,ORDER,SHOPIFY,core.orders,ORD-639,RAZORPAY,core.payments,PAY-0639,EXACT_REF,1.00,RESOLVED,,2025-04-05T00:00:00Z
idm-01248,INVOICE,SHOPIFY,core.orders,ORD-639,ACCOUNTING,core.invoices,INV-0639,INVOICE_REF,1.00,RESOLVED,,2025-04-05T00:00:00Z
idm-01249,ORDER,SHOPIFY,core.orders,ORD-640,RAZORPAY,core.payments,PAY-0640,EXACT_REF,1.00,RESOLVED,,2025-04-05T00:00:00Z
idm-01250,INVOICE,SHOPIFY,core.orders,ORD-640,ACCOUNTING,core.invoices,INV-0640,INVOICE_REF,1.00,RESOLVED,,2025-04-05T00:00:00Z
idm-01251,ORDER,SHOPIFY,core.orders,ORD-641,RAZORPAY,core.payments,PAY-0641,EXACT_REF,1.00,RESOLVED,,2025-04-05T00:00:00Z
idm-01252,INVOICE,SHOPIFY,core.orders,ORD-641,ACCOUNTING,core.invoices,INV-0641,INVOICE_REF,1.00,RESOLVED,,2025-04-05T00:00:00Z
idm-01253,ORDER,SHOPIFY,core.orders,ORD-642,RAZORPAY,core.payments,PAY-0642,EXACT_REF,1.00,RESOLVED,,2025-04-05T00:00:00Z
idm-01254,INVOICE,SHOPIFY,core.orders,ORD-642,ACCOUNTING,core.invoices,INV-0642,INVOICE_REF,1.00,RESOLVED,,2025-04-05T00:00:00Z
idm-01255,ORDER,SHOPIFY,core.orders,ORD-643,RAZORPAY,core.payments,PAY-0643,EXACT_REF,1.00,RESOLVED,,2025-04-05T00:00:00Z
idm-01256,INVOICE,SHOPIFY,core.orders,ORD-643,ACCOUNTING,core.invoices,INV-0643,INVOICE_REF,1.00,RESOLVED,,2025-04-05T00:00:00Z
idm-01257,ORDER,SHOPIFY,core.orders,ORD-644,RAZORPAY,core.payments,PAY-0644,EXACT_REF,1.00,RESOLVED,,2025-04-05T00:00:00Z
idm-01258,INVOICE,SHOPIFY,core.orders,ORD-644,ACCOUNTING,core.invoices,INV-0644,INVOICE_REF,1.00,RESOLVED,,2025-04-05T00:00:00Z
idm-01259,ORDER,SHOPIFY,core.orders,ORD-645,RAZORPAY,core.payments,PAY-0645,EXACT_REF,1.00,RESOLVED,,2025-04-05T00:00:00Z
idm-01260,INVOICE,SHOPIFY,core.orders,ORD-645,ACCOUNTING,core.invoices,INV-0645,INVOICE_REF,1.00,RESOLVED,,2025-04-05T00:00:00Z
idm-01261,ORDER,SHOPIFY,core.orders,ORD-646,RAZORPAY,core.payments,PAY-0646,EXACT_REF,1.00,RESOLVED,,2025-04-05T00:00:00Z
idm-01262,INVOICE,SHOPIFY,core.orders,ORD-646,ACCOUNTING,core.invoices,INV-0646,INVOICE_REF,1.00,RESOLVED,,2025-04-05T00:00:00Z
idm-01263,ORDER,SHOPIFY,core.orders,ORD-647,RAZORPAY,core.payments,PAY-0647,EXACT_REF,1.00,RESOLVED,,2025-04-05T00:00:00Z
idm-01264,INVOICE,SHOPIFY,core.orders,ORD-647,ACCOUNTING,core.invoices,INV-0647,INVOICE_REF,1.00,RESOLVED,,2025-04-05T00:00:00Z
idm-01265,ORDER,SHOPIFY,core.orders,ORD-648,RAZORPAY,core.payments,PAY-0648,EXACT_REF,1.00,RESOLVED,,2025-04-05T00:00:00Z
idm-01266,INVOICE,SHOPIFY,core.orders,ORD-648,ACCOUNTING,core.invoices,INV-0648,INVOICE_REF,1.00,RESOLVED,,2025-04-05T00:00:00Z
idm-01267,ORDER,SHOPIFY,core.orders,ORD-649,RAZORPAY,core.payments,PAY-0649,EXACT_REF,1.00,RESOLVED,,2025-04-05T00:00:00Z
idm-01268,INVOICE,SHOPIFY,core.orders,ORD-649,ACCOUNTING,core.invoices,INV-0649,INVOICE_REF,1.00,RESOLVED,,2025-04-05T00:00:00Z
idm-01269,ORDER,SHOPIFY,core.orders,ORD-650,RAZORPAY,core.payments,PAY-0650,EXACT_REF,1.00,RESOLVED,,2025-04-05T00:00:00Z
idm-01270,INVOICE,SHOPIFY,core.orders,ORD-650,ACCOUNTING,core.invoices,INV-0650,INVOICE_REF,1.00,RESOLVED,,2025-04-05T00:00:00Z
idm-01271,ORDER,SHOPIFY,core.orders,ORD-651,RAZORPAY,core.payments,PAY-0651,EXACT_REF,1.00,RESOLVED,,2025-04-05T00:00:00Z
idm-01272,INVOICE,SHOPIFY,core.orders,ORD-651,ACCOUNTING,core.invoices,INV-0651,INVOICE_REF,1.00,RESOLVED,,2025-04-05T00:00:00Z
idm-01273,ORDER,SHOPIFY,core.orders,ORD-652,RAZORPAY,core.payments,PAY-0652,EXACT_REF,1.00,RESOLVED,,2025-04-05T00:00:00Z
idm-01274,INVOICE,SHOPIFY,core.orders,ORD-652,ACCOUNTING,core.invoices,INV-0652,INVOICE_REF,1.00,RESOLVED,,2025-04-05T00:00:00Z
idm-01275,ORDER,SHOPIFY,core.orders,ORD-653,RAZORPAY,core.payments,PAY-0653,EXACT_REF,1.00,RESOLVED,,2025-04-05T00:00:00Z
idm-01276,INVOICE,SHOPIFY,core.orders,ORD-653,ACCOUNTING,core.invoices,INV-0653,INVOICE_REF,1.00,RESOLVED,,2025-04-05T00:00:00Z
idm-01277,ORDER,SHOPIFY,core.orders,ORD-654,RAZORPAY,core.payments,PAY-0654,EXACT_REF,1.00,RESOLVED,,2025-04-05T00:00:00Z
idm-01278,INVOICE,SHOPIFY,core.orders,ORD-654,ACCOUNTING,core.invoices,INV-0654,INVOICE_REF,1.00,RESOLVED,,2025-04-05T00:00:00Z
idm-01279,ORDER,SHOPIFY,core.orders,ORD-655,RAZORPAY,core.payments,PAY-0655,EXACT_REF,1.00,RESOLVED,,2025-04-05T00:00:00Z
idm-01280,INVOICE,SHOPIFY,core.orders,ORD-655,ACCOUNTING,core.invoices,INV-0655,INVOICE_REF,1.00,RESOLVED,,2025-04-05T00:00:00Z
idm-01281,ORDER,SHOPIFY,core.orders,ORD-656,RAZORPAY,core.payments,PAY-0656,EXACT_REF,1.00,RESOLVED,,2025-04-05T00:00:00Z
idm-01282,INVOICE,SHOPIFY,core.orders,ORD-656,ACCOUNTING,core.invoices,INV-0656,INVOICE_REF,1.00,RESOLVED,,2025-04-05T00:00:00Z
idm-01283,ORDER,SHOPIFY,core.orders,ORD-657,RAZORPAY,core.payments,PAY-0657,EXACT_REF,1.00,RESOLVED,,2025-04-05T00:00:00Z
idm-01284,INVOICE,SHOPIFY,core.orders,ORD-657,ACCOUNTING,core.invoices,INV-0657,INVOICE_REF,1.00,RESOLVED,,2025-04-05T00:00:00Z
idm-01285,ORDER,SHOPIFY,core.orders,ORD-658,RAZORPAY,core.payments,PAY-0658,EXACT_REF,1.00,RESOLVED,,2025-04-05T00:00:00Z
idm-01286,INVOICE,SHOPIFY,core.orders,ORD-658,ACCOUNTING,core.invoices,INV-0658,INVOICE_REF,1.00,RESOLVED,,2025-04-05T00:00:00Z
idm-01287,ORDER,SHOPIFY,core.orders,ORD-659,RAZORPAY,core.payments,PAY-0659,EXACT_REF,1.00,RESOLVED,,2025-04-05T00:00:00Z
idm-01288,INVOICE,SHOPIFY,core.orders,ORD-659,ACCOUNTING,core.invoices,INV-0659,INVOICE_REF,1.00,RESOLVED,,2025-04-05T00:00:00Z
idm-01289,ORDER,SHOPIFY,core.orders,ORD-660,RAZORPAY,core.payments,PAY-0660,EXACT_REF,1.00,RESOLVED,,2025-04-05T00:00:00Z
idm-01290,INVOICE,SHOPIFY,core.orders,ORD-660,ACCOUNTING,core.invoices,INV-0660,INVOICE_REF,1.00,RESOLVED,,2025-04-05T00:00:00Z
idm-01291,ORDER,SHOPIFY,core.orders,ORD-661,RAZORPAY,core.payments,PAY-0661,EXACT_REF,1.00,RESOLVED,,2025-04-05T00:00:00Z
idm-01292,INVOICE,SHOPIFY,core.orders,ORD-661,ACCOUNTING,core.invoices,INV-0661,INVOICE_REF,1.00,RESOLVED,,2025-04-05T00:00:00Z
idm-01293,ORDER,SHOPIFY,core.orders,ORD-662,RAZORPAY,core.payments,PAY-0662,EXACT_REF,1.00,RESOLVED,,2025-04-05T00:00:00Z
idm-01294,INVOICE,SHOPIFY,core.orders,ORD-662,ACCOUNTING,core.invoices,INV-0662,INVOICE_REF,1.00,RESOLVED,,2025-04-05T00:00:00Z
idm-01295,ORDER,SHOPIFY,core.orders,ORD-663,RAZORPAY,core.payments,PAY-0663,EXACT_REF,1.00,RESOLVED,,2025-04-05T00:00:00Z
idm-01296,INVOICE,SHOPIFY,core.orders,ORD-663,ACCOUNTING,core.invoices,INV-0663,INVOICE_REF,1.00,RESOLVED,,2025-04-05T00:00:00Z
idm-01297,ORDER,SHOPIFY,core.orders,ORD-664,RAZORPAY,core.payments,PAY-0664,EXACT_REF,1.00,RESOLVED,,2025-04-05T00:00:00Z
idm-01298,INVOICE,SHOPIFY,core.orders,ORD-664,ACCOUNTING,core.invoices,INV-0664,INVOICE_REF,1.00,RESOLVED,,2025-04-05T00:00:00Z
idm-01299,ORDER,SHOPIFY,core.orders,ORD-665,RAZORPAY,core.payments,PAY-0665,EXACT_REF,1.00,RESOLVED,,2025-04-05T00:00:00Z
idm-01300,INVOICE,SHOPIFY,core.orders,ORD-665,ACCOUNTING,core.invoices,INV-0665,INVOICE_REF,1.00,RESOLVED,,2025-04-05T00:00:00Z
idm-01301,ORDER,SHOPIFY,core.orders,ORD-666,RAZORPAY,core.payments,PAY-0666,EXACT_REF,1.00,RESOLVED,,2025-04-05T00:00:00Z
idm-01302,INVOICE,SHOPIFY,core.orders,ORD-666,ACCOUNTING,core.invoices,INV-0666,INVOICE_REF,1.00,RESOLVED,,2025-04-05T00:00:00Z
idm-01303,ORDER,SHOPIFY,core.orders,ORD-667,RAZORPAY,core.payments,PAY-0667,EXACT_REF,1.00,RESOLVED,,2025-04-05T00:00:00Z
idm-01304,INVOICE,SHOPIFY,core.orders,ORD-667,ACCOUNTING,core.invoices,INV-0667,INVOICE_REF,1.00,RESOLVED,,2025-04-05T00:00:00Z
idm-01305,ORDER,SHOPIFY,core.orders,ORD-668,RAZORPAY,core.payments,PAY-0668,EXACT_REF,1.00,RESOLVED,,2025-04-05T00:00:00Z
idm-01306,INVOICE,SHOPIFY,core.orders,ORD-668,ACCOUNTING,core.invoices,INV-0668,INVOICE_REF,1.00,RESOLVED,,2025-04-05T00:00:00Z
idm-01307,ORDER,SHOPIFY,core.orders,ORD-669,RAZORPAY,core.payments,PAY-0669,EXACT_REF,1.00,RESOLVED,,2025-04-05T00:00:00Z
idm-01308,INVOICE,SHOPIFY,core.orders,ORD-669,ACCOUNTING,core.invoices,INV-0669,INVOICE_REF,1.00,RESOLVED,,2025-04-05T00:00:00Z
idm-01309,ORDER,SHOPIFY,core.orders,ORD-670,RAZORPAY,core.payments,PAY-0670,EXACT_REF,1.00,RESOLVED,,2025-04-05T00:00:00Z
idm-01310,INVOICE,SHOPIFY,core.orders,ORD-670,ACCOUNTING,core.invoices,INV-0670,INVOICE_REF,1.00,RESOLVED,,2025-04-05T00:00:00Z
idm-01311,ORDER,SHOPIFY,core.orders,ORD-671,RAZORPAY,core.payments,PAY-0671,EXACT_REF,1.00,RESOLVED,,2025-04-05T00:00:00Z
idm-01312,INVOICE,SHOPIFY,core.orders,ORD-671,ACCOUNTING,core.invoices,INV-0671,INVOICE_REF,1.00,RESOLVED,,2025-04-05T00:00:00Z
idm-01313,ORDER,SHOPIFY,core.orders,ORD-672,RAZORPAY,core.payments,PAY-0672,EXACT_REF,1.00,RESOLVED,,2025-04-05T00:00:00Z
idm-01314,INVOICE,SHOPIFY,core.orders,ORD-672,ACCOUNTING,core.invoices,INV-0672,INVOICE_REF,1.00,RESOLVED,,2025-04-05T00:00:00Z
idm-01315,ORDER,SHOPIFY,core.orders,ORD-673,RAZORPAY,core.payments,PAY-0673,EXACT_REF,1.00,RESOLVED,,2025-04-05T00:00:00Z
idm-01316,INVOICE,SHOPIFY,core.orders,ORD-673,ACCOUNTING,core.invoices,INV-0673,INVOICE_REF,1.00,RESOLVED,,2025-04-05T00:00:00Z
idm-01317,ORDER,SHOPIFY,core.orders,ORD-674,RAZORPAY,core.payments,PAY-0674,EXACT_REF,1.00,RESOLVED,,2025-04-05T00:00:00Z
idm-01318,INVOICE,SHOPIFY,core.orders,ORD-674,ACCOUNTING,core.invoices,INV-0674,INVOICE_REF,1.00,RESOLVED,,2025-04-05T00:00:00Z
idm-01319,ORDER,SHOPIFY,core.orders,ORD-675,RAZORPAY,core.payments,PAY-0675,EXACT_REF,1.00,RESOLVED,,2025-04-05T00:00:00Z
idm-01320,INVOICE,SHOPIFY,core.orders,ORD-675,ACCOUNTING,core.invoices,INV-0675,INVOICE_REF,1.00,RESOLVED,,2025-04-05T00:00:00Z
idm-01321,ORDER,SHOPIFY,core.orders,ORD-676,RAZORPAY,core.payments,PAY-0676,EXACT_REF,1.00,RESOLVED,,2025-04-05T00:00:00Z
idm-01322,INVOICE,SHOPIFY,core.orders,ORD-676,ACCOUNTING,core.invoices,INV-0676,INVOICE_REF,1.00,RESOLVED,,2025-04-05T00:00:00Z
idm-01323,ORDER,SHOPIFY,core.orders,ORD-677,RAZORPAY,core.payments,PAY-0677,EXACT_REF,1.00,RESOLVED,,2025-04-05T00:00:00Z
idm-01324,INVOICE,SHOPIFY,core.orders,ORD-677,ACCOUNTING,core.invoices,INV-0677,INVOICE_REF,1.00,RESOLVED,,2025-04-05T00:00:00Z
idm-01325,ORDER,SHOPIFY,core.orders,ORD-678,RAZORPAY,core.payments,PAY-0678,EXACT_REF,1.00,RESOLVED,,2025-04-05T00:00:00Z
idm-01326,INVOICE,SHOPIFY,core.orders,ORD-678,ACCOUNTING,core.invoices,INV-0678,INVOICE_REF,1.00,RESOLVED,,2025-04-05T00:00:00Z
idm-01327,ORDER,SHOPIFY,core.orders,ORD-679,RAZORPAY,core.payments,PAY-0679,EXACT_REF,1.00,RESOLVED,,2025-04-05T00:00:00Z
idm-01328,INVOICE,SHOPIFY,core.orders,ORD-679,ACCOUNTING,core.invoices,INV-0679,INVOICE_REF,1.00,RESOLVED,,2025-04-05T00:00:00Z
idm-01329,ORDER,SHOPIFY,core.orders,ORD-680,RAZORPAY,core.payments,PAY-0680,EXACT_REF,1.00,RESOLVED,,2025-04-05T00:00:00Z
idm-01330,INVOICE,SHOPIFY,core.orders,ORD-680,ACCOUNTING,core.invoices,INV-0680,INVOICE_REF,1.00,RESOLVED,,2025-04-05T00:00:00Z
idm-01331,ORDER,SHOPIFY,core.orders,ORD-681,RAZORPAY,core.payments,PAY-0681,EXACT_REF,1.00,RESOLVED,,2025-04-05T00:00:00Z
idm-01332,INVOICE,SHOPIFY,core.orders,ORD-681,ACCOUNTING,core.invoices,INV-0681,INVOICE_REF,1.00,RESOLVED,,2025-04-05T00:00:00Z
idm-01333,ORDER,SHOPIFY,core.orders,ORD-682,RAZORPAY,core.payments,PAY-0682,EXACT_REF,1.00,RESOLVED,,2025-04-05T00:00:00Z
idm-01334,INVOICE,SHOPIFY,core.orders,ORD-682,ACCOUNTING,core.invoices,INV-0682,INVOICE_REF,1.00,RESOLVED,,2025-04-05T00:00:00Z
idm-01335,ORDER,SHOPIFY,core.orders,ORD-683,RAZORPAY,core.payments,PAY-0683,EXACT_REF,1.00,RESOLVED,,2025-04-05T00:00:00Z
idm-01336,INVOICE,SHOPIFY,core.orders,ORD-683,ACCOUNTING,core.invoices,INV-0683,INVOICE_REF,1.00,RESOLVED,,2025-04-05T00:00:00Z
idm-01337,ORDER,SHOPIFY,core.orders,ORD-684,RAZORPAY,core.payments,PAY-0684,EXACT_REF,1.00,RESOLVED,,2025-04-05T00:00:00Z
idm-01338,INVOICE,SHOPIFY,core.orders,ORD-684,ACCOUNTING,core.invoices,INV-0684,INVOICE_REF,1.00,RESOLVED,,2025-04-05T00:00:00Z
idm-01339,ORDER,SHOPIFY,core.orders,ORD-685,RAZORPAY,core.payments,PAY-0685,EXACT_REF,1.00,RESOLVED,,2025-04-05T00:00:00Z
idm-01340,INVOICE,SHOPIFY,core.orders,ORD-685,ACCOUNTING,core.invoices,INV-0685,INVOICE_REF,1.00,RESOLVED,,2025-04-05T00:00:00Z
idm-01341,ORDER,SHOPIFY,core.orders,ORD-686,RAZORPAY,core.payments,PAY-0686,EXACT_REF,1.00,RESOLVED,,2025-04-05T00:00:00Z
idm-01342,INVOICE,SHOPIFY,core.orders,ORD-686,ACCOUNTING,core.invoices,INV-0686,INVOICE_REF,1.00,RESOLVED,,2025-04-05T00:00:00Z
idm-01343,ORDER,SHOPIFY,core.orders,ORD-688,RAZORPAY,core.payments,PAY-0688,EXACT_REF,1.00,RESOLVED,,2025-04-05T00:00:00Z
idm-01344,INVOICE,SHOPIFY,core.orders,ORD-688,ACCOUNTING,core.invoices,INV-0688,INVOICE_REF,1.00,RESOLVED,,2025-04-05T00:00:00Z
idm-01345,ORDER,SHOPIFY,core.orders,ORD-689,RAZORPAY,core.payments,PAY-0689,EXACT_REF,1.00,RESOLVED,,2025-04-05T00:00:00Z
idm-01346,INVOICE,SHOPIFY,core.orders,ORD-689,ACCOUNTING,core.invoices,INV-0689,INVOICE_REF,1.00,RESOLVED,,2025-04-05T00:00:00Z
idm-01347,ORDER,SHOPIFY,core.orders,ORD-690,RAZORPAY,core.payments,PAY-0690,EXACT_REF,1.00,RESOLVED,,2025-04-05T00:00:00Z
idm-01348,INVOICE,SHOPIFY,core.orders,ORD-690,ACCOUNTING,core.invoices,INV-0690,INVOICE_REF,1.00,RESOLVED,,2025-04-05T00:00:00Z
idm-01349,ORDER,SHOPIFY,core.orders,ORD-691,RAZORPAY,core.payments,PAY-0691,EXACT_REF,1.00,RESOLVED,,2025-04-05T00:00:00Z
idm-01350,INVOICE,SHOPIFY,core.orders,ORD-691,ACCOUNTING,core.invoices,INV-0691,INVOICE_REF,1.00,RESOLVED,,2025-04-05T00:00:00Z
idm-01351,ORDER,SHOPIFY,core.orders,ORD-692,RAZORPAY,core.payments,PAY-0692,EXACT_REF,1.00,RESOLVED,,2025-04-05T00:00:00Z
idm-01352,INVOICE,SHOPIFY,core.orders,ORD-692,ACCOUNTING,core.invoices,INV-0692,INVOICE_REF,1.00,RESOLVED,,2025-04-05T00:00:00Z
idm-01353,ORDER,SHOPIFY,core.orders,ORD-693,RAZORPAY,core.payments,PAY-0693,EXACT_REF,1.00,RESOLVED,,2025-04-05T00:00:00Z
idm-01354,INVOICE,SHOPIFY,core.orders,ORD-693,ACCOUNTING,core.invoices,INV-0693,INVOICE_REF,1.00,RESOLVED,,2025-04-05T00:00:00Z
idm-01355,ORDER,SHOPIFY,core.orders,ORD-694,RAZORPAY,core.payments,PAY-0694,EXACT_REF,1.00,RESOLVED,,2025-04-05T00:00:00Z
idm-01356,INVOICE,SHOPIFY,core.orders,ORD-694,ACCOUNTING,core.invoices,INV-0694,INVOICE_REF,1.00,RESOLVED,,2025-04-05T00:00:00Z
idm-01357,ORDER,SHOPIFY,core.orders,ORD-695,RAZORPAY,core.payments,PAY-0695,EXACT_REF,1.00,RESOLVED,,2025-04-05T00:00:00Z
idm-01358,INVOICE,SHOPIFY,core.orders,ORD-695,ACCOUNTING,core.invoices,INV-0695,INVOICE_REF,1.00,RESOLVED,,2025-04-05T00:00:00Z
idm-01359,ORDER,SHOPIFY,core.orders,ORD-696,RAZORPAY,core.payments,PAY-0696,EXACT_REF,1.00,RESOLVED,,2025-04-05T00:00:00Z
idm-01360,INVOICE,SHOPIFY,core.orders,ORD-696,ACCOUNTING,core.invoices,INV-0696,INVOICE_REF,1.00,RESOLVED,,2025-04-05T00:00:00Z
idm-01361,ORDER,SHOPIFY,core.orders,ORD-697,RAZORPAY,core.payments,PAY-0697,EXACT_REF,1.00,RESOLVED,,2025-04-05T00:00:00Z
idm-01362,INVOICE,SHOPIFY,core.orders,ORD-697,ACCOUNTING,core.invoices,INV-0697,INVOICE_REF,1.00,RESOLVED,,2025-04-05T00:00:00Z
idm-01363,ORDER,SHOPIFY,core.orders,ORD-699,RAZORPAY,core.payments,PAY-0699,EXACT_REF,1.00,RESOLVED,,2025-04-05T00:00:00Z
idm-01364,INVOICE,SHOPIFY,core.orders,ORD-699,ACCOUNTING,core.invoices,INV-0699,INVOICE_REF,1.00,RESOLVED,,2025-04-05T00:00:00Z
idm-01365,ORDER,SHOPIFY,core.orders,ORD-700,RAZORPAY,core.payments,PAY-0700,EXACT_REF,1.00,RESOLVED,,2025-04-05T00:00:00Z
idm-01366,INVOICE,SHOPIFY,core.orders,ORD-700,ACCOUNTING,core.invoices,INV-0700,INVOICE_REF,1.00,RESOLVED,,2025-04-05T00:00:00Z
idm-01367,ORDER,SHOPIFY,core.orders,ORD-701,RAZORPAY,core.payments,PAY-0701,EXACT_REF,1.00,RESOLVED,,2025-04-05T00:00:00Z
idm-01368,INVOICE,SHOPIFY,core.orders,ORD-701,ACCOUNTING,core.invoices,INV-0701,INVOICE_REF,1.00,RESOLVED,,2025-04-05T00:00:00Z
idm-01369,ORDER,SHOPIFY,core.orders,ORD-702,RAZORPAY,core.payments,PAY-0702,EXACT_REF,1.00,RESOLVED,,2025-04-05T00:00:00Z
idm-01370,INVOICE,SHOPIFY,core.orders,ORD-702,ACCOUNTING,core.invoices,INV-0702,INVOICE_REF,1.00,RESOLVED,,2025-04-05T00:00:00Z
idm-01371,ORDER,SHOPIFY,core.orders,ORD-703,RAZORPAY,core.payments,PAY-0703,EXACT_REF,1.00,RESOLVED,,2025-04-05T00:00:00Z
idm-01372,INVOICE,SHOPIFY,core.orders,ORD-703,ACCOUNTING,core.invoices,INV-0703,INVOICE_REF,1.00,RESOLVED,,2025-04-05T00:00:00Z
idm-01373,ORDER,SHOPIFY,core.orders,ORD-704,RAZORPAY,core.payments,PAY-0704,EXACT_REF,1.00,RESOLVED,,2025-04-05T00:00:00Z
idm-01374,INVOICE,SHOPIFY,core.orders,ORD-704,ACCOUNTING,core.invoices,INV-0704,INVOICE_REF,1.00,RESOLVED,,2025-04-05T00:00:00Z
idm-01375,ORDER,SHOPIFY,core.orders,ORD-705,RAZORPAY,core.payments,PAY-0705,EXACT_REF,1.00,RESOLVED,,2025-04-05T00:00:00Z
idm-01376,INVOICE,SHOPIFY,core.orders,ORD-705,ACCOUNTING,core.invoices,INV-0705,INVOICE_REF,1.00,RESOLVED,,2025-04-05T00:00:00Z
idm-01377,ORDER,SHOPIFY,core.orders,ORD-706,RAZORPAY,core.payments,PAY-0706,EXACT_REF,1.00,RESOLVED,,2025-04-05T00:00:00Z
idm-01378,INVOICE,SHOPIFY,core.orders,ORD-706,ACCOUNTING,core.invoices,INV-0706,INVOICE_REF,1.00,RESOLVED,,2025-04-05T00:00:00Z
idm-01379,ORDER,SHOPIFY,core.orders,ORD-707,RAZORPAY,core.payments,PAY-0707,EXACT_REF,1.00,RESOLVED,,2025-04-05T00:00:00Z
idm-01380,INVOICE,SHOPIFY,core.orders,ORD-707,ACCOUNTING,core.invoices,INV-0707,INVOICE_REF,1.00,RESOLVED,,2025-04-05T00:00:00Z
idm-01381,ORDER,SHOPIFY,core.orders,ORD-708,RAZORPAY,core.payments,PAY-0708,EXACT_REF,1.00,RESOLVED,,2025-04-05T00:00:00Z
idm-01382,INVOICE,SHOPIFY,core.orders,ORD-708,ACCOUNTING,core.invoices,INV-0708,INVOICE_REF,1.00,RESOLVED,,2025-04-05T00:00:00Z
idm-01383,ORDER,SHOPIFY,core.orders,ORD-709,RAZORPAY,core.payments,PAY-0709,EXACT_REF,1.00,RESOLVED,,2025-04-05T00:00:00Z
idm-01384,INVOICE,SHOPIFY,core.orders,ORD-709,ACCOUNTING,core.invoices,INV-0709,INVOICE_REF,1.00,RESOLVED,,2025-04-05T00:00:00Z
idm-01385,ORDER,SHOPIFY,core.orders,ORD-710,RAZORPAY,core.payments,PAY-0710,EXACT_REF,1.00,RESOLVED,,2025-04-05T00:00:00Z
idm-01386,INVOICE,SHOPIFY,core.orders,ORD-710,ACCOUNTING,core.invoices,INV-0710,INVOICE_REF,1.00,RESOLVED,,2025-04-05T00:00:00Z
idm-01387,ORDER,SHOPIFY,core.orders,ORD-711,RAZORPAY,core.payments,PAY-0711,EXACT_REF,1.00,RESOLVED,,2025-04-05T00:00:00Z
idm-01388,INVOICE,SHOPIFY,core.orders,ORD-711,ACCOUNTING,core.invoices,INV-0711,INVOICE_REF,1.00,RESOLVED,,2025-04-05T00:00:00Z
idm-01389,ORDER,SHOPIFY,core.orders,ORD-712,RAZORPAY,core.payments,PAY-0712,EXACT_REF,1.00,RESOLVED,,2025-04-05T00:00:00Z
idm-01390,INVOICE,SHOPIFY,core.orders,ORD-712,ACCOUNTING,core.invoices,INV-0712,INVOICE_REF,1.00,RESOLVED,,2025-04-05T00:00:00Z
idm-01391,ORDER,SHOPIFY,core.orders,ORD-713,RAZORPAY,core.payments,PAY-0713,EXACT_REF,1.00,RESOLVED,,2025-04-05T00:00:00Z
idm-01392,INVOICE,SHOPIFY,core.orders,ORD-713,ACCOUNTING,core.invoices,INV-0713,INVOICE_REF,1.00,RESOLVED,,2025-04-05T00:00:00Z
idm-01393,ORDER,SHOPIFY,core.orders,ORD-714,RAZORPAY,core.payments,PAY-0714,EXACT_REF,1.00,RESOLVED,,2025-04-05T00:00:00Z
idm-01394,INVOICE,SHOPIFY,core.orders,ORD-714,ACCOUNTING,core.invoices,INV-0714,INVOICE_REF,1.00,RESOLVED,,2025-04-05T00:00:00Z
idm-01395,ORDER,SHOPIFY,core.orders,ORD-715,RAZORPAY,core.payments,PAY-0715,EXACT_REF,1.00,RESOLVED,,2025-04-05T00:00:00Z
idm-01396,INVOICE,SHOPIFY,core.orders,ORD-715,ACCOUNTING,core.invoices,INV-0715,INVOICE_REF,1.00,RESOLVED,,2025-04-05T00:00:00Z
idm-01397,ORDER,SHOPIFY,core.orders,ORD-716,RAZORPAY,core.payments,PAY-0716,EXACT_REF,1.00,RESOLVED,,2025-04-05T00:00:00Z
idm-01398,INVOICE,SHOPIFY,core.orders,ORD-716,ACCOUNTING,core.invoices,INV-0716,INVOICE_REF,1.00,RESOLVED,,2025-04-05T00:00:00Z
idm-01399,ORDER,SHOPIFY,core.orders,ORD-717,RAZORPAY,core.payments,PAY-0717,EXACT_REF,1.00,RESOLVED,,2025-04-05T00:00:00Z
idm-01400,INVOICE,SHOPIFY,core.orders,ORD-717,ACCOUNTING,core.invoices,INV-0717,INVOICE_REF,1.00,RESOLVED,,2025-04-05T00:00:00Z
idm-01401,ORDER,SHOPIFY,core.orders,ORD-718,RAZORPAY,core.payments,PAY-0718,EXACT_REF,1.00,RESOLVED,,2025-04-05T00:00:00Z
idm-01402,INVOICE,SHOPIFY,core.orders,ORD-718,ACCOUNTING,core.invoices,INV-0718,INVOICE_REF,1.00,RESOLVED,,2025-04-05T00:00:00Z
idm-01403,ORDER,SHOPIFY,core.orders,ORD-720,RAZORPAY,core.payments,PAY-0720,EXACT_REF,1.00,RESOLVED,,2025-04-05T00:00:00Z
idm-01404,INVOICE,SHOPIFY,core.orders,ORD-720,ACCOUNTING,core.invoices,INV-0720,INVOICE_REF,1.00,RESOLVED,,2025-04-05T00:00:00Z
idm-01405,ORDER,SHOPIFY,core.orders,ORD-721,RAZORPAY,core.payments,PAY-0721,EXACT_REF,1.00,RESOLVED,,2025-04-05T00:00:00Z
idm-01406,INVOICE,SHOPIFY,core.orders,ORD-721,ACCOUNTING,core.invoices,INV-0721,INVOICE_REF,1.00,RESOLVED,,2025-04-05T00:00:00Z
idm-01407,ORDER,SHOPIFY,core.orders,ORD-722,RAZORPAY,core.payments,PAY-0722,EXACT_REF,1.00,RESOLVED,,2025-04-05T00:00:00Z
idm-01408,INVOICE,SHOPIFY,core.orders,ORD-722,ACCOUNTING,core.invoices,INV-0722,INVOICE_REF,1.00,RESOLVED,,2025-04-05T00:00:00Z
idm-01409,ORDER,SHOPIFY,core.orders,ORD-723,RAZORPAY,core.payments,PAY-0723,EXACT_REF,1.00,RESOLVED,,2025-04-05T00:00:00Z
idm-01410,INVOICE,SHOPIFY,core.orders,ORD-723,ACCOUNTING,core.invoices,INV-0723,INVOICE_REF,1.00,RESOLVED,,2025-04-05T00:00:00Z
idm-01411,ORDER,SHOPIFY,core.orders,ORD-724,RAZORPAY,core.payments,PAY-0724,EXACT_REF,1.00,RESOLVED,,2025-04-05T00:00:00Z
idm-01412,INVOICE,SHOPIFY,core.orders,ORD-724,ACCOUNTING,core.invoices,INV-0724,INVOICE_REF,1.00,RESOLVED,,2025-04-05T00:00:00Z
idm-01413,ORDER,SHOPIFY,core.orders,ORD-725,RAZORPAY,core.payments,PAY-0725,EXACT_REF,1.00,RESOLVED,,2025-04-05T00:00:00Z
idm-01414,INVOICE,SHOPIFY,core.orders,ORD-725,ACCOUNTING,core.invoices,INV-0725,INVOICE_REF,1.00,RESOLVED,,2025-04-05T00:00:00Z
idm-01415,ORDER,SHOPIFY,core.orders,ORD-726,RAZORPAY,core.payments,PAY-0726,EXACT_REF,1.00,RESOLVED,,2025-04-05T00:00:00Z
idm-01416,INVOICE,SHOPIFY,core.orders,ORD-726,ACCOUNTING,core.invoices,INV-0726,INVOICE_REF,1.00,RESOLVED,,2025-04-05T00:00:00Z
idm-01417,ORDER,SHOPIFY,core.orders,ORD-727,RAZORPAY,core.payments,PAY-0727,EXACT_REF,1.00,RESOLVED,,2025-04-05T00:00:00Z
idm-01418,INVOICE,SHOPIFY,core.orders,ORD-727,ACCOUNTING,core.invoices,INV-0727,INVOICE_REF,1.00,RESOLVED,,2025-04-05T00:00:00Z
idm-01419,ORDER,SHOPIFY,core.orders,ORD-728,RAZORPAY,core.payments,PAY-0728,EXACT_REF,1.00,RESOLVED,,2025-04-05T00:00:00Z
idm-01420,INVOICE,SHOPIFY,core.orders,ORD-728,ACCOUNTING,core.invoices,INV-0728,INVOICE_REF,1.00,RESOLVED,,2025-04-05T00:00:00Z
idm-01421,ORDER,SHOPIFY,core.orders,ORD-729,RAZORPAY,core.payments,PAY-0729,EXACT_REF,1.00,RESOLVED,,2025-04-05T00:00:00Z
idm-01422,INVOICE,SHOPIFY,core.orders,ORD-729,ACCOUNTING,core.invoices,INV-0729,INVOICE_REF,1.00,RESOLVED,,2025-04-05T00:00:00Z
idm-01423,ORDER,SHOPIFY,core.orders,ORD-730,RAZORPAY,core.payments,PAY-0730,EXACT_REF,1.00,RESOLVED,,2025-04-05T00:00:00Z
idm-01424,INVOICE,SHOPIFY,core.orders,ORD-730,ACCOUNTING,core.invoices,INV-0730,INVOICE_REF,1.00,RESOLVED,,2025-04-05T00:00:00Z
idm-01425,ORDER,SHOPIFY,core.orders,ORD-732,RAZORPAY,core.payments,PAY-0732,EXACT_REF,1.00,RESOLVED,,2025-04-05T00:00:00Z
idm-01426,INVOICE,SHOPIFY,core.orders,ORD-732,ACCOUNTING,core.invoices,INV-0732,INVOICE_REF,1.00,RESOLVED,,2025-04-05T00:00:00Z
idm-01427,ORDER,SHOPIFY,core.orders,ORD-733,RAZORPAY,core.payments,PAY-0733,EXACT_REF,1.00,RESOLVED,,2025-04-05T00:00:00Z
idm-01428,INVOICE,SHOPIFY,core.orders,ORD-733,ACCOUNTING,core.invoices,INV-0733,INVOICE_REF,1.00,RESOLVED,,2025-04-05T00:00:00Z
idm-01429,ORDER,SHOPIFY,core.orders,ORD-734,RAZORPAY,core.payments,PAY-0734,EXACT_REF,1.00,RESOLVED,,2025-04-05T00:00:00Z
idm-01430,INVOICE,SHOPIFY,core.orders,ORD-734,ACCOUNTING,core.invoices,INV-0734,INVOICE_REF,1.00,RESOLVED,,2025-04-05T00:00:00Z
idm-01431,ORDER,SHOPIFY,core.orders,ORD-735,RAZORPAY,core.payments,PAY-0735,EXACT_REF,1.00,RESOLVED,,2025-04-05T00:00:00Z
idm-01432,INVOICE,SHOPIFY,core.orders,ORD-735,ACCOUNTING,core.invoices,INV-0735,INVOICE_REF,1.00,RESOLVED,,2025-04-05T00:00:00Z
idm-01433,ORDER,SHOPIFY,core.orders,ORD-736,RAZORPAY,core.payments,PAY-0736,EXACT_REF,1.00,RESOLVED,,2025-04-05T00:00:00Z
idm-01434,INVOICE,SHOPIFY,core.orders,ORD-736,ACCOUNTING,core.invoices,INV-0736,INVOICE_REF,1.00,RESOLVED,,2025-04-05T00:00:00Z
idm-01435,ORDER,SHOPIFY,core.orders,ORD-737,RAZORPAY,core.payments,PAY-0737,EXACT_REF,1.00,RESOLVED,,2025-04-05T00:00:00Z
idm-01436,INVOICE,SHOPIFY,core.orders,ORD-737,ACCOUNTING,core.invoices,INV-0737,INVOICE_REF,1.00,RESOLVED,,2025-04-05T00:00:00Z
idm-01437,ORDER,SHOPIFY,core.orders,ORD-738,RAZORPAY,core.payments,PAY-0738,EXACT_REF,1.00,RESOLVED,,2025-04-05T00:00:00Z
idm-01438,INVOICE,SHOPIFY,core.orders,ORD-738,ACCOUNTING,core.invoices,INV-0738,INVOICE_REF,1.00,RESOLVED,,2025-04-05T00:00:00Z
idm-01439,ORDER,SHOPIFY,core.orders,ORD-739,RAZORPAY,core.payments,PAY-0739,EXACT_REF,1.00,RESOLVED,,2025-04-05T00:00:00Z
idm-01440,INVOICE,SHOPIFY,core.orders,ORD-739,ACCOUNTING,core.invoices,INV-0739,INVOICE_REF,1.00,RESOLVED,,2025-04-05T00:00:00Z
idm-01441,ORDER,SHOPIFY,core.orders,ORD-740,RAZORPAY,core.payments,PAY-0740,EXACT_REF,1.00,RESOLVED,,2025-04-05T00:00:00Z
idm-01442,INVOICE,SHOPIFY,core.orders,ORD-740,ACCOUNTING,core.invoices,INV-0740,INVOICE_REF,1.00,RESOLVED,,2025-04-05T00:00:00Z
idm-01443,ORDER,SHOPIFY,core.orders,ORD-741,RAZORPAY,core.payments,PAY-0741,EXACT_REF,1.00,RESOLVED,,2025-04-05T00:00:00Z
idm-01444,INVOICE,SHOPIFY,core.orders,ORD-741,ACCOUNTING,core.invoices,INV-0741,INVOICE_REF,1.00,RESOLVED,,2025-04-05T00:00:00Z
idm-01445,ORDER,SHOPIFY,core.orders,ORD-742,RAZORPAY,core.payments,PAY-0742,EXACT_REF,1.00,RESOLVED,,2025-04-05T00:00:00Z
idm-01446,INVOICE,SHOPIFY,core.orders,ORD-742,ACCOUNTING,core.invoices,INV-0742,INVOICE_REF,1.00,RESOLVED,,2025-04-05T00:00:00Z
idm-01447,ORDER,SHOPIFY,core.orders,ORD-743,RAZORPAY,core.payments,PAY-0743,EXACT_REF,1.00,RESOLVED,,2025-04-05T00:00:00Z
idm-01448,INVOICE,SHOPIFY,core.orders,ORD-743,ACCOUNTING,core.invoices,INV-0743,INVOICE_REF,1.00,RESOLVED,,2025-04-05T00:00:00Z
idm-01449,ORDER,SHOPIFY,core.orders,ORD-744,RAZORPAY,core.payments,PAY-0744,EXACT_REF,1.00,RESOLVED,,2025-04-05T00:00:00Z
idm-01450,INVOICE,SHOPIFY,core.orders,ORD-744,ACCOUNTING,core.invoices,INV-0744,INVOICE_REF,1.00,RESOLVED,,2025-04-05T00:00:00Z
idm-01451,ORDER,SHOPIFY,core.orders,ORD-745,RAZORPAY,core.payments,PAY-0745,EXACT_REF,1.00,RESOLVED,,2025-04-05T00:00:00Z
idm-01452,INVOICE,SHOPIFY,core.orders,ORD-745,ACCOUNTING,core.invoices,INV-0745,INVOICE_REF,1.00,RESOLVED,,2025-04-05T00:00:00Z
idm-01453,ORDER,SHOPIFY,core.orders,ORD-746,RAZORPAY,core.payments,PAY-0746,EXACT_REF,1.00,RESOLVED,,2025-04-05T00:00:00Z
idm-01454,INVOICE,SHOPIFY,core.orders,ORD-746,ACCOUNTING,core.invoices,INV-0746,INVOICE_REF,1.00,RESOLVED,,2025-04-05T00:00:00Z
idm-01455,ORDER,SHOPIFY,core.orders,ORD-747,RAZORPAY,core.payments,PAY-0747,EXACT_REF,1.00,RESOLVED,,2025-04-05T00:00:00Z
idm-01456,INVOICE,SHOPIFY,core.orders,ORD-747,ACCOUNTING,core.invoices,INV-0747,INVOICE_REF,1.00,RESOLVED,,2025-04-05T00:00:00Z
idm-01457,ORDER,SHOPIFY,core.orders,ORD-748,RAZORPAY,core.payments,PAY-0748,EXACT_REF,1.00,RESOLVED,,2025-04-05T00:00:00Z
idm-01458,INVOICE,SHOPIFY,core.orders,ORD-748,ACCOUNTING,core.invoices,INV-0748,INVOICE_REF,1.00,RESOLVED,,2025-04-05T00:00:00Z
idm-01459,ORDER,SHOPIFY,core.orders,ORD-749,RAZORPAY,core.payments,PAY-0749,EXACT_REF,1.00,RESOLVED,,2025-04-05T00:00:00Z
idm-01460,INVOICE,SHOPIFY,core.orders,ORD-749,ACCOUNTING,core.invoices,INV-0749,INVOICE_REF,1.00,RESOLVED,,2025-04-05T00:00:00Z
idm-01461,ORDER,SHOPIFY,core.orders,ORD-750,RAZORPAY,core.payments,PAY-0750,EXACT_REF,1.00,RESOLVED,,2025-04-05T00:00:00Z
idm-01462,INVOICE,SHOPIFY,core.orders,ORD-750,ACCOUNTING,core.invoices,INV-0750,INVOICE_REF,1.00,RESOLVED,,2025-04-05T00:00:00Z
idm-01463,ORDER,SHOPIFY,core.orders,ORD-751,RAZORPAY,core.payments,PAY-0751,EXACT_REF,1.00,RESOLVED,,2025-04-05T00:00:00Z
idm-01464,INVOICE,SHOPIFY,core.orders,ORD-751,ACCOUNTING,core.invoices,INV-0751,INVOICE_REF,1.00,RESOLVED,,2025-04-05T00:00:00Z
idm-01465,ORDER,SHOPIFY,core.orders,ORD-752,RAZORPAY,core.payments,PAY-0752,EXACT_REF,1.00,RESOLVED,,2025-04-05T00:00:00Z
idm-01466,INVOICE,SHOPIFY,core.orders,ORD-752,ACCOUNTING,core.invoices,INV-0752,INVOICE_REF,1.00,RESOLVED,,2025-04-05T00:00:00Z
idm-01467,ORDER,SHOPIFY,core.orders,ORD-753,RAZORPAY,core.payments,PAY-0753,EXACT_REF,1.00,RESOLVED,,2025-04-05T00:00:00Z
idm-01468,INVOICE,SHOPIFY,core.orders,ORD-753,ACCOUNTING,core.invoices,INV-0753,INVOICE_REF,1.00,RESOLVED,,2025-04-05T00:00:00Z
idm-01469,ORDER,SHOPIFY,core.orders,ORD-754,RAZORPAY,core.payments,PAY-0754,EXACT_REF,1.00,RESOLVED,,2025-04-05T00:00:00Z
idm-01470,INVOICE,SHOPIFY,core.orders,ORD-754,ACCOUNTING,core.invoices,INV-0754,INVOICE_REF,1.00,RESOLVED,,2025-04-05T00:00:00Z
idm-01471,ORDER,SHOPIFY,core.orders,ORD-755,RAZORPAY,core.payments,PAY-0755,EXACT_REF,1.00,RESOLVED,,2025-04-05T00:00:00Z
idm-01472,INVOICE,SHOPIFY,core.orders,ORD-755,ACCOUNTING,core.invoices,INV-0755,INVOICE_REF,1.00,RESOLVED,,2025-04-05T00:00:00Z
idm-01473,ORDER,SHOPIFY,core.orders,ORD-756,RAZORPAY,core.payments,PAY-0756,EXACT_REF,1.00,RESOLVED,,2025-04-05T00:00:00Z
idm-01474,INVOICE,SHOPIFY,core.orders,ORD-756,ACCOUNTING,core.invoices,INV-0756,INVOICE_REF,1.00,RESOLVED,,2025-04-05T00:00:00Z
idm-01475,ORDER,SHOPIFY,core.orders,ORD-757,RAZORPAY,core.payments,PAY-0757,EXACT_REF,1.00,RESOLVED,,2025-04-05T00:00:00Z
idm-01476,INVOICE,SHOPIFY,core.orders,ORD-757,ACCOUNTING,core.invoices,INV-0757,INVOICE_REF,1.00,RESOLVED,,2025-04-05T00:00:00Z
idm-01477,ORDER,SHOPIFY,core.orders,ORD-758,RAZORPAY,core.payments,PAY-0758,EXACT_REF,1.00,RESOLVED,,2025-04-05T00:00:00Z
idm-01478,INVOICE,SHOPIFY,core.orders,ORD-758,ACCOUNTING,core.invoices,INV-0758,INVOICE_REF,1.00,RESOLVED,,2025-04-05T00:00:00Z
idm-01479,ORDER,SHOPIFY,core.orders,ORD-759,RAZORPAY,core.payments,PAY-0759,EXACT_REF,1.00,RESOLVED,,2025-04-05T00:00:00Z
idm-01480,INVOICE,SHOPIFY,core.orders,ORD-759,ACCOUNTING,core.invoices,INV-0759,INVOICE_REF,1.00,RESOLVED,,2025-04-05T00:00:00Z
idm-01481,ORDER,SHOPIFY,core.orders,ORD-760,RAZORPAY,core.payments,PAY-0760,EXACT_REF,1.00,RESOLVED,,2025-04-05T00:00:00Z
idm-01482,INVOICE,SHOPIFY,core.orders,ORD-760,ACCOUNTING,core.invoices,INV-0760,INVOICE_REF,1.00,RESOLVED,,2025-04-05T00:00:00Z
idm-01483,ORDER,SHOPIFY,core.orders,ORD-761,RAZORPAY,core.payments,PAY-0761,EXACT_REF,1.00,RESOLVED,,2025-04-05T00:00:00Z
idm-01484,INVOICE,SHOPIFY,core.orders,ORD-761,ACCOUNTING,core.invoices,INV-0761,INVOICE_REF,1.00,RESOLVED,,2025-04-05T00:00:00Z
idm-01485,ORDER,SHOPIFY,core.orders,ORD-762,RAZORPAY,core.payments,PAY-0762,EXACT_REF,1.00,RESOLVED,,2025-04-05T00:00:00Z
idm-01486,INVOICE,SHOPIFY,core.orders,ORD-762,ACCOUNTING,core.invoices,INV-0762,INVOICE_REF,1.00,RESOLVED,,2025-04-05T00:00:00Z
idm-01487,ORDER,SHOPIFY,core.orders,ORD-763,RAZORPAY,core.payments,PAY-0763,EXACT_REF,1.00,RESOLVED,,2025-04-05T00:00:00Z
idm-01488,INVOICE,SHOPIFY,core.orders,ORD-763,ACCOUNTING,core.invoices,INV-0763,INVOICE_REF,1.00,RESOLVED,,2025-04-05T00:00:00Z
idm-01489,ORDER,SHOPIFY,core.orders,ORD-764,RAZORPAY,core.payments,PAY-0764,EXACT_REF,1.00,RESOLVED,,2025-04-05T00:00:00Z
idm-01490,INVOICE,SHOPIFY,core.orders,ORD-764,ACCOUNTING,core.invoices,INV-0764,INVOICE_REF,1.00,RESOLVED,,2025-04-05T00:00:00Z
idm-01491,ORDER,SHOPIFY,core.orders,ORD-765,RAZORPAY,core.payments,PAY-0765,EXACT_REF,1.00,RESOLVED,,2025-04-05T00:00:00Z
idm-01492,INVOICE,SHOPIFY,core.orders,ORD-765,ACCOUNTING,core.invoices,INV-0765,INVOICE_REF,1.00,RESOLVED,,2025-04-05T00:00:00Z
idm-01493,ORDER,SHOPIFY,core.orders,ORD-766,RAZORPAY,core.payments,PAY-0766,EXACT_REF,1.00,RESOLVED,,2025-04-05T00:00:00Z
idm-01494,INVOICE,SHOPIFY,core.orders,ORD-766,ACCOUNTING,core.invoices,INV-0766,INVOICE_REF,1.00,RESOLVED,,2025-04-05T00:00:00Z
idm-01495,ORDER,SHOPIFY,core.orders,ORD-767,RAZORPAY,core.payments,PAY-0767,EXACT_REF,1.00,RESOLVED,,2025-04-05T00:00:00Z
idm-01496,INVOICE,SHOPIFY,core.orders,ORD-767,ACCOUNTING,core.invoices,INV-0767,INVOICE_REF,1.00,RESOLVED,,2025-04-05T00:00:00Z
idm-01497,ORDER,SHOPIFY,core.orders,ORD-768,RAZORPAY,core.payments,PAY-0768,EXACT_REF,1.00,RESOLVED,,2025-04-05T00:00:00Z
idm-01498,INVOICE,SHOPIFY,core.orders,ORD-768,ACCOUNTING,core.invoices,INV-0768,INVOICE_REF,1.00,RESOLVED,,2025-04-05T00:00:00Z
idm-01499,ORDER,SHOPIFY,core.orders,ORD-769,RAZORPAY,core.payments,PAY-0769,EXACT_REF,1.00,RESOLVED,,2025-04-05T00:00:00Z
idm-01500,INVOICE,SHOPIFY,core.orders,ORD-769,ACCOUNTING,core.invoices,INV-0769,INVOICE_REF,1.00,RESOLVED,,2025-04-05T00:00:00Z
idm-01501,ORDER,SHOPIFY,core.orders,ORD-770,RAZORPAY,core.payments,PAY-0770,EXACT_REF,1.00,RESOLVED,,2025-04-05T00:00:00Z
idm-01502,INVOICE,SHOPIFY,core.orders,ORD-770,ACCOUNTING,core.invoices,INV-0770,INVOICE_REF,1.00,RESOLVED,,2025-04-05T00:00:00Z
idm-01503,ORDER,SHOPIFY,core.orders,ORD-771,RAZORPAY,core.payments,PAY-0771,EXACT_REF,1.00,RESOLVED,,2025-04-05T00:00:00Z
idm-01504,INVOICE,SHOPIFY,core.orders,ORD-771,ACCOUNTING,core.invoices,INV-0771,INVOICE_REF,1.00,RESOLVED,,2025-04-05T00:00:00Z
idm-01505,ORDER,SHOPIFY,core.orders,ORD-772,RAZORPAY,core.payments,PAY-0772,EXACT_REF,1.00,RESOLVED,,2025-04-05T00:00:00Z
idm-01506,INVOICE,SHOPIFY,core.orders,ORD-772,ACCOUNTING,core.invoices,INV-0772,INVOICE_REF,1.00,RESOLVED,,2025-04-05T00:00:00Z
idm-01507,ORDER,SHOPIFY,core.orders,ORD-773,RAZORPAY,core.payments,PAY-0773,EXACT_REF,1.00,RESOLVED,,2025-04-05T00:00:00Z
idm-01508,INVOICE,SHOPIFY,core.orders,ORD-773,ACCOUNTING,core.invoices,INV-0773,INVOICE_REF,1.00,RESOLVED,,2025-04-05T00:00:00Z
idm-01509,ORDER,SHOPIFY,core.orders,ORD-774,RAZORPAY,core.payments,PAY-0774,EXACT_REF,1.00,RESOLVED,,2025-04-05T00:00:00Z
idm-01510,INVOICE,SHOPIFY,core.orders,ORD-774,ACCOUNTING,core.invoices,INV-0774,INVOICE_REF,1.00,RESOLVED,,2025-04-05T00:00:00Z
idm-01511,ORDER,SHOPIFY,core.orders,ORD-775,RAZORPAY,core.payments,PAY-0775,EXACT_REF,1.00,RESOLVED,,2025-04-05T00:00:00Z
idm-01512,INVOICE,SHOPIFY,core.orders,ORD-775,ACCOUNTING,core.invoices,INV-0775,INVOICE_REF,1.00,RESOLVED,,2025-04-05T00:00:00Z
idm-01513,ORDER,SHOPIFY,core.orders,ORD-776,RAZORPAY,core.payments,PAY-0776,EXACT_REF,1.00,RESOLVED,,2025-04-05T00:00:00Z
idm-01514,INVOICE,SHOPIFY,core.orders,ORD-776,ACCOUNTING,core.invoices,INV-0776,INVOICE_REF,1.00,RESOLVED,,2025-04-05T00:00:00Z
idm-01515,ORDER,SHOPIFY,core.orders,ORD-777,RAZORPAY,core.payments,PAY-0777,EXACT_REF,1.00,RESOLVED,,2025-04-05T00:00:00Z
idm-01516,INVOICE,SHOPIFY,core.orders,ORD-777,ACCOUNTING,core.invoices,INV-0777,INVOICE_REF,1.00,RESOLVED,,2025-04-05T00:00:00Z
idm-01517,ORDER,SHOPIFY,core.orders,ORD-778,RAZORPAY,core.payments,PAY-0778,EXACT_REF,1.00,RESOLVED,,2025-04-05T00:00:00Z
idm-01518,INVOICE,SHOPIFY,core.orders,ORD-778,ACCOUNTING,core.invoices,INV-0778,INVOICE_REF,1.00,RESOLVED,,2025-04-05T00:00:00Z
idm-01519,ORDER,SHOPIFY,core.orders,ORD-779,RAZORPAY,core.payments,PAY-0779,EXACT_REF,1.00,RESOLVED,,2025-04-05T00:00:00Z
idm-01520,INVOICE,SHOPIFY,core.orders,ORD-779,ACCOUNTING,core.invoices,INV-0779,INVOICE_REF,1.00,RESOLVED,,2025-04-05T00:00:00Z
idm-01521,ORDER,SHOPIFY,core.orders,ORD-780,RAZORPAY,core.payments,PAY-0780,EXACT_REF,1.00,RESOLVED,,2025-04-05T00:00:00Z
idm-01522,INVOICE,SHOPIFY,core.orders,ORD-780,ACCOUNTING,core.invoices,INV-0780,INVOICE_REF,1.00,RESOLVED,,2025-04-05T00:00:00Z
idm-01523,ORDER,SHOPIFY,core.orders,ORD-781,RAZORPAY,core.payments,PAY-0781,EXACT_REF,1.00,RESOLVED,,2025-04-05T00:00:00Z
idm-01524,INVOICE,SHOPIFY,core.orders,ORD-781,ACCOUNTING,core.invoices,INV-0781,INVOICE_REF,1.00,RESOLVED,,2025-04-05T00:00:00Z
idm-01525,ORDER,SHOPIFY,core.orders,ORD-782,RAZORPAY,core.payments,PAY-0782,EXACT_REF,1.00,RESOLVED,,2025-04-05T00:00:00Z
idm-01526,INVOICE,SHOPIFY,core.orders,ORD-782,ACCOUNTING,core.invoices,INV-0782,INVOICE_REF,1.00,RESOLVED,,2025-04-05T00:00:00Z
idm-01527,ORDER,SHOPIFY,core.orders,ORD-783,RAZORPAY,core.payments,PAY-0783,EXACT_REF,1.00,RESOLVED,,2025-04-05T00:00:00Z
idm-01528,INVOICE,SHOPIFY,core.orders,ORD-783,ACCOUNTING,core.invoices,INV-0783,INVOICE_REF,1.00,RESOLVED,,2025-04-05T00:00:00Z
idm-01529,ORDER,SHOPIFY,core.orders,ORD-784,RAZORPAY,core.payments,PAY-0784,EXACT_REF,1.00,RESOLVED,,2025-04-05T00:00:00Z
idm-01530,INVOICE,SHOPIFY,core.orders,ORD-784,ACCOUNTING,core.invoices,INV-0784,INVOICE_REF,1.00,RESOLVED,,2025-04-05T00:00:00Z
idm-01531,ORDER,SHOPIFY,core.orders,ORD-785,RAZORPAY,core.payments,PAY-0785,EXACT_REF,1.00,RESOLVED,,2025-04-05T00:00:00Z
idm-01532,INVOICE,SHOPIFY,core.orders,ORD-785,ACCOUNTING,core.invoices,INV-0785,INVOICE_REF,1.00,RESOLVED,,2025-04-05T00:00:00Z
idm-01533,ORDER,SHOPIFY,core.orders,ORD-786,RAZORPAY,core.payments,PAY-0786,EXACT_REF,1.00,RESOLVED,,2025-04-05T00:00:00Z
idm-01534,INVOICE,SHOPIFY,core.orders,ORD-786,ACCOUNTING,core.invoices,INV-0786,INVOICE_REF,1.00,RESOLVED,,2025-04-05T00:00:00Z
idm-01535,ORDER,SHOPIFY,core.orders,ORD-787,RAZORPAY,core.payments,PAY-0787,EXACT_REF,1.00,RESOLVED,,2025-04-05T00:00:00Z
idm-01536,INVOICE,SHOPIFY,core.orders,ORD-787,ACCOUNTING,core.invoices,INV-0787,INVOICE_REF,1.00,RESOLVED,,2025-04-05T00:00:00Z
idm-01537,ORDER,SHOPIFY,core.orders,ORD-788,RAZORPAY,core.payments,PAY-0788,EXACT_REF,1.00,RESOLVED,,2025-04-05T00:00:00Z
idm-01538,INVOICE,SHOPIFY,core.orders,ORD-788,ACCOUNTING,core.invoices,INV-0788,INVOICE_REF,1.00,RESOLVED,,2025-04-05T00:00:00Z
idm-01539,ORDER,SHOPIFY,core.orders,ORD-789,RAZORPAY,core.payments,PAY-0789,EXACT_REF,1.00,RESOLVED,,2025-04-05T00:00:00Z
idm-01540,INVOICE,SHOPIFY,core.orders,ORD-789,ACCOUNTING,core.invoices,INV-0789,INVOICE_REF,1.00,RESOLVED,,2025-04-05T00:00:00Z
idm-01541,ORDER,SHOPIFY,core.orders,ORD-790,RAZORPAY,core.payments,PAY-0790,EXACT_REF,1.00,RESOLVED,,2025-04-05T00:00:00Z
idm-01542,INVOICE,SHOPIFY,core.orders,ORD-790,ACCOUNTING,core.invoices,INV-0790,INVOICE_REF,1.00,RESOLVED,,2025-04-05T00:00:00Z
idm-01543,ORDER,SHOPIFY,core.orders,ORD-791,RAZORPAY,core.payments,PAY-0791,EXACT_REF,1.00,RESOLVED,,2025-04-05T00:00:00Z
idm-01544,INVOICE,SHOPIFY,core.orders,ORD-791,ACCOUNTING,core.invoices,INV-0791,INVOICE_REF,1.00,RESOLVED,,2025-04-05T00:00:00Z
idm-01545,ORDER,SHOPIFY,core.orders,ORD-792,RAZORPAY,core.payments,PAY-0792,EXACT_REF,1.00,RESOLVED,,2025-04-05T00:00:00Z
idm-01546,INVOICE,SHOPIFY,core.orders,ORD-792,ACCOUNTING,core.invoices,INV-0792,INVOICE_REF,1.00,RESOLVED,,2025-04-05T00:00:00Z
idm-01547,ORDER,SHOPIFY,core.orders,ORD-793,RAZORPAY,core.payments,PAY-0793,EXACT_REF,1.00,RESOLVED,,2025-04-05T00:00:00Z
idm-01548,INVOICE,SHOPIFY,core.orders,ORD-793,ACCOUNTING,core.invoices,INV-0793,INVOICE_REF,1.00,RESOLVED,,2025-04-05T00:00:00Z
idm-01549,ORDER,SHOPIFY,core.orders,ORD-794,RAZORPAY,core.payments,PAY-0794,EXACT_REF,1.00,RESOLVED,,2025-04-05T00:00:00Z
idm-01550,INVOICE,SHOPIFY,core.orders,ORD-794,ACCOUNTING,core.invoices,INV-0794,INVOICE_REF,1.00,RESOLVED,,2025-04-05T00:00:00Z
idm-01551,ORDER,SHOPIFY,core.orders,ORD-795,RAZORPAY,core.payments,PAY-0795,EXACT_REF,1.00,RESOLVED,,2025-04-05T00:00:00Z
idm-01552,INVOICE,SHOPIFY,core.orders,ORD-795,ACCOUNTING,core.invoices,INV-0795,INVOICE_REF,1.00,RESOLVED,,2025-04-05T00:00:00Z
idm-01553,ORDER,SHOPIFY,core.orders,ORD-796,RAZORPAY,core.payments,PAY-0796,EXACT_REF,1.00,RESOLVED,,2025-04-05T00:00:00Z
idm-01554,INVOICE,SHOPIFY,core.orders,ORD-796,ACCOUNTING,core.invoices,INV-0796,INVOICE_REF,1.00,RESOLVED,,2025-04-05T00:00:00Z
idm-01555,ORDER,SHOPIFY,core.orders,ORD-797,RAZORPAY,core.payments,PAY-0797,EXACT_REF,1.00,RESOLVED,,2025-04-05T00:00:00Z
idm-01556,INVOICE,SHOPIFY,core.orders,ORD-797,ACCOUNTING,core.invoices,INV-0797,INVOICE_REF,1.00,RESOLVED,,2025-04-05T00:00:00Z
idm-01557,ORDER,SHOPIFY,core.orders,ORD-798,RAZORPAY,core.payments,PAY-0798,EXACT_REF,1.00,RESOLVED,,2025-04-05T00:00:00Z
idm-01558,INVOICE,SHOPIFY,core.orders,ORD-798,ACCOUNTING,core.invoices,INV-0798,INVOICE_REF,1.00,RESOLVED,,2025-04-05T00:00:00Z
idm-01559,ORDER,SHOPIFY,core.orders,ORD-799,RAZORPAY,core.payments,PAY-0799,EXACT_REF,1.00,RESOLVED,,2025-04-05T00:00:00Z
idm-01560,INVOICE,SHOPIFY,core.orders,ORD-799,ACCOUNTING,core.invoices,INV-0799,INVOICE_REF,1.00,RESOLVED,,2025-04-05T00:00:00Z
idm-01561,ORDER,SHOPIFY,core.orders,ORD-800,RAZORPAY,core.payments,PAY-0800,EXACT_REF,1.00,RESOLVED,,2025-04-05T00:00:00Z
idm-01562,INVOICE,SHOPIFY,core.orders,ORD-800,ACCOUNTING,core.invoices,INV-0800,INVOICE_REF,1.00,RESOLVED,,2025-04-05T00:00:00Z
idm-01563,ORDER,SHOPIFY,core.orders,ORD-801,RAZORPAY,core.payments,PAY-0801,EXACT_REF,1.00,RESOLVED,,2025-04-05T00:00:00Z
idm-01564,INVOICE,SHOPIFY,core.orders,ORD-801,ACCOUNTING,core.invoices,INV-0801,INVOICE_REF,1.00,RESOLVED,,2025-04-05T00:00:00Z
idm-01565,ORDER,SHOPIFY,core.orders,ORD-802,RAZORPAY,core.payments,PAY-0802,EXACT_REF,1.00,RESOLVED,,2025-04-05T00:00:00Z
idm-01566,INVOICE,SHOPIFY,core.orders,ORD-802,ACCOUNTING,core.invoices,INV-0802,INVOICE_REF,1.00,RESOLVED,,2025-04-05T00:00:00Z
idm-01567,ORDER,SHOPIFY,core.orders,ORD-803,RAZORPAY,core.payments,PAY-0803,EXACT_REF,1.00,RESOLVED,,2025-04-05T00:00:00Z
idm-01568,INVOICE,SHOPIFY,core.orders,ORD-803,ACCOUNTING,core.invoices,INV-0803,INVOICE_REF,1.00,RESOLVED,,2025-04-05T00:00:00Z
idm-01569,ORDER,SHOPIFY,core.orders,ORD-804,RAZORPAY,core.payments,PAY-0804,EXACT_REF,1.00,RESOLVED,,2025-04-05T00:00:00Z
idm-01570,INVOICE,SHOPIFY,core.orders,ORD-804,ACCOUNTING,core.invoices,INV-0804,INVOICE_REF,1.00,RESOLVED,,2025-04-05T00:00:00Z
idm-01571,ORDER,SHOPIFY,core.orders,ORD-805,RAZORPAY,core.payments,PAY-0805,EXACT_REF,1.00,RESOLVED,,2025-04-05T00:00:00Z
idm-01572,INVOICE,SHOPIFY,core.orders,ORD-805,ACCOUNTING,core.invoices,INV-0805,INVOICE_REF,1.00,RESOLVED,,2025-04-05T00:00:00Z
idm-01573,ORDER,SHOPIFY,core.orders,ORD-806,RAZORPAY,core.payments,PAY-0806,EXACT_REF,1.00,RESOLVED,,2025-04-05T00:00:00Z
idm-01574,INVOICE,SHOPIFY,core.orders,ORD-806,ACCOUNTING,core.invoices,INV-0806,INVOICE_REF,1.00,RESOLVED,,2025-04-05T00:00:00Z
idm-01575,ORDER,SHOPIFY,core.orders,ORD-807,RAZORPAY,core.payments,PAY-0807,EXACT_REF,1.00,RESOLVED,,2025-04-05T00:00:00Z
idm-01576,INVOICE,SHOPIFY,core.orders,ORD-807,ACCOUNTING,core.invoices,INV-0807,INVOICE_REF,1.00,RESOLVED,,2025-04-05T00:00:00Z
idm-01577,ORDER,SHOPIFY,core.orders,ORD-808,RAZORPAY,core.payments,PAY-0808,EXACT_REF,1.00,RESOLVED,,2025-04-05T00:00:00Z
idm-01578,INVOICE,SHOPIFY,core.orders,ORD-808,ACCOUNTING,core.invoices,INV-0808,INVOICE_REF,1.00,RESOLVED,,2025-04-05T00:00:00Z
idm-01579,ORDER,SHOPIFY,core.orders,ORD-809,RAZORPAY,core.payments,PAY-0809,EXACT_REF,1.00,RESOLVED,,2025-04-05T00:00:00Z
idm-01580,INVOICE,SHOPIFY,core.orders,ORD-809,ACCOUNTING,core.invoices,INV-0809,INVOICE_REF,1.00,RESOLVED,,2025-04-05T00:00:00Z
idm-01581,ORDER,SHOPIFY,core.orders,ORD-810,RAZORPAY,core.payments,PAY-0810,EXACT_REF,1.00,RESOLVED,,2025-04-05T00:00:00Z
idm-01582,INVOICE,SHOPIFY,core.orders,ORD-810,ACCOUNTING,core.invoices,INV-0810,INVOICE_REF,1.00,RESOLVED,,2025-04-05T00:00:00Z
idm-01583,ORDER,SHOPIFY,core.orders,ORD-811,RAZORPAY,core.payments,PAY-0811,EXACT_REF,1.00,RESOLVED,,2025-04-05T00:00:00Z
idm-01584,INVOICE,SHOPIFY,core.orders,ORD-811,ACCOUNTING,core.invoices,INV-0811,INVOICE_REF,1.00,RESOLVED,,2025-04-05T00:00:00Z
idm-01585,ORDER,SHOPIFY,core.orders,ORD-812,RAZORPAY,core.payments,PAY-0812,EXACT_REF,1.00,RESOLVED,,2025-04-05T00:00:00Z
idm-01586,INVOICE,SHOPIFY,core.orders,ORD-812,ACCOUNTING,core.invoices,INV-0812,INVOICE_REF,1.00,RESOLVED,,2025-04-05T00:00:00Z
idm-01587,ORDER,SHOPIFY,core.orders,ORD-813,RAZORPAY,core.payments,PAY-0813,EXACT_REF,1.00,RESOLVED,,2025-04-05T00:00:00Z
idm-01588,INVOICE,SHOPIFY,core.orders,ORD-813,ACCOUNTING,core.invoices,INV-0813,INVOICE_REF,1.00,RESOLVED,,2025-04-05T00:00:00Z
idm-01589,ORDER,SHOPIFY,core.orders,ORD-814,RAZORPAY,core.payments,PAY-0814,EXACT_REF,1.00,RESOLVED,,2025-04-05T00:00:00Z
idm-01590,INVOICE,SHOPIFY,core.orders,ORD-814,ACCOUNTING,core.invoices,INV-0814,INVOICE_REF,1.00,RESOLVED,,2025-04-05T00:00:00Z
idm-01591,ORDER,SHOPIFY,core.orders,ORD-815,RAZORPAY,core.payments,PAY-0815,EXACT_REF,1.00,RESOLVED,,2025-04-05T00:00:00Z
idm-01592,INVOICE,SHOPIFY,core.orders,ORD-815,ACCOUNTING,core.invoices,INV-0815,INVOICE_REF,1.00,RESOLVED,,2025-04-05T00:00:00Z
idm-01593,ORDER,SHOPIFY,core.orders,ORD-816,RAZORPAY,core.payments,PAY-0816,EXACT_REF,1.00,RESOLVED,,2025-04-05T00:00:00Z
idm-01594,INVOICE,SHOPIFY,core.orders,ORD-816,ACCOUNTING,core.invoices,INV-0816,INVOICE_REF,1.00,RESOLVED,,2025-04-05T00:00:00Z
idm-01595,ORDER,SHOPIFY,core.orders,ORD-817,RAZORPAY,core.payments,PAY-0817,EXACT_REF,1.00,RESOLVED,,2025-04-05T00:00:00Z
idm-01596,INVOICE,SHOPIFY,core.orders,ORD-817,ACCOUNTING,core.invoices,INV-0817,INVOICE_REF,1.00,RESOLVED,,2025-04-05T00:00:00Z
idm-01597,ORDER,SHOPIFY,core.orders,ORD-818,RAZORPAY,core.payments,PAY-0818,EXACT_REF,1.00,RESOLVED,,2025-04-05T00:00:00Z
idm-01598,INVOICE,SHOPIFY,core.orders,ORD-818,ACCOUNTING,core.invoices,INV-0818,INVOICE_REF,1.00,RESOLVED,,2025-04-05T00:00:00Z
idm-01599,ORDER,SHOPIFY,core.orders,ORD-819,RAZORPAY,core.payments,PAY-0819,EXACT_REF,1.00,RESOLVED,,2025-04-05T00:00:00Z
idm-01600,INVOICE,SHOPIFY,core.orders,ORD-819,ACCOUNTING,core.invoices,INV-0819,INVOICE_REF,1.00,RESOLVED,,2025-04-05T00:00:00Z
idm-01601,ORDER,SHOPIFY,core.orders,ORD-820,RAZORPAY,core.payments,PAY-0820,EXACT_REF,1.00,RESOLVED,,2025-04-05T00:00:00Z
idm-01602,INVOICE,SHOPIFY,core.orders,ORD-820,ACCOUNTING,core.invoices,INV-0820,INVOICE_REF,1.00,RESOLVED,,2025-04-05T00:00:00Z
idm-01603,ORDER,SHOPIFY,core.orders,ORD-821,RAZORPAY,core.payments,PAY-0821,EXACT_REF,1.00,RESOLVED,,2025-04-05T00:00:00Z
idm-01604,INVOICE,SHOPIFY,core.orders,ORD-821,ACCOUNTING,core.invoices,INV-0821,INVOICE_REF,1.00,RESOLVED,,2025-04-05T00:00:00Z
idm-01605,ORDER,SHOPIFY,core.orders,ORD-822,RAZORPAY,core.payments,PAY-0822,EXACT_REF,1.00,RESOLVED,,2025-04-05T00:00:00Z
idm-01606,INVOICE,SHOPIFY,core.orders,ORD-822,ACCOUNTING,core.invoices,INV-0822,INVOICE_REF,1.00,RESOLVED,,2025-04-05T00:00:00Z
idm-01607,ORDER,SHOPIFY,core.orders,ORD-823,RAZORPAY,core.payments,PAY-0823,EXACT_REF,1.00,RESOLVED,,2025-04-05T00:00:00Z
idm-01608,INVOICE,SHOPIFY,core.orders,ORD-823,ACCOUNTING,core.invoices,INV-0823,INVOICE_REF,1.00,RESOLVED,,2025-04-05T00:00:00Z
idm-01609,ORDER,SHOPIFY,core.orders,ORD-824,RAZORPAY,core.payments,PAY-0824,EXACT_REF,1.00,RESOLVED,,2025-04-05T00:00:00Z
idm-01610,INVOICE,SHOPIFY,core.orders,ORD-824,ACCOUNTING,core.invoices,INV-0824,INVOICE_REF,1.00,RESOLVED,,2025-04-05T00:00:00Z
idm-01611,ORDER,SHOPIFY,core.orders,ORD-825,RAZORPAY,core.payments,PAY-0825,EXACT_REF,1.00,RESOLVED,,2025-04-05T00:00:00Z
idm-01612,INVOICE,SHOPIFY,core.orders,ORD-825,ACCOUNTING,core.invoices,INV-0825,INVOICE_REF,1.00,RESOLVED,,2025-04-05T00:00:00Z
idm-01613,ORDER,SHOPIFY,core.orders,ORD-827,RAZORPAY,core.payments,PAY-0827,EXACT_REF,1.00,RESOLVED,,2025-04-05T00:00:00Z
idm-01614,INVOICE,SHOPIFY,core.orders,ORD-827,ACCOUNTING,core.invoices,INV-0827,INVOICE_REF,1.00,RESOLVED,,2025-04-05T00:00:00Z
idm-01615,ORDER,SHOPIFY,core.orders,ORD-828,RAZORPAY,core.payments,PAY-0828,EXACT_REF,1.00,RESOLVED,,2025-04-05T00:00:00Z
idm-01616,INVOICE,SHOPIFY,core.orders,ORD-828,ACCOUNTING,core.invoices,INV-0828,INVOICE_REF,1.00,RESOLVED,,2025-04-05T00:00:00Z
idm-01617,ORDER,SHOPIFY,core.orders,ORD-829,RAZORPAY,core.payments,PAY-0829,EXACT_REF,1.00,RESOLVED,,2025-04-05T00:00:00Z
idm-01618,INVOICE,SHOPIFY,core.orders,ORD-829,ACCOUNTING,core.invoices,INV-0829,INVOICE_REF,1.00,RESOLVED,,2025-04-05T00:00:00Z
idm-01619,ORDER,SHOPIFY,core.orders,ORD-830,RAZORPAY,core.payments,PAY-0830,EXACT_REF,1.00,RESOLVED,,2025-04-05T00:00:00Z
idm-01620,INVOICE,SHOPIFY,core.orders,ORD-830,ACCOUNTING,core.invoices,INV-0830,INVOICE_REF,1.00,RESOLVED,,2025-04-05T00:00:00Z
idm-01621,ORDER,SHOPIFY,core.orders,ORD-831,RAZORPAY,core.payments,PAY-0831,EXACT_REF,1.00,RESOLVED,,2025-04-05T00:00:00Z
idm-01622,INVOICE,SHOPIFY,core.orders,ORD-831,ACCOUNTING,core.invoices,INV-0831,INVOICE_REF,1.00,RESOLVED,,2025-04-05T00:00:00Z
idm-01623,ORDER,SHOPIFY,core.orders,ORD-832,RAZORPAY,core.payments,PAY-0832,EXACT_REF,1.00,RESOLVED,,2025-04-05T00:00:00Z
idm-01624,INVOICE,SHOPIFY,core.orders,ORD-832,ACCOUNTING,core.invoices,INV-0832,INVOICE_REF,1.00,RESOLVED,,2025-04-05T00:00:00Z
idm-01625,ORDER,SHOPIFY,core.orders,ORD-833,RAZORPAY,core.payments,PAY-0833,EXACT_REF,1.00,RESOLVED,,2025-04-05T00:00:00Z
idm-01626,INVOICE,SHOPIFY,core.orders,ORD-833,ACCOUNTING,core.invoices,INV-0833,INVOICE_REF,1.00,RESOLVED,,2025-04-05T00:00:00Z
idm-01627,ORDER,SHOPIFY,core.orders,ORD-834,RAZORPAY,core.payments,PAY-0834,EXACT_REF,1.00,RESOLVED,,2025-04-05T00:00:00Z
idm-01628,INVOICE,SHOPIFY,core.orders,ORD-834,ACCOUNTING,core.invoices,INV-0834,INVOICE_REF,1.00,RESOLVED,,2025-04-05T00:00:00Z
idm-01629,ORDER,SHOPIFY,core.orders,ORD-835,RAZORPAY,core.payments,PAY-0835,EXACT_REF,1.00,RESOLVED,,2025-04-05T00:00:00Z
idm-01630,INVOICE,SHOPIFY,core.orders,ORD-835,ACCOUNTING,core.invoices,INV-0835,INVOICE_REF,1.00,RESOLVED,,2025-04-05T00:00:00Z
idm-01631,ORDER,SHOPIFY,core.orders,ORD-836,RAZORPAY,core.payments,PAY-0836,EXACT_REF,1.00,RESOLVED,,2025-04-05T00:00:00Z
idm-01632,INVOICE,SHOPIFY,core.orders,ORD-836,ACCOUNTING,core.invoices,INV-0836,INVOICE_REF,1.00,RESOLVED,,2025-04-05T00:00:00Z
idm-01633,ORDER,SHOPIFY,core.orders,ORD-837,RAZORPAY,core.payments,PAY-0837,EXACT_REF,1.00,RESOLVED,,2025-04-05T00:00:00Z
idm-01634,INVOICE,SHOPIFY,core.orders,ORD-837,ACCOUNTING,core.invoices,INV-0837,INVOICE_REF,1.00,RESOLVED,,2025-04-05T00:00:00Z
idm-01635,ORDER,SHOPIFY,core.orders,ORD-838,RAZORPAY,core.payments,PAY-0838,EXACT_REF,1.00,RESOLVED,,2025-04-05T00:00:00Z
idm-01636,INVOICE,SHOPIFY,core.orders,ORD-838,ACCOUNTING,core.invoices,INV-0838,INVOICE_REF,1.00,RESOLVED,,2025-04-05T00:00:00Z
idm-01637,ORDER,SHOPIFY,core.orders,ORD-839,RAZORPAY,core.payments,PAY-0839,EXACT_REF,1.00,RESOLVED,,2025-04-05T00:00:00Z
idm-01638,INVOICE,SHOPIFY,core.orders,ORD-839,ACCOUNTING,core.invoices,INV-0839,INVOICE_REF,1.00,RESOLVED,,2025-04-05T00:00:00Z
idm-01639,ORDER,SHOPIFY,core.orders,ORD-840,RAZORPAY,core.payments,PAY-0840,EXACT_REF,1.00,RESOLVED,,2025-04-05T00:00:00Z
idm-01640,INVOICE,SHOPIFY,core.orders,ORD-840,ACCOUNTING,core.invoices,INV-0840,INVOICE_REF,1.00,RESOLVED,,2025-04-05T00:00:00Z
idm-01641,ORDER,SHOPIFY,core.orders,ORD-841,RAZORPAY,core.payments,PAY-0841,EXACT_REF,1.00,RESOLVED,,2025-04-05T00:00:00Z
idm-01642,INVOICE,SHOPIFY,core.orders,ORD-841,ACCOUNTING,core.invoices,INV-0841,INVOICE_REF,1.00,RESOLVED,,2025-04-05T00:00:00Z
idm-01643,ORDER,SHOPIFY,core.orders,ORD-842,RAZORPAY,core.payments,PAY-0842,EXACT_REF,1.00,RESOLVED,,2025-04-05T00:00:00Z
idm-01644,INVOICE,SHOPIFY,core.orders,ORD-842,ACCOUNTING,core.invoices,INV-0842,INVOICE_REF,1.00,RESOLVED,,2025-04-05T00:00:00Z
idm-01645,ORDER,SHOPIFY,core.orders,ORD-843,RAZORPAY,core.payments,PAY-0843,EXACT_REF,1.00,RESOLVED,,2025-04-05T00:00:00Z
idm-01646,INVOICE,SHOPIFY,core.orders,ORD-843,ACCOUNTING,core.invoices,INV-0843,INVOICE_REF,1.00,RESOLVED,,2025-04-05T00:00:00Z
idm-01647,ORDER,SHOPIFY,core.orders,ORD-844,RAZORPAY,core.payments,PAY-0844,EXACT_REF,1.00,RESOLVED,,2025-04-05T00:00:00Z
idm-01648,INVOICE,SHOPIFY,core.orders,ORD-844,ACCOUNTING,core.invoices,INV-0844,INVOICE_REF,1.00,RESOLVED,,2025-04-05T00:00:00Z
idm-01649,ORDER,SHOPIFY,core.orders,ORD-845,RAZORPAY,core.payments,PAY-0845,EXACT_REF,1.00,RESOLVED,,2025-04-05T00:00:00Z
idm-01650,INVOICE,SHOPIFY,core.orders,ORD-845,ACCOUNTING,core.invoices,INV-0845,INVOICE_REF,1.00,RESOLVED,,2025-04-05T00:00:00Z
idm-01651,ORDER,SHOPIFY,core.orders,ORD-846,RAZORPAY,core.payments,PAY-0846,EXACT_REF,1.00,RESOLVED,,2025-04-05T00:00:00Z
idm-01652,INVOICE,SHOPIFY,core.orders,ORD-846,ACCOUNTING,core.invoices,INV-0846,INVOICE_REF,1.00,RESOLVED,,2025-04-05T00:00:00Z
idm-01653,ORDER,SHOPIFY,core.orders,ORD-847,RAZORPAY,core.payments,PAY-0847,EXACT_REF,1.00,RESOLVED,,2025-04-05T00:00:00Z
idm-01654,INVOICE,SHOPIFY,core.orders,ORD-847,ACCOUNTING,core.invoices,INV-0847,INVOICE_REF,1.00,RESOLVED,,2025-04-05T00:00:00Z
idm-01655,ORDER,SHOPIFY,core.orders,ORD-848,RAZORPAY,core.payments,PAY-0848,EXACT_REF,1.00,RESOLVED,,2025-04-05T00:00:00Z
idm-01656,INVOICE,SHOPIFY,core.orders,ORD-848,ACCOUNTING,core.invoices,INV-0848,INVOICE_REF,1.00,RESOLVED,,2025-04-05T00:00:00Z
idm-01657,ORDER,SHOPIFY,core.orders,ORD-849,RAZORPAY,core.payments,PAY-0849,EXACT_REF,1.00,RESOLVED,,2025-04-05T00:00:00Z
idm-01658,INVOICE,SHOPIFY,core.orders,ORD-849,ACCOUNTING,core.invoices,INV-0849,INVOICE_REF,1.00,RESOLVED,,2025-04-05T00:00:00Z
idm-01659,ORDER,SHOPIFY,core.orders,ORD-850,RAZORPAY,core.payments,PAY-0850,EXACT_REF,1.00,RESOLVED,,2025-04-05T00:00:00Z
idm-01660,INVOICE,SHOPIFY,core.orders,ORD-850,ACCOUNTING,core.invoices,INV-0850,INVOICE_REF,1.00,RESOLVED,,2025-04-05T00:00:00Z
idm-01661,ORDER,SHOPIFY,core.orders,ORD-851,RAZORPAY,core.payments,PAY-0851,EXACT_REF,1.00,RESOLVED,,2025-04-05T00:00:00Z
idm-01662,INVOICE,SHOPIFY,core.orders,ORD-851,ACCOUNTING,core.invoices,INV-0851,INVOICE_REF,1.00,RESOLVED,,2025-04-05T00:00:00Z
idm-01663,ORDER,SHOPIFY,core.orders,ORD-852,RAZORPAY,core.payments,PAY-0852,EXACT_REF,1.00,RESOLVED,,2025-04-05T00:00:00Z
idm-01664,INVOICE,SHOPIFY,core.orders,ORD-852,ACCOUNTING,core.invoices,INV-0852,INVOICE_REF,1.00,RESOLVED,,2025-04-05T00:00:00Z
idm-01665,ORDER,SHOPIFY,core.orders,ORD-853,RAZORPAY,core.payments,PAY-0853,EXACT_REF,1.00,RESOLVED,,2025-04-05T00:00:00Z
idm-01666,INVOICE,SHOPIFY,core.orders,ORD-853,ACCOUNTING,core.invoices,INV-0853,INVOICE_REF,1.00,RESOLVED,,2025-04-05T00:00:00Z
idm-01667,ORDER,SHOPIFY,core.orders,ORD-854,RAZORPAY,core.payments,PAY-0854,EXACT_REF,1.00,RESOLVED,,2025-04-05T00:00:00Z
idm-01668,INVOICE,SHOPIFY,core.orders,ORD-854,ACCOUNTING,core.invoices,INV-0854,INVOICE_REF,1.00,RESOLVED,,2025-04-05T00:00:00Z
idm-01669,ORDER,SHOPIFY,core.orders,ORD-855,RAZORPAY,core.payments,PAY-0855,EXACT_REF,1.00,RESOLVED,,2025-04-05T00:00:00Z
idm-01670,INVOICE,SHOPIFY,core.orders,ORD-855,ACCOUNTING,core.invoices,INV-0855,INVOICE_REF,1.00,RESOLVED,,2025-04-05T00:00:00Z
idm-01671,ORDER,SHOPIFY,core.orders,ORD-856,RAZORPAY,core.payments,PAY-0856,EXACT_REF,1.00,RESOLVED,,2025-04-05T00:00:00Z
idm-01672,INVOICE,SHOPIFY,core.orders,ORD-856,ACCOUNTING,core.invoices,INV-0856,INVOICE_REF,1.00,RESOLVED,,2025-04-05T00:00:00Z
idm-01673,ORDER,SHOPIFY,core.orders,ORD-857,RAZORPAY,core.payments,PAY-0857,EXACT_REF,1.00,RESOLVED,,2025-04-05T00:00:00Z
idm-01674,INVOICE,SHOPIFY,core.orders,ORD-857,ACCOUNTING,core.invoices,INV-0857,INVOICE_REF,1.00,RESOLVED,,2025-04-05T00:00:00Z
idm-01675,ORDER,SHOPIFY,core.orders,ORD-858,RAZORPAY,core.payments,PAY-0858,EXACT_REF,1.00,RESOLVED,,2025-04-05T00:00:00Z
idm-01676,INVOICE,SHOPIFY,core.orders,ORD-858,ACCOUNTING,core.invoices,INV-0858,INVOICE_REF,1.00,RESOLVED,,2025-04-05T00:00:00Z
idm-01677,ORDER,SHOPIFY,core.orders,ORD-859,RAZORPAY,core.payments,PAY-0859,EXACT_REF,1.00,RESOLVED,,2025-04-05T00:00:00Z
idm-01678,INVOICE,SHOPIFY,core.orders,ORD-859,ACCOUNTING,core.invoices,INV-0859,INVOICE_REF,1.00,RESOLVED,,2025-04-05T00:00:00Z
idm-01679,ORDER,SHOPIFY,core.orders,ORD-860,RAZORPAY,core.payments,PAY-0860,EXACT_REF,1.00,RESOLVED,,2025-04-05T00:00:00Z
idm-01680,INVOICE,SHOPIFY,core.orders,ORD-860,ACCOUNTING,core.invoices,INV-0860,INVOICE_REF,1.00,RESOLVED,,2025-04-05T00:00:00Z
idm-01681,ORDER,SHOPIFY,core.orders,ORD-861,RAZORPAY,core.payments,PAY-0861,EXACT_REF,1.00,RESOLVED,,2025-04-05T00:00:00Z
idm-01682,INVOICE,SHOPIFY,core.orders,ORD-861,ACCOUNTING,core.invoices,INV-0861,INVOICE_REF,1.00,RESOLVED,,2025-04-05T00:00:00Z
idm-01683,ORDER,SHOPIFY,core.orders,ORD-862,RAZORPAY,core.payments,PAY-0862,EXACT_REF,1.00,RESOLVED,,2025-04-05T00:00:00Z
idm-01684,INVOICE,SHOPIFY,core.orders,ORD-862,ACCOUNTING,core.invoices,INV-0862,INVOICE_REF,1.00,RESOLVED,,2025-04-05T00:00:00Z
idm-01685,ORDER,SHOPIFY,core.orders,ORD-863,RAZORPAY,core.payments,PAY-0863,EXACT_REF,1.00,RESOLVED,,2025-04-05T00:00:00Z
idm-01686,INVOICE,SHOPIFY,core.orders,ORD-863,ACCOUNTING,core.invoices,INV-0863,INVOICE_REF,1.00,RESOLVED,,2025-04-05T00:00:00Z
idm-01687,ORDER,SHOPIFY,core.orders,ORD-864,RAZORPAY,core.payments,PAY-0864,EXACT_REF,1.00,RESOLVED,,2025-04-05T00:00:00Z
idm-01688,INVOICE,SHOPIFY,core.orders,ORD-864,ACCOUNTING,core.invoices,INV-0864,INVOICE_REF,1.00,RESOLVED,,2025-04-05T00:00:00Z
idm-01689,ORDER,SHOPIFY,core.orders,ORD-865,RAZORPAY,core.payments,PAY-0865,EXACT_REF,1.00,RESOLVED,,2025-04-05T00:00:00Z
idm-01690,INVOICE,SHOPIFY,core.orders,ORD-865,ACCOUNTING,core.invoices,INV-0865,INVOICE_REF,1.00,RESOLVED,,2025-04-05T00:00:00Z
idm-01691,ORDER,SHOPIFY,core.orders,ORD-866,RAZORPAY,core.payments,PAY-0866,EXACT_REF,1.00,RESOLVED,,2025-04-05T00:00:00Z
idm-01692,INVOICE,SHOPIFY,core.orders,ORD-866,ACCOUNTING,core.invoices,INV-0866,INVOICE_REF,1.00,RESOLVED,,2025-04-05T00:00:00Z
idm-01693,ORDER,SHOPIFY,core.orders,ORD-867,RAZORPAY,core.payments,PAY-0867,EXACT_REF,1.00,RESOLVED,,2025-04-05T00:00:00Z
idm-01694,INVOICE,SHOPIFY,core.orders,ORD-867,ACCOUNTING,core.invoices,INV-0867,INVOICE_REF,1.00,RESOLVED,,2025-04-05T00:00:00Z
idm-01695,ORDER,SHOPIFY,core.orders,ORD-868,RAZORPAY,core.payments,PAY-0868,EXACT_REF,1.00,RESOLVED,,2025-04-05T00:00:00Z
idm-01696,INVOICE,SHOPIFY,core.orders,ORD-868,ACCOUNTING,core.invoices,INV-0868,INVOICE_REF,1.00,RESOLVED,,2025-04-05T00:00:00Z
idm-01697,ORDER,SHOPIFY,core.orders,ORD-869,RAZORPAY,core.payments,PAY-0869,EXACT_REF,1.00,RESOLVED,,2025-04-05T00:00:00Z
idm-01698,INVOICE,SHOPIFY,core.orders,ORD-869,ACCOUNTING,core.invoices,INV-0869,INVOICE_REF,1.00,RESOLVED,,2025-04-05T00:00:00Z
idm-01699,ORDER,SHOPIFY,core.orders,ORD-870,RAZORPAY,core.payments,PAY-0870,EXACT_REF,1.00,RESOLVED,,2025-04-05T00:00:00Z
idm-01700,INVOICE,SHOPIFY,core.orders,ORD-870,ACCOUNTING,core.invoices,INV-0870,INVOICE_REF,1.00,RESOLVED,,2025-04-05T00:00:00Z
idm-01701,ORDER,SHOPIFY,core.orders,ORD-871,RAZORPAY,core.payments,PAY-0871,EXACT_REF,1.00,RESOLVED,,2025-04-05T00:00:00Z
idm-01702,INVOICE,SHOPIFY,core.orders,ORD-871,ACCOUNTING,core.invoices,INV-0871,INVOICE_REF,1.00,RESOLVED,,2025-04-05T00:00:00Z
idm-01703,ORDER,SHOPIFY,core.orders,ORD-872,RAZORPAY,core.payments,PAY-0872,EXACT_REF,1.00,RESOLVED,,2025-04-05T00:00:00Z
idm-01704,INVOICE,SHOPIFY,core.orders,ORD-872,ACCOUNTING,core.invoices,INV-0872,INVOICE_REF,1.00,RESOLVED,,2025-04-05T00:00:00Z
idm-01705,ORDER,SHOPIFY,core.orders,ORD-873,RAZORPAY,core.payments,PAY-0873,EXACT_REF,1.00,RESOLVED,,2025-04-05T00:00:00Z
idm-01706,INVOICE,SHOPIFY,core.orders,ORD-873,ACCOUNTING,core.invoices,INV-0873,INVOICE_REF,1.00,RESOLVED,,2025-04-05T00:00:00Z
idm-01707,ORDER,SHOPIFY,core.orders,ORD-874,RAZORPAY,core.payments,PAY-0874,EXACT_REF,1.00,RESOLVED,,2025-04-05T00:00:00Z
idm-01708,INVOICE,SHOPIFY,core.orders,ORD-874,ACCOUNTING,core.invoices,INV-0874,INVOICE_REF,1.00,RESOLVED,,2025-04-05T00:00:00Z
idm-01709,ORDER,SHOPIFY,core.orders,ORD-875,RAZORPAY,core.payments,PAY-0875,EXACT_REF,1.00,RESOLVED,,2025-04-05T00:00:00Z
idm-01710,INVOICE,SHOPIFY,core.orders,ORD-875,ACCOUNTING,core.invoices,INV-0875,INVOICE_REF,1.00,RESOLVED,,2025-04-05T00:00:00Z
idm-01711,ORDER,SHOPIFY,core.orders,ORD-876,RAZORPAY,core.payments,PAY-0876,EXACT_REF,1.00,RESOLVED,,2025-04-05T00:00:00Z
idm-01712,INVOICE,SHOPIFY,core.orders,ORD-876,ACCOUNTING,core.invoices,INV-0876,INVOICE_REF,1.00,RESOLVED,,2025-04-05T00:00:00Z
idm-01713,ORDER,SHOPIFY,core.orders,ORD-877,RAZORPAY,core.payments,PAY-0877,EXACT_REF,1.00,RESOLVED,,2025-04-05T00:00:00Z
idm-01714,INVOICE,SHOPIFY,core.orders,ORD-877,ACCOUNTING,core.invoices,INV-0877,INVOICE_REF,1.00,RESOLVED,,2025-04-05T00:00:00Z
idm-01715,ORDER,SHOPIFY,core.orders,ORD-878,RAZORPAY,core.payments,PAY-0878,EXACT_REF,1.00,RESOLVED,,2025-04-05T00:00:00Z
idm-01716,INVOICE,SHOPIFY,core.orders,ORD-878,ACCOUNTING,core.invoices,INV-0878,INVOICE_REF,1.00,RESOLVED,,2025-04-05T00:00:00Z
idm-01717,ORDER,SHOPIFY,core.orders,ORD-879,RAZORPAY,core.payments,PAY-0879,EXACT_REF,1.00,RESOLVED,,2025-04-05T00:00:00Z
idm-01718,INVOICE,SHOPIFY,core.orders,ORD-879,ACCOUNTING,core.invoices,INV-0879,INVOICE_REF,1.00,RESOLVED,,2025-04-05T00:00:00Z
idm-01719,ORDER,SHOPIFY,core.orders,ORD-880,RAZORPAY,core.payments,PAY-0880,EXACT_REF,1.00,RESOLVED,,2025-04-05T00:00:00Z
idm-01720,INVOICE,SHOPIFY,core.orders,ORD-880,ACCOUNTING,core.invoices,INV-0880,INVOICE_REF,1.00,RESOLVED,,2025-04-05T00:00:00Z
idm-01721,ORDER,SHOPIFY,core.orders,ORD-881,RAZORPAY,core.payments,PAY-0881,EXACT_REF,1.00,RESOLVED,,2025-04-05T00:00:00Z
idm-01722,INVOICE,SHOPIFY,core.orders,ORD-881,ACCOUNTING,core.invoices,INV-0881,INVOICE_REF,1.00,RESOLVED,,2025-04-05T00:00:00Z
idm-01723,ORDER,SHOPIFY,core.orders,ORD-882,RAZORPAY,core.payments,PAY-0882,EXACT_REF,1.00,RESOLVED,,2025-04-05T00:00:00Z
idm-01724,INVOICE,SHOPIFY,core.orders,ORD-882,ACCOUNTING,core.invoices,INV-0882,INVOICE_REF,1.00,RESOLVED,,2025-04-05T00:00:00Z
idm-01725,ORDER,SHOPIFY,core.orders,ORD-883,RAZORPAY,core.payments,PAY-0883,EXACT_REF,1.00,RESOLVED,,2025-04-05T00:00:00Z
idm-01726,INVOICE,SHOPIFY,core.orders,ORD-883,ACCOUNTING,core.invoices,INV-0883,INVOICE_REF,1.00,RESOLVED,,2025-04-05T00:00:00Z
idm-01727,ORDER,SHOPIFY,core.orders,ORD-884,RAZORPAY,core.payments,PAY-0884,EXACT_REF,1.00,RESOLVED,,2025-04-05T00:00:00Z
idm-01728,INVOICE,SHOPIFY,core.orders,ORD-884,ACCOUNTING,core.invoices,INV-0884,INVOICE_REF,1.00,RESOLVED,,2025-04-05T00:00:00Z
idm-01729,ORDER,SHOPIFY,core.orders,ORD-885,RAZORPAY,core.payments,PAY-0885,EXACT_REF,1.00,RESOLVED,,2025-04-05T00:00:00Z
idm-01730,INVOICE,SHOPIFY,core.orders,ORD-885,ACCOUNTING,core.invoices,INV-0885,INVOICE_REF,1.00,RESOLVED,,2025-04-05T00:00:00Z
idm-01731,ORDER,SHOPIFY,core.orders,ORD-886,RAZORPAY,core.payments,PAY-0886,EXACT_REF,1.00,RESOLVED,,2025-04-05T00:00:00Z
idm-01732,INVOICE,SHOPIFY,core.orders,ORD-886,ACCOUNTING,core.invoices,INV-0886,INVOICE_REF,1.00,RESOLVED,,2025-04-05T00:00:00Z
idm-01733,ORDER,SHOPIFY,core.orders,ORD-887,RAZORPAY,core.payments,PAY-0887,EXACT_REF,1.00,RESOLVED,,2025-04-05T00:00:00Z
idm-01734,INVOICE,SHOPIFY,core.orders,ORD-887,ACCOUNTING,core.invoices,INV-0887,INVOICE_REF,1.00,RESOLVED,,2025-04-05T00:00:00Z
idm-01735,ORDER,SHOPIFY,core.orders,ORD-888,RAZORPAY,core.payments,PAY-0888,EXACT_REF,1.00,RESOLVED,,2025-04-05T00:00:00Z
idm-01736,INVOICE,SHOPIFY,core.orders,ORD-888,ACCOUNTING,core.invoices,INV-0888,INVOICE_REF,1.00,RESOLVED,,2025-04-05T00:00:00Z
idm-01737,ORDER,SHOPIFY,core.orders,ORD-889,RAZORPAY,core.payments,PAY-0889,EXACT_REF,1.00,RESOLVED,,2025-04-05T00:00:00Z
idm-01738,INVOICE,SHOPIFY,core.orders,ORD-889,ACCOUNTING,core.invoices,INV-0889,INVOICE_REF,1.00,RESOLVED,,2025-04-05T00:00:00Z
idm-01739,ORDER,SHOPIFY,core.orders,ORD-890,RAZORPAY,core.payments,PAY-0890,EXACT_REF,1.00,RESOLVED,,2025-04-05T00:00:00Z
idm-01740,INVOICE,SHOPIFY,core.orders,ORD-890,ACCOUNTING,core.invoices,INV-0890,INVOICE_REF,1.00,RESOLVED,,2025-04-05T00:00:00Z
idm-01741,ORDER,SHOPIFY,core.orders,ORD-891,RAZORPAY,core.payments,PAY-0891,EXACT_REF,1.00,RESOLVED,,2025-04-05T00:00:00Z
idm-01742,INVOICE,SHOPIFY,core.orders,ORD-891,ACCOUNTING,core.invoices,INV-0891,INVOICE_REF,1.00,RESOLVED,,2025-04-05T00:00:00Z
idm-01743,ORDER,SHOPIFY,core.orders,ORD-892,RAZORPAY,core.payments,PAY-0892,EXACT_REF,1.00,RESOLVED,,2025-04-05T00:00:00Z
idm-01744,INVOICE,SHOPIFY,core.orders,ORD-892,ACCOUNTING,core.invoices,INV-0892,INVOICE_REF,1.00,RESOLVED,,2025-04-05T00:00:00Z
idm-01745,ORDER,SHOPIFY,core.orders,ORD-893,RAZORPAY,core.payments,PAY-0893,EXACT_REF,1.00,RESOLVED,,2025-04-05T00:00:00Z
idm-01746,INVOICE,SHOPIFY,core.orders,ORD-893,ACCOUNTING,core.invoices,INV-0893,INVOICE_REF,1.00,RESOLVED,,2025-04-05T00:00:00Z
idm-01747,ORDER,SHOPIFY,core.orders,ORD-894,RAZORPAY,core.payments,PAY-0894,EXACT_REF,1.00,RESOLVED,,2025-04-05T00:00:00Z
idm-01748,INVOICE,SHOPIFY,core.orders,ORD-894,ACCOUNTING,core.invoices,INV-0894,INVOICE_REF,1.00,RESOLVED,,2025-04-05T00:00:00Z
idm-01749,ORDER,SHOPIFY,core.orders,ORD-895,RAZORPAY,core.payments,PAY-0895,EXACT_REF,1.00,RESOLVED,,2025-04-05T00:00:00Z
idm-01750,INVOICE,SHOPIFY,core.orders,ORD-895,ACCOUNTING,core.invoices,INV-0895,INVOICE_REF,1.00,RESOLVED,,2025-04-05T00:00:00Z
idm-01751,ORDER,SHOPIFY,core.orders,ORD-896,RAZORPAY,core.payments,PAY-0896,EXACT_REF,1.00,RESOLVED,,2025-04-05T00:00:00Z
idm-01752,INVOICE,SHOPIFY,core.orders,ORD-896,ACCOUNTING,core.invoices,INV-0896,INVOICE_REF,1.00,RESOLVED,,2025-04-05T00:00:00Z
idm-01753,ORDER,SHOPIFY,core.orders,ORD-897,RAZORPAY,core.payments,PAY-0897,EXACT_REF,1.00,RESOLVED,,2025-04-05T00:00:00Z
idm-01754,INVOICE,SHOPIFY,core.orders,ORD-897,ACCOUNTING,core.invoices,INV-0897,INVOICE_REF,1.00,RESOLVED,,2025-04-05T00:00:00Z
idm-01755,ORDER,SHOPIFY,core.orders,ORD-898,RAZORPAY,core.payments,PAY-0898,EXACT_REF,1.00,RESOLVED,,2025-04-05T00:00:00Z
idm-01756,INVOICE,SHOPIFY,core.orders,ORD-898,ACCOUNTING,core.invoices,INV-0898,INVOICE_REF,1.00,RESOLVED,,2025-04-05T00:00:00Z
idm-01757,ORDER,SHOPIFY,core.orders,ORD-899,RAZORPAY,core.payments,PAY-0899,EXACT_REF,1.00,RESOLVED,,2025-04-05T00:00:00Z
idm-01758,INVOICE,SHOPIFY,core.orders,ORD-899,ACCOUNTING,core.invoices,INV-0899,INVOICE_REF,1.00,RESOLVED,,2025-04-05T00:00:00Z
idm-01759,ORDER,SHOPIFY,core.orders,ORD-900,RAZORPAY,core.payments,PAY-0900,EXACT_REF,1.00,RESOLVED,,2025-04-05T00:00:00Z
idm-01760,INVOICE,SHOPIFY,core.orders,ORD-900,ACCOUNTING,core.invoices,INV-0900,INVOICE_REF,1.00,RESOLVED,,2025-04-05T00:00:00Z
idm-01761,ORDER,SHOPIFY,core.orders,ORD-901,RAZORPAY,core.payments,PAY-0901,EXACT_REF,1.00,RESOLVED,,2025-04-05T00:00:00Z
idm-01762,INVOICE,SHOPIFY,core.orders,ORD-901,ACCOUNTING,core.invoices,INV-0901,INVOICE_REF,1.00,RESOLVED,,2025-04-05T00:00:00Z
idm-01763,ORDER,SHOPIFY,core.orders,ORD-902,RAZORPAY,core.payments,PAY-0902,EXACT_REF,1.00,RESOLVED,,2025-04-05T00:00:00Z
idm-01764,INVOICE,SHOPIFY,core.orders,ORD-902,ACCOUNTING,core.invoices,INV-0902,INVOICE_REF,1.00,RESOLVED,,2025-04-05T00:00:00Z
idm-01765,ORDER,SHOPIFY,core.orders,ORD-903,RAZORPAY,core.payments,PAY-0903,EXACT_REF,1.00,RESOLVED,,2025-04-05T00:00:00Z
idm-01766,INVOICE,SHOPIFY,core.orders,ORD-903,ACCOUNTING,core.invoices,INV-0903,INVOICE_REF,1.00,RESOLVED,,2025-04-05T00:00:00Z
idm-01767,ORDER,SHOPIFY,core.orders,ORD-904,RAZORPAY,core.payments,PAY-0904,EXACT_REF,1.00,RESOLVED,,2025-04-05T00:00:00Z
idm-01768,INVOICE,SHOPIFY,core.orders,ORD-904,ACCOUNTING,core.invoices,INV-0904,INVOICE_REF,1.00,RESOLVED,,2025-04-05T00:00:00Z
idm-01769,ORDER,SHOPIFY,core.orders,ORD-905,RAZORPAY,core.payments,PAY-0905,EXACT_REF,1.00,RESOLVED,,2025-04-05T00:00:00Z
idm-01770,INVOICE,SHOPIFY,core.orders,ORD-905,ACCOUNTING,core.invoices,INV-0905,INVOICE_REF,1.00,RESOLVED,,2025-04-05T00:00:00Z
idm-01771,ORDER,SHOPIFY,core.orders,ORD-906,RAZORPAY,core.payments,PAY-0906,EXACT_REF,1.00,RESOLVED,,2025-04-05T00:00:00Z
idm-01772,INVOICE,SHOPIFY,core.orders,ORD-906,ACCOUNTING,core.invoices,INV-0906,INVOICE_REF,1.00,RESOLVED,,2025-04-05T00:00:00Z
idm-01773,ORDER,SHOPIFY,core.orders,ORD-907,RAZORPAY,core.payments,PAY-0907,EXACT_REF,1.00,RESOLVED,,2025-04-05T00:00:00Z
idm-01774,INVOICE,SHOPIFY,core.orders,ORD-907,ACCOUNTING,core.invoices,INV-0907,INVOICE_REF,1.00,RESOLVED,,2025-04-05T00:00:00Z
idm-01775,ORDER,SHOPIFY,core.orders,ORD-908,RAZORPAY,core.payments,PAY-0908,EXACT_REF,1.00,RESOLVED,,2025-04-05T00:00:00Z
idm-01776,INVOICE,SHOPIFY,core.orders,ORD-908,ACCOUNTING,core.invoices,INV-0908,INVOICE_REF,1.00,RESOLVED,,2025-04-05T00:00:00Z
idm-01777,ORDER,SHOPIFY,core.orders,ORD-909,RAZORPAY,core.payments,PAY-0909,EXACT_REF,1.00,RESOLVED,,2025-04-05T00:00:00Z
idm-01778,INVOICE,SHOPIFY,core.orders,ORD-909,ACCOUNTING,core.invoices,INV-0909,INVOICE_REF,1.00,RESOLVED,,2025-04-05T00:00:00Z
idm-01779,ORDER,SHOPIFY,core.orders,ORD-910,RAZORPAY,core.payments,PAY-0910,EXACT_REF,1.00,RESOLVED,,2025-04-05T00:00:00Z
idm-01780,INVOICE,SHOPIFY,core.orders,ORD-910,ACCOUNTING,core.invoices,INV-0910,INVOICE_REF,1.00,RESOLVED,,2025-04-05T00:00:00Z
idm-01781,ORDER,SHOPIFY,core.orders,ORD-911,RAZORPAY,core.payments,PAY-0911,EXACT_REF,1.00,RESOLVED,,2025-04-05T00:00:00Z
idm-01782,INVOICE,SHOPIFY,core.orders,ORD-911,ACCOUNTING,core.invoices,INV-0911,INVOICE_REF,1.00,RESOLVED,,2025-04-05T00:00:00Z
idm-01783,ORDER,SHOPIFY,core.orders,ORD-912,RAZORPAY,core.payments,PAY-0912,EXACT_REF,1.00,RESOLVED,,2025-04-05T00:00:00Z
idm-01784,INVOICE,SHOPIFY,core.orders,ORD-912,ACCOUNTING,core.invoices,INV-0912,INVOICE_REF,1.00,RESOLVED,,2025-04-05T00:00:00Z
idm-01785,ORDER,SHOPIFY,core.orders,ORD-914,RAZORPAY,core.payments,PAY-0914,EXACT_REF,1.00,RESOLVED,,2025-04-05T00:00:00Z
idm-01786,INVOICE,SHOPIFY,core.orders,ORD-914,ACCOUNTING,core.invoices,INV-0914,INVOICE_REF,1.00,RESOLVED,,2025-04-05T00:00:00Z
idm-01787,ORDER,SHOPIFY,core.orders,ORD-915,RAZORPAY,core.payments,PAY-0915,EXACT_REF,1.00,RESOLVED,,2025-04-05T00:00:00Z
idm-01788,INVOICE,SHOPIFY,core.orders,ORD-915,ACCOUNTING,core.invoices,INV-0915,INVOICE_REF,1.00,RESOLVED,,2025-04-05T00:00:00Z
idm-01789,ORDER,SHOPIFY,core.orders,ORD-916,RAZORPAY,core.payments,PAY-0916,EXACT_REF,1.00,RESOLVED,,2025-04-05T00:00:00Z
idm-01790,INVOICE,SHOPIFY,core.orders,ORD-916,ACCOUNTING,core.invoices,INV-0916,INVOICE_REF,1.00,RESOLVED,,2025-04-05T00:00:00Z
idm-01791,ORDER,SHOPIFY,core.orders,ORD-917,RAZORPAY,core.payments,PAY-0917,EXACT_REF,1.00,RESOLVED,,2025-04-05T00:00:00Z
idm-01792,INVOICE,SHOPIFY,core.orders,ORD-917,ACCOUNTING,core.invoices,INV-0917,INVOICE_REF,1.00,RESOLVED,,2025-04-05T00:00:00Z
idm-01793,ORDER,SHOPIFY,core.orders,ORD-919,RAZORPAY,core.payments,PAY-0919,EXACT_REF,1.00,RESOLVED,,2025-04-05T00:00:00Z
idm-01794,INVOICE,SHOPIFY,core.orders,ORD-919,ACCOUNTING,core.invoices,INV-0919,INVOICE_REF,1.00,RESOLVED,,2025-04-05T00:00:00Z
idm-01795,ORDER,SHOPIFY,core.orders,ORD-920,RAZORPAY,core.payments,PAY-0920,EXACT_REF,1.00,RESOLVED,,2025-04-05T00:00:00Z
idm-01796,INVOICE,SHOPIFY,core.orders,ORD-920,ACCOUNTING,core.invoices,INV-0920,INVOICE_REF,1.00,RESOLVED,,2025-04-05T00:00:00Z
idm-01797,ORDER,SHOPIFY,core.orders,ORD-921,RAZORPAY,core.payments,PAY-0921,EXACT_REF,1.00,RESOLVED,,2025-04-05T00:00:00Z
idm-01798,INVOICE,SHOPIFY,core.orders,ORD-921,ACCOUNTING,core.invoices,INV-0921,INVOICE_REF,1.00,RESOLVED,,2025-04-05T00:00:00Z
idm-01799,ORDER,SHOPIFY,core.orders,ORD-922,RAZORPAY,core.payments,PAY-0922,EXACT_REF,1.00,RESOLVED,,2025-04-05T00:00:00Z
idm-01800,INVOICE,SHOPIFY,core.orders,ORD-922,ACCOUNTING,core.invoices,INV-0922,INVOICE_REF,1.00,RESOLVED,,2025-04-05T00:00:00Z
idm-01801,ORDER,SHOPIFY,core.orders,ORD-923,RAZORPAY,core.payments,PAY-0923,EXACT_REF,1.00,RESOLVED,,2025-04-05T00:00:00Z
idm-01802,INVOICE,SHOPIFY,core.orders,ORD-923,ACCOUNTING,core.invoices,INV-0923,INVOICE_REF,1.00,RESOLVED,,2025-04-05T00:00:00Z
idm-01803,ORDER,SHOPIFY,core.orders,ORD-924,RAZORPAY,core.payments,PAY-0924,EXACT_REF,1.00,RESOLVED,,2025-04-05T00:00:00Z
idm-01804,INVOICE,SHOPIFY,core.orders,ORD-924,ACCOUNTING,core.invoices,INV-0924,INVOICE_REF,1.00,RESOLVED,,2025-04-05T00:00:00Z
idm-01805,ORDER,SHOPIFY,core.orders,ORD-925,RAZORPAY,core.payments,PAY-0925,EXACT_REF,1.00,RESOLVED,,2025-04-05T00:00:00Z
idm-01806,INVOICE,SHOPIFY,core.orders,ORD-925,ACCOUNTING,core.invoices,INV-0925,INVOICE_REF,1.00,RESOLVED,,2025-04-05T00:00:00Z
idm-01807,ORDER,SHOPIFY,core.orders,ORD-926,RAZORPAY,core.payments,PAY-0926,EXACT_REF,1.00,RESOLVED,,2025-04-05T00:00:00Z
idm-01808,INVOICE,SHOPIFY,core.orders,ORD-926,ACCOUNTING,core.invoices,INV-0926,INVOICE_REF,1.00,RESOLVED,,2025-04-05T00:00:00Z
idm-01809,ORDER,SHOPIFY,core.orders,ORD-927,RAZORPAY,core.payments,PAY-0927,EXACT_REF,1.00,RESOLVED,,2025-04-05T00:00:00Z
idm-01810,INVOICE,SHOPIFY,core.orders,ORD-927,ACCOUNTING,core.invoices,INV-0927,INVOICE_REF,1.00,RESOLVED,,2025-04-05T00:00:00Z
idm-01811,ORDER,SHOPIFY,core.orders,ORD-928,RAZORPAY,core.payments,PAY-0928,EXACT_REF,1.00,RESOLVED,,2025-04-05T00:00:00Z
idm-01812,INVOICE,SHOPIFY,core.orders,ORD-928,ACCOUNTING,core.invoices,INV-0928,INVOICE_REF,1.00,RESOLVED,,2025-04-05T00:00:00Z
idm-01813,ORDER,SHOPIFY,core.orders,ORD-929,RAZORPAY,core.payments,PAY-0929,EXACT_REF,1.00,RESOLVED,,2025-04-05T00:00:00Z
idm-01814,INVOICE,SHOPIFY,core.orders,ORD-929,ACCOUNTING,core.invoices,INV-0929,INVOICE_REF,1.00,RESOLVED,,2025-04-05T00:00:00Z
idm-01815,ORDER,SHOPIFY,core.orders,ORD-930,RAZORPAY,core.payments,PAY-0930,EXACT_REF,1.00,RESOLVED,,2025-04-05T00:00:00Z
idm-01816,INVOICE,SHOPIFY,core.orders,ORD-930,ACCOUNTING,core.invoices,INV-0930,INVOICE_REF,1.00,RESOLVED,,2025-04-05T00:00:00Z
idm-01817,ORDER,SHOPIFY,core.orders,ORD-931,RAZORPAY,core.payments,PAY-0931,EXACT_REF,1.00,RESOLVED,,2025-04-05T00:00:00Z
idm-01818,INVOICE,SHOPIFY,core.orders,ORD-931,ACCOUNTING,core.invoices,INV-0931,INVOICE_REF,1.00,RESOLVED,,2025-04-05T00:00:00Z
idm-01819,ORDER,SHOPIFY,core.orders,ORD-932,RAZORPAY,core.payments,PAY-0932,EXACT_REF,1.00,RESOLVED,,2025-04-05T00:00:00Z
idm-01820,INVOICE,SHOPIFY,core.orders,ORD-932,ACCOUNTING,core.invoices,INV-0932,INVOICE_REF,1.00,RESOLVED,,2025-04-05T00:00:00Z
idm-01821,ORDER,SHOPIFY,core.orders,ORD-933,RAZORPAY,core.payments,PAY-0933,EXACT_REF,1.00,RESOLVED,,2025-04-05T00:00:00Z
idm-01822,INVOICE,SHOPIFY,core.orders,ORD-933,ACCOUNTING,core.invoices,INV-0933,INVOICE_REF,1.00,RESOLVED,,2025-04-05T00:00:00Z
idm-01823,ORDER,SHOPIFY,core.orders,ORD-934,RAZORPAY,core.payments,PAY-0934,EXACT_REF,1.00,RESOLVED,,2025-04-05T00:00:00Z
idm-01824,INVOICE,SHOPIFY,core.orders,ORD-934,ACCOUNTING,core.invoices,INV-0934,INVOICE_REF,1.00,RESOLVED,,2025-04-05T00:00:00Z
idm-01825,ORDER,SHOPIFY,core.orders,ORD-936,RAZORPAY,core.payments,PAY-0936,EXACT_REF,1.00,RESOLVED,,2025-04-05T00:00:00Z
idm-01826,INVOICE,SHOPIFY,core.orders,ORD-936,ACCOUNTING,core.invoices,INV-0936,INVOICE_REF,1.00,RESOLVED,,2025-04-05T00:00:00Z
idm-01827,ORDER,SHOPIFY,core.orders,ORD-937,RAZORPAY,core.payments,PAY-0937,EXACT_REF,1.00,RESOLVED,,2025-04-05T00:00:00Z
idm-01828,INVOICE,SHOPIFY,core.orders,ORD-937,ACCOUNTING,core.invoices,INV-0937,INVOICE_REF,1.00,RESOLVED,,2025-04-05T00:00:00Z
idm-01829,ORDER,SHOPIFY,core.orders,ORD-938,RAZORPAY,core.payments,PAY-0938,EXACT_REF,1.00,RESOLVED,,2025-04-05T00:00:00Z
idm-01830,INVOICE,SHOPIFY,core.orders,ORD-938,ACCOUNTING,core.invoices,INV-0938,INVOICE_REF,1.00,RESOLVED,,2025-04-05T00:00:00Z
idm-01831,ORDER,SHOPIFY,core.orders,ORD-939,RAZORPAY,core.payments,PAY-0939,EXACT_REF,1.00,RESOLVED,,2025-04-05T00:00:00Z
idm-01832,INVOICE,SHOPIFY,core.orders,ORD-939,ACCOUNTING,core.invoices,INV-0939,INVOICE_REF,1.00,RESOLVED,,2025-04-05T00:00:00Z
idm-01833,ORDER,SHOPIFY,core.orders,ORD-940,RAZORPAY,core.payments,PAY-0940,EXACT_REF,1.00,RESOLVED,,2025-04-05T00:00:00Z
idm-01834,INVOICE,SHOPIFY,core.orders,ORD-940,ACCOUNTING,core.invoices,INV-0940,INVOICE_REF,1.00,RESOLVED,,2025-04-05T00:00:00Z
idm-01835,ORDER,SHOPIFY,core.orders,ORD-941,RAZORPAY,core.payments,PAY-0941,EXACT_REF,1.00,RESOLVED,,2025-04-05T00:00:00Z
idm-01836,INVOICE,SHOPIFY,core.orders,ORD-941,ACCOUNTING,core.invoices,INV-0941,INVOICE_REF,1.00,RESOLVED,,2025-04-05T00:00:00Z
idm-01837,ORDER,SHOPIFY,core.orders,ORD-942,RAZORPAY,core.payments,PAY-0942,EXACT_REF,1.00,RESOLVED,,2025-04-05T00:00:00Z
idm-01838,INVOICE,SHOPIFY,core.orders,ORD-942,ACCOUNTING,core.invoices,INV-0942,INVOICE_REF,1.00,RESOLVED,,2025-04-05T00:00:00Z
idm-01839,ORDER,SHOPIFY,core.orders,ORD-943,RAZORPAY,core.payments,PAY-0943,EXACT_REF,1.00,RESOLVED,,2025-04-05T00:00:00Z
idm-01840,INVOICE,SHOPIFY,core.orders,ORD-943,ACCOUNTING,core.invoices,INV-0943,INVOICE_REF,1.00,RESOLVED,,2025-04-05T00:00:00Z
idm-01841,ORDER,SHOPIFY,core.orders,ORD-944,RAZORPAY,core.payments,PAY-0944,EXACT_REF,1.00,RESOLVED,,2025-04-05T00:00:00Z
idm-01842,INVOICE,SHOPIFY,core.orders,ORD-944,ACCOUNTING,core.invoices,INV-0944,INVOICE_REF,1.00,RESOLVED,,2025-04-05T00:00:00Z
idm-01843,ORDER,SHOPIFY,core.orders,ORD-945,RAZORPAY,core.payments,PAY-0945,EXACT_REF,1.00,RESOLVED,,2025-04-05T00:00:00Z
idm-01844,INVOICE,SHOPIFY,core.orders,ORD-945,ACCOUNTING,core.invoices,INV-0945,INVOICE_REF,1.00,RESOLVED,,2025-04-05T00:00:00Z
idm-01845,ORDER,SHOPIFY,core.orders,ORD-946,RAZORPAY,core.payments,PAY-0946,EXACT_REF,1.00,RESOLVED,,2025-04-05T00:00:00Z
idm-01846,INVOICE,SHOPIFY,core.orders,ORD-946,ACCOUNTING,core.invoices,INV-0946,INVOICE_REF,1.00,RESOLVED,,2025-04-05T00:00:00Z
idm-01847,ORDER,SHOPIFY,core.orders,ORD-947,RAZORPAY,core.payments,PAY-0947,EXACT_REF,1.00,RESOLVED,,2025-04-05T00:00:00Z
idm-01848,INVOICE,SHOPIFY,core.orders,ORD-947,ACCOUNTING,core.invoices,INV-0947,INVOICE_REF,1.00,RESOLVED,,2025-04-05T00:00:00Z
idm-01849,ORDER,SHOPIFY,core.orders,ORD-948,RAZORPAY,core.payments,PAY-0948,EXACT_REF,1.00,RESOLVED,,2025-04-05T00:00:00Z
idm-01850,INVOICE,SHOPIFY,core.orders,ORD-948,ACCOUNTING,core.invoices,INV-0948,INVOICE_REF,1.00,RESOLVED,,2025-04-05T00:00:00Z
idm-01851,ORDER,SHOPIFY,core.orders,ORD-949,RAZORPAY,core.payments,PAY-0949,EXACT_REF,1.00,RESOLVED,,2025-04-05T00:00:00Z
idm-01852,INVOICE,SHOPIFY,core.orders,ORD-949,ACCOUNTING,core.invoices,INV-0949,INVOICE_REF,1.00,RESOLVED,,2025-04-05T00:00:00Z
idm-01853,ORDER,SHOPIFY,core.orders,ORD-950,RAZORPAY,core.payments,PAY-0950,EXACT_REF,1.00,RESOLVED,,2025-04-05T00:00:00Z
idm-01854,INVOICE,SHOPIFY,core.orders,ORD-950,ACCOUNTING,core.invoices,INV-0950,INVOICE_REF,1.00,RESOLVED,,2025-04-05T00:00:00Z
idm-01855,ORDER,SHOPIFY,core.orders,ORD-951,RAZORPAY,core.payments,PAY-0951,EXACT_REF,1.00,RESOLVED,,2025-04-05T00:00:00Z
idm-01856,INVOICE,SHOPIFY,core.orders,ORD-951,ACCOUNTING,core.invoices,INV-0951,INVOICE_REF,1.00,RESOLVED,,2025-04-05T00:00:00Z
idm-01857,ORDER,SHOPIFY,core.orders,ORD-952,RAZORPAY,core.payments,PAY-0952,EXACT_REF,1.00,RESOLVED,,2025-04-05T00:00:00Z
idm-01858,INVOICE,SHOPIFY,core.orders,ORD-952,ACCOUNTING,core.invoices,INV-0952,INVOICE_REF,1.00,RESOLVED,,2025-04-05T00:00:00Z
idm-01859,ORDER,SHOPIFY,core.orders,ORD-953,RAZORPAY,core.payments,PAY-0953,EXACT_REF,1.00,RESOLVED,,2025-04-05T00:00:00Z
idm-01860,INVOICE,SHOPIFY,core.orders,ORD-953,ACCOUNTING,core.invoices,INV-0953,INVOICE_REF,1.00,RESOLVED,,2025-04-05T00:00:00Z
idm-01861,ORDER,SHOPIFY,core.orders,ORD-954,RAZORPAY,core.payments,PAY-0954,EXACT_REF,1.00,RESOLVED,,2025-04-05T00:00:00Z
idm-01862,INVOICE,SHOPIFY,core.orders,ORD-954,ACCOUNTING,core.invoices,INV-0954,INVOICE_REF,1.00,RESOLVED,,2025-04-05T00:00:00Z
idm-01863,ORDER,SHOPIFY,core.orders,ORD-955,RAZORPAY,core.payments,PAY-0955,EXACT_REF,1.00,RESOLVED,,2025-04-05T00:00:00Z
idm-01864,INVOICE,SHOPIFY,core.orders,ORD-955,ACCOUNTING,core.invoices,INV-0955,INVOICE_REF,1.00,RESOLVED,,2025-04-05T00:00:00Z
idm-01865,ORDER,SHOPIFY,core.orders,ORD-956,RAZORPAY,core.payments,PAY-0956,EXACT_REF,1.00,RESOLVED,,2025-04-05T00:00:00Z
idm-01866,INVOICE,SHOPIFY,core.orders,ORD-956,ACCOUNTING,core.invoices,INV-0956,INVOICE_REF,1.00,RESOLVED,,2025-04-05T00:00:00Z
idm-01867,ORDER,SHOPIFY,core.orders,ORD-957,RAZORPAY,core.payments,PAY-0957,EXACT_REF,1.00,RESOLVED,,2025-04-05T00:00:00Z
idm-01868,INVOICE,SHOPIFY,core.orders,ORD-957,ACCOUNTING,core.invoices,INV-0957,INVOICE_REF,1.00,RESOLVED,,2025-04-05T00:00:00Z
idm-01869,ORDER,SHOPIFY,core.orders,ORD-958,RAZORPAY,core.payments,PAY-0958,EXACT_REF,1.00,RESOLVED,,2025-04-05T00:00:00Z
idm-01870,INVOICE,SHOPIFY,core.orders,ORD-958,ACCOUNTING,core.invoices,INV-0958,INVOICE_REF,1.00,RESOLVED,,2025-04-05T00:00:00Z
idm-01871,ORDER,SHOPIFY,core.orders,ORD-959,RAZORPAY,core.payments,PAY-0959,EXACT_REF,1.00,RESOLVED,,2025-04-05T00:00:00Z
idm-01872,INVOICE,SHOPIFY,core.orders,ORD-959,ACCOUNTING,core.invoices,INV-0959,INVOICE_REF,1.00,RESOLVED,,2025-04-05T00:00:00Z
idm-01873,ORDER,SHOPIFY,core.orders,ORD-960,RAZORPAY,core.payments,PAY-0960,EXACT_REF,1.00,RESOLVED,,2025-04-05T00:00:00Z
idm-01874,INVOICE,SHOPIFY,core.orders,ORD-960,ACCOUNTING,core.invoices,INV-0960,INVOICE_REF,1.00,RESOLVED,,2025-04-05T00:00:00Z
idm-01875,ORDER,SHOPIFY,core.orders,ORD-961,RAZORPAY,core.payments,PAY-0961,EXACT_REF,1.00,RESOLVED,,2025-04-05T00:00:00Z
idm-01876,INVOICE,SHOPIFY,core.orders,ORD-961,ACCOUNTING,core.invoices,INV-0961,INVOICE_REF,1.00,RESOLVED,,2025-04-05T00:00:00Z
idm-01877,ORDER,SHOPIFY,core.orders,ORD-962,RAZORPAY,core.payments,PAY-0962,EXACT_REF,1.00,RESOLVED,,2025-04-05T00:00:00Z
idm-01878,INVOICE,SHOPIFY,core.orders,ORD-962,ACCOUNTING,core.invoices,INV-0962,INVOICE_REF,1.00,RESOLVED,,2025-04-05T00:00:00Z
idm-01879,ORDER,SHOPIFY,core.orders,ORD-963,RAZORPAY,core.payments,PAY-0963,EXACT_REF,1.00,RESOLVED,,2025-04-05T00:00:00Z
idm-01880,INVOICE,SHOPIFY,core.orders,ORD-963,ACCOUNTING,core.invoices,INV-0963,INVOICE_REF,1.00,RESOLVED,,2025-04-05T00:00:00Z
idm-01881,ORDER,SHOPIFY,core.orders,ORD-964,RAZORPAY,core.payments,PAY-0964,EXACT_REF,1.00,RESOLVED,,2025-04-05T00:00:00Z
idm-01882,INVOICE,SHOPIFY,core.orders,ORD-964,ACCOUNTING,core.invoices,INV-0964,INVOICE_REF,1.00,RESOLVED,,2025-04-05T00:00:00Z
idm-01883,ORDER,SHOPIFY,core.orders,ORD-965,RAZORPAY,core.payments,PAY-0965,EXACT_REF,1.00,RESOLVED,,2025-04-05T00:00:00Z
idm-01884,INVOICE,SHOPIFY,core.orders,ORD-965,ACCOUNTING,core.invoices,INV-0965,INVOICE_REF,1.00,RESOLVED,,2025-04-05T00:00:00Z
idm-01885,ORDER,SHOPIFY,core.orders,ORD-966,RAZORPAY,core.payments,PAY-0966,EXACT_REF,1.00,RESOLVED,,2025-04-05T00:00:00Z
idm-01886,INVOICE,SHOPIFY,core.orders,ORD-966,ACCOUNTING,core.invoices,INV-0966,INVOICE_REF,1.00,RESOLVED,,2025-04-05T00:00:00Z
idm-01887,ORDER,SHOPIFY,core.orders,ORD-967,RAZORPAY,core.payments,PAY-0967,EXACT_REF,1.00,RESOLVED,,2025-04-05T00:00:00Z
idm-01888,INVOICE,SHOPIFY,core.orders,ORD-967,ACCOUNTING,core.invoices,INV-0967,INVOICE_REF,1.00,RESOLVED,,2025-04-05T00:00:00Z
idm-01889,ORDER,SHOPIFY,core.orders,ORD-968,RAZORPAY,core.payments,PAY-0968,EXACT_REF,1.00,RESOLVED,,2025-04-05T00:00:00Z
idm-01890,INVOICE,SHOPIFY,core.orders,ORD-968,ACCOUNTING,core.invoices,INV-0968,INVOICE_REF,1.00,RESOLVED,,2025-04-05T00:00:00Z
idm-01891,ORDER,SHOPIFY,core.orders,ORD-969,RAZORPAY,core.payments,PAY-0969,EXACT_REF,1.00,RESOLVED,,2025-04-05T00:00:00Z
idm-01892,INVOICE,SHOPIFY,core.orders,ORD-969,ACCOUNTING,core.invoices,INV-0969,INVOICE_REF,1.00,RESOLVED,,2025-04-05T00:00:00Z
idm-01893,ORDER,SHOPIFY,core.orders,ORD-970,RAZORPAY,core.payments,PAY-0970,EXACT_REF,1.00,RESOLVED,,2025-04-05T00:00:00Z
idm-01894,INVOICE,SHOPIFY,core.orders,ORD-970,ACCOUNTING,core.invoices,INV-0970,INVOICE_REF,1.00,RESOLVED,,2025-04-05T00:00:00Z
idm-01895,ORDER,SHOPIFY,core.orders,ORD-971,RAZORPAY,core.payments,PAY-0971,EXACT_REF,1.00,RESOLVED,,2025-04-05T00:00:00Z
idm-01896,INVOICE,SHOPIFY,core.orders,ORD-971,ACCOUNTING,core.invoices,INV-0971,INVOICE_REF,1.00,RESOLVED,,2025-04-05T00:00:00Z
idm-01897,ORDER,SHOPIFY,core.orders,ORD-972,RAZORPAY,core.payments,PAY-0972,EXACT_REF,1.00,RESOLVED,,2025-04-05T00:00:00Z
idm-01898,INVOICE,SHOPIFY,core.orders,ORD-972,ACCOUNTING,core.invoices,INV-0972,INVOICE_REF,1.00,RESOLVED,,2025-04-05T00:00:00Z
idm-01899,ORDER,SHOPIFY,core.orders,ORD-973,RAZORPAY,core.payments,PAY-0973,EXACT_REF,1.00,RESOLVED,,2025-04-05T00:00:00Z
idm-01900,INVOICE,SHOPIFY,core.orders,ORD-973,ACCOUNTING,core.invoices,INV-0973,INVOICE_REF,1.00,RESOLVED,,2025-04-05T00:00:00Z
idm-01901,ORDER,SHOPIFY,core.orders,ORD-974,RAZORPAY,core.payments,PAY-0974,EXACT_REF,1.00,RESOLVED,,2025-04-05T00:00:00Z
idm-01902,INVOICE,SHOPIFY,core.orders,ORD-974,ACCOUNTING,core.invoices,INV-0974,INVOICE_REF,1.00,RESOLVED,,2025-04-05T00:00:00Z
idm-01903,ORDER,SHOPIFY,core.orders,ORD-975,RAZORPAY,core.payments,PAY-0975,EXACT_REF,1.00,RESOLVED,,2025-04-05T00:00:00Z
idm-01904,INVOICE,SHOPIFY,core.orders,ORD-975,ACCOUNTING,core.invoices,INV-0975,INVOICE_REF,1.00,RESOLVED,,2025-04-05T00:00:00Z
idm-01905,ORDER,SHOPIFY,core.orders,ORD-976,RAZORPAY,core.payments,PAY-0976,EXACT_REF,1.00,RESOLVED,,2025-04-05T00:00:00Z
idm-01906,INVOICE,SHOPIFY,core.orders,ORD-976,ACCOUNTING,core.invoices,INV-0976,INVOICE_REF,1.00,RESOLVED,,2025-04-05T00:00:00Z
idm-01907,ORDER,SHOPIFY,core.orders,ORD-977,RAZORPAY,core.payments,PAY-0977,EXACT_REF,1.00,RESOLVED,,2025-04-05T00:00:00Z
idm-01908,INVOICE,SHOPIFY,core.orders,ORD-977,ACCOUNTING,core.invoices,INV-0977,INVOICE_REF,1.00,RESOLVED,,2025-04-05T00:00:00Z
idm-01909,ORDER,SHOPIFY,core.orders,ORD-978,RAZORPAY,core.payments,PAY-0978,EXACT_REF,1.00,RESOLVED,,2025-04-05T00:00:00Z
idm-01910,INVOICE,SHOPIFY,core.orders,ORD-978,ACCOUNTING,core.invoices,INV-0978,INVOICE_REF,1.00,RESOLVED,,2025-04-05T00:00:00Z
idm-01911,ORDER,SHOPIFY,core.orders,ORD-979,RAZORPAY,core.payments,PAY-0979,EXACT_REF,1.00,RESOLVED,,2025-04-05T00:00:00Z
idm-01912,INVOICE,SHOPIFY,core.orders,ORD-979,ACCOUNTING,core.invoices,INV-0979,INVOICE_REF,1.00,RESOLVED,,2025-04-05T00:00:00Z
idm-01913,ORDER,SHOPIFY,core.orders,ORD-980,RAZORPAY,core.payments,PAY-0980,EXACT_REF,1.00,RESOLVED,,2025-04-05T00:00:00Z
idm-01914,INVOICE,SHOPIFY,core.orders,ORD-980,ACCOUNTING,core.invoices,INV-0980,INVOICE_REF,1.00,RESOLVED,,2025-04-05T00:00:00Z
idm-01915,ORDER,SHOPIFY,core.orders,ORD-981,RAZORPAY,core.payments,PAY-0981,EXACT_REF,1.00,RESOLVED,,2025-04-05T00:00:00Z
idm-01916,INVOICE,SHOPIFY,core.orders,ORD-981,ACCOUNTING,core.invoices,INV-0981,INVOICE_REF,1.00,RESOLVED,,2025-04-05T00:00:00Z
idm-01917,ORDER,SHOPIFY,core.orders,ORD-982,RAZORPAY,core.payments,PAY-0982,EXACT_REF,1.00,RESOLVED,,2025-04-05T00:00:00Z
idm-01918,INVOICE,SHOPIFY,core.orders,ORD-982,ACCOUNTING,core.invoices,INV-0982,INVOICE_REF,1.00,RESOLVED,,2025-04-05T00:00:00Z
idm-01919,ORDER,SHOPIFY,core.orders,ORD-983,RAZORPAY,core.payments,PAY-0983,EXACT_REF,1.00,RESOLVED,,2025-04-05T00:00:00Z
idm-01920,INVOICE,SHOPIFY,core.orders,ORD-983,ACCOUNTING,core.invoices,INV-0983,INVOICE_REF,1.00,RESOLVED,,2025-04-05T00:00:00Z
idm-01921,ORDER,SHOPIFY,core.orders,ORD-984,RAZORPAY,core.payments,PAY-0984,EXACT_REF,1.00,RESOLVED,,2025-04-05T00:00:00Z
idm-01922,INVOICE,SHOPIFY,core.orders,ORD-984,ACCOUNTING,core.invoices,INV-0984,INVOICE_REF,1.00,RESOLVED,,2025-04-05T00:00:00Z
idm-01923,ORDER,SHOPIFY,core.orders,ORD-985,RAZORPAY,core.payments,PAY-0985,EXACT_REF,1.00,RESOLVED,,2025-04-05T00:00:00Z
idm-01924,INVOICE,SHOPIFY,core.orders,ORD-985,ACCOUNTING,core.invoices,INV-0985,INVOICE_REF,1.00,RESOLVED,,2025-04-05T00:00:00Z
idm-01925,ORDER,SHOPIFY,core.orders,ORD-986,RAZORPAY,core.payments,PAY-0986,EXACT_REF,1.00,RESOLVED,,2025-04-05T00:00:00Z
idm-01926,INVOICE,SHOPIFY,core.orders,ORD-986,ACCOUNTING,core.invoices,INV-0986,INVOICE_REF,1.00,RESOLVED,,2025-04-05T00:00:00Z
idm-01927,ORDER,SHOPIFY,core.orders,ORD-988,RAZORPAY,core.payments,PAY-0988,EXACT_REF,1.00,RESOLVED,,2025-04-05T00:00:00Z
idm-01928,INVOICE,SHOPIFY,core.orders,ORD-988,ACCOUNTING,core.invoices,INV-0988,INVOICE_REF,1.00,RESOLVED,,2025-04-05T00:00:00Z
idm-01929,ORDER,SHOPIFY,core.orders,ORD-989,RAZORPAY,core.payments,PAY-0989,EXACT_REF,1.00,RESOLVED,,2025-04-05T00:00:00Z
idm-01930,INVOICE,SHOPIFY,core.orders,ORD-989,ACCOUNTING,core.invoices,INV-0989,INVOICE_REF,1.00,RESOLVED,,2025-04-05T00:00:00Z
idm-01931,ORDER,SHOPIFY,core.orders,ORD-990,RAZORPAY,core.payments,PAY-0990,EXACT_REF,1.00,RESOLVED,,2025-04-05T00:00:00Z
idm-01932,INVOICE,SHOPIFY,core.orders,ORD-990,ACCOUNTING,core.invoices,INV-0990,INVOICE_REF,1.00,RESOLVED,,2025-04-05T00:00:00Z
idm-01933,ORDER,SHOPIFY,core.orders,ORD-991,RAZORPAY,core.payments,PAY-0991,EXACT_REF,1.00,RESOLVED,,2025-04-05T00:00:00Z
idm-01934,INVOICE,SHOPIFY,core.orders,ORD-991,ACCOUNTING,core.invoices,INV-0991,INVOICE_REF,1.00,RESOLVED,,2025-04-05T00:00:00Z
idm-01935,ORDER,SHOPIFY,core.orders,ORD-992,RAZORPAY,core.payments,PAY-0992,EXACT_REF,1.00,RESOLVED,,2025-04-05T00:00:00Z
idm-01936,INVOICE,SHOPIFY,core.orders,ORD-992,ACCOUNTING,core.invoices,INV-0992,INVOICE_REF,1.00,RESOLVED,,2025-04-05T00:00:00Z
idm-01937,ORDER,SHOPIFY,core.orders,ORD-994,RAZORPAY,core.payments,PAY-0994,EXACT_REF,1.00,RESOLVED,,2025-04-05T00:00:00Z
idm-01938,INVOICE,SHOPIFY,core.orders,ORD-994,ACCOUNTING,core.invoices,INV-0994,INVOICE_REF,1.00,RESOLVED,,2025-04-05T00:00:00Z
idm-01939,ORDER,SHOPIFY,core.orders,ORD-995,RAZORPAY,core.payments,PAY-0995,EXACT_REF,1.00,RESOLVED,,2025-04-05T00:00:00Z
idm-01940,INVOICE,SHOPIFY,core.orders,ORD-995,ACCOUNTING,core.invoices,INV-0995,INVOICE_REF,1.00,RESOLVED,,2025-04-05T00:00:00Z
idm-01941,ORDER,SHOPIFY,core.orders,ORD-996,RAZORPAY,core.payments,PAY-0996,EXACT_REF,1.00,RESOLVED,,2025-04-05T00:00:00Z
idm-01942,INVOICE,SHOPIFY,core.orders,ORD-996,ACCOUNTING,core.invoices,INV-0996,INVOICE_REF,1.00,RESOLVED,,2025-04-05T00:00:00Z
idm-01943,ORDER,SHOPIFY,core.orders,ORD-997,RAZORPAY,core.payments,PAY-0997,EXACT_REF,1.00,RESOLVED,,2025-04-05T00:00:00Z
idm-01944,INVOICE,SHOPIFY,core.orders,ORD-997,ACCOUNTING,core.invoices,INV-0997,INVOICE_REF,1.00,RESOLVED,,2025-04-05T00:00:00Z
idm-01945,ORDER,SHOPIFY,core.orders,ORD-998,RAZORPAY,core.payments,PAY-0998,EXACT_REF,1.00,RESOLVED,,2025-04-05T00:00:00Z
idm-01946,INVOICE,SHOPIFY,core.orders,ORD-998,ACCOUNTING,core.invoices,INV-0998,INVOICE_REF,1.00,RESOLVED,,2025-04-05T00:00:00Z
idm-01947,ORDER,SHOPIFY,core.orders,ORD-999,RAZORPAY,core.payments,PAY-0999,EXACT_REF,1.00,RESOLVED,,2025-04-05T00:00:00Z
idm-01948,INVOICE,SHOPIFY,core.orders,ORD-999,ACCOUNTING,core.invoices,INV-0999,INVOICE_REF,1.00,RESOLVED,,2025-04-05T00:00:00Z
idm-01949,ORDER,SHOPIFY,core.orders,ORD-1000,RAZORPAY,core.payments,PAY-1000,EXACT_REF,1.00,RESOLVED,,2025-04-05T00:00:00Z
idm-01950,INVOICE,SHOPIFY,core.orders,ORD-1000,ACCOUNTING,core.invoices,INV-1000,INVOICE_REF,1.00,RESOLVED,,2025-04-05T00:00:00Z
idm-01951,BANK_TXN,RAZORPAY,core.settlements,SET-0001,BANK,core.bank_transactions,BNK-0001,UTR,1.00,RESOLVED,,2025-04-05T00:00:00Z
idm-01952,BANK_TXN,RAZORPAY,core.settlements,SET-0002,BANK,core.bank_transactions,BNK-0002,UTR,1.00,RESOLVED,,2025-04-05T00:00:00Z
idm-01953,BANK_TXN,RAZORPAY,core.settlements,SET-0003,BANK,core.bank_transactions,BNK-0003,UTR,1.00,RESOLVED,,2025-04-05T00:00:00Z
idm-01954,BANK_TXN,RAZORPAY,core.settlements,SET-0004,BANK,core.bank_transactions,BNK-0004,UTR,1.00,RESOLVED,,2025-04-05T00:00:00Z
idm-01955,BANK_TXN,RAZORPAY,core.settlements,SET-0005,BANK,core.bank_transactions,BNK-0005,UTR,1.00,RESOLVED,,2025-04-05T00:00:00Z
idm-01956,BANK_TXN,RAZORPAY,core.settlements,SET-0006,BANK,core.bank_transactions,BNK-0006,UTR,1.00,RESOLVED,,2025-04-05T00:00:00Z
idm-01957,BANK_TXN,RAZORPAY,core.settlements,SET-0007,BANK,core.bank_transactions,BNK-0007,UTR,1.00,RESOLVED,,2025-04-05T00:00:00Z
idm-01958,BANK_TXN,RAZORPAY,core.settlements,SET-0008,BANK,core.bank_transactions,BNK-0008,UTR,1.00,RESOLVED,,2025-04-05T00:00:00Z
idm-01959,BANK_TXN,RAZORPAY,core.settlements,SET-0009,BANK,core.bank_transactions,BNK-0009,UTR,1.00,RESOLVED,,2025-04-05T00:00:00Z
idm-01960,BANK_TXN,RAZORPAY,core.settlements,SET-0010,BANK,core.bank_transactions,BNK-0010,UTR,1.00,RESOLVED,,2025-04-05T00:00:00Z
idm-01961,BANK_TXN,RAZORPAY,core.settlements,SET-0011,BANK,core.bank_transactions,BNK-0011,UTR,1.00,RESOLVED,,2025-04-05T00:00:00Z
idm-01962,BANK_TXN,RAZORPAY,core.settlements,SET-0013,BANK,core.bank_transactions,BNK-0013,UTR,1.00,RESOLVED,,2025-04-05T00:00:00Z
idm-01963,BANK_TXN,RAZORPAY,core.settlements,SET-0014,BANK,core.bank_transactions,BNK-0014,UTR,1.00,RESOLVED,,2025-04-05T00:00:00Z
idm-01964,BANK_TXN,RAZORPAY,core.settlements,SET-0015,BANK,core.bank_transactions,BNK-0015,UTR,1.00,RESOLVED,,2025-04-05T00:00:00Z
idm-01965,BANK_TXN,RAZORPAY,core.settlements,SET-0016,BANK,core.bank_transactions,BNK-0016,UTR,1.00,RESOLVED,,2025-04-05T00:00:00Z
idm-01966,BANK_TXN,RAZORPAY,core.settlements,SET-0017,BANK,core.bank_transactions,BNK-0017,UTR,1.00,RESOLVED,,2025-04-05T00:00:00Z
idm-01967,BANK_TXN,RAZORPAY,core.settlements,SET-0018,BANK,core.bank_transactions,BNK-0018,UTR,1.00,RESOLVED,,2025-04-05T00:00:00Z
idm-01968,BANK_TXN,RAZORPAY,core.settlements,SET-0019,BANK,core.bank_transactions,BNK-0019,UTR,1.00,RESOLVED,,2025-04-05T00:00:00Z
idm-01969,BANK_TXN,RAZORPAY,core.settlements,SET-0020,BANK,core.bank_transactions,BNK-0020,UTR,1.00,RESOLVED,,2025-04-05T00:00:00Z
idm-01970,BANK_TXN,RAZORPAY,core.settlements,SET-0021,BANK,core.bank_transactions,BNK-0021,UTR,1.00,RESOLVED,,2025-04-05T00:00:00Z
idm-01971,BANK_TXN,RAZORPAY,core.settlements,SET-0022,BANK,core.bank_transactions,BNK-0022,UTR,1.00,RESOLVED,,2025-04-05T00:00:00Z
idm-01972,BANK_TXN,RAZORPAY,core.settlements,SET-0023,BANK,core.bank_transactions,BNK-0023,UTR,1.00,RESOLVED,,2025-04-05T00:00:00Z
idm-01973,BANK_TXN,RAZORPAY,core.settlements,SET-0024,BANK,core.bank_transactions,BNK-0024,UTR,1.00,RESOLVED,,2025-04-05T00:00:00Z
idm-01974,BANK_TXN,RAZORPAY,core.settlements,SET-0026,BANK,core.bank_transactions,BNK-0026,UTR,1.00,RESOLVED,,2025-04-05T00:00:00Z
idm-01975,BANK_TXN,RAZORPAY,core.settlements,SET-0027,BANK,core.bank_transactions,,UTR,0.40,UNRESOLVED,,2025-04-05T00:00:00Z
idm-01976,BANK_TXN,RAZORPAY,core.settlements,SET-0028,BANK,core.bank_transactions,BNK-0028,UTR,1.00,RESOLVED,,2025-04-05T00:00:00Z
idm-01977,BANK_TXN,RAZORPAY,core.settlements,SET-0029,BANK,core.bank_transactions,BNK-0029,UTR,1.00,RESOLVED,,2025-04-05T00:00:00Z
idm-01978,BANK_TXN,RAZORPAY,core.settlements,SET-0030,BANK,core.bank_transactions,BNK-0030,UTR,1.00,RESOLVED,,2025-04-05T00:00:00Z
idm-01979,BANK_TXN,RAZORPAY,core.settlements,SET-0031,BANK,core.bank_transactions,BNK-0031,UTR,1.00,RESOLVED,,2025-04-05T00:00:00Z
idm-01980,BANK_TXN,RAZORPAY,core.settlements,SET-0032,BANK,core.bank_transactions,BNK-0032,UTR,1.00,RESOLVED,,2025-04-05T00:00:00Z
idm-01981,BANK_TXN,RAZORPAY,core.settlements,SET-0033,BANK,core.bank_transactions,BNK-0033,UTR,1.00,RESOLVED,,2025-04-05T00:00:00Z
idm-01982,BANK_TXN,RAZORPAY,core.settlements,SET-0034,BANK,core.bank_transactions,BNK-0034,UTR,1.00,RESOLVED,,2025-04-05T00:00:00Z
idm-01983,BANK_TXN,RAZORPAY,core.settlements,SET-0035,BANK,core.bank_transactions,BNK-0035,UTR,1.00,RESOLVED,,2025-04-05T00:00:00Z
idm-01984,BANK_TXN,RAZORPAY,core.settlements,SET-0036,BANK,core.bank_transactions,BNK-0036,UTR,1.00,RESOLVED,,2025-04-05T00:00:00Z
idm-01985,BANK_TXN,RAZORPAY,core.settlements,SET-0037,BANK,core.bank_transactions,BNK-0037,UTR,1.00,RESOLVED,,2025-04-05T00:00:00Z
idm-01986,BANK_TXN,RAZORPAY,core.settlements,SET-0038,BANK,core.bank_transactions,BNK-0038,UTR,1.00,RESOLVED,,2025-04-05T00:00:00Z
idm-01987,BANK_TXN,RAZORPAY,core.settlements,SET-0039,BANK,core.bank_transactions,BNK-0039,UTR,1.00,RESOLVED,,2025-04-05T00:00:00Z
idm-01988,BANK_TXN,RAZORPAY,core.settlements,SET-0040,BANK,core.bank_transactions,BNK-0040,UTR,1.00,RESOLVED,,2025-04-05T00:00:00Z
idm-01989,BANK_TXN,RAZORPAY,core.settlements,SET-0041,BANK,core.bank_transactions,BNK-0041,UTR,1.00,RESOLVED,,2025-04-05T00:00:00Z
idm-01990,BANK_TXN,RAZORPAY,core.settlements,SET-0042,BANK,core.bank_transactions,BNK-0042,UTR,1.00,RESOLVED,,2025-04-05T00:00:00Z
idm-01991,BANK_TXN,RAZORPAY,core.settlements,SET-0043,BANK,core.bank_transactions,BNK-0043,UTR,1.00,RESOLVED,,2025-04-05T00:00:00Z
idm-01992,BANK_TXN,RAZORPAY,core.settlements,SET-0044,BANK,core.bank_transactions,BNK-0044,UTR,1.00,RESOLVED,,2025-04-05T00:00:00Z
idm-01993,BANK_TXN,RAZORPAY,core.settlements,SET-0045,BANK,core.bank_transactions,BNK-0045,UTR,1.00,RESOLVED,,2025-04-05T00:00:00Z
idm-01994,BANK_TXN,RAZORPAY,core.settlements,SET-0046,BANK,core.bank_transactions,BNK-0046,UTR,1.00,RESOLVED,,2025-04-05T00:00:00Z
idm-01995,BANK_TXN,RAZORPAY,core.settlements,SET-0046-2,BANK,core.bank_transactions,BNK-0046-2,UTR,1.00,RESOLVED,,2025-04-05T00:00:00Z
idm-01996,BANK_TXN,RAZORPAY,core.settlements,SET-0047,BANK,core.bank_transactions,BNK-0047,UTR,1.00,RESOLVED,,2025-04-05T00:00:00Z
idm-01997,BANK_TXN,RAZORPAY,core.settlements,SET-0048,BANK,core.bank_transactions,BNK-0048,UTR,1.00,RESOLVED,,2025-04-05T00:00:00Z
idm-01998,BANK_TXN,RAZORPAY,core.settlements,SET-0048-2,BANK,core.bank_transactions,BNK-0048-2,UTR,1.00,RESOLVED,,2025-04-05T00:00:00Z
idm-01999,BANK_TXN,RAZORPAY,core.settlements,SET-0049,BANK,core.bank_transactions,BNK-0049,UTR,1.00,RESOLVED,,2025-04-05T00:00:00Z
idm-02000,BANK_TXN,RAZORPAY,core.settlements,SET-0050,BANK,core.bank_transactions,BNK-0050,UTR,1.00,RESOLVED,,2025-04-05T00:00:00Z
idm-02001,BANK_TXN,RAZORPAY,core.settlements,SET-0051,BANK,core.bank_transactions,BNK-0051,UTR,1.00,RESOLVED,,2025-04-05T00:00:00Z
idm-02002,BANK_TXN,RAZORPAY,core.settlements,SET-0052,BANK,core.bank_transactions,BNK-0052,UTR,1.00,RESOLVED,,2025-04-05T00:00:00Z
idm-02003,BANK_TXN,RAZORPAY,core.settlements,SET-0053,BANK,core.bank_transactions,BNK-0053,UTR,1.00,RESOLVED,,2025-04-05T00:00:00Z
idm-02004,BANK_TXN,RAZORPAY,core.settlements,SET-0054,BANK,core.bank_transactions,BNK-0054,UTR,1.00,RESOLVED,,2025-04-05T00:00:00Z
idm-02005,BANK_TXN,RAZORPAY,core.settlements,SET-0055,BANK,core.bank_transactions,BNK-0055,UTR,1.00,RESOLVED,,2025-04-05T00:00:00Z
idm-02006,BANK_TXN,RAZORPAY,core.settlements,SET-0056,BANK,core.bank_transactions,BNK-0056,UTR,1.00,RESOLVED,,2025-04-05T00:00:00Z
idm-02007,BANK_TXN,RAZORPAY,core.settlements,SET-0057,BANK,core.bank_transactions,,UTR,0.40,UNRESOLVED,,2025-04-05T00:00:00Z
idm-02008,BANK_TXN,RAZORPAY,core.settlements,SET-0058,BANK,core.bank_transactions,BNK-0058,UTR,1.00,RESOLVED,,2025-04-05T00:00:00Z
idm-02009,BANK_TXN,RAZORPAY,core.settlements,SET-0059,BANK,core.bank_transactions,BNK-0059,UTR,1.00,RESOLVED,,2025-04-05T00:00:00Z
idm-02010,BANK_TXN,RAZORPAY,core.settlements,SET-0060,BANK,core.bank_transactions,BNK-0060,UTR,1.00,RESOLVED,,2025-04-05T00:00:00Z
idm-02011,BANK_TXN,RAZORPAY,core.settlements,SET-0061,BANK,core.bank_transactions,BNK-0061,UTR,1.00,RESOLVED,,2025-04-05T00:00:00Z
idm-02012,BANK_TXN,RAZORPAY,core.settlements,SET-0062,BANK,core.bank_transactions,BNK-0062,UTR,1.00,RESOLVED,,2025-04-05T00:00:00Z
idm-02013,BANK_TXN,RAZORPAY,core.settlements,SET-0063,BANK,core.bank_transactions,BNK-0063,UTR,1.00,RESOLVED,,2025-04-05T00:00:00Z
idm-02014,BANK_TXN,RAZORPAY,core.settlements,SET-0064,BANK,core.bank_transactions,BNK-0064,UTR,1.00,RESOLVED,,2025-04-05T00:00:00Z
idm-02015,BANK_TXN,RAZORPAY,core.settlements,SET-0065,BANK,core.bank_transactions,BNK-0065,UTR,1.00,RESOLVED,,2025-04-05T00:00:00Z
idm-02016,BANK_TXN,RAZORPAY,core.settlements,SET-0066,BANK,core.bank_transactions,BNK-0066,UTR,1.00,RESOLVED,,2025-04-05T00:00:00Z
idm-02017,BANK_TXN,RAZORPAY,core.settlements,SET-0067,BANK,core.bank_transactions,BNK-0067,UTR,1.00,RESOLVED,,2025-04-05T00:00:00Z
idm-02018,BANK_TXN,RAZORPAY,core.settlements,SET-0068,BANK,core.bank_transactions,BNK-0068,UTR,1.00,RESOLVED,,2025-04-05T00:00:00Z
idm-02019,BANK_TXN,RAZORPAY,core.settlements,SET-0069,BANK,core.bank_transactions,BNK-0069,UTR,1.00,RESOLVED,,2025-04-05T00:00:00Z
idm-02020,BANK_TXN,RAZORPAY,core.settlements,SET-0070,BANK,core.bank_transactions,BNK-0070,UTR,1.00,RESOLVED,,2025-04-05T00:00:00Z
idm-02021,BANK_TXN,RAZORPAY,core.settlements,SET-0071,BANK,core.bank_transactions,BNK-0071,UTR,1.00,RESOLVED,,2025-04-05T00:00:00Z
idm-02022,BANK_TXN,RAZORPAY,core.settlements,SET-0072,BANK,core.bank_transactions,BNK-0072,UTR,1.00,RESOLVED,,2025-04-05T00:00:00Z
idm-02023,BANK_TXN,RAZORPAY,core.settlements,SET-0073,BANK,core.bank_transactions,BNK-0073,UTR,1.00,RESOLVED,,2025-04-05T00:00:00Z
idm-02024,BANK_TXN,RAZORPAY,core.settlements,SET-0074,BANK,core.bank_transactions,BNK-0074,UTR,1.00,RESOLVED,,2025-04-05T00:00:00Z
idm-02025,BANK_TXN,RAZORPAY,core.settlements,SET-0075,BANK,core.bank_transactions,BNK-0075,UTR,1.00,RESOLVED,,2025-04-05T00:00:00Z
idm-02026,BANK_TXN,RAZORPAY,core.settlements,SET-0076,BANK,core.bank_transactions,BNK-0076,UTR,1.00,RESOLVED,,2025-04-05T00:00:00Z
idm-02027,BANK_TXN,RAZORPAY,core.settlements,SET-0077,BANK,core.bank_transactions,BNK-0077,UTR,1.00,RESOLVED,,2025-04-05T00:00:00Z
idm-02028,BANK_TXN,RAZORPAY,core.settlements,SET-0078,BANK,core.bank_transactions,BNK-0078,UTR,1.00,RESOLVED,,2025-04-05T00:00:00Z
idm-02029,BANK_TXN,RAZORPAY,core.settlements,SET-0079,BANK,core.bank_transactions,BNK-0079,UTR,1.00,RESOLVED,,2025-04-05T00:00:00Z
idm-02030,BANK_TXN,RAZORPAY,core.settlements,SET-0080,BANK,core.bank_transactions,BNK-0080,UTR,1.00,RESOLVED,,2025-04-05T00:00:00Z
idm-02031,BANK_TXN,RAZORPAY,core.settlements,SET-0081,BANK,core.bank_transactions,BNK-0081,UTR,1.00,RESOLVED,,2025-04-05T00:00:00Z
idm-02032,BANK_TXN,RAZORPAY,core.settlements,SET-0082,BANK,core.bank_transactions,BNK-0082,UTR,1.00,RESOLVED,,2025-04-05T00:00:00Z
idm-02033,BANK_TXN,RAZORPAY,core.settlements,SET-0083,BANK,core.bank_transactions,BNK-0083,UTR,1.00,RESOLVED,,2025-04-05T00:00:00Z
idm-02034,BANK_TXN,RAZORPAY,core.settlements,SET-0084,BANK,core.bank_transactions,BNK-0084,UTR,1.00,RESOLVED,,2025-04-05T00:00:00Z
idm-02035,BANK_TXN,RAZORPAY,core.settlements,SET-0085,BANK,core.bank_transactions,BNK-0085,UTR,1.00,RESOLVED,,2025-04-05T00:00:00Z
idm-02036,BANK_TXN,RAZORPAY,core.settlements,SET-0086,BANK,core.bank_transactions,BNK-0086,UTR,1.00,RESOLVED,,2025-04-05T00:00:00Z
idm-02037,BANK_TXN,RAZORPAY,core.settlements,SET-0087,BANK,core.bank_transactions,BNK-0087,UTR,1.00,RESOLVED,,2025-04-05T00:00:00Z
idm-02038,BANK_TXN,RAZORPAY,core.settlements,SET-0088,BANK,core.bank_transactions,BNK-0088,UTR,1.00,RESOLVED,,2025-04-05T00:00:00Z
idm-02039,BANK_TXN,RAZORPAY,core.settlements,SET-0089,BANK,core.bank_transactions,BNK-0089,UTR,1.00,RESOLVED,,2025-04-05T00:00:00Z
idm-02040,BANK_TXN,RAZORPAY,core.settlements,SET-0090,BANK,core.bank_transactions,BNK-0090,UTR,1.00,RESOLVED,,2025-04-05T00:00:00Z
idm-02041,BANK_TXN,RAZORPAY,core.settlements,SET-0091,BANK,core.bank_transactions,BNK-0091,UTR,1.00,RESOLVED,,2025-04-05T00:00:00Z
idm-02042,BANK_TXN,RAZORPAY,core.settlements,SET-0092,BANK,core.bank_transactions,BNK-0092,UTR,1.00,RESOLVED,,2025-04-05T00:00:00Z
idm-02043,BANK_TXN,RAZORPAY,core.settlements,SET-0093,BANK,core.bank_transactions,BNK-0093,UTR,1.00,RESOLVED,,2025-04-05T00:00:00Z
idm-02044,BANK_TXN,RAZORPAY,core.settlements,SET-0094,BANK,core.bank_transactions,BNK-0094,UTR,1.00,RESOLVED,,2025-04-05T00:00:00Z
idm-02045,BANK_TXN,RAZORPAY,core.settlements,SET-0095,BANK,core.bank_transactions,,UTR,0.40,UNRESOLVED,,2025-04-05T00:00:00Z
idm-02046,BANK_TXN,RAZORPAY,core.settlements,SET-0096,BANK,core.bank_transactions,BNK-0096,UTR,1.00,RESOLVED,,2025-04-05T00:00:00Z
idm-02047,BANK_TXN,RAZORPAY,core.settlements,SET-0097,BANK,core.bank_transactions,BNK-0097,UTR,1.00,RESOLVED,,2025-04-05T00:00:00Z
idm-02048,BANK_TXN,RAZORPAY,core.settlements,SET-0098,BANK,core.bank_transactions,BNK-0098,UTR,1.00,RESOLVED,,2025-04-05T00:00:00Z
idm-02049,BANK_TXN,RAZORPAY,core.settlements,SET-0099,BANK,core.bank_transactions,BNK-0099,UTR,1.00,RESOLVED,,2025-04-05T00:00:00Z
idm-02050,BANK_TXN,RAZORPAY,core.settlements,SET-0100,BANK,core.bank_transactions,BNK-0100,UTR,1.00,RESOLVED,,2025-04-05T00:00:00Z
idm-02051,BANK_TXN,RAZORPAY,core.settlements,SET-0101,BANK,core.bank_transactions,BNK-0101,UTR,1.00,RESOLVED,,2025-04-05T00:00:00Z
idm-02052,BANK_TXN,RAZORPAY,core.settlements,SET-0102,BANK,core.bank_transactions,BNK-0102,UTR,1.00,RESOLVED,,2025-04-05T00:00:00Z
idm-02053,BANK_TXN,RAZORPAY,core.settlements,SET-0103,BANK,core.bank_transactions,BNK-0103,UTR,1.00,RESOLVED,,2025-04-05T00:00:00Z
idm-02054,BANK_TXN,RAZORPAY,core.settlements,SET-0104,BANK,core.bank_transactions,BNK-0104,UTR,1.00,RESOLVED,,2025-04-05T00:00:00Z
idm-02055,BANK_TXN,RAZORPAY,core.settlements,SET-0105,BANK,core.bank_transactions,BNK-0105,UTR,1.00,RESOLVED,,2025-04-05T00:00:00Z
idm-02056,BANK_TXN,RAZORPAY,core.settlements,SET-0106,BANK,core.bank_transactions,BNK-0106,UTR,1.00,RESOLVED,,2025-04-05T00:00:00Z
idm-02057,BANK_TXN,RAZORPAY,core.settlements,SET-0107,BANK,core.bank_transactions,BNK-0107,UTR,1.00,RESOLVED,,2025-04-05T00:00:00Z
idm-02058,BANK_TXN,RAZORPAY,core.settlements,SET-0108,BANK,core.bank_transactions,BNK-0108,UTR,1.00,RESOLVED,,2025-04-05T00:00:00Z
idm-02059,BANK_TXN,RAZORPAY,core.settlements,SET-0109,BANK,core.bank_transactions,BNK-0109,UTR,1.00,RESOLVED,,2025-04-05T00:00:00Z
idm-02060,BANK_TXN,RAZORPAY,core.settlements,SET-0110,BANK,core.bank_transactions,BNK-0110,UTR,1.00,RESOLVED,,2025-04-05T00:00:00Z
idm-02061,BANK_TXN,RAZORPAY,core.settlements,SET-0111,BANK,core.bank_transactions,BNK-0111,UTR,1.00,RESOLVED,,2025-04-05T00:00:00Z
idm-02062,BANK_TXN,RAZORPAY,core.settlements,SET-0112,BANK,core.bank_transactions,BNK-0112,UTR,1.00,RESOLVED,,2025-04-05T00:00:00Z
idm-02063,BANK_TXN,RAZORPAY,core.settlements,SET-0113,BANK,core.bank_transactions,BNK-0113,UTR,1.00,RESOLVED,,2025-04-05T00:00:00Z
idm-02064,BANK_TXN,RAZORPAY,core.settlements,SET-0114,BANK,core.bank_transactions,BNK-0114,UTR,1.00,RESOLVED,,2025-04-05T00:00:00Z
idm-02065,BANK_TXN,RAZORPAY,core.settlements,SET-0115,BANK,core.bank_transactions,BNK-0115,UTR,1.00,RESOLVED,,2025-04-05T00:00:00Z
idm-02066,BANK_TXN,RAZORPAY,core.settlements,SET-0116,BANK,core.bank_transactions,BNK-0116,UTR,1.00,RESOLVED,,2025-04-05T00:00:00Z
idm-02067,BANK_TXN,RAZORPAY,core.settlements,SET-0117,BANK,core.bank_transactions,BNK-0117,UTR,1.00,RESOLVED,,2025-04-05T00:00:00Z
idm-02068,BANK_TXN,RAZORPAY,core.settlements,SET-0118,BANK,core.bank_transactions,BNK-0118,UTR,1.00,RESOLVED,,2025-04-05T00:00:00Z
idm-02069,BANK_TXN,RAZORPAY,core.settlements,SET-0119,BANK,core.bank_transactions,BNK-0119,UTR,1.00,RESOLVED,,2025-04-05T00:00:00Z
idm-02070,BANK_TXN,RAZORPAY,core.settlements,SET-0120,BANK,core.bank_transactions,BNK-0120,UTR,1.00,RESOLVED,,2025-04-05T00:00:00Z
idm-02071,BANK_TXN,RAZORPAY,core.settlements,SET-0121,BANK,core.bank_transactions,BNK-0121,UTR,1.00,RESOLVED,,2025-04-05T00:00:00Z
idm-02072,BANK_TXN,RAZORPAY,core.settlements,SET-0122,BANK,core.bank_transactions,BNK-0122,UTR,1.00,RESOLVED,,2025-04-05T00:00:00Z
idm-02073,BANK_TXN,RAZORPAY,core.settlements,SET-0123,BANK,core.bank_transactions,BNK-0123,UTR,1.00,RESOLVED,,2025-04-05T00:00:00Z
idm-02074,BANK_TXN,RAZORPAY,core.settlements,SET-0124,BANK,core.bank_transactions,BNK-0124,UTR,1.00,RESOLVED,,2025-04-05T00:00:00Z
idm-02075,BANK_TXN,RAZORPAY,core.settlements,SET-0125,BANK,core.bank_transactions,BNK-0125,UTR,1.00,RESOLVED,,2025-04-05T00:00:00Z
idm-02076,BANK_TXN,RAZORPAY,core.settlements,SET-0127,BANK,core.bank_transactions,BNK-0127,UTR,1.00,RESOLVED,,2025-04-05T00:00:00Z
idm-02077,BANK_TXN,RAZORPAY,core.settlements,SET-0128,BANK,core.bank_transactions,BNK-0128,UTR,1.00,RESOLVED,,2025-04-05T00:00:00Z
idm-02078,BANK_TXN,RAZORPAY,core.settlements,SET-0129,BANK,core.bank_transactions,BNK-0129,UTR,1.00,RESOLVED,,2025-04-05T00:00:00Z
idm-02079,BANK_TXN,RAZORPAY,core.settlements,SET-0130,BANK,core.bank_transactions,BNK-0130,UTR,1.00,RESOLVED,,2025-04-05T00:00:00Z
idm-02080,BANK_TXN,RAZORPAY,core.settlements,SET-0131,BANK,core.bank_transactions,,UTR,0.40,UNRESOLVED,,2025-04-05T00:00:00Z
idm-02081,BANK_TXN,RAZORPAY,core.settlements,SET-0132,BANK,core.bank_transactions,BNK-0132,UTR,1.00,RESOLVED,,2025-04-05T00:00:00Z
idm-02082,BANK_TXN,RAZORPAY,core.settlements,SET-0133,BANK,core.bank_transactions,BNK-0133,UTR,1.00,RESOLVED,,2025-04-05T00:00:00Z
idm-02083,BANK_TXN,RAZORPAY,core.settlements,SET-0134,BANK,core.bank_transactions,BNK-0134,UTR,1.00,RESOLVED,,2025-04-05T00:00:00Z
idm-02084,BANK_TXN,RAZORPAY,core.settlements,SET-0136,BANK,core.bank_transactions,BNK-0136,UTR,1.00,RESOLVED,,2025-04-05T00:00:00Z
idm-02085,BANK_TXN,RAZORPAY,core.settlements,SET-0137,BANK,core.bank_transactions,BNK-0137,UTR,1.00,RESOLVED,,2025-04-05T00:00:00Z
idm-02086,BANK_TXN,RAZORPAY,core.settlements,SET-0139,BANK,core.bank_transactions,BNK-0139,UTR,1.00,RESOLVED,,2025-04-05T00:00:00Z
idm-02087,BANK_TXN,RAZORPAY,core.settlements,SET-0141,BANK,core.bank_transactions,BNK-0141,UTR,1.00,RESOLVED,,2025-04-05T00:00:00Z
idm-02088,BANK_TXN,RAZORPAY,core.settlements,SET-0142,BANK,core.bank_transactions,BNK-0142,UTR,1.00,RESOLVED,,2025-04-05T00:00:00Z
idm-02089,BANK_TXN,RAZORPAY,core.settlements,SET-0143,BANK,core.bank_transactions,,UTR,0.40,UNRESOLVED,,2025-04-05T00:00:00Z
idm-02090,BANK_TXN,RAZORPAY,core.settlements,SET-0144,BANK,core.bank_transactions,BNK-0144,UTR,1.00,RESOLVED,,2025-04-05T00:00:00Z
idm-02091,BANK_TXN,RAZORPAY,core.settlements,SET-0145,BANK,core.bank_transactions,BNK-0145,UTR,1.00,RESOLVED,,2025-04-05T00:00:00Z
idm-02092,BANK_TXN,RAZORPAY,core.settlements,SET-0146,BANK,core.bank_transactions,BNK-0146,UTR,1.00,RESOLVED,,2025-04-05T00:00:00Z
idm-02093,BANK_TXN,RAZORPAY,core.settlements,SET-0147,BANK,core.bank_transactions,BNK-0147,UTR,1.00,RESOLVED,,2025-04-05T00:00:00Z
idm-02094,BANK_TXN,RAZORPAY,core.settlements,SET-0148,BANK,core.bank_transactions,BNK-0148,UTR,1.00,RESOLVED,,2025-04-05T00:00:00Z
idm-02095,BANK_TXN,RAZORPAY,core.settlements,SET-0148-2,BANK,core.bank_transactions,BNK-0148-2,UTR,1.00,RESOLVED,,2025-04-05T00:00:00Z
idm-02096,BANK_TXN,RAZORPAY,core.settlements,SET-0149,BANK,core.bank_transactions,BNK-0149,UTR,1.00,RESOLVED,,2025-04-05T00:00:00Z
idm-02097,BANK_TXN,RAZORPAY,core.settlements,SET-0150,BANK,core.bank_transactions,BNK-0150,UTR,1.00,RESOLVED,,2025-04-05T00:00:00Z
idm-02098,BANK_TXN,RAZORPAY,core.settlements,SET-0151,BANK,core.bank_transactions,BNK-0151,UTR,1.00,RESOLVED,,2025-04-05T00:00:00Z
idm-02099,BANK_TXN,RAZORPAY,core.settlements,SET-0152,BANK,core.bank_transactions,BNK-0152,UTR,1.00,RESOLVED,,2025-04-05T00:00:00Z
idm-02100,BANK_TXN,RAZORPAY,core.settlements,SET-0153,BANK,core.bank_transactions,BNK-0153,UTR,1.00,RESOLVED,,2025-04-05T00:00:00Z
idm-02101,BANK_TXN,RAZORPAY,core.settlements,SET-0154,BANK,core.bank_transactions,BNK-0154,UTR,1.00,RESOLVED,,2025-04-05T00:00:00Z
idm-02102,BANK_TXN,RAZORPAY,core.settlements,SET-0155,BANK,core.bank_transactions,BNK-0155,UTR,1.00,RESOLVED,,2025-04-05T00:00:00Z
idm-02103,BANK_TXN,RAZORPAY,core.settlements,SET-0156,BANK,core.bank_transactions,BNK-0156,UTR,1.00,RESOLVED,,2025-04-05T00:00:00Z
idm-02104,BANK_TXN,RAZORPAY,core.settlements,SET-0158,BANK,core.bank_transactions,BNK-0158,UTR,1.00,RESOLVED,,2025-04-05T00:00:00Z
idm-02105,BANK_TXN,RAZORPAY,core.settlements,SET-0159,BANK,core.bank_transactions,BNK-0159,UTR,1.00,RESOLVED,,2025-04-05T00:00:00Z
idm-02106,BANK_TXN,RAZORPAY,core.settlements,SET-0160,BANK,core.bank_transactions,BNK-0160,UTR,1.00,RESOLVED,,2025-04-05T00:00:00Z
idm-02107,BANK_TXN,RAZORPAY,core.settlements,SET-0161,BANK,core.bank_transactions,BNK-0161,UTR,1.00,RESOLVED,,2025-04-05T00:00:00Z
idm-02108,BANK_TXN,RAZORPAY,core.settlements,SET-0161-2,BANK,core.bank_transactions,BNK-0161-2,UTR,1.00,RESOLVED,,2025-04-05T00:00:00Z
idm-02109,BANK_TXN,RAZORPAY,core.settlements,SET-0162,BANK,core.bank_transactions,BNK-0162,UTR,1.00,RESOLVED,,2025-04-05T00:00:00Z
idm-02110,BANK_TXN,RAZORPAY,core.settlements,SET-0163,BANK,core.bank_transactions,BNK-0163,UTR,1.00,RESOLVED,,2025-04-05T00:00:00Z
idm-02111,BANK_TXN,RAZORPAY,core.settlements,SET-0164,BANK,core.bank_transactions,BNK-0164,UTR,1.00,RESOLVED,,2025-04-05T00:00:00Z
idm-02112,BANK_TXN,RAZORPAY,core.settlements,SET-0165,BANK,core.bank_transactions,BNK-0165,UTR,1.00,RESOLVED,,2025-04-05T00:00:00Z
idm-02113,BANK_TXN,RAZORPAY,core.settlements,SET-0166,BANK,core.bank_transactions,BNK-0166,UTR,1.00,RESOLVED,,2025-04-05T00:00:00Z
idm-02114,BANK_TXN,RAZORPAY,core.settlements,SET-0167,BANK,core.bank_transactions,BNK-0167,UTR,1.00,RESOLVED,,2025-04-05T00:00:00Z
idm-02115,BANK_TXN,RAZORPAY,core.settlements,SET-0168,BANK,core.bank_transactions,BNK-0168,UTR,1.00,RESOLVED,,2025-04-05T00:00:00Z
idm-02116,BANK_TXN,RAZORPAY,core.settlements,SET-0169,BANK,core.bank_transactions,BNK-0169,UTR,1.00,RESOLVED,,2025-04-05T00:00:00Z
idm-02117,BANK_TXN,RAZORPAY,core.settlements,SET-0170,BANK,core.bank_transactions,BNK-0170,UTR,1.00,RESOLVED,,2025-04-05T00:00:00Z
idm-02118,BANK_TXN,RAZORPAY,core.settlements,SET-0171,BANK,core.bank_transactions,BNK-0171,UTR,1.00,RESOLVED,,2025-04-05T00:00:00Z
idm-02119,BANK_TXN,RAZORPAY,core.settlements,SET-0172,BANK,core.bank_transactions,BNK-0172,UTR,1.00,RESOLVED,,2025-04-05T00:00:00Z
idm-02120,BANK_TXN,RAZORPAY,core.settlements,SET-0173,BANK,core.bank_transactions,BNK-0173,UTR,1.00,RESOLVED,,2025-04-05T00:00:00Z
idm-02121,BANK_TXN,RAZORPAY,core.settlements,SET-0174,BANK,core.bank_transactions,BNK-0174,UTR,1.00,RESOLVED,,2025-04-05T00:00:00Z
idm-02122,BANK_TXN,RAZORPAY,core.settlements,SET-0175,BANK,core.bank_transactions,BNK-0175,UTR,1.00,RESOLVED,,2025-04-05T00:00:00Z
idm-02123,BANK_TXN,RAZORPAY,core.settlements,SET-0176,BANK,core.bank_transactions,BNK-0176,UTR,1.00,RESOLVED,,2025-04-05T00:00:00Z
idm-02124,BANK_TXN,RAZORPAY,core.settlements,SET-0177,BANK,core.bank_transactions,BNK-0177,UTR,1.00,RESOLVED,,2025-04-05T00:00:00Z
idm-02125,BANK_TXN,RAZORPAY,core.settlements,SET-0178,BANK,core.bank_transactions,BNK-0178,UTR,1.00,RESOLVED,,2025-04-05T00:00:00Z
idm-02126,BANK_TXN,RAZORPAY,core.settlements,SET-0179,BANK,core.bank_transactions,BNK-0179,UTR,1.00,RESOLVED,,2025-04-05T00:00:00Z
idm-02127,BANK_TXN,RAZORPAY,core.settlements,SET-0180,BANK,core.bank_transactions,BNK-0180,UTR,1.00,RESOLVED,,2025-04-05T00:00:00Z
idm-02128,BANK_TXN,RAZORPAY,core.settlements,SET-0181,BANK,core.bank_transactions,BNK-0181,UTR,1.00,RESOLVED,,2025-04-05T00:00:00Z
idm-02129,BANK_TXN,RAZORPAY,core.settlements,SET-0182,BANK,core.bank_transactions,BNK-0182,UTR,1.00,RESOLVED,,2025-04-05T00:00:00Z
idm-02130,BANK_TXN,RAZORPAY,core.settlements,SET-0183,BANK,core.bank_transactions,BNK-0183,UTR,1.00,RESOLVED,,2025-04-05T00:00:00Z
idm-02131,BANK_TXN,RAZORPAY,core.settlements,SET-0184,BANK,core.bank_transactions,BNK-0184,UTR,1.00,RESOLVED,,2025-04-05T00:00:00Z
idm-02132,BANK_TXN,RAZORPAY,core.settlements,SET-0185,BANK,core.bank_transactions,BNK-0185,UTR,1.00,RESOLVED,,2025-04-05T00:00:00Z
idm-02133,BANK_TXN,RAZORPAY,core.settlements,SET-0186,BANK,core.bank_transactions,BNK-0186,UTR,1.00,RESOLVED,,2025-04-05T00:00:00Z
idm-02134,BANK_TXN,RAZORPAY,core.settlements,SET-0187,BANK,core.bank_transactions,BNK-0187,UTR,1.00,RESOLVED,,2025-04-05T00:00:00Z
idm-02135,BANK_TXN,RAZORPAY,core.settlements,SET-0189,BANK,core.bank_transactions,BNK-0189,UTR,1.00,RESOLVED,,2025-04-05T00:00:00Z
idm-02136,BANK_TXN,RAZORPAY,core.settlements,SET-0190,BANK,core.bank_transactions,BNK-0190,UTR,1.00,RESOLVED,,2025-04-05T00:00:00Z
idm-02137,BANK_TXN,RAZORPAY,core.settlements,SET-0191,BANK,core.bank_transactions,BNK-0191,UTR,1.00,RESOLVED,,2025-04-05T00:00:00Z
idm-02138,BANK_TXN,RAZORPAY,core.settlements,SET-0192,BANK,core.bank_transactions,BNK-0192,UTR,1.00,RESOLVED,,2025-04-05T00:00:00Z
idm-02139,BANK_TXN,RAZORPAY,core.settlements,SET-0193,BANK,core.bank_transactions,BNK-0193,UTR,1.00,RESOLVED,,2025-04-05T00:00:00Z
idm-02140,BANK_TXN,RAZORPAY,core.settlements,SET-0194,BANK,core.bank_transactions,BNK-0194,UTR,1.00,RESOLVED,,2025-04-05T00:00:00Z
idm-02141,BANK_TXN,RAZORPAY,core.settlements,SET-0195,BANK,core.bank_transactions,BNK-0195,UTR,1.00,RESOLVED,,2025-04-05T00:00:00Z
idm-02142,BANK_TXN,RAZORPAY,core.settlements,SET-0197,BANK,core.bank_transactions,BNK-0197,UTR,1.00,RESOLVED,,2025-04-05T00:00:00Z
idm-02143,BANK_TXN,RAZORPAY,core.settlements,SET-0198,BANK,core.bank_transactions,BNK-0198,UTR,1.00,RESOLVED,,2025-04-05T00:00:00Z
idm-02144,BANK_TXN,RAZORPAY,core.settlements,SET-0199,BANK,core.bank_transactions,BNK-0199,UTR,1.00,RESOLVED,,2025-04-05T00:00:00Z
idm-02145,BANK_TXN,RAZORPAY,core.settlements,SET-0200,BANK,core.bank_transactions,BNK-0200,UTR,1.00,RESOLVED,,2025-04-05T00:00:00Z
idm-02146,BANK_TXN,RAZORPAY,core.settlements,SET-0201,BANK,core.bank_transactions,BNK-0201,UTR,1.00,RESOLVED,,2025-04-05T00:00:00Z
idm-02147,BANK_TXN,RAZORPAY,core.settlements,SET-0202,BANK,core.bank_transactions,BNK-0202,UTR,1.00,RESOLVED,,2025-04-05T00:00:00Z
idm-02148,BANK_TXN,RAZORPAY,core.settlements,SET-0203,BANK,core.bank_transactions,BNK-0203,UTR,1.00,RESOLVED,,2025-04-05T00:00:00Z
idm-02149,BANK_TXN,RAZORPAY,core.settlements,SET-0204,BANK,core.bank_transactions,BNK-0204,UTR,1.00,RESOLVED,,2025-04-05T00:00:00Z
idm-02150,BANK_TXN,RAZORPAY,core.settlements,SET-0205,BANK,core.bank_transactions,BNK-0205,UTR,1.00,RESOLVED,,2025-04-05T00:00:00Z
idm-02151,BANK_TXN,RAZORPAY,core.settlements,SET-0206,BANK,core.bank_transactions,BNK-0206,UTR,1.00,RESOLVED,,2025-04-05T00:00:00Z
idm-02152,BANK_TXN,RAZORPAY,core.settlements,SET-0207,BANK,core.bank_transactions,BNK-0207,UTR,1.00,RESOLVED,,2025-04-05T00:00:00Z
idm-02153,BANK_TXN,RAZORPAY,core.settlements,SET-0208,BANK,core.bank_transactions,BNK-0208,UTR,1.00,RESOLVED,,2025-04-05T00:00:00Z
idm-02154,BANK_TXN,RAZORPAY,core.settlements,SET-0209,BANK,core.bank_transactions,BNK-0209,UTR,1.00,RESOLVED,,2025-04-05T00:00:00Z
idm-02155,BANK_TXN,RAZORPAY,core.settlements,SET-0210,BANK,core.bank_transactions,BNK-0210,UTR,1.00,RESOLVED,,2025-04-05T00:00:00Z
idm-02156,BANK_TXN,RAZORPAY,core.settlements,SET-0211,BANK,core.bank_transactions,BNK-0211,UTR,1.00,RESOLVED,,2025-04-05T00:00:00Z
idm-02157,BANK_TXN,RAZORPAY,core.settlements,SET-0212,BANK,core.bank_transactions,BNK-0212,UTR,1.00,RESOLVED,,2025-04-05T00:00:00Z
idm-02158,BANK_TXN,RAZORPAY,core.settlements,SET-0213,BANK,core.bank_transactions,BNK-0213,UTR,1.00,RESOLVED,,2025-04-05T00:00:00Z
idm-02159,BANK_TXN,RAZORPAY,core.settlements,SET-0214,BANK,core.bank_transactions,BNK-0214,UTR,1.00,RESOLVED,,2025-04-05T00:00:00Z
idm-02160,BANK_TXN,RAZORPAY,core.settlements,SET-0215,BANK,core.bank_transactions,BNK-0215,UTR,1.00,RESOLVED,,2025-04-05T00:00:00Z
idm-02161,BANK_TXN,RAZORPAY,core.settlements,SET-0216,BANK,core.bank_transactions,BNK-0216,UTR,1.00,RESOLVED,,2025-04-05T00:00:00Z
idm-02162,BANK_TXN,RAZORPAY,core.settlements,SET-0217,BANK,core.bank_transactions,BNK-0217,UTR,1.00,RESOLVED,,2025-04-05T00:00:00Z
idm-02163,BANK_TXN,RAZORPAY,core.settlements,SET-0218,BANK,core.bank_transactions,BNK-0218,UTR,1.00,RESOLVED,,2025-04-05T00:00:00Z
idm-02164,BANK_TXN,RAZORPAY,core.settlements,SET-0219,BANK,core.bank_transactions,BNK-0219,UTR,1.00,RESOLVED,,2025-04-05T00:00:00Z
idm-02165,BANK_TXN,RAZORPAY,core.settlements,SET-0220,BANK,core.bank_transactions,BNK-0220,UTR,1.00,RESOLVED,,2025-04-05T00:00:00Z
idm-02166,BANK_TXN,RAZORPAY,core.settlements,SET-0221,BANK,core.bank_transactions,BNK-0221,UTR,1.00,RESOLVED,,2025-04-05T00:00:00Z
idm-02167,BANK_TXN,RAZORPAY,core.settlements,SET-0222,BANK,core.bank_transactions,BNK-0222,UTR,1.00,RESOLVED,,2025-04-05T00:00:00Z
idm-02168,BANK_TXN,RAZORPAY,core.settlements,SET-0223,BANK,core.bank_transactions,BNK-0223,UTR,1.00,RESOLVED,,2025-04-05T00:00:00Z
idm-02169,BANK_TXN,RAZORPAY,core.settlements,SET-0224,BANK,core.bank_transactions,BNK-0224,UTR,1.00,RESOLVED,,2025-04-05T00:00:00Z
idm-02170,BANK_TXN,RAZORPAY,core.settlements,SET-0225,BANK,core.bank_transactions,BNK-0225,UTR,1.00,RESOLVED,,2025-04-05T00:00:00Z
idm-02171,BANK_TXN,RAZORPAY,core.settlements,SET-0226,BANK,core.bank_transactions,BNK-0226,UTR,1.00,RESOLVED,,2025-04-05T00:00:00Z
idm-02172,BANK_TXN,RAZORPAY,core.settlements,SET-0227,BANK,core.bank_transactions,BNK-0227,UTR,1.00,RESOLVED,,2025-04-05T00:00:00Z
idm-02173,BANK_TXN,RAZORPAY,core.settlements,SET-0228,BANK,core.bank_transactions,BNK-0228,UTR,1.00,RESOLVED,,2025-04-05T00:00:00Z
idm-02174,BANK_TXN,RAZORPAY,core.settlements,SET-0229,BANK,core.bank_transactions,BNK-0229,UTR,1.00,RESOLVED,,2025-04-05T00:00:00Z
idm-02175,BANK_TXN,RAZORPAY,core.settlements,SET-0230,BANK,core.bank_transactions,BNK-0230,UTR,1.00,RESOLVED,,2025-04-05T00:00:00Z
idm-02176,BANK_TXN,RAZORPAY,core.settlements,SET-0232,BANK,core.bank_transactions,BNK-0232,UTR,1.00,RESOLVED,,2025-04-05T00:00:00Z
idm-02177,BANK_TXN,RAZORPAY,core.settlements,SET-0233,BANK,core.bank_transactions,BNK-0233,UTR,1.00,RESOLVED,,2025-04-05T00:00:00Z
idm-02178,BANK_TXN,RAZORPAY,core.settlements,SET-0234,BANK,core.bank_transactions,BNK-0234,UTR,1.00,RESOLVED,,2025-04-05T00:00:00Z
idm-02179,BANK_TXN,RAZORPAY,core.settlements,SET-0235,BANK,core.bank_transactions,BNK-0235,UTR,1.00,RESOLVED,,2025-04-05T00:00:00Z
idm-02180,BANK_TXN,RAZORPAY,core.settlements,SET-0237,BANK,core.bank_transactions,BNK-0237,UTR,1.00,RESOLVED,,2025-04-05T00:00:00Z
idm-02181,BANK_TXN,RAZORPAY,core.settlements,SET-0239,BANK,core.bank_transactions,BNK-0239,UTR,1.00,RESOLVED,,2025-04-05T00:00:00Z
idm-02182,BANK_TXN,RAZORPAY,core.settlements,SET-0240,BANK,core.bank_transactions,BNK-0240,UTR,1.00,RESOLVED,,2025-04-05T00:00:00Z
idm-02183,BANK_TXN,RAZORPAY,core.settlements,SET-0241,BANK,core.bank_transactions,BNK-0241,UTR,1.00,RESOLVED,,2025-04-05T00:00:00Z
idm-02184,BANK_TXN,RAZORPAY,core.settlements,SET-0242,BANK,core.bank_transactions,BNK-0242,UTR,1.00,RESOLVED,,2025-04-05T00:00:00Z
idm-02185,BANK_TXN,RAZORPAY,core.settlements,SET-0243,BANK,core.bank_transactions,BNK-0243,UTR,1.00,RESOLVED,,2025-04-05T00:00:00Z
idm-02186,BANK_TXN,RAZORPAY,core.settlements,SET-0244,BANK,core.bank_transactions,BNK-0244,UTR,1.00,RESOLVED,,2025-04-05T00:00:00Z
idm-02187,BANK_TXN,RAZORPAY,core.settlements,SET-0245,BANK,core.bank_transactions,BNK-0245,UTR,1.00,RESOLVED,,2025-04-05T00:00:00Z
idm-02188,BANK_TXN,RAZORPAY,core.settlements,SET-0246,BANK,core.bank_transactions,BNK-0246,UTR,1.00,RESOLVED,,2025-04-05T00:00:00Z
idm-02189,BANK_TXN,RAZORPAY,core.settlements,SET-0247,BANK,core.bank_transactions,BNK-0247,UTR,1.00,RESOLVED,,2025-04-05T00:00:00Z
idm-02190,BANK_TXN,RAZORPAY,core.settlements,SET-0248,BANK,core.bank_transactions,BNK-0248,UTR,1.00,RESOLVED,,2025-04-05T00:00:00Z
idm-02191,BANK_TXN,RAZORPAY,core.settlements,SET-0249,BANK,core.bank_transactions,BNK-0249,UTR,1.00,RESOLVED,,2025-04-05T00:00:00Z
idm-02192,BANK_TXN,RAZORPAY,core.settlements,SET-0250,BANK,core.bank_transactions,BNK-0250,UTR,1.00,RESOLVED,,2025-04-05T00:00:00Z
idm-02193,BANK_TXN,RAZORPAY,core.settlements,SET-0251,BANK,core.bank_transactions,BNK-0251,UTR,1.00,RESOLVED,,2025-04-05T00:00:00Z
idm-02194,BANK_TXN,RAZORPAY,core.settlements,SET-0252,BANK,core.bank_transactions,BNK-0252,UTR,1.00,RESOLVED,,2025-04-05T00:00:00Z
idm-02195,BANK_TXN,RAZORPAY,core.settlements,SET-0253,BANK,core.bank_transactions,BNK-0253,UTR,1.00,RESOLVED,,2025-04-05T00:00:00Z
idm-02196,BANK_TXN,RAZORPAY,core.settlements,SET-0254,BANK,core.bank_transactions,BNK-0254,UTR,1.00,RESOLVED,,2025-04-05T00:00:00Z
idm-02197,BANK_TXN,RAZORPAY,core.settlements,SET-0255,BANK,core.bank_transactions,BNK-0255,UTR,1.00,RESOLVED,,2025-04-05T00:00:00Z
idm-02198,BANK_TXN,RAZORPAY,core.settlements,SET-0256,BANK,core.bank_transactions,BNK-0256,UTR,1.00,RESOLVED,,2025-04-05T00:00:00Z
idm-02199,BANK_TXN,RAZORPAY,core.settlements,SET-0257,BANK,core.bank_transactions,BNK-0257,UTR,1.00,RESOLVED,,2025-04-05T00:00:00Z
idm-02200,BANK_TXN,RAZORPAY,core.settlements,SET-0258,BANK,core.bank_transactions,BNK-0258,UTR,1.00,RESOLVED,,2025-04-05T00:00:00Z
idm-02201,BANK_TXN,RAZORPAY,core.settlements,SET-0259,BANK,core.bank_transactions,BNK-0259,UTR,1.00,RESOLVED,,2025-04-05T00:00:00Z
idm-02202,BANK_TXN,RAZORPAY,core.settlements,SET-0260,BANK,core.bank_transactions,BNK-0260,UTR,1.00,RESOLVED,,2025-04-05T00:00:00Z
idm-02203,BANK_TXN,RAZORPAY,core.settlements,SET-0261,BANK,core.bank_transactions,BNK-0261,UTR,1.00,RESOLVED,,2025-04-05T00:00:00Z
idm-02204,BANK_TXN,RAZORPAY,core.settlements,SET-0262,BANK,core.bank_transactions,BNK-0262,UTR,1.00,RESOLVED,,2025-04-05T00:00:00Z
idm-02205,BANK_TXN,RAZORPAY,core.settlements,SET-0263,BANK,core.bank_transactions,BNK-0263,UTR,1.00,RESOLVED,,2025-04-05T00:00:00Z
idm-02206,BANK_TXN,RAZORPAY,core.settlements,SET-0264,BANK,core.bank_transactions,BNK-0264,UTR,1.00,RESOLVED,,2025-04-05T00:00:00Z
idm-02207,BANK_TXN,RAZORPAY,core.settlements,SET-0265,BANK,core.bank_transactions,BNK-0265,UTR,1.00,RESOLVED,,2025-04-05T00:00:00Z
idm-02208,BANK_TXN,RAZORPAY,core.settlements,SET-0266,BANK,core.bank_transactions,BNK-0266,UTR,1.00,RESOLVED,,2025-04-05T00:00:00Z
idm-02209,BANK_TXN,RAZORPAY,core.settlements,SET-0267,BANK,core.bank_transactions,BNK-0267,UTR,1.00,RESOLVED,,2025-04-05T00:00:00Z
idm-02210,BANK_TXN,RAZORPAY,core.settlements,SET-0268,BANK,core.bank_transactions,BNK-0268,UTR,1.00,RESOLVED,,2025-04-05T00:00:00Z
idm-02211,BANK_TXN,RAZORPAY,core.settlements,SET-0269,BANK,core.bank_transactions,BNK-0269,UTR,1.00,RESOLVED,,2025-04-05T00:00:00Z
idm-02212,BANK_TXN,RAZORPAY,core.settlements,SET-0270,BANK,core.bank_transactions,BNK-0270,UTR,1.00,RESOLVED,,2025-04-05T00:00:00Z
idm-02213,BANK_TXN,RAZORPAY,core.settlements,SET-0271,BANK,core.bank_transactions,BNK-0271,UTR,1.00,RESOLVED,,2025-04-05T00:00:00Z
idm-02214,BANK_TXN,RAZORPAY,core.settlements,SET-0272,BANK,core.bank_transactions,BNK-0272,UTR,1.00,RESOLVED,,2025-04-05T00:00:00Z
idm-02215,BANK_TXN,RAZORPAY,core.settlements,SET-0273,BANK,core.bank_transactions,BNK-0273,UTR,1.00,RESOLVED,,2025-04-05T00:00:00Z
idm-02216,BANK_TXN,RAZORPAY,core.settlements,SET-0274,BANK,core.bank_transactions,BNK-0274,UTR,1.00,RESOLVED,,2025-04-05T00:00:00Z
idm-02217,BANK_TXN,RAZORPAY,core.settlements,SET-0275,BANK,core.bank_transactions,BNK-0275,UTR,1.00,RESOLVED,,2025-04-05T00:00:00Z
idm-02218,BANK_TXN,RAZORPAY,core.settlements,SET-0276,BANK,core.bank_transactions,BNK-0276,UTR,1.00,RESOLVED,,2025-04-05T00:00:00Z
idm-02219,BANK_TXN,RAZORPAY,core.settlements,SET-0277,BANK,core.bank_transactions,BNK-0277,UTR,1.00,RESOLVED,,2025-04-05T00:00:00Z
idm-02220,BANK_TXN,RAZORPAY,core.settlements,SET-0278,BANK,core.bank_transactions,BNK-0278,UTR,1.00,RESOLVED,,2025-04-05T00:00:00Z
idm-02221,BANK_TXN,RAZORPAY,core.settlements,SET-0279,BANK,core.bank_transactions,BNK-0279,UTR,1.00,RESOLVED,,2025-04-05T00:00:00Z
idm-02222,BANK_TXN,RAZORPAY,core.settlements,SET-0280,BANK,core.bank_transactions,BNK-0280,UTR,1.00,RESOLVED,,2025-04-05T00:00:00Z
idm-02223,BANK_TXN,RAZORPAY,core.settlements,SET-0282,BANK,core.bank_transactions,BNK-0282,UTR,1.00,RESOLVED,,2025-04-05T00:00:00Z
idm-02224,BANK_TXN,RAZORPAY,core.settlements,SET-0283,BANK,core.bank_transactions,BNK-0283,UTR,1.00,RESOLVED,,2025-04-05T00:00:00Z
idm-02225,BANK_TXN,RAZORPAY,core.settlements,SET-0284,BANK,core.bank_transactions,BNK-0284,UTR,1.00,RESOLVED,,2025-04-05T00:00:00Z
idm-02226,BANK_TXN,RAZORPAY,core.settlements,SET-0285,BANK,core.bank_transactions,BNK-0285,UTR,1.00,RESOLVED,,2025-04-05T00:00:00Z
idm-02227,BANK_TXN,RAZORPAY,core.settlements,SET-0286,BANK,core.bank_transactions,BNK-0286,UTR,1.00,RESOLVED,,2025-04-05T00:00:00Z
idm-02228,BANK_TXN,RAZORPAY,core.settlements,SET-0288,BANK,core.bank_transactions,BNK-0288,UTR,1.00,RESOLVED,,2025-04-05T00:00:00Z
idm-02229,BANK_TXN,RAZORPAY,core.settlements,SET-0289,BANK,core.bank_transactions,BNK-0289,UTR,1.00,RESOLVED,,2025-04-05T00:00:00Z
idm-02230,BANK_TXN,RAZORPAY,core.settlements,SET-0290,BANK,core.bank_transactions,BNK-0290,UTR,1.00,RESOLVED,,2025-04-05T00:00:00Z
idm-02231,BANK_TXN,RAZORPAY,core.settlements,SET-0291,BANK,core.bank_transactions,BNK-0291,UTR,1.00,RESOLVED,,2025-04-05T00:00:00Z
idm-02232,BANK_TXN,RAZORPAY,core.settlements,SET-0292,BANK,core.bank_transactions,BNK-0292,UTR,1.00,RESOLVED,,2025-04-05T00:00:00Z
idm-02233,BANK_TXN,RAZORPAY,core.settlements,SET-0293,BANK,core.bank_transactions,BNK-0293,UTR,1.00,RESOLVED,,2025-04-05T00:00:00Z
idm-02234,BANK_TXN,RAZORPAY,core.settlements,SET-0295,BANK,core.bank_transactions,BNK-0295,UTR,1.00,RESOLVED,,2025-04-05T00:00:00Z
idm-02235,BANK_TXN,RAZORPAY,core.settlements,SET-0296,BANK,core.bank_transactions,BNK-0296,UTR,1.00,RESOLVED,,2025-04-05T00:00:00Z
idm-02236,BANK_TXN,RAZORPAY,core.settlements,SET-0297,BANK,core.bank_transactions,BNK-0297,UTR,1.00,RESOLVED,,2025-04-05T00:00:00Z
idm-02237,BANK_TXN,RAZORPAY,core.settlements,SET-0298,BANK,core.bank_transactions,BNK-0298,UTR,1.00,RESOLVED,,2025-04-05T00:00:00Z
idm-02238,BANK_TXN,RAZORPAY,core.settlements,SET-0299,BANK,core.bank_transactions,BNK-0299,UTR,1.00,RESOLVED,,2025-04-05T00:00:00Z
idm-02239,BANK_TXN,RAZORPAY,core.settlements,SET-0300,BANK,core.bank_transactions,BNK-0300,UTR,1.00,RESOLVED,,2025-04-05T00:00:00Z
idm-02240,BANK_TXN,RAZORPAY,core.settlements,SET-0301,BANK,core.bank_transactions,BNK-0301,UTR,1.00,RESOLVED,,2025-04-05T00:00:00Z
idm-02241,BANK_TXN,RAZORPAY,core.settlements,SET-0302,BANK,core.bank_transactions,BNK-0302,UTR,1.00,RESOLVED,,2025-04-05T00:00:00Z
idm-02242,BANK_TXN,RAZORPAY,core.settlements,SET-0303,BANK,core.bank_transactions,BNK-0303,UTR,1.00,RESOLVED,,2025-04-05T00:00:00Z
idm-02243,BANK_TXN,RAZORPAY,core.settlements,SET-0304,BANK,core.bank_transactions,BNK-0304,UTR,1.00,RESOLVED,,2025-04-05T00:00:00Z
idm-02244,BANK_TXN,RAZORPAY,core.settlements,SET-0305,BANK,core.bank_transactions,BNK-0305,UTR,1.00,RESOLVED,,2025-04-05T00:00:00Z
idm-02245,BANK_TXN,RAZORPAY,core.settlements,SET-0306,BANK,core.bank_transactions,BNK-0306,UTR,1.00,RESOLVED,,2025-04-05T00:00:00Z
idm-02246,BANK_TXN,RAZORPAY,core.settlements,SET-0307,BANK,core.bank_transactions,BNK-0307,UTR,1.00,RESOLVED,,2025-04-05T00:00:00Z
idm-02247,BANK_TXN,RAZORPAY,core.settlements,SET-0308,BANK,core.bank_transactions,BNK-0308,UTR,1.00,RESOLVED,,2025-04-05T00:00:00Z
idm-02248,BANK_TXN,RAZORPAY,core.settlements,SET-0309,BANK,core.bank_transactions,BNK-0309,UTR,1.00,RESOLVED,,2025-04-05T00:00:00Z
idm-02249,BANK_TXN,RAZORPAY,core.settlements,SET-0310,BANK,core.bank_transactions,BNK-0310,UTR,1.00,RESOLVED,,2025-04-05T00:00:00Z
idm-02250,BANK_TXN,RAZORPAY,core.settlements,SET-0311,BANK,core.bank_transactions,BNK-0311,UTR,1.00,RESOLVED,,2025-04-05T00:00:00Z
idm-02251,BANK_TXN,RAZORPAY,core.settlements,SET-0312,BANK,core.bank_transactions,BNK-0312,UTR,1.00,RESOLVED,,2025-04-05T00:00:00Z
idm-02252,BANK_TXN,RAZORPAY,core.settlements,SET-0313,BANK,core.bank_transactions,BNK-0313,UTR,1.00,RESOLVED,,2025-04-05T00:00:00Z
idm-02253,BANK_TXN,RAZORPAY,core.settlements,SET-0313-2,BANK,core.bank_transactions,BNK-0313-2,UTR,1.00,RESOLVED,,2025-04-05T00:00:00Z
idm-02254,BANK_TXN,RAZORPAY,core.settlements,SET-0314,BANK,core.bank_transactions,BNK-0314,UTR,1.00,RESOLVED,,2025-04-05T00:00:00Z
idm-02255,BANK_TXN,RAZORPAY,core.settlements,SET-0315,BANK,core.bank_transactions,BNK-0315,UTR,1.00,RESOLVED,,2025-04-05T00:00:00Z
idm-02256,BANK_TXN,RAZORPAY,core.settlements,SET-0316,BANK,core.bank_transactions,BNK-0316,UTR,1.00,RESOLVED,,2025-04-05T00:00:00Z
idm-02257,BANK_TXN,RAZORPAY,core.settlements,SET-0317,BANK,core.bank_transactions,BNK-0317,UTR,1.00,RESOLVED,,2025-04-05T00:00:00Z
idm-02258,BANK_TXN,RAZORPAY,core.settlements,SET-0318,BANK,core.bank_transactions,BNK-0318,UTR,1.00,RESOLVED,,2025-04-05T00:00:00Z
idm-02259,BANK_TXN,RAZORPAY,core.settlements,SET-0319,BANK,core.bank_transactions,BNK-0319,UTR,1.00,RESOLVED,,2025-04-05T00:00:00Z
idm-02260,BANK_TXN,RAZORPAY,core.settlements,SET-0320,BANK,core.bank_transactions,BNK-0320,UTR,1.00,RESOLVED,,2025-04-05T00:00:00Z
idm-02261,BANK_TXN,RAZORPAY,core.settlements,SET-0321,BANK,core.bank_transactions,BNK-0321,UTR,1.00,RESOLVED,,2025-04-05T00:00:00Z
idm-02262,BANK_TXN,RAZORPAY,core.settlements,SET-0322,BANK,core.bank_transactions,BNK-0322,UTR,1.00,RESOLVED,,2025-04-05T00:00:00Z
idm-02263,BANK_TXN,RAZORPAY,core.settlements,SET-0323,BANK,core.bank_transactions,BNK-0323,UTR,1.00,RESOLVED,,2025-04-05T00:00:00Z
idm-02264,BANK_TXN,RAZORPAY,core.settlements,SET-0324,BANK,core.bank_transactions,BNK-0324,UTR,1.00,RESOLVED,,2025-04-05T00:00:00Z
idm-02265,BANK_TXN,RAZORPAY,core.settlements,SET-0325,BANK,core.bank_transactions,BNK-0325,UTR,1.00,RESOLVED,,2025-04-05T00:00:00Z
idm-02266,BANK_TXN,RAZORPAY,core.settlements,SET-0326,BANK,core.bank_transactions,BNK-0326,UTR,1.00,RESOLVED,,2025-04-05T00:00:00Z
idm-02267,BANK_TXN,RAZORPAY,core.settlements,SET-0327,BANK,core.bank_transactions,BNK-0327,UTR,1.00,RESOLVED,,2025-04-05T00:00:00Z
idm-02268,BANK_TXN,RAZORPAY,core.settlements,SET-0328,BANK,core.bank_transactions,BNK-0328,UTR,1.00,RESOLVED,,2025-04-05T00:00:00Z
idm-02269,BANK_TXN,RAZORPAY,core.settlements,SET-0329,BANK,core.bank_transactions,BNK-0329,UTR,1.00,RESOLVED,,2025-04-05T00:00:00Z
idm-02270,BANK_TXN,RAZORPAY,core.settlements,SET-0330,BANK,core.bank_transactions,BNK-0330,UTR,1.00,RESOLVED,,2025-04-05T00:00:00Z
idm-02271,BANK_TXN,RAZORPAY,core.settlements,SET-0331,BANK,core.bank_transactions,BNK-0331,UTR,1.00,RESOLVED,,2025-04-05T00:00:00Z
idm-02272,BANK_TXN,RAZORPAY,core.settlements,SET-0332,BANK,core.bank_transactions,BNK-0332,UTR,1.00,RESOLVED,,2025-04-05T00:00:00Z
idm-02273,BANK_TXN,RAZORPAY,core.settlements,SET-0333,BANK,core.bank_transactions,BNK-0333,UTR,1.00,RESOLVED,,2025-04-05T00:00:00Z
idm-02274,BANK_TXN,RAZORPAY,core.settlements,SET-0334,BANK,core.bank_transactions,BNK-0334,UTR,1.00,RESOLVED,,2025-04-05T00:00:00Z
idm-02275,BANK_TXN,RAZORPAY,core.settlements,SET-0335,BANK,core.bank_transactions,BNK-0335,UTR,1.00,RESOLVED,,2025-04-05T00:00:00Z
idm-02276,BANK_TXN,RAZORPAY,core.settlements,SET-0336,BANK,core.bank_transactions,BNK-0336,UTR,1.00,RESOLVED,,2025-04-05T00:00:00Z
idm-02277,BANK_TXN,RAZORPAY,core.settlements,SET-0337,BANK,core.bank_transactions,BNK-0337,UTR,1.00,RESOLVED,,2025-04-05T00:00:00Z
idm-02278,BANK_TXN,RAZORPAY,core.settlements,SET-0338,BANK,core.bank_transactions,BNK-0338,UTR,1.00,RESOLVED,,2025-04-05T00:00:00Z
idm-02279,BANK_TXN,RAZORPAY,core.settlements,SET-0339,BANK,core.bank_transactions,BNK-0339,UTR,1.00,RESOLVED,,2025-04-05T00:00:00Z
idm-02280,BANK_TXN,RAZORPAY,core.settlements,SET-0340,BANK,core.bank_transactions,BNK-0340,UTR,1.00,RESOLVED,,2025-04-05T00:00:00Z
idm-02281,BANK_TXN,RAZORPAY,core.settlements,SET-0341,BANK,core.bank_transactions,BNK-0341,UTR,1.00,RESOLVED,,2025-04-05T00:00:00Z
idm-02282,BANK_TXN,RAZORPAY,core.settlements,SET-0342,BANK,core.bank_transactions,BNK-0342,UTR,1.00,RESOLVED,,2025-04-05T00:00:00Z
idm-02283,BANK_TXN,RAZORPAY,core.settlements,SET-0343,BANK,core.bank_transactions,BNK-0343,UTR,1.00,RESOLVED,,2025-04-05T00:00:00Z
idm-02284,BANK_TXN,RAZORPAY,core.settlements,SET-0344,BANK,core.bank_transactions,BNK-0344,UTR,1.00,RESOLVED,,2025-04-05T00:00:00Z
idm-02285,BANK_TXN,RAZORPAY,core.settlements,SET-0345,BANK,core.bank_transactions,BNK-0345,UTR,1.00,RESOLVED,,2025-04-05T00:00:00Z
idm-02286,BANK_TXN,RAZORPAY,core.settlements,SET-0347,BANK,core.bank_transactions,BNK-0347,UTR,1.00,RESOLVED,,2025-04-05T00:00:00Z
idm-02287,BANK_TXN,RAZORPAY,core.settlements,SET-0348,BANK,core.bank_transactions,BNK-0348,UTR,1.00,RESOLVED,,2025-04-05T00:00:00Z
idm-02288,BANK_TXN,RAZORPAY,core.settlements,SET-0349,BANK,core.bank_transactions,BNK-0349,UTR,1.00,RESOLVED,,2025-04-05T00:00:00Z
idm-02289,BANK_TXN,RAZORPAY,core.settlements,SET-0350,BANK,core.bank_transactions,BNK-0350,UTR,1.00,RESOLVED,,2025-04-05T00:00:00Z
idm-02290,BANK_TXN,RAZORPAY,core.settlements,SET-0351,BANK,core.bank_transactions,BNK-0351,UTR,1.00,RESOLVED,,2025-04-05T00:00:00Z
idm-02291,BANK_TXN,RAZORPAY,core.settlements,SET-0352,BANK,core.bank_transactions,BNK-0352,UTR,1.00,RESOLVED,,2025-04-05T00:00:00Z
idm-02292,BANK_TXN,RAZORPAY,core.settlements,SET-0353,BANK,core.bank_transactions,BNK-0353,UTR,1.00,RESOLVED,,2025-04-05T00:00:00Z
idm-02293,BANK_TXN,RAZORPAY,core.settlements,SET-0354,BANK,core.bank_transactions,BNK-0354,UTR,1.00,RESOLVED,,2025-04-05T00:00:00Z
idm-02294,BANK_TXN,RAZORPAY,core.settlements,SET-0355,BANK,core.bank_transactions,BNK-0355,UTR,1.00,RESOLVED,,2025-04-05T00:00:00Z
idm-02295,BANK_TXN,RAZORPAY,core.settlements,SET-0356,BANK,core.bank_transactions,BNK-0356,UTR,1.00,RESOLVED,,2025-04-05T00:00:00Z
idm-02296,BANK_TXN,RAZORPAY,core.settlements,SET-0358,BANK,core.bank_transactions,BNK-0358,UTR,1.00,RESOLVED,,2025-04-05T00:00:00Z
idm-02297,BANK_TXN,RAZORPAY,core.settlements,SET-0359,BANK,core.bank_transactions,BNK-0359,UTR,1.00,RESOLVED,,2025-04-05T00:00:00Z
idm-02298,BANK_TXN,RAZORPAY,core.settlements,SET-0360,BANK,core.bank_transactions,BNK-0360,UTR,1.00,RESOLVED,,2025-04-05T00:00:00Z
idm-02299,BANK_TXN,RAZORPAY,core.settlements,SET-0361,BANK,core.bank_transactions,BNK-0361,UTR,1.00,RESOLVED,,2025-04-05T00:00:00Z
idm-02300,BANK_TXN,RAZORPAY,core.settlements,SET-0362,BANK,core.bank_transactions,BNK-0362,UTR,1.00,RESOLVED,,2025-04-05T00:00:00Z
idm-02301,BANK_TXN,RAZORPAY,core.settlements,SET-0363,BANK,core.bank_transactions,BNK-0363,UTR,1.00,RESOLVED,,2025-04-05T00:00:00Z
idm-02302,BANK_TXN,RAZORPAY,core.settlements,SET-0364,BANK,core.bank_transactions,BNK-0364,UTR,1.00,RESOLVED,,2025-04-05T00:00:00Z
idm-02303,BANK_TXN,RAZORPAY,core.settlements,SET-0366,BANK,core.bank_transactions,BNK-0366,UTR,1.00,RESOLVED,,2025-04-05T00:00:00Z
idm-02304,BANK_TXN,RAZORPAY,core.settlements,SET-0367,BANK,core.bank_transactions,BNK-0367,UTR,1.00,RESOLVED,,2025-04-05T00:00:00Z
idm-02305,BANK_TXN,RAZORPAY,core.settlements,SET-0368,BANK,core.bank_transactions,BNK-0368,UTR,1.00,RESOLVED,,2025-04-05T00:00:00Z
idm-02306,BANK_TXN,RAZORPAY,core.settlements,SET-0369,BANK,core.bank_transactions,BNK-0369,UTR,1.00,RESOLVED,,2025-04-05T00:00:00Z
idm-02307,BANK_TXN,RAZORPAY,core.settlements,SET-0370,BANK,core.bank_transactions,BNK-0370,UTR,1.00,RESOLVED,,2025-04-05T00:00:00Z
idm-02308,BANK_TXN,RAZORPAY,core.settlements,SET-0371,BANK,core.bank_transactions,BNK-0371,UTR,1.00,RESOLVED,,2025-04-05T00:00:00Z
idm-02309,BANK_TXN,RAZORPAY,core.settlements,SET-0372,BANK,core.bank_transactions,BNK-0372,UTR,1.00,RESOLVED,,2025-04-05T00:00:00Z
idm-02310,BANK_TXN,RAZORPAY,core.settlements,SET-0373,BANK,core.bank_transactions,BNK-0373,UTR,1.00,RESOLVED,,2025-04-05T00:00:00Z
idm-02311,BANK_TXN,RAZORPAY,core.settlements,SET-0374,BANK,core.bank_transactions,BNK-0374,UTR,1.00,RESOLVED,,2025-04-05T00:00:00Z
idm-02312,BANK_TXN,RAZORPAY,core.settlements,SET-0375,BANK,core.bank_transactions,BNK-0375,UTR,1.00,RESOLVED,,2025-04-05T00:00:00Z
idm-02313,BANK_TXN,RAZORPAY,core.settlements,SET-0376,BANK,core.bank_transactions,BNK-0376,UTR,1.00,RESOLVED,,2025-04-05T00:00:00Z
idm-02314,BANK_TXN,RAZORPAY,core.settlements,SET-0377,BANK,core.bank_transactions,BNK-0377,UTR,1.00,RESOLVED,,2025-04-05T00:00:00Z
idm-02315,BANK_TXN,RAZORPAY,core.settlements,SET-0378,BANK,core.bank_transactions,BNK-0378,UTR,1.00,RESOLVED,,2025-04-05T00:00:00Z
idm-02316,BANK_TXN,RAZORPAY,core.settlements,SET-0379,BANK,core.bank_transactions,BNK-0379,UTR,1.00,RESOLVED,,2025-04-05T00:00:00Z
idm-02317,BANK_TXN,RAZORPAY,core.settlements,SET-0380,BANK,core.bank_transactions,BNK-0380,UTR,1.00,RESOLVED,,2025-04-05T00:00:00Z
idm-02318,BANK_TXN,RAZORPAY,core.settlements,SET-0381,BANK,core.bank_transactions,BNK-0381,UTR,1.00,RESOLVED,,2025-04-05T00:00:00Z
idm-02319,BANK_TXN,RAZORPAY,core.settlements,SET-0382,BANK,core.bank_transactions,BNK-0382,UTR,1.00,RESOLVED,,2025-04-05T00:00:00Z
idm-02320,BANK_TXN,RAZORPAY,core.settlements,SET-0383,BANK,core.bank_transactions,BNK-0383,UTR,1.00,RESOLVED,,2025-04-05T00:00:00Z
idm-02321,BANK_TXN,RAZORPAY,core.settlements,SET-0384,BANK,core.bank_transactions,BNK-0384,UTR,1.00,RESOLVED,,2025-04-05T00:00:00Z
idm-02322,BANK_TXN,RAZORPAY,core.settlements,SET-0385,BANK,core.bank_transactions,BNK-0385,UTR,1.00,RESOLVED,,2025-04-05T00:00:00Z
idm-02323,BANK_TXN,RAZORPAY,core.settlements,SET-0386,BANK,core.bank_transactions,BNK-0386,UTR,1.00,RESOLVED,,2025-04-05T00:00:00Z
idm-02324,BANK_TXN,RAZORPAY,core.settlements,SET-0387,BANK,core.bank_transactions,,UTR,0.40,UNRESOLVED,,2025-04-05T00:00:00Z
idm-02325,BANK_TXN,RAZORPAY,core.settlements,SET-0388,BANK,core.bank_transactions,BNK-0388,UTR,1.00,RESOLVED,,2025-04-05T00:00:00Z
idm-02326,BANK_TXN,RAZORPAY,core.settlements,SET-0389,BANK,core.bank_transactions,BNK-0389,UTR,1.00,RESOLVED,,2025-04-05T00:00:00Z
idm-02327,BANK_TXN,RAZORPAY,core.settlements,SET-0390,BANK,core.bank_transactions,BNK-0390,UTR,1.00,RESOLVED,,2025-04-05T00:00:00Z
idm-02328,BANK_TXN,RAZORPAY,core.settlements,SET-0391,BANK,core.bank_transactions,BNK-0391,UTR,1.00,RESOLVED,,2025-04-05T00:00:00Z
idm-02329,BANK_TXN,RAZORPAY,core.settlements,SET-0392,BANK,core.bank_transactions,BNK-0392,UTR,1.00,RESOLVED,,2025-04-05T00:00:00Z
idm-02330,BANK_TXN,RAZORPAY,core.settlements,SET-0393,BANK,core.bank_transactions,BNK-0393,UTR,1.00,RESOLVED,,2025-04-05T00:00:00Z
idm-02331,BANK_TXN,RAZORPAY,core.settlements,SET-0394,BANK,core.bank_transactions,BNK-0394,UTR,1.00,RESOLVED,,2025-04-05T00:00:00Z
idm-02332,BANK_TXN,RAZORPAY,core.settlements,SET-0395,BANK,core.bank_transactions,BNK-0395,UTR,1.00,RESOLVED,,2025-04-05T00:00:00Z
idm-02333,BANK_TXN,RAZORPAY,core.settlements,SET-0396,BANK,core.bank_transactions,BNK-0396,UTR,1.00,RESOLVED,,2025-04-05T00:00:00Z
idm-02334,BANK_TXN,RAZORPAY,core.settlements,SET-0398,BANK,core.bank_transactions,BNK-0398,UTR,1.00,RESOLVED,,2025-04-05T00:00:00Z
idm-02335,BANK_TXN,RAZORPAY,core.settlements,SET-0399,BANK,core.bank_transactions,BNK-0399,UTR,1.00,RESOLVED,,2025-04-05T00:00:00Z
idm-02336,BANK_TXN,RAZORPAY,core.settlements,SET-0400,BANK,core.bank_transactions,BNK-0400,UTR,1.00,RESOLVED,,2025-04-05T00:00:00Z
idm-02337,BANK_TXN,RAZORPAY,core.settlements,SET-0401,BANK,core.bank_transactions,BNK-0401,UTR,1.00,RESOLVED,,2025-04-05T00:00:00Z
idm-02338,BANK_TXN,RAZORPAY,core.settlements,SET-0402,BANK,core.bank_transactions,BNK-0402,UTR,1.00,RESOLVED,,2025-04-05T00:00:00Z
idm-02339,BANK_TXN,RAZORPAY,core.settlements,SET-0403,BANK,core.bank_transactions,BNK-0403,UTR,1.00,RESOLVED,,2025-04-05T00:00:00Z
idm-02340,BANK_TXN,RAZORPAY,core.settlements,SET-0404,BANK,core.bank_transactions,BNK-0404,UTR,1.00,RESOLVED,,2025-04-05T00:00:00Z
idm-02341,BANK_TXN,RAZORPAY,core.settlements,SET-0405,BANK,core.bank_transactions,BNK-0405,UTR,1.00,RESOLVED,,2025-04-05T00:00:00Z
idm-02342,BANK_TXN,RAZORPAY,core.settlements,SET-0406,BANK,core.bank_transactions,BNK-0406,UTR,1.00,RESOLVED,,2025-04-05T00:00:00Z
idm-02343,BANK_TXN,RAZORPAY,core.settlements,SET-0407,BANK,core.bank_transactions,BNK-0407,UTR,1.00,RESOLVED,,2025-04-05T00:00:00Z
idm-02344,BANK_TXN,RAZORPAY,core.settlements,SET-0408,BANK,core.bank_transactions,BNK-0408,UTR,1.00,RESOLVED,,2025-04-05T00:00:00Z
idm-02345,BANK_TXN,RAZORPAY,core.settlements,SET-0409,BANK,core.bank_transactions,BNK-0409,UTR,1.00,RESOLVED,,2025-04-05T00:00:00Z
idm-02346,BANK_TXN,RAZORPAY,core.settlements,SET-0410,BANK,core.bank_transactions,BNK-0410,UTR,1.00,RESOLVED,,2025-04-05T00:00:00Z
idm-02347,BANK_TXN,RAZORPAY,core.settlements,SET-0412,BANK,core.bank_transactions,BNK-0412,UTR,1.00,RESOLVED,,2025-04-05T00:00:00Z
idm-02348,BANK_TXN,RAZORPAY,core.settlements,SET-0413,BANK,core.bank_transactions,,UTR,0.40,UNRESOLVED,,2025-04-05T00:00:00Z
idm-02349,BANK_TXN,RAZORPAY,core.settlements,SET-0414,BANK,core.bank_transactions,BNK-0414,UTR,1.00,RESOLVED,,2025-04-05T00:00:00Z
idm-02350,BANK_TXN,RAZORPAY,core.settlements,SET-0415,BANK,core.bank_transactions,BNK-0415,UTR,1.00,RESOLVED,,2025-04-05T00:00:00Z
idm-02351,BANK_TXN,RAZORPAY,core.settlements,SET-0415-2,BANK,core.bank_transactions,BNK-0415-2,UTR,1.00,RESOLVED,,2025-04-05T00:00:00Z
idm-02352,BANK_TXN,RAZORPAY,core.settlements,SET-0416,BANK,core.bank_transactions,BNK-0416,UTR,1.00,RESOLVED,,2025-04-05T00:00:00Z
idm-02353,BANK_TXN,RAZORPAY,core.settlements,SET-0417,BANK,core.bank_transactions,BNK-0417,UTR,1.00,RESOLVED,,2025-04-05T00:00:00Z
idm-02354,BANK_TXN,RAZORPAY,core.settlements,SET-0418,BANK,core.bank_transactions,BNK-0418,UTR,1.00,RESOLVED,,2025-04-05T00:00:00Z
idm-02355,BANK_TXN,RAZORPAY,core.settlements,SET-0419,BANK,core.bank_transactions,BNK-0419,UTR,1.00,RESOLVED,,2025-04-05T00:00:00Z
idm-02356,BANK_TXN,RAZORPAY,core.settlements,SET-0420,BANK,core.bank_transactions,BNK-0420,UTR,1.00,RESOLVED,,2025-04-05T00:00:00Z
idm-02357,BANK_TXN,RAZORPAY,core.settlements,SET-0421,BANK,core.bank_transactions,BNK-0421,UTR,1.00,RESOLVED,,2025-04-05T00:00:00Z
idm-02358,BANK_TXN,RAZORPAY,core.settlements,SET-0422,BANK,core.bank_transactions,BNK-0422,UTR,1.00,RESOLVED,,2025-04-05T00:00:00Z
idm-02359,BANK_TXN,RAZORPAY,core.settlements,SET-0423,BANK,core.bank_transactions,BNK-0423,UTR,1.00,RESOLVED,,2025-04-05T00:00:00Z
idm-02360,BANK_TXN,RAZORPAY,core.settlements,SET-0424,BANK,core.bank_transactions,BNK-0424,UTR,1.00,RESOLVED,,2025-04-05T00:00:00Z
idm-02361,BANK_TXN,RAZORPAY,core.settlements,SET-0425,BANK,core.bank_transactions,BNK-0425,UTR,1.00,RESOLVED,,2025-04-05T00:00:00Z
idm-02362,BANK_TXN,RAZORPAY,core.settlements,SET-0426,BANK,core.bank_transactions,BNK-0426,UTR,1.00,RESOLVED,,2025-04-05T00:00:00Z
idm-02363,BANK_TXN,RAZORPAY,core.settlements,SET-0427,BANK,core.bank_transactions,BNK-0427,UTR,1.00,RESOLVED,,2025-04-05T00:00:00Z
idm-02364,BANK_TXN,RAZORPAY,core.settlements,SET-0428,BANK,core.bank_transactions,BNK-0428,UTR,1.00,RESOLVED,,2025-04-05T00:00:00Z
idm-02365,BANK_TXN,RAZORPAY,core.settlements,SET-0429,BANK,core.bank_transactions,BNK-0429,UTR,1.00,RESOLVED,,2025-04-05T00:00:00Z
idm-02366,BANK_TXN,RAZORPAY,core.settlements,SET-0430,BANK,core.bank_transactions,BNK-0430,UTR,1.00,RESOLVED,,2025-04-05T00:00:00Z
idm-02367,BANK_TXN,RAZORPAY,core.settlements,SET-0431,BANK,core.bank_transactions,BNK-0431,UTR,1.00,RESOLVED,,2025-04-05T00:00:00Z
idm-02368,BANK_TXN,RAZORPAY,core.settlements,SET-0432,BANK,core.bank_transactions,BNK-0432,UTR,1.00,RESOLVED,,2025-04-05T00:00:00Z
idm-02369,BANK_TXN,RAZORPAY,core.settlements,SET-0433,BANK,core.bank_transactions,BNK-0433,UTR,1.00,RESOLVED,,2025-04-05T00:00:00Z
idm-02370,BANK_TXN,RAZORPAY,core.settlements,SET-0434,BANK,core.bank_transactions,BNK-0434,UTR,1.00,RESOLVED,,2025-04-05T00:00:00Z
idm-02371,BANK_TXN,RAZORPAY,core.settlements,SET-0435,BANK,core.bank_transactions,BNK-0435,UTR,1.00,RESOLVED,,2025-04-05T00:00:00Z
idm-02372,BANK_TXN,RAZORPAY,core.settlements,SET-0436,BANK,core.bank_transactions,BNK-0436,UTR,1.00,RESOLVED,,2025-04-05T00:00:00Z
idm-02373,BANK_TXN,RAZORPAY,core.settlements,SET-0437,BANK,core.bank_transactions,BNK-0437,UTR,1.00,RESOLVED,,2025-04-05T00:00:00Z
idm-02374,BANK_TXN,RAZORPAY,core.settlements,SET-0438,BANK,core.bank_transactions,BNK-0438,UTR,1.00,RESOLVED,,2025-04-05T00:00:00Z
idm-02375,BANK_TXN,RAZORPAY,core.settlements,SET-0439,BANK,core.bank_transactions,BNK-0439,UTR,1.00,RESOLVED,,2025-04-05T00:00:00Z
idm-02376,BANK_TXN,RAZORPAY,core.settlements,SET-0440,BANK,core.bank_transactions,BNK-0440,UTR,1.00,RESOLVED,,2025-04-05T00:00:00Z
idm-02377,BANK_TXN,RAZORPAY,core.settlements,SET-0441,BANK,core.bank_transactions,BNK-0441,UTR,1.00,RESOLVED,,2025-04-05T00:00:00Z
idm-02378,BANK_TXN,RAZORPAY,core.settlements,SET-0442,BANK,core.bank_transactions,BNK-0442,UTR,1.00,RESOLVED,,2025-04-05T00:00:00Z
idm-02379,BANK_TXN,RAZORPAY,core.settlements,SET-0443,BANK,core.bank_transactions,BNK-0443,UTR,1.00,RESOLVED,,2025-04-05T00:00:00Z
idm-02380,BANK_TXN,RAZORPAY,core.settlements,SET-0444,BANK,core.bank_transactions,BNK-0444,UTR,1.00,RESOLVED,,2025-04-05T00:00:00Z
idm-02381,BANK_TXN,RAZORPAY,core.settlements,SET-0445,BANK,core.bank_transactions,BNK-0445,UTR,1.00,RESOLVED,,2025-04-05T00:00:00Z
idm-02382,BANK_TXN,RAZORPAY,core.settlements,SET-0446,BANK,core.bank_transactions,BNK-0446,UTR,1.00,RESOLVED,,2025-04-05T00:00:00Z
idm-02383,BANK_TXN,RAZORPAY,core.settlements,SET-0447,BANK,core.bank_transactions,BNK-0447,UTR,1.00,RESOLVED,,2025-04-05T00:00:00Z
idm-02384,BANK_TXN,RAZORPAY,core.settlements,SET-0448,BANK,core.bank_transactions,BNK-0448,UTR,1.00,RESOLVED,,2025-04-05T00:00:00Z
idm-02385,BANK_TXN,RAZORPAY,core.settlements,SET-0449,BANK,core.bank_transactions,BNK-0449,UTR,1.00,RESOLVED,,2025-04-05T00:00:00Z
idm-02386,BANK_TXN,RAZORPAY,core.settlements,SET-0450,BANK,core.bank_transactions,BNK-0450,UTR,1.00,RESOLVED,,2025-04-05T00:00:00Z
idm-02387,BANK_TXN,RAZORPAY,core.settlements,SET-0451,BANK,core.bank_transactions,BNK-0451,UTR,1.00,RESOLVED,,2025-04-05T00:00:00Z
idm-02388,BANK_TXN,RAZORPAY,core.settlements,SET-0452,BANK,core.bank_transactions,BNK-0452,UTR,1.00,RESOLVED,,2025-04-05T00:00:00Z
idm-02389,BANK_TXN,RAZORPAY,core.settlements,SET-0453,BANK,core.bank_transactions,BNK-0453,UTR,1.00,RESOLVED,,2025-04-05T00:00:00Z
idm-02390,BANK_TXN,RAZORPAY,core.settlements,SET-0454,BANK,core.bank_transactions,BNK-0454,UTR,1.00,RESOLVED,,2025-04-05T00:00:00Z
idm-02391,BANK_TXN,RAZORPAY,core.settlements,SET-0455,BANK,core.bank_transactions,BNK-0455,UTR,1.00,RESOLVED,,2025-04-05T00:00:00Z
idm-02392,BANK_TXN,RAZORPAY,core.settlements,SET-0456,BANK,core.bank_transactions,BNK-0456,UTR,1.00,RESOLVED,,2025-04-05T00:00:00Z
idm-02393,BANK_TXN,RAZORPAY,core.settlements,SET-0457,BANK,core.bank_transactions,BNK-0457,UTR,1.00,RESOLVED,,2025-04-05T00:00:00Z
idm-02394,BANK_TXN,RAZORPAY,core.settlements,SET-0458,BANK,core.bank_transactions,BNK-0458,UTR,1.00,RESOLVED,,2025-04-05T00:00:00Z
idm-02395,BANK_TXN,RAZORPAY,core.settlements,SET-0459,BANK,core.bank_transactions,BNK-0459,UTR,1.00,RESOLVED,,2025-04-05T00:00:00Z
idm-02396,BANK_TXN,RAZORPAY,core.settlements,SET-0460,BANK,core.bank_transactions,BNK-0460,UTR,1.00,RESOLVED,,2025-04-05T00:00:00Z
idm-02397,BANK_TXN,RAZORPAY,core.settlements,SET-0462,BANK,core.bank_transactions,BNK-0462,UTR,1.00,RESOLVED,,2025-04-05T00:00:00Z
idm-02398,BANK_TXN,RAZORPAY,core.settlements,SET-0464,BANK,core.bank_transactions,BNK-0464,UTR,1.00,RESOLVED,,2025-04-05T00:00:00Z
idm-02399,BANK_TXN,RAZORPAY,core.settlements,SET-0465,BANK,core.bank_transactions,BNK-0465,UTR,1.00,RESOLVED,,2025-04-05T00:00:00Z
idm-02400,BANK_TXN,RAZORPAY,core.settlements,SET-0466,BANK,core.bank_transactions,BNK-0466,UTR,1.00,RESOLVED,,2025-04-05T00:00:00Z
idm-02401,BANK_TXN,RAZORPAY,core.settlements,SET-0467,BANK,core.bank_transactions,BNK-0467,UTR,1.00,RESOLVED,,2025-04-05T00:00:00Z
idm-02402,BANK_TXN,RAZORPAY,core.settlements,SET-0468,BANK,core.bank_transactions,BNK-0468,UTR,1.00,RESOLVED,,2025-04-05T00:00:00Z
idm-02403,BANK_TXN,RAZORPAY,core.settlements,SET-0469,BANK,core.bank_transactions,BNK-0469,UTR,1.00,RESOLVED,,2025-04-05T00:00:00Z
idm-02404,BANK_TXN,RAZORPAY,core.settlements,SET-0470,BANK,core.bank_transactions,BNK-0470,UTR,1.00,RESOLVED,,2025-04-05T00:00:00Z
idm-02405,BANK_TXN,RAZORPAY,core.settlements,SET-0471,BANK,core.bank_transactions,BNK-0471,UTR,1.00,RESOLVED,,2025-04-05T00:00:00Z
idm-02406,BANK_TXN,RAZORPAY,core.settlements,SET-0472,BANK,core.bank_transactions,BNK-0472,UTR,1.00,RESOLVED,,2025-04-05T00:00:00Z
idm-02407,BANK_TXN,RAZORPAY,core.settlements,SET-0473,BANK,core.bank_transactions,BNK-0473,UTR,1.00,RESOLVED,,2025-04-05T00:00:00Z
idm-02408,BANK_TXN,RAZORPAY,core.settlements,SET-0474,BANK,core.bank_transactions,BNK-0474,UTR,1.00,RESOLVED,,2025-04-05T00:00:00Z
idm-02409,BANK_TXN,RAZORPAY,core.settlements,SET-0475,BANK,core.bank_transactions,BNK-0475,UTR,1.00,RESOLVED,,2025-04-05T00:00:00Z
idm-02410,BANK_TXN,RAZORPAY,core.settlements,SET-0476,BANK,core.bank_transactions,BNK-0476,UTR,1.00,RESOLVED,,2025-04-05T00:00:00Z
idm-02411,BANK_TXN,RAZORPAY,core.settlements,SET-0477,BANK,core.bank_transactions,BNK-0477,UTR,1.00,RESOLVED,,2025-04-05T00:00:00Z
idm-02412,BANK_TXN,RAZORPAY,core.settlements,SET-0478,BANK,core.bank_transactions,BNK-0478,UTR,1.00,RESOLVED,,2025-04-05T00:00:00Z
idm-02413,BANK_TXN,RAZORPAY,core.settlements,SET-0479,BANK,core.bank_transactions,BNK-0479,UTR,1.00,RESOLVED,,2025-04-05T00:00:00Z
idm-02414,BANK_TXN,RAZORPAY,core.settlements,SET-0479-2,BANK,core.bank_transactions,BNK-0479-2,UTR,1.00,RESOLVED,,2025-04-05T00:00:00Z
idm-02415,BANK_TXN,RAZORPAY,core.settlements,SET-0480,BANK,core.bank_transactions,BNK-0480,UTR,1.00,RESOLVED,,2025-04-05T00:00:00Z
idm-02416,BANK_TXN,RAZORPAY,core.settlements,SET-0481,BANK,core.bank_transactions,BNK-0481,UTR,1.00,RESOLVED,,2025-04-05T00:00:00Z
idm-02417,BANK_TXN,RAZORPAY,core.settlements,SET-0482,BANK,core.bank_transactions,BNK-0482,UTR,1.00,RESOLVED,,2025-04-05T00:00:00Z
idm-02418,BANK_TXN,RAZORPAY,core.settlements,SET-0483,BANK,core.bank_transactions,BNK-0483,UTR,1.00,RESOLVED,,2025-04-05T00:00:00Z
idm-02419,BANK_TXN,RAZORPAY,core.settlements,SET-0484,BANK,core.bank_transactions,BNK-0484,UTR,1.00,RESOLVED,,2025-04-05T00:00:00Z
idm-02420,BANK_TXN,RAZORPAY,core.settlements,SET-0485,BANK,core.bank_transactions,BNK-0485,UTR,1.00,RESOLVED,,2025-04-05T00:00:00Z
idm-02421,BANK_TXN,RAZORPAY,core.settlements,SET-0486,BANK,core.bank_transactions,BNK-0486,UTR,1.00,RESOLVED,,2025-04-05T00:00:00Z
idm-02422,BANK_TXN,RAZORPAY,core.settlements,SET-0487,BANK,core.bank_transactions,BNK-0487,UTR,1.00,RESOLVED,,2025-04-05T00:00:00Z
idm-02423,BANK_TXN,RAZORPAY,core.settlements,SET-0488,BANK,core.bank_transactions,BNK-0488,UTR,1.00,RESOLVED,,2025-04-05T00:00:00Z
idm-02424,BANK_TXN,RAZORPAY,core.settlements,SET-0489,BANK,core.bank_transactions,BNK-0489,UTR,1.00,RESOLVED,,2025-04-05T00:00:00Z
idm-02425,BANK_TXN,RAZORPAY,core.settlements,SET-0491,BANK,core.bank_transactions,BNK-0491,UTR,1.00,RESOLVED,,2025-04-05T00:00:00Z
idm-02426,BANK_TXN,RAZORPAY,core.settlements,SET-0492,BANK,core.bank_transactions,BNK-0492,UTR,1.00,RESOLVED,,2025-04-05T00:00:00Z
idm-02427,BANK_TXN,RAZORPAY,core.settlements,SET-0493,BANK,core.bank_transactions,BNK-0493,UTR,1.00,RESOLVED,,2025-04-05T00:00:00Z
idm-02428,BANK_TXN,RAZORPAY,core.settlements,SET-0494,BANK,core.bank_transactions,BNK-0494,UTR,1.00,RESOLVED,,2025-04-05T00:00:00Z
idm-02429,BANK_TXN,RAZORPAY,core.settlements,SET-0495,BANK,core.bank_transactions,BNK-0495,UTR,1.00,RESOLVED,,2025-04-05T00:00:00Z
idm-02430,BANK_TXN,RAZORPAY,core.settlements,SET-0496,BANK,core.bank_transactions,BNK-0496,UTR,1.00,RESOLVED,,2025-04-05T00:00:00Z
idm-02431,BANK_TXN,RAZORPAY,core.settlements,SET-0497,BANK,core.bank_transactions,BNK-0497,UTR,1.00,RESOLVED,,2025-04-05T00:00:00Z
idm-02432,BANK_TXN,RAZORPAY,core.settlements,SET-0499,BANK,core.bank_transactions,BNK-0499,UTR,1.00,RESOLVED,,2025-04-05T00:00:00Z
idm-02433,BANK_TXN,RAZORPAY,core.settlements,SET-0500,BANK,core.bank_transactions,BNK-0500,UTR,1.00,RESOLVED,,2025-04-05T00:00:00Z
idm-02434,BANK_TXN,RAZORPAY,core.settlements,SET-0502,BANK,core.bank_transactions,BNK-0502,UTR,1.00,RESOLVED,,2025-04-05T00:00:00Z
idm-02435,BANK_TXN,RAZORPAY,core.settlements,SET-0503,BANK,core.bank_transactions,BNK-0503,UTR,1.00,RESOLVED,,2025-04-05T00:00:00Z
idm-02436,BANK_TXN,RAZORPAY,core.settlements,SET-0504,BANK,core.bank_transactions,BNK-0504,UTR,1.00,RESOLVED,,2025-04-05T00:00:00Z
idm-02437,BANK_TXN,RAZORPAY,core.settlements,SET-0505,BANK,core.bank_transactions,BNK-0505,UTR,1.00,RESOLVED,,2025-04-05T00:00:00Z
idm-02438,BANK_TXN,RAZORPAY,core.settlements,SET-0506,BANK,core.bank_transactions,BNK-0506,UTR,1.00,RESOLVED,,2025-04-05T00:00:00Z
idm-02439,BANK_TXN,RAZORPAY,core.settlements,SET-0507,BANK,core.bank_transactions,BNK-0507,UTR,1.00,RESOLVED,,2025-04-05T00:00:00Z
idm-02440,BANK_TXN,RAZORPAY,core.settlements,SET-0507-2,BANK,core.bank_transactions,BNK-0507-2,UTR,1.00,RESOLVED,,2025-04-05T00:00:00Z
idm-02441,BANK_TXN,RAZORPAY,core.settlements,SET-0508,BANK,core.bank_transactions,BNK-0508,UTR,1.00,RESOLVED,,2025-04-05T00:00:00Z
idm-02442,BANK_TXN,RAZORPAY,core.settlements,SET-0509,BANK,core.bank_transactions,BNK-0509,UTR,1.00,RESOLVED,,2025-04-05T00:00:00Z
idm-02443,BANK_TXN,RAZORPAY,core.settlements,SET-0510,BANK,core.bank_transactions,BNK-0510,UTR,1.00,RESOLVED,,2025-04-05T00:00:00Z
idm-02444,BANK_TXN,RAZORPAY,core.settlements,SET-0511,BANK,core.bank_transactions,BNK-0511,UTR,1.00,RESOLVED,,2025-04-05T00:00:00Z
idm-02445,BANK_TXN,RAZORPAY,core.settlements,SET-0512,BANK,core.bank_transactions,BNK-0512,UTR,1.00,RESOLVED,,2025-04-05T00:00:00Z
idm-02446,BANK_TXN,RAZORPAY,core.settlements,SET-0513,BANK,core.bank_transactions,BNK-0513,UTR,1.00,RESOLVED,,2025-04-05T00:00:00Z
idm-02447,BANK_TXN,RAZORPAY,core.settlements,SET-0515,BANK,core.bank_transactions,BNK-0515,UTR,1.00,RESOLVED,,2025-04-05T00:00:00Z
idm-02448,BANK_TXN,RAZORPAY,core.settlements,SET-0516,BANK,core.bank_transactions,BNK-0516,UTR,1.00,RESOLVED,,2025-04-05T00:00:00Z
idm-02449,BANK_TXN,RAZORPAY,core.settlements,SET-0517,BANK,core.bank_transactions,BNK-0517,UTR,1.00,RESOLVED,,2025-04-05T00:00:00Z
idm-02450,BANK_TXN,RAZORPAY,core.settlements,SET-0517-2,BANK,core.bank_transactions,BNK-0517-2,UTR,1.00,RESOLVED,,2025-04-05T00:00:00Z
idm-02451,BANK_TXN,RAZORPAY,core.settlements,SET-0518,BANK,core.bank_transactions,BNK-0518,UTR,1.00,RESOLVED,,2025-04-05T00:00:00Z
idm-02452,BANK_TXN,RAZORPAY,core.settlements,SET-0519,BANK,core.bank_transactions,BNK-0519,UTR,1.00,RESOLVED,,2025-04-05T00:00:00Z
idm-02453,BANK_TXN,RAZORPAY,core.settlements,SET-0520,BANK,core.bank_transactions,BNK-0520,UTR,1.00,RESOLVED,,2025-04-05T00:00:00Z
idm-02454,BANK_TXN,RAZORPAY,core.settlements,SET-0521,BANK,core.bank_transactions,BNK-0521,UTR,1.00,RESOLVED,,2025-04-05T00:00:00Z
idm-02455,BANK_TXN,RAZORPAY,core.settlements,SET-0522,BANK,core.bank_transactions,BNK-0522,UTR,1.00,RESOLVED,,2025-04-05T00:00:00Z
idm-02456,BANK_TXN,RAZORPAY,core.settlements,SET-0523,BANK,core.bank_transactions,BNK-0523,UTR,1.00,RESOLVED,,2025-04-05T00:00:00Z
idm-02457,BANK_TXN,RAZORPAY,core.settlements,SET-0524,BANK,core.bank_transactions,BNK-0524,UTR,1.00,RESOLVED,,2025-04-05T00:00:00Z
idm-02458,BANK_TXN,RAZORPAY,core.settlements,SET-0525,BANK,core.bank_transactions,BNK-0525,UTR,1.00,RESOLVED,,2025-04-05T00:00:00Z
idm-02459,BANK_TXN,RAZORPAY,core.settlements,SET-0526,BANK,core.bank_transactions,BNK-0526,UTR,1.00,RESOLVED,,2025-04-05T00:00:00Z
idm-02460,BANK_TXN,RAZORPAY,core.settlements,SET-0527,BANK,core.bank_transactions,BNK-0527,UTR,1.00,RESOLVED,,2025-04-05T00:00:00Z
idm-02461,BANK_TXN,RAZORPAY,core.settlements,SET-0528,BANK,core.bank_transactions,BNK-0528,UTR,1.00,RESOLVED,,2025-04-05T00:00:00Z
idm-02462,BANK_TXN,RAZORPAY,core.settlements,SET-0530,BANK,core.bank_transactions,BNK-0530,UTR,1.00,RESOLVED,,2025-04-05T00:00:00Z
idm-02463,BANK_TXN,RAZORPAY,core.settlements,SET-0531,BANK,core.bank_transactions,BNK-0531,UTR,1.00,RESOLVED,,2025-04-05T00:00:00Z
idm-02464,BANK_TXN,RAZORPAY,core.settlements,SET-0532,BANK,core.bank_transactions,BNK-0532,UTR,1.00,RESOLVED,,2025-04-05T00:00:00Z
idm-02465,BANK_TXN,RAZORPAY,core.settlements,SET-0533,BANK,core.bank_transactions,BNK-0533,UTR,1.00,RESOLVED,,2025-04-05T00:00:00Z
idm-02466,BANK_TXN,RAZORPAY,core.settlements,SET-0534,BANK,core.bank_transactions,BNK-0534,UTR,1.00,RESOLVED,,2025-04-05T00:00:00Z
idm-02467,BANK_TXN,RAZORPAY,core.settlements,SET-0535,BANK,core.bank_transactions,BNK-0535,UTR,1.00,RESOLVED,,2025-04-05T00:00:00Z
idm-02468,BANK_TXN,RAZORPAY,core.settlements,SET-0536,BANK,core.bank_transactions,BNK-0536,UTR,1.00,RESOLVED,,2025-04-05T00:00:00Z
idm-02469,BANK_TXN,RAZORPAY,core.settlements,SET-0537,BANK,core.bank_transactions,BNK-0537,UTR,1.00,RESOLVED,,2025-04-05T00:00:00Z
idm-02470,BANK_TXN,RAZORPAY,core.settlements,SET-0538,BANK,core.bank_transactions,BNK-0538,UTR,1.00,RESOLVED,,2025-04-05T00:00:00Z
idm-02471,BANK_TXN,RAZORPAY,core.settlements,SET-0539,BANK,core.bank_transactions,BNK-0539,UTR,1.00,RESOLVED,,2025-04-05T00:00:00Z
idm-02472,BANK_TXN,RAZORPAY,core.settlements,SET-0540,BANK,core.bank_transactions,BNK-0540,UTR,1.00,RESOLVED,,2025-04-05T00:00:00Z
idm-02473,BANK_TXN,RAZORPAY,core.settlements,SET-0541,BANK,core.bank_transactions,BNK-0541,UTR,1.00,RESOLVED,,2025-04-05T00:00:00Z
idm-02474,BANK_TXN,RAZORPAY,core.settlements,SET-0542,BANK,core.bank_transactions,BNK-0542,UTR,1.00,RESOLVED,,2025-04-05T00:00:00Z
idm-02475,BANK_TXN,RAZORPAY,core.settlements,SET-0542-2,BANK,core.bank_transactions,BNK-0542-2,UTR,1.00,RESOLVED,,2025-04-05T00:00:00Z
idm-02476,BANK_TXN,RAZORPAY,core.settlements,SET-0543,BANK,core.bank_transactions,BNK-0543,UTR,1.00,RESOLVED,,2025-04-05T00:00:00Z
idm-02477,BANK_TXN,RAZORPAY,core.settlements,SET-0544,BANK,core.bank_transactions,BNK-0544,UTR,1.00,RESOLVED,,2025-04-05T00:00:00Z
idm-02478,BANK_TXN,RAZORPAY,core.settlements,SET-0545,BANK,core.bank_transactions,BNK-0545,UTR,1.00,RESOLVED,,2025-04-05T00:00:00Z
idm-02479,BANK_TXN,RAZORPAY,core.settlements,SET-0546,BANK,core.bank_transactions,BNK-0546,UTR,1.00,RESOLVED,,2025-04-05T00:00:00Z
idm-02480,BANK_TXN,RAZORPAY,core.settlements,SET-0547,BANK,core.bank_transactions,BNK-0547,UTR,1.00,RESOLVED,,2025-04-05T00:00:00Z
idm-02481,BANK_TXN,RAZORPAY,core.settlements,SET-0548,BANK,core.bank_transactions,BNK-0548,UTR,1.00,RESOLVED,,2025-04-05T00:00:00Z
idm-02482,BANK_TXN,RAZORPAY,core.settlements,SET-0549,BANK,core.bank_transactions,BNK-0549,UTR,1.00,RESOLVED,,2025-04-05T00:00:00Z
idm-02483,BANK_TXN,RAZORPAY,core.settlements,SET-0550,BANK,core.bank_transactions,BNK-0550,UTR,1.00,RESOLVED,,2025-04-05T00:00:00Z
idm-02484,BANK_TXN,RAZORPAY,core.settlements,SET-0551,BANK,core.bank_transactions,BNK-0551,UTR,1.00,RESOLVED,,2025-04-05T00:00:00Z
idm-02485,BANK_TXN,RAZORPAY,core.settlements,SET-0552,BANK,core.bank_transactions,BNK-0552,UTR,1.00,RESOLVED,,2025-04-05T00:00:00Z
idm-02486,BANK_TXN,RAZORPAY,core.settlements,SET-0553,BANK,core.bank_transactions,BNK-0553,UTR,1.00,RESOLVED,,2025-04-05T00:00:00Z
idm-02487,BANK_TXN,RAZORPAY,core.settlements,SET-0554,BANK,core.bank_transactions,BNK-0554,UTR,1.00,RESOLVED,,2025-04-05T00:00:00Z
idm-02488,BANK_TXN,RAZORPAY,core.settlements,SET-0555,BANK,core.bank_transactions,BNK-0555,UTR,1.00,RESOLVED,,2025-04-05T00:00:00Z
idm-02489,BANK_TXN,RAZORPAY,core.settlements,SET-0555-2,BANK,core.bank_transactions,BNK-0555-2,UTR,1.00,RESOLVED,,2025-04-05T00:00:00Z
idm-02490,BANK_TXN,RAZORPAY,core.settlements,SET-0557,BANK,core.bank_transactions,BNK-0557,UTR,1.00,RESOLVED,,2025-04-05T00:00:00Z
idm-02491,BANK_TXN,RAZORPAY,core.settlements,SET-0558,BANK,core.bank_transactions,BNK-0558,UTR,1.00,RESOLVED,,2025-04-05T00:00:00Z
idm-02492,BANK_TXN,RAZORPAY,core.settlements,SET-0559,BANK,core.bank_transactions,BNK-0559,UTR,1.00,RESOLVED,,2025-04-05T00:00:00Z
idm-02493,BANK_TXN,RAZORPAY,core.settlements,SET-0559-2,BANK,core.bank_transactions,BNK-0559-2,UTR,1.00,RESOLVED,,2025-04-05T00:00:00Z
idm-02494,BANK_TXN,RAZORPAY,core.settlements,SET-0560,BANK,core.bank_transactions,,UTR,0.40,UNRESOLVED,,2025-04-05T00:00:00Z
idm-02495,BANK_TXN,RAZORPAY,core.settlements,SET-0561,BANK,core.bank_transactions,BNK-0561,UTR,1.00,RESOLVED,,2025-04-05T00:00:00Z
idm-02496,BANK_TXN,RAZORPAY,core.settlements,SET-0562,BANK,core.bank_transactions,BNK-0562,UTR,1.00,RESOLVED,,2025-04-05T00:00:00Z
idm-02497,BANK_TXN,RAZORPAY,core.settlements,SET-0563,BANK,core.bank_transactions,BNK-0563,UTR,1.00,RESOLVED,,2025-04-05T00:00:00Z
idm-02498,BANK_TXN,RAZORPAY,core.settlements,SET-0564,BANK,core.bank_transactions,BNK-0564,UTR,1.00,RESOLVED,,2025-04-05T00:00:00Z
idm-02499,BANK_TXN,RAZORPAY,core.settlements,SET-0565,BANK,core.bank_transactions,BNK-0565,UTR,1.00,RESOLVED,,2025-04-05T00:00:00Z
idm-02500,BANK_TXN,RAZORPAY,core.settlements,SET-0566,BANK,core.bank_transactions,BNK-0566,UTR,1.00,RESOLVED,,2025-04-05T00:00:00Z
idm-02501,BANK_TXN,RAZORPAY,core.settlements,SET-0567,BANK,core.bank_transactions,BNK-0567,UTR,1.00,RESOLVED,,2025-04-05T00:00:00Z
idm-02502,BANK_TXN,RAZORPAY,core.settlements,SET-0569,BANK,core.bank_transactions,BNK-0569,UTR,1.00,RESOLVED,,2025-04-05T00:00:00Z
idm-02503,BANK_TXN,RAZORPAY,core.settlements,SET-0570,BANK,core.bank_transactions,BNK-0570,UTR,1.00,RESOLVED,,2025-04-05T00:00:00Z
idm-02504,BANK_TXN,RAZORPAY,core.settlements,SET-0571,BANK,core.bank_transactions,BNK-0571,UTR,1.00,RESOLVED,,2025-04-05T00:00:00Z
idm-02505,BANK_TXN,RAZORPAY,core.settlements,SET-0572,BANK,core.bank_transactions,BNK-0572,UTR,1.00,RESOLVED,,2025-04-05T00:00:00Z
idm-02506,BANK_TXN,RAZORPAY,core.settlements,SET-0573,BANK,core.bank_transactions,BNK-0573,UTR,1.00,RESOLVED,,2025-04-05T00:00:00Z
idm-02507,BANK_TXN,RAZORPAY,core.settlements,SET-0574,BANK,core.bank_transactions,BNK-0574,UTR,1.00,RESOLVED,,2025-04-05T00:00:00Z
idm-02508,BANK_TXN,RAZORPAY,core.settlements,SET-0575,BANK,core.bank_transactions,BNK-0575,UTR,1.00,RESOLVED,,2025-04-05T00:00:00Z
idm-02509,BANK_TXN,RAZORPAY,core.settlements,SET-0576,BANK,core.bank_transactions,BNK-0576,UTR,1.00,RESOLVED,,2025-04-05T00:00:00Z
idm-02510,BANK_TXN,RAZORPAY,core.settlements,SET-0577,BANK,core.bank_transactions,BNK-0577,UTR,1.00,RESOLVED,,2025-04-05T00:00:00Z
idm-02511,BANK_TXN,RAZORPAY,core.settlements,SET-0578,BANK,core.bank_transactions,BNK-0578,UTR,1.00,RESOLVED,,2025-04-05T00:00:00Z
idm-02512,BANK_TXN,RAZORPAY,core.settlements,SET-0580,BANK,core.bank_transactions,BNK-0580,UTR,1.00,RESOLVED,,2025-04-05T00:00:00Z
idm-02513,BANK_TXN,RAZORPAY,core.settlements,SET-0581,BANK,core.bank_transactions,BNK-0581,UTR,1.00,RESOLVED,,2025-04-05T00:00:00Z
idm-02514,BANK_TXN,RAZORPAY,core.settlements,SET-0582,BANK,core.bank_transactions,BNK-0582,UTR,1.00,RESOLVED,,2025-04-05T00:00:00Z
idm-02515,BANK_TXN,RAZORPAY,core.settlements,SET-0583,BANK,core.bank_transactions,BNK-0583,UTR,1.00,RESOLVED,,2025-04-05T00:00:00Z
idm-02516,BANK_TXN,RAZORPAY,core.settlements,SET-0584,BANK,core.bank_transactions,BNK-0584,UTR,1.00,RESOLVED,,2025-04-05T00:00:00Z
idm-02517,BANK_TXN,RAZORPAY,core.settlements,SET-0585,BANK,core.bank_transactions,BNK-0585,UTR,1.00,RESOLVED,,2025-04-05T00:00:00Z
idm-02518,BANK_TXN,RAZORPAY,core.settlements,SET-0586,BANK,core.bank_transactions,BNK-0586,UTR,1.00,RESOLVED,,2025-04-05T00:00:00Z
idm-02519,BANK_TXN,RAZORPAY,core.settlements,SET-0587,BANK,core.bank_transactions,BNK-0587,UTR,1.00,RESOLVED,,2025-04-05T00:00:00Z
idm-02520,BANK_TXN,RAZORPAY,core.settlements,SET-0588,BANK,core.bank_transactions,BNK-0588,UTR,1.00,RESOLVED,,2025-04-05T00:00:00Z
idm-02521,BANK_TXN,RAZORPAY,core.settlements,SET-0589,BANK,core.bank_transactions,BNK-0589,UTR,1.00,RESOLVED,,2025-04-05T00:00:00Z
idm-02522,BANK_TXN,RAZORPAY,core.settlements,SET-0590,BANK,core.bank_transactions,BNK-0590,UTR,1.00,RESOLVED,,2025-04-05T00:00:00Z
idm-02523,BANK_TXN,RAZORPAY,core.settlements,SET-0591,BANK,core.bank_transactions,BNK-0591,UTR,1.00,RESOLVED,,2025-04-05T00:00:00Z
idm-02524,BANK_TXN,RAZORPAY,core.settlements,SET-0592,BANK,core.bank_transactions,BNK-0592,UTR,1.00,RESOLVED,,2025-04-05T00:00:00Z
idm-02525,BANK_TXN,RAZORPAY,core.settlements,SET-0593,BANK,core.bank_transactions,BNK-0593,UTR,1.00,RESOLVED,,2025-04-05T00:00:00Z
idm-02526,BANK_TXN,RAZORPAY,core.settlements,SET-0594,BANK,core.bank_transactions,BNK-0594,UTR,1.00,RESOLVED,,2025-04-05T00:00:00Z
idm-02527,BANK_TXN,RAZORPAY,core.settlements,SET-0595,BANK,core.bank_transactions,BNK-0595,UTR,1.00,RESOLVED,,2025-04-05T00:00:00Z
idm-02528,BANK_TXN,RAZORPAY,core.settlements,SET-0596,BANK,core.bank_transactions,BNK-0596,UTR,1.00,RESOLVED,,2025-04-05T00:00:00Z
idm-02529,BANK_TXN,RAZORPAY,core.settlements,SET-0597,BANK,core.bank_transactions,BNK-0597,UTR,1.00,RESOLVED,,2025-04-05T00:00:00Z
idm-02530,BANK_TXN,RAZORPAY,core.settlements,SET-0598,BANK,core.bank_transactions,BNK-0598,UTR,1.00,RESOLVED,,2025-04-05T00:00:00Z
idm-02531,BANK_TXN,RAZORPAY,core.settlements,SET-0599,BANK,core.bank_transactions,BNK-0599,UTR,1.00,RESOLVED,,2025-04-05T00:00:00Z
idm-02532,BANK_TXN,RAZORPAY,core.settlements,SET-0600,BANK,core.bank_transactions,BNK-0600,UTR,1.00,RESOLVED,,2025-04-05T00:00:00Z
idm-02533,BANK_TXN,RAZORPAY,core.settlements,SET-0601,BANK,core.bank_transactions,BNK-0601,UTR,1.00,RESOLVED,,2025-04-05T00:00:00Z
idm-02534,BANK_TXN,RAZORPAY,core.settlements,SET-0602,BANK,core.bank_transactions,BNK-0602,UTR,1.00,RESOLVED,,2025-04-05T00:00:00Z
idm-02535,BANK_TXN,RAZORPAY,core.settlements,SET-0604,BANK,core.bank_transactions,BNK-0604,UTR,1.00,RESOLVED,,2025-04-05T00:00:00Z
idm-02536,BANK_TXN,RAZORPAY,core.settlements,SET-0605,BANK,core.bank_transactions,BNK-0605,UTR,1.00,RESOLVED,,2025-04-05T00:00:00Z
idm-02537,BANK_TXN,RAZORPAY,core.settlements,SET-0606,BANK,core.bank_transactions,BNK-0606,UTR,1.00,RESOLVED,,2025-04-05T00:00:00Z
idm-02538,BANK_TXN,RAZORPAY,core.settlements,SET-0607,BANK,core.bank_transactions,BNK-0607,UTR,1.00,RESOLVED,,2025-04-05T00:00:00Z
idm-02539,BANK_TXN,RAZORPAY,core.settlements,SET-0608,BANK,core.bank_transactions,BNK-0608,UTR,1.00,RESOLVED,,2025-04-05T00:00:00Z
idm-02540,BANK_TXN,RAZORPAY,core.settlements,SET-0609,BANK,core.bank_transactions,BNK-0609,UTR,1.00,RESOLVED,,2025-04-05T00:00:00Z
idm-02541,BANK_TXN,RAZORPAY,core.settlements,SET-0610,BANK,core.bank_transactions,BNK-0610,UTR,1.00,RESOLVED,,2025-04-05T00:00:00Z
idm-02542,BANK_TXN,RAZORPAY,core.settlements,SET-0612,BANK,core.bank_transactions,BNK-0612,UTR,1.00,RESOLVED,,2025-04-05T00:00:00Z
idm-02543,BANK_TXN,RAZORPAY,core.settlements,SET-0613,BANK,core.bank_transactions,BNK-0613,UTR,1.00,RESOLVED,,2025-04-05T00:00:00Z
idm-02544,BANK_TXN,RAZORPAY,core.settlements,SET-0615,BANK,core.bank_transactions,BNK-0615,UTR,1.00,RESOLVED,,2025-04-05T00:00:00Z
idm-02545,BANK_TXN,RAZORPAY,core.settlements,SET-0616,BANK,core.bank_transactions,BNK-0616,UTR,1.00,RESOLVED,,2025-04-05T00:00:00Z
idm-02546,BANK_TXN,RAZORPAY,core.settlements,SET-0617,BANK,core.bank_transactions,BNK-0617,UTR,1.00,RESOLVED,,2025-04-05T00:00:00Z
idm-02547,BANK_TXN,RAZORPAY,core.settlements,SET-0618,BANK,core.bank_transactions,BNK-0618,UTR,1.00,RESOLVED,,2025-04-05T00:00:00Z
idm-02548,BANK_TXN,RAZORPAY,core.settlements,SET-0619,BANK,core.bank_transactions,BNK-0619,UTR,1.00,RESOLVED,,2025-04-05T00:00:00Z
idm-02549,BANK_TXN,RAZORPAY,core.settlements,SET-0620,BANK,core.bank_transactions,BNK-0620,UTR,1.00,RESOLVED,,2025-04-05T00:00:00Z
idm-02550,BANK_TXN,RAZORPAY,core.settlements,SET-0621,BANK,core.bank_transactions,BNK-0621,UTR,1.00,RESOLVED,,2025-04-05T00:00:00Z
idm-02551,BANK_TXN,RAZORPAY,core.settlements,SET-0622,BANK,core.bank_transactions,,UTR,0.40,UNRESOLVED,,2025-04-05T00:00:00Z
idm-02552,BANK_TXN,RAZORPAY,core.settlements,SET-0624,BANK,core.bank_transactions,BNK-0624,UTR,1.00,RESOLVED,,2025-04-05T00:00:00Z
idm-02553,BANK_TXN,RAZORPAY,core.settlements,SET-0625,BANK,core.bank_transactions,BNK-0625,UTR,1.00,RESOLVED,,2025-04-05T00:00:00Z
idm-02554,BANK_TXN,RAZORPAY,core.settlements,SET-0626,BANK,core.bank_transactions,BNK-0626,UTR,1.00,RESOLVED,,2025-04-05T00:00:00Z
idm-02555,BANK_TXN,RAZORPAY,core.settlements,SET-0627,BANK,core.bank_transactions,,UTR,0.40,UNRESOLVED,,2025-04-05T00:00:00Z
idm-02556,BANK_TXN,RAZORPAY,core.settlements,SET-0628,BANK,core.bank_transactions,BNK-0628,UTR,1.00,RESOLVED,,2025-04-05T00:00:00Z
idm-02557,BANK_TXN,RAZORPAY,core.settlements,SET-0629,BANK,core.bank_transactions,BNK-0629,UTR,1.00,RESOLVED,,2025-04-05T00:00:00Z
idm-02558,BANK_TXN,RAZORPAY,core.settlements,SET-0630,BANK,core.bank_transactions,BNK-0630,UTR,1.00,RESOLVED,,2025-04-05T00:00:00Z
idm-02559,BANK_TXN,RAZORPAY,core.settlements,SET-0631,BANK,core.bank_transactions,BNK-0631,UTR,1.00,RESOLVED,,2025-04-05T00:00:00Z
idm-02560,BANK_TXN,RAZORPAY,core.settlements,SET-0632,BANK,core.bank_transactions,BNK-0632,UTR,1.00,RESOLVED,,2025-04-05T00:00:00Z
idm-02561,BANK_TXN,RAZORPAY,core.settlements,SET-0633,BANK,core.bank_transactions,BNK-0633,UTR,1.00,RESOLVED,,2025-04-05T00:00:00Z
idm-02562,BANK_TXN,RAZORPAY,core.settlements,SET-0634,BANK,core.bank_transactions,BNK-0634,UTR,1.00,RESOLVED,,2025-04-05T00:00:00Z
idm-02563,BANK_TXN,RAZORPAY,core.settlements,SET-0636,BANK,core.bank_transactions,BNK-0636,UTR,1.00,RESOLVED,,2025-04-05T00:00:00Z
idm-02564,BANK_TXN,RAZORPAY,core.settlements,SET-0636-2,BANK,core.bank_transactions,BNK-0636-2,UTR,1.00,RESOLVED,,2025-04-05T00:00:00Z
idm-02565,BANK_TXN,RAZORPAY,core.settlements,SET-0637,BANK,core.bank_transactions,BNK-0637,UTR,1.00,RESOLVED,,2025-04-05T00:00:00Z
idm-02566,BANK_TXN,RAZORPAY,core.settlements,SET-0638,BANK,core.bank_transactions,BNK-0638,UTR,1.00,RESOLVED,,2025-04-05T00:00:00Z
idm-02567,BANK_TXN,RAZORPAY,core.settlements,SET-0639,BANK,core.bank_transactions,BNK-0639,UTR,1.00,RESOLVED,,2025-04-05T00:00:00Z
idm-02568,BANK_TXN,RAZORPAY,core.settlements,SET-0640,BANK,core.bank_transactions,BNK-0640,UTR,1.00,RESOLVED,,2025-04-05T00:00:00Z
idm-02569,BANK_TXN,RAZORPAY,core.settlements,SET-0641,BANK,core.bank_transactions,BNK-0641,UTR,1.00,RESOLVED,,2025-04-05T00:00:00Z
idm-02570,BANK_TXN,RAZORPAY,core.settlements,SET-0642,BANK,core.bank_transactions,BNK-0642,UTR,1.00,RESOLVED,,2025-04-05T00:00:00Z
idm-02571,BANK_TXN,RAZORPAY,core.settlements,SET-0643,BANK,core.bank_transactions,BNK-0643,UTR,1.00,RESOLVED,,2025-04-05T00:00:00Z
idm-02572,BANK_TXN,RAZORPAY,core.settlements,SET-0644,BANK,core.bank_transactions,BNK-0644,UTR,1.00,RESOLVED,,2025-04-05T00:00:00Z
idm-02573,BANK_TXN,RAZORPAY,core.settlements,SET-0645,BANK,core.bank_transactions,BNK-0645,UTR,1.00,RESOLVED,,2025-04-05T00:00:00Z
idm-02574,BANK_TXN,RAZORPAY,core.settlements,SET-0646,BANK,core.bank_transactions,BNK-0646,UTR,1.00,RESOLVED,,2025-04-05T00:00:00Z
idm-02575,BANK_TXN,RAZORPAY,core.settlements,SET-0647,BANK,core.bank_transactions,BNK-0647,UTR,1.00,RESOLVED,,2025-04-05T00:00:00Z
idm-02576,BANK_TXN,RAZORPAY,core.settlements,SET-0648,BANK,core.bank_transactions,BNK-0648,UTR,1.00,RESOLVED,,2025-04-05T00:00:00Z
idm-02577,BANK_TXN,RAZORPAY,core.settlements,SET-0649,BANK,core.bank_transactions,BNK-0649,UTR,1.00,RESOLVED,,2025-04-05T00:00:00Z
idm-02578,BANK_TXN,RAZORPAY,core.settlements,SET-0650,BANK,core.bank_transactions,BNK-0650,UTR,1.00,RESOLVED,,2025-04-05T00:00:00Z
idm-02579,BANK_TXN,RAZORPAY,core.settlements,SET-0651,BANK,core.bank_transactions,BNK-0651,UTR,1.00,RESOLVED,,2025-04-05T00:00:00Z
idm-02580,BANK_TXN,RAZORPAY,core.settlements,SET-0652,BANK,core.bank_transactions,BNK-0652,UTR,1.00,RESOLVED,,2025-04-05T00:00:00Z
idm-02581,BANK_TXN,RAZORPAY,core.settlements,SET-0653,BANK,core.bank_transactions,BNK-0653,UTR,1.00,RESOLVED,,2025-04-05T00:00:00Z
idm-02582,BANK_TXN,RAZORPAY,core.settlements,SET-0654,BANK,core.bank_transactions,BNK-0654,UTR,1.00,RESOLVED,,2025-04-05T00:00:00Z
idm-02583,BANK_TXN,RAZORPAY,core.settlements,SET-0655,BANK,core.bank_transactions,BNK-0655,UTR,1.00,RESOLVED,,2025-04-05T00:00:00Z
idm-02584,BANK_TXN,RAZORPAY,core.settlements,SET-0657,BANK,core.bank_transactions,BNK-0657,UTR,1.00,RESOLVED,,2025-04-05T00:00:00Z
idm-02585,BANK_TXN,RAZORPAY,core.settlements,SET-0658,BANK,core.bank_transactions,BNK-0658,UTR,1.00,RESOLVED,,2025-04-05T00:00:00Z
idm-02586,BANK_TXN,RAZORPAY,core.settlements,SET-0659,BANK,core.bank_transactions,BNK-0659,UTR,1.00,RESOLVED,,2025-04-05T00:00:00Z
idm-02587,BANK_TXN,RAZORPAY,core.settlements,SET-0660,BANK,core.bank_transactions,BNK-0660,UTR,1.00,RESOLVED,,2025-04-05T00:00:00Z
idm-02588,BANK_TXN,RAZORPAY,core.settlements,SET-0661,BANK,core.bank_transactions,BNK-0661,UTR,1.00,RESOLVED,,2025-04-05T00:00:00Z
idm-02589,BANK_TXN,RAZORPAY,core.settlements,SET-0662,BANK,core.bank_transactions,BNK-0662,UTR,1.00,RESOLVED,,2025-04-05T00:00:00Z
idm-02590,BANK_TXN,RAZORPAY,core.settlements,SET-0663,BANK,core.bank_transactions,BNK-0663,UTR,1.00,RESOLVED,,2025-04-05T00:00:00Z
idm-02591,BANK_TXN,RAZORPAY,core.settlements,SET-0664,BANK,core.bank_transactions,BNK-0664,UTR,1.00,RESOLVED,,2025-04-05T00:00:00Z
idm-02592,BANK_TXN,RAZORPAY,core.settlements,SET-0665,BANK,core.bank_transactions,BNK-0665,UTR,1.00,RESOLVED,,2025-04-05T00:00:00Z
idm-02593,BANK_TXN,RAZORPAY,core.settlements,SET-0666,BANK,core.bank_transactions,BNK-0666,UTR,1.00,RESOLVED,,2025-04-05T00:00:00Z
idm-02594,BANK_TXN,RAZORPAY,core.settlements,SET-0667,BANK,core.bank_transactions,BNK-0667,UTR,1.00,RESOLVED,,2025-04-05T00:00:00Z
idm-02595,BANK_TXN,RAZORPAY,core.settlements,SET-0669,BANK,core.bank_transactions,,UTR,0.40,UNRESOLVED,,2025-04-05T00:00:00Z
idm-02596,BANK_TXN,RAZORPAY,core.settlements,SET-0670,BANK,core.bank_transactions,BNK-0670,UTR,1.00,RESOLVED,,2025-04-05T00:00:00Z
idm-02597,BANK_TXN,RAZORPAY,core.settlements,SET-0671,BANK,core.bank_transactions,BNK-0671,UTR,1.00,RESOLVED,,2025-04-05T00:00:00Z
idm-02598,BANK_TXN,RAZORPAY,core.settlements,SET-0672,BANK,core.bank_transactions,BNK-0672,UTR,1.00,RESOLVED,,2025-04-05T00:00:00Z
idm-02599,BANK_TXN,RAZORPAY,core.settlements,SET-0673,BANK,core.bank_transactions,BNK-0673,UTR,1.00,RESOLVED,,2025-04-05T00:00:00Z
idm-02600,BANK_TXN,RAZORPAY,core.settlements,SET-0674,BANK,core.bank_transactions,BNK-0674,UTR,1.00,RESOLVED,,2025-04-05T00:00:00Z
idm-02601,BANK_TXN,RAZORPAY,core.settlements,SET-0675,BANK,core.bank_transactions,BNK-0675,UTR,1.00,RESOLVED,,2025-04-05T00:00:00Z
idm-02602,BANK_TXN,RAZORPAY,core.settlements,SET-0676,BANK,core.bank_transactions,BNK-0676,UTR,1.00,RESOLVED,,2025-04-05T00:00:00Z
idm-02603,BANK_TXN,RAZORPAY,core.settlements,SET-0677,BANK,core.bank_transactions,,UTR,0.40,UNRESOLVED,,2025-04-05T00:00:00Z
idm-02604,BANK_TXN,RAZORPAY,core.settlements,SET-0678,BANK,core.bank_transactions,BNK-0678,UTR,1.00,RESOLVED,,2025-04-05T00:00:00Z
idm-02605,BANK_TXN,RAZORPAY,core.settlements,SET-0678-2,BANK,core.bank_transactions,BNK-0678-2,UTR,1.00,RESOLVED,,2025-04-05T00:00:00Z
idm-02606,BANK_TXN,RAZORPAY,core.settlements,SET-0679,BANK,core.bank_transactions,BNK-0679,UTR,1.00,RESOLVED,,2025-04-05T00:00:00Z
idm-02607,BANK_TXN,RAZORPAY,core.settlements,SET-0680,BANK,core.bank_transactions,BNK-0680,UTR,1.00,RESOLVED,,2025-04-05T00:00:00Z
idm-02608,BANK_TXN,RAZORPAY,core.settlements,SET-0681,BANK,core.bank_transactions,BNK-0681,UTR,1.00,RESOLVED,,2025-04-05T00:00:00Z
idm-02609,BANK_TXN,RAZORPAY,core.settlements,SET-0682,BANK,core.bank_transactions,BNK-0682,UTR,1.00,RESOLVED,,2025-04-05T00:00:00Z
idm-02610,BANK_TXN,RAZORPAY,core.settlements,SET-0683,BANK,core.bank_transactions,BNK-0683,UTR,1.00,RESOLVED,,2025-04-05T00:00:00Z
idm-02611,BANK_TXN,RAZORPAY,core.settlements,SET-0684,BANK,core.bank_transactions,BNK-0684,UTR,1.00,RESOLVED,,2025-04-05T00:00:00Z
idm-02612,BANK_TXN,RAZORPAY,core.settlements,SET-0685,BANK,core.bank_transactions,BNK-0685,UTR,1.00,RESOLVED,,2025-04-05T00:00:00Z
idm-02613,BANK_TXN,RAZORPAY,core.settlements,SET-0686,BANK,core.bank_transactions,BNK-0686,UTR,1.00,RESOLVED,,2025-04-05T00:00:00Z
idm-02614,BANK_TXN,RAZORPAY,core.settlements,SET-0688,BANK,core.bank_transactions,BNK-0688,UTR,1.00,RESOLVED,,2025-04-05T00:00:00Z
idm-02615,BANK_TXN,RAZORPAY,core.settlements,SET-0689,BANK,core.bank_transactions,BNK-0689,UTR,1.00,RESOLVED,,2025-04-05T00:00:00Z
idm-02616,BANK_TXN,RAZORPAY,core.settlements,SET-0690,BANK,core.bank_transactions,BNK-0690,UTR,1.00,RESOLVED,,2025-04-05T00:00:00Z
idm-02617,BANK_TXN,RAZORPAY,core.settlements,SET-0691,BANK,core.bank_transactions,BNK-0691,UTR,1.00,RESOLVED,,2025-04-05T00:00:00Z
idm-02618,BANK_TXN,RAZORPAY,core.settlements,SET-0692,BANK,core.bank_transactions,BNK-0692,UTR,1.00,RESOLVED,,2025-04-05T00:00:00Z
idm-02619,BANK_TXN,RAZORPAY,core.settlements,SET-0693,BANK,core.bank_transactions,BNK-0693,UTR,1.00,RESOLVED,,2025-04-05T00:00:00Z
idm-02620,BANK_TXN,RAZORPAY,core.settlements,SET-0694,BANK,core.bank_transactions,BNK-0694,UTR,1.00,RESOLVED,,2025-04-05T00:00:00Z
idm-02621,BANK_TXN,RAZORPAY,core.settlements,SET-0695,BANK,core.bank_transactions,BNK-0695,UTR,1.00,RESOLVED,,2025-04-05T00:00:00Z
idm-02622,BANK_TXN,RAZORPAY,core.settlements,SET-0696,BANK,core.bank_transactions,BNK-0696,UTR,1.00,RESOLVED,,2025-04-05T00:00:00Z
idm-02623,BANK_TXN,RAZORPAY,core.settlements,SET-0697,BANK,core.bank_transactions,BNK-0697,UTR,1.00,RESOLVED,,2025-04-05T00:00:00Z
idm-02624,BANK_TXN,RAZORPAY,core.settlements,SET-0700,BANK,core.bank_transactions,BNK-0700,UTR,1.00,RESOLVED,,2025-04-05T00:00:00Z
idm-02625,BANK_TXN,RAZORPAY,core.settlements,SET-0701,BANK,core.bank_transactions,BNK-0701,UTR,1.00,RESOLVED,,2025-04-05T00:00:00Z
idm-02626,BANK_TXN,RAZORPAY,core.settlements,SET-0703,BANK,core.bank_transactions,BNK-0703,UTR,1.00,RESOLVED,,2025-04-05T00:00:00Z
idm-02627,BANK_TXN,RAZORPAY,core.settlements,SET-0704,BANK,core.bank_transactions,BNK-0704,UTR,1.00,RESOLVED,,2025-04-05T00:00:00Z
idm-02628,BANK_TXN,RAZORPAY,core.settlements,SET-0706,BANK,core.bank_transactions,BNK-0706,UTR,1.00,RESOLVED,,2025-04-05T00:00:00Z
idm-02629,BANK_TXN,RAZORPAY,core.settlements,SET-0707,BANK,core.bank_transactions,BNK-0707,UTR,1.00,RESOLVED,,2025-04-05T00:00:00Z
idm-02630,BANK_TXN,RAZORPAY,core.settlements,SET-0708,BANK,core.bank_transactions,BNK-0708,UTR,1.00,RESOLVED,,2025-04-05T00:00:00Z
idm-02631,BANK_TXN,RAZORPAY,core.settlements,SET-0709,BANK,core.bank_transactions,BNK-0709,UTR,1.00,RESOLVED,,2025-04-05T00:00:00Z
idm-02632,BANK_TXN,RAZORPAY,core.settlements,SET-0710,BANK,core.bank_transactions,BNK-0710,UTR,1.00,RESOLVED,,2025-04-05T00:00:00Z
idm-02633,BANK_TXN,RAZORPAY,core.settlements,SET-0711,BANK,core.bank_transactions,BNK-0711,UTR,1.00,RESOLVED,,2025-04-05T00:00:00Z
idm-02634,BANK_TXN,RAZORPAY,core.settlements,SET-0712,BANK,core.bank_transactions,BNK-0712,UTR,1.00,RESOLVED,,2025-04-05T00:00:00Z
idm-02635,BANK_TXN,RAZORPAY,core.settlements,SET-0713,BANK,core.bank_transactions,BNK-0713,UTR,1.00,RESOLVED,,2025-04-05T00:00:00Z
idm-02636,BANK_TXN,RAZORPAY,core.settlements,SET-0714,BANK,core.bank_transactions,BNK-0714,UTR,1.00,RESOLVED,,2025-04-05T00:00:00Z
idm-02637,BANK_TXN,RAZORPAY,core.settlements,SET-0715,BANK,core.bank_transactions,BNK-0715,UTR,1.00,RESOLVED,,2025-04-05T00:00:00Z
idm-02638,BANK_TXN,RAZORPAY,core.settlements,SET-0716,BANK,core.bank_transactions,BNK-0716,UTR,1.00,RESOLVED,,2025-04-05T00:00:00Z
idm-02639,BANK_TXN,RAZORPAY,core.settlements,SET-0717,BANK,core.bank_transactions,BNK-0717,UTR,1.00,RESOLVED,,2025-04-05T00:00:00Z
idm-02640,BANK_TXN,RAZORPAY,core.settlements,SET-0718,BANK,core.bank_transactions,BNK-0718,UTR,1.00,RESOLVED,,2025-04-05T00:00:00Z
idm-02641,BANK_TXN,RAZORPAY,core.settlements,SET-0720,BANK,core.bank_transactions,BNK-0720,UTR,1.00,RESOLVED,,2025-04-05T00:00:00Z
idm-02642,BANK_TXN,RAZORPAY,core.settlements,SET-0721,BANK,core.bank_transactions,BNK-0721,UTR,1.00,RESOLVED,,2025-04-05T00:00:00Z
idm-02643,BANK_TXN,RAZORPAY,core.settlements,SET-0722,BANK,core.bank_transactions,BNK-0722,UTR,1.00,RESOLVED,,2025-04-05T00:00:00Z
idm-02644,BANK_TXN,RAZORPAY,core.settlements,SET-0723,BANK,core.bank_transactions,BNK-0723,UTR,1.00,RESOLVED,,2025-04-05T00:00:00Z
idm-02645,BANK_TXN,RAZORPAY,core.settlements,SET-0724,BANK,core.bank_transactions,BNK-0724,UTR,1.00,RESOLVED,,2025-04-05T00:00:00Z
idm-02646,BANK_TXN,RAZORPAY,core.settlements,SET-0725,BANK,core.bank_transactions,BNK-0725,UTR,1.00,RESOLVED,,2025-04-05T00:00:00Z
idm-02647,BANK_TXN,RAZORPAY,core.settlements,SET-0726,BANK,core.bank_transactions,BNK-0726,UTR,1.00,RESOLVED,,2025-04-05T00:00:00Z
idm-02648,BANK_TXN,RAZORPAY,core.settlements,SET-0727,BANK,core.bank_transactions,BNK-0727,UTR,1.00,RESOLVED,,2025-04-05T00:00:00Z
idm-02649,BANK_TXN,RAZORPAY,core.settlements,SET-0728,BANK,core.bank_transactions,BNK-0728,UTR,1.00,RESOLVED,,2025-04-05T00:00:00Z
idm-02650,BANK_TXN,RAZORPAY,core.settlements,SET-0729,BANK,core.bank_transactions,BNK-0729,UTR,1.00,RESOLVED,,2025-04-05T00:00:00Z
idm-02651,BANK_TXN,RAZORPAY,core.settlements,SET-0730,BANK,core.bank_transactions,BNK-0730,UTR,1.00,RESOLVED,,2025-04-05T00:00:00Z
idm-02652,BANK_TXN,RAZORPAY,core.settlements,SET-0732,BANK,core.bank_transactions,BNK-0732,UTR,1.00,RESOLVED,,2025-04-05T00:00:00Z
idm-02653,BANK_TXN,RAZORPAY,core.settlements,SET-0733,BANK,core.bank_transactions,BNK-0733,UTR,1.00,RESOLVED,,2025-04-05T00:00:00Z
idm-02654,BANK_TXN,RAZORPAY,core.settlements,SET-0734,BANK,core.bank_transactions,BNK-0734,UTR,1.00,RESOLVED,,2025-04-05T00:00:00Z
idm-02655,BANK_TXN,RAZORPAY,core.settlements,SET-0735,BANK,core.bank_transactions,BNK-0735,UTR,1.00,RESOLVED,,2025-04-05T00:00:00Z
idm-02656,BANK_TXN,RAZORPAY,core.settlements,SET-0736,BANK,core.bank_transactions,BNK-0736,UTR,1.00,RESOLVED,,2025-04-05T00:00:00Z
idm-02657,BANK_TXN,RAZORPAY,core.settlements,SET-0737,BANK,core.bank_transactions,BNK-0737,UTR,1.00,RESOLVED,,2025-04-05T00:00:00Z
idm-02658,BANK_TXN,RAZORPAY,core.settlements,SET-0738,BANK,core.bank_transactions,BNK-0738,UTR,1.00,RESOLVED,,2025-04-05T00:00:00Z
idm-02659,BANK_TXN,RAZORPAY,core.settlements,SET-0739,BANK,core.bank_transactions,BNK-0739,UTR,1.00,RESOLVED,,2025-04-05T00:00:00Z
idm-02660,BANK_TXN,RAZORPAY,core.settlements,SET-0740,BANK,core.bank_transactions,BNK-0740,UTR,1.00,RESOLVED,,2025-04-05T00:00:00Z
idm-02661,BANK_TXN,RAZORPAY,core.settlements,SET-0741,BANK,core.bank_transactions,BNK-0741,UTR,1.00,RESOLVED,,2025-04-05T00:00:00Z
idm-02662,BANK_TXN,RAZORPAY,core.settlements,SET-0742,BANK,core.bank_transactions,BNK-0742,UTR,1.00,RESOLVED,,2025-04-05T00:00:00Z
idm-02663,BANK_TXN,RAZORPAY,core.settlements,SET-0743,BANK,core.bank_transactions,BNK-0743,UTR,1.00,RESOLVED,,2025-04-05T00:00:00Z
idm-02664,BANK_TXN,RAZORPAY,core.settlements,SET-0744,BANK,core.bank_transactions,BNK-0744,UTR,1.00,RESOLVED,,2025-04-05T00:00:00Z
idm-02665,BANK_TXN,RAZORPAY,core.settlements,SET-0745,BANK,core.bank_transactions,BNK-0745,UTR,1.00,RESOLVED,,2025-04-05T00:00:00Z
idm-02666,BANK_TXN,RAZORPAY,core.settlements,SET-0746,BANK,core.bank_transactions,BNK-0746,UTR,1.00,RESOLVED,,2025-04-05T00:00:00Z
idm-02667,BANK_TXN,RAZORPAY,core.settlements,SET-0747,BANK,core.bank_transactions,BNK-0747,UTR,1.00,RESOLVED,,2025-04-05T00:00:00Z
idm-02668,BANK_TXN,RAZORPAY,core.settlements,SET-0748,BANK,core.bank_transactions,BNK-0748,UTR,1.00,RESOLVED,,2025-04-05T00:00:00Z
idm-02669,BANK_TXN,RAZORPAY,core.settlements,SET-0749,BANK,core.bank_transactions,BNK-0749,UTR,1.00,RESOLVED,,2025-04-05T00:00:00Z
idm-02670,BANK_TXN,RAZORPAY,core.settlements,SET-0749-2,BANK,core.bank_transactions,BNK-0749-2,UTR,1.00,RESOLVED,,2025-04-05T00:00:00Z
idm-02671,BANK_TXN,RAZORPAY,core.settlements,SET-0750,BANK,core.bank_transactions,BNK-0750,UTR,1.00,RESOLVED,,2025-04-05T00:00:00Z
idm-02672,BANK_TXN,RAZORPAY,core.settlements,SET-0751,BANK,core.bank_transactions,BNK-0751,UTR,1.00,RESOLVED,,2025-04-05T00:00:00Z
idm-02673,BANK_TXN,RAZORPAY,core.settlements,SET-0752,BANK,core.bank_transactions,BNK-0752,UTR,1.00,RESOLVED,,2025-04-05T00:00:00Z
idm-02674,BANK_TXN,RAZORPAY,core.settlements,SET-0752-2,BANK,core.bank_transactions,BNK-0752-2,UTR,1.00,RESOLVED,,2025-04-05T00:00:00Z
idm-02675,BANK_TXN,RAZORPAY,core.settlements,SET-0753,BANK,core.bank_transactions,BNK-0753,UTR,1.00,RESOLVED,,2025-04-05T00:00:00Z
idm-02676,BANK_TXN,RAZORPAY,core.settlements,SET-0754,BANK,core.bank_transactions,BNK-0754,UTR,1.00,RESOLVED,,2025-04-05T00:00:00Z
idm-02677,BANK_TXN,RAZORPAY,core.settlements,SET-0755,BANK,core.bank_transactions,BNK-0755,UTR,1.00,RESOLVED,,2025-04-05T00:00:00Z
idm-02678,BANK_TXN,RAZORPAY,core.settlements,SET-0756,BANK,core.bank_transactions,BNK-0756,UTR,1.00,RESOLVED,,2025-04-05T00:00:00Z
idm-02679,BANK_TXN,RAZORPAY,core.settlements,SET-0757,BANK,core.bank_transactions,BNK-0757,UTR,1.00,RESOLVED,,2025-04-05T00:00:00Z
idm-02680,BANK_TXN,RAZORPAY,core.settlements,SET-0758,BANK,core.bank_transactions,BNK-0758,UTR,1.00,RESOLVED,,2025-04-05T00:00:00Z
idm-02681,BANK_TXN,RAZORPAY,core.settlements,SET-0759,BANK,core.bank_transactions,BNK-0759,UTR,1.00,RESOLVED,,2025-04-05T00:00:00Z
idm-02682,BANK_TXN,RAZORPAY,core.settlements,SET-0760,BANK,core.bank_transactions,BNK-0760,UTR,1.00,RESOLVED,,2025-04-05T00:00:00Z
idm-02683,BANK_TXN,RAZORPAY,core.settlements,SET-0760-2,BANK,core.bank_transactions,BNK-0760-2,UTR,1.00,RESOLVED,,2025-04-05T00:00:00Z
idm-02684,BANK_TXN,RAZORPAY,core.settlements,SET-0761,BANK,core.bank_transactions,BNK-0761,UTR,1.00,RESOLVED,,2025-04-05T00:00:00Z
idm-02685,BANK_TXN,RAZORPAY,core.settlements,SET-0762,BANK,core.bank_transactions,BNK-0762,UTR,1.00,RESOLVED,,2025-04-05T00:00:00Z
idm-02686,BANK_TXN,RAZORPAY,core.settlements,SET-0763,BANK,core.bank_transactions,BNK-0763,UTR,1.00,RESOLVED,,2025-04-05T00:00:00Z
idm-02687,BANK_TXN,RAZORPAY,core.settlements,SET-0764,BANK,core.bank_transactions,BNK-0764,UTR,1.00,RESOLVED,,2025-04-05T00:00:00Z
idm-02688,BANK_TXN,RAZORPAY,core.settlements,SET-0765,BANK,core.bank_transactions,BNK-0765,UTR,1.00,RESOLVED,,2025-04-05T00:00:00Z
idm-02689,BANK_TXN,RAZORPAY,core.settlements,SET-0766,BANK,core.bank_transactions,BNK-0766,UTR,1.00,RESOLVED,,2025-04-05T00:00:00Z
idm-02690,BANK_TXN,RAZORPAY,core.settlements,SET-0767,BANK,core.bank_transactions,BNK-0767,UTR,1.00,RESOLVED,,2025-04-05T00:00:00Z
idm-02691,BANK_TXN,RAZORPAY,core.settlements,SET-0768,BANK,core.bank_transactions,BNK-0768,UTR,1.00,RESOLVED,,2025-04-05T00:00:00Z
idm-02692,BANK_TXN,RAZORPAY,core.settlements,SET-0769,BANK,core.bank_transactions,BNK-0769,UTR,1.00,RESOLVED,,2025-04-05T00:00:00Z
idm-02693,BANK_TXN,RAZORPAY,core.settlements,SET-0770,BANK,core.bank_transactions,BNK-0770,UTR,1.00,RESOLVED,,2025-04-05T00:00:00Z
idm-02694,BANK_TXN,RAZORPAY,core.settlements,SET-0771,BANK,core.bank_transactions,BNK-0771,UTR,1.00,RESOLVED,,2025-04-05T00:00:00Z
idm-02695,BANK_TXN,RAZORPAY,core.settlements,SET-0772,BANK,core.bank_transactions,BNK-0772,UTR,1.00,RESOLVED,,2025-04-05T00:00:00Z
idm-02696,BANK_TXN,RAZORPAY,core.settlements,SET-0774,BANK,core.bank_transactions,BNK-0774,UTR,1.00,RESOLVED,,2025-04-05T00:00:00Z
idm-02697,BANK_TXN,RAZORPAY,core.settlements,SET-0774-2,BANK,core.bank_transactions,BNK-0774-2,UTR,1.00,RESOLVED,,2025-04-05T00:00:00Z
idm-02698,BANK_TXN,RAZORPAY,core.settlements,SET-0775,BANK,core.bank_transactions,BNK-0775,UTR,1.00,RESOLVED,,2025-04-05T00:00:00Z
idm-02699,BANK_TXN,RAZORPAY,core.settlements,SET-0776,BANK,core.bank_transactions,BNK-0776,UTR,1.00,RESOLVED,,2025-04-05T00:00:00Z
idm-02700,BANK_TXN,RAZORPAY,core.settlements,SET-0777,BANK,core.bank_transactions,BNK-0777,UTR,1.00,RESOLVED,,2025-04-05T00:00:00Z
idm-02701,BANK_TXN,RAZORPAY,core.settlements,SET-0778,BANK,core.bank_transactions,BNK-0778,UTR,1.00,RESOLVED,,2025-04-05T00:00:00Z
idm-02702,BANK_TXN,RAZORPAY,core.settlements,SET-0779,BANK,core.bank_transactions,BNK-0779,UTR,1.00,RESOLVED,,2025-04-05T00:00:00Z
idm-02703,BANK_TXN,RAZORPAY,core.settlements,SET-0780,BANK,core.bank_transactions,BNK-0780,UTR,1.00,RESOLVED,,2025-04-05T00:00:00Z
idm-02704,BANK_TXN,RAZORPAY,core.settlements,SET-0781,BANK,core.bank_transactions,BNK-0781,UTR,1.00,RESOLVED,,2025-04-05T00:00:00Z
idm-02705,BANK_TXN,RAZORPAY,core.settlements,SET-0782,BANK,core.bank_transactions,BNK-0782,UTR,1.00,RESOLVED,,2025-04-05T00:00:00Z
idm-02706,BANK_TXN,RAZORPAY,core.settlements,SET-0783,BANK,core.bank_transactions,BNK-0783,UTR,1.00,RESOLVED,,2025-04-05T00:00:00Z
idm-02707,BANK_TXN,RAZORPAY,core.settlements,SET-0783-2,BANK,core.bank_transactions,BNK-0783-2,UTR,1.00,RESOLVED,,2025-04-05T00:00:00Z
idm-02708,BANK_TXN,RAZORPAY,core.settlements,SET-0784,BANK,core.bank_transactions,BNK-0784,UTR,1.00,RESOLVED,,2025-04-05T00:00:00Z
idm-02709,BANK_TXN,RAZORPAY,core.settlements,SET-0785,BANK,core.bank_transactions,BNK-0785,UTR,1.00,RESOLVED,,2025-04-05T00:00:00Z
idm-02710,BANK_TXN,RAZORPAY,core.settlements,SET-0786,BANK,core.bank_transactions,BNK-0786,UTR,1.00,RESOLVED,,2025-04-05T00:00:00Z
idm-02711,BANK_TXN,RAZORPAY,core.settlements,SET-0787,BANK,core.bank_transactions,BNK-0787,UTR,1.00,RESOLVED,,2025-04-05T00:00:00Z
idm-02712,BANK_TXN,RAZORPAY,core.settlements,SET-0788,BANK,core.bank_transactions,BNK-0788,UTR,1.00,RESOLVED,,2025-04-05T00:00:00Z
idm-02713,BANK_TXN,RAZORPAY,core.settlements,SET-0789,BANK,core.bank_transactions,BNK-0789,UTR,1.00,RESOLVED,,2025-04-05T00:00:00Z
idm-02714,BANK_TXN,RAZORPAY,core.settlements,SET-0790,BANK,core.bank_transactions,BNK-0790,UTR,1.00,RESOLVED,,2025-04-05T00:00:00Z
idm-02715,BANK_TXN,RAZORPAY,core.settlements,SET-0791,BANK,core.bank_transactions,BNK-0791,UTR,1.00,RESOLVED,,2025-04-05T00:00:00Z
idm-02716,BANK_TXN,RAZORPAY,core.settlements,SET-0792,BANK,core.bank_transactions,BNK-0792,UTR,1.00,RESOLVED,,2025-04-05T00:00:00Z
idm-02717,BANK_TXN,RAZORPAY,core.settlements,SET-0793,BANK,core.bank_transactions,BNK-0793,UTR,1.00,RESOLVED,,2025-04-05T00:00:00Z
idm-02718,BANK_TXN,RAZORPAY,core.settlements,SET-0794,BANK,core.bank_transactions,BNK-0794,UTR,1.00,RESOLVED,,2025-04-05T00:00:00Z
idm-02719,BANK_TXN,RAZORPAY,core.settlements,SET-0795,BANK,core.bank_transactions,BNK-0795,UTR,1.00,RESOLVED,,2025-04-05T00:00:00Z
idm-02720,BANK_TXN,RAZORPAY,core.settlements,SET-0796,BANK,core.bank_transactions,BNK-0796,UTR,1.00,RESOLVED,,2025-04-05T00:00:00Z
idm-02721,BANK_TXN,RAZORPAY,core.settlements,SET-0797,BANK,core.bank_transactions,BNK-0797,UTR,1.00,RESOLVED,,2025-04-05T00:00:00Z
idm-02722,BANK_TXN,RAZORPAY,core.settlements,SET-0798,BANK,core.bank_transactions,BNK-0798,UTR,1.00,RESOLVED,,2025-04-05T00:00:00Z
idm-02723,BANK_TXN,RAZORPAY,core.settlements,SET-0799,BANK,core.bank_transactions,BNK-0799,UTR,1.00,RESOLVED,,2025-04-05T00:00:00Z
idm-02724,BANK_TXN,RAZORPAY,core.settlements,SET-0800,BANK,core.bank_transactions,BNK-0800,UTR,1.00,RESOLVED,,2025-04-05T00:00:00Z
idm-02725,BANK_TXN,RAZORPAY,core.settlements,SET-0801,BANK,core.bank_transactions,BNK-0801,UTR,1.00,RESOLVED,,2025-04-05T00:00:00Z
idm-02726,BANK_TXN,RAZORPAY,core.settlements,SET-0802,BANK,core.bank_transactions,BNK-0802,UTR,1.00,RESOLVED,,2025-04-05T00:00:00Z
idm-02727,BANK_TXN,RAZORPAY,core.settlements,SET-0803,BANK,core.bank_transactions,BNK-0803,UTR,1.00,RESOLVED,,2025-04-05T00:00:00Z
idm-02728,BANK_TXN,RAZORPAY,core.settlements,SET-0804,BANK,core.bank_transactions,BNK-0804,UTR,1.00,RESOLVED,,2025-04-05T00:00:00Z
idm-02729,BANK_TXN,RAZORPAY,core.settlements,SET-0805,BANK,core.bank_transactions,BNK-0805,UTR,1.00,RESOLVED,,2025-04-05T00:00:00Z
idm-02730,BANK_TXN,RAZORPAY,core.settlements,SET-0806,BANK,core.bank_transactions,BNK-0806,UTR,1.00,RESOLVED,,2025-04-05T00:00:00Z
idm-02731,BANK_TXN,RAZORPAY,core.settlements,SET-0808,BANK,core.bank_transactions,BNK-0808,UTR,1.00,RESOLVED,,2025-04-05T00:00:00Z
idm-02732,BANK_TXN,RAZORPAY,core.settlements,SET-0809,BANK,core.bank_transactions,BNK-0809,UTR,1.00,RESOLVED,,2025-04-05T00:00:00Z
idm-02733,BANK_TXN,RAZORPAY,core.settlements,SET-0810,BANK,core.bank_transactions,BNK-0810,UTR,1.00,RESOLVED,,2025-04-05T00:00:00Z
idm-02734,BANK_TXN,RAZORPAY,core.settlements,SET-0811,BANK,core.bank_transactions,BNK-0811,UTR,1.00,RESOLVED,,2025-04-05T00:00:00Z
idm-02735,BANK_TXN,RAZORPAY,core.settlements,SET-0813,BANK,core.bank_transactions,BNK-0813,UTR,1.00,RESOLVED,,2025-04-05T00:00:00Z
idm-02736,BANK_TXN,RAZORPAY,core.settlements,SET-0814,BANK,core.bank_transactions,BNK-0814,UTR,1.00,RESOLVED,,2025-04-05T00:00:00Z
idm-02737,BANK_TXN,RAZORPAY,core.settlements,SET-0815,BANK,core.bank_transactions,BNK-0815,UTR,1.00,RESOLVED,,2025-04-05T00:00:00Z
idm-02738,BANK_TXN,RAZORPAY,core.settlements,SET-0816,BANK,core.bank_transactions,BNK-0816,UTR,1.00,RESOLVED,,2025-04-05T00:00:00Z
idm-02739,BANK_TXN,RAZORPAY,core.settlements,SET-0817,BANK,core.bank_transactions,BNK-0817,UTR,1.00,RESOLVED,,2025-04-05T00:00:00Z
idm-02740,BANK_TXN,RAZORPAY,core.settlements,SET-0818,BANK,core.bank_transactions,BNK-0818,UTR,1.00,RESOLVED,,2025-04-05T00:00:00Z
idm-02741,BANK_TXN,RAZORPAY,core.settlements,SET-0819,BANK,core.bank_transactions,BNK-0819,UTR,1.00,RESOLVED,,2025-04-05T00:00:00Z
idm-02742,BANK_TXN,RAZORPAY,core.settlements,SET-0820,BANK,core.bank_transactions,BNK-0820,UTR,1.00,RESOLVED,,2025-04-05T00:00:00Z
idm-02743,BANK_TXN,RAZORPAY,core.settlements,SET-0820-2,BANK,core.bank_transactions,BNK-0820-2,UTR,1.00,RESOLVED,,2025-04-05T00:00:00Z
idm-02744,BANK_TXN,RAZORPAY,core.settlements,SET-0821,BANK,core.bank_transactions,BNK-0821,UTR,1.00,RESOLVED,,2025-04-05T00:00:00Z
idm-02745,BANK_TXN,RAZORPAY,core.settlements,SET-0822,BANK,core.bank_transactions,BNK-0822,UTR,1.00,RESOLVED,,2025-04-05T00:00:00Z
idm-02746,BANK_TXN,RAZORPAY,core.settlements,SET-0823,BANK,core.bank_transactions,BNK-0823,UTR,1.00,RESOLVED,,2025-04-05T00:00:00Z
idm-02747,BANK_TXN,RAZORPAY,core.settlements,SET-0824,BANK,core.bank_transactions,BNK-0824,UTR,1.00,RESOLVED,,2025-04-05T00:00:00Z
idm-02748,BANK_TXN,RAZORPAY,core.settlements,SET-0825,BANK,core.bank_transactions,BNK-0825,UTR,1.00,RESOLVED,,2025-04-05T00:00:00Z
idm-02749,BANK_TXN,RAZORPAY,core.settlements,SET-0827,BANK,core.bank_transactions,BNK-0827,UTR,1.00,RESOLVED,,2025-04-05T00:00:00Z
idm-02750,BANK_TXN,RAZORPAY,core.settlements,SET-0828,BANK,core.bank_transactions,BNK-0828,UTR,1.00,RESOLVED,,2025-04-05T00:00:00Z
idm-02751,BANK_TXN,RAZORPAY,core.settlements,SET-0829,BANK,core.bank_transactions,BNK-0829,UTR,1.00,RESOLVED,,2025-04-05T00:00:00Z
idm-02752,BANK_TXN,RAZORPAY,core.settlements,SET-0830,BANK,core.bank_transactions,BNK-0830,UTR,1.00,RESOLVED,,2025-04-05T00:00:00Z
idm-02753,BANK_TXN,RAZORPAY,core.settlements,SET-0831,BANK,core.bank_transactions,BNK-0831,UTR,1.00,RESOLVED,,2025-04-05T00:00:00Z
idm-02754,BANK_TXN,RAZORPAY,core.settlements,SET-0832,BANK,core.bank_transactions,BNK-0832,UTR,1.00,RESOLVED,,2025-04-05T00:00:00Z
idm-02755,BANK_TXN,RAZORPAY,core.settlements,SET-0833,BANK,core.bank_transactions,BNK-0833,UTR,1.00,RESOLVED,,2025-04-05T00:00:00Z
idm-02756,BANK_TXN,RAZORPAY,core.settlements,SET-0834,BANK,core.bank_transactions,BNK-0834,UTR,1.00,RESOLVED,,2025-04-05T00:00:00Z
idm-02757,BANK_TXN,RAZORPAY,core.settlements,SET-0835,BANK,core.bank_transactions,BNK-0835,UTR,1.00,RESOLVED,,2025-04-05T00:00:00Z
idm-02758,BANK_TXN,RAZORPAY,core.settlements,SET-0836,BANK,core.bank_transactions,BNK-0836,UTR,1.00,RESOLVED,,2025-04-05T00:00:00Z
idm-02759,BANK_TXN,RAZORPAY,core.settlements,SET-0837,BANK,core.bank_transactions,BNK-0837,UTR,1.00,RESOLVED,,2025-04-05T00:00:00Z
idm-02760,BANK_TXN,RAZORPAY,core.settlements,SET-0838,BANK,core.bank_transactions,BNK-0838,UTR,1.00,RESOLVED,,2025-04-05T00:00:00Z
idm-02761,BANK_TXN,RAZORPAY,core.settlements,SET-0839,BANK,core.bank_transactions,BNK-0839,UTR,1.00,RESOLVED,,2025-04-05T00:00:00Z
idm-02762,BANK_TXN,RAZORPAY,core.settlements,SET-0840,BANK,core.bank_transactions,BNK-0840,UTR,1.00,RESOLVED,,2025-04-05T00:00:00Z
idm-02763,BANK_TXN,RAZORPAY,core.settlements,SET-0841,BANK,core.bank_transactions,BNK-0841,UTR,1.00,RESOLVED,,2025-04-05T00:00:00Z
idm-02764,BANK_TXN,RAZORPAY,core.settlements,SET-0842,BANK,core.bank_transactions,BNK-0842,UTR,1.00,RESOLVED,,2025-04-05T00:00:00Z
idm-02765,BANK_TXN,RAZORPAY,core.settlements,SET-0843,BANK,core.bank_transactions,BNK-0843,UTR,1.00,RESOLVED,,2025-04-05T00:00:00Z
idm-02766,BANK_TXN,RAZORPAY,core.settlements,SET-0845,BANK,core.bank_transactions,BNK-0845,UTR,1.00,RESOLVED,,2025-04-05T00:00:00Z
idm-02767,BANK_TXN,RAZORPAY,core.settlements,SET-0846,BANK,core.bank_transactions,BNK-0846,UTR,1.00,RESOLVED,,2025-04-05T00:00:00Z
idm-02768,BANK_TXN,RAZORPAY,core.settlements,SET-0847,BANK,core.bank_transactions,BNK-0847,UTR,1.00,RESOLVED,,2025-04-05T00:00:00Z
idm-02769,BANK_TXN,RAZORPAY,core.settlements,SET-0848,BANK,core.bank_transactions,BNK-0848,UTR,1.00,RESOLVED,,2025-04-05T00:00:00Z
idm-02770,BANK_TXN,RAZORPAY,core.settlements,SET-0849,BANK,core.bank_transactions,BNK-0849,UTR,1.00,RESOLVED,,2025-04-05T00:00:00Z
idm-02771,BANK_TXN,RAZORPAY,core.settlements,SET-0850,BANK,core.bank_transactions,BNK-0850,UTR,1.00,RESOLVED,,2025-04-05T00:00:00Z
idm-02772,BANK_TXN,RAZORPAY,core.settlements,SET-0851,BANK,core.bank_transactions,BNK-0851,UTR,1.00,RESOLVED,,2025-04-05T00:00:00Z
idm-02773,BANK_TXN,RAZORPAY,core.settlements,SET-0852,BANK,core.bank_transactions,BNK-0852,UTR,1.00,RESOLVED,,2025-04-05T00:00:00Z
idm-02774,BANK_TXN,RAZORPAY,core.settlements,SET-0853,BANK,core.bank_transactions,BNK-0853,UTR,1.00,RESOLVED,,2025-04-05T00:00:00Z
idm-02775,BANK_TXN,RAZORPAY,core.settlements,SET-0853-2,BANK,core.bank_transactions,BNK-0853-2,UTR,1.00,RESOLVED,,2025-04-05T00:00:00Z
idm-02776,BANK_TXN,RAZORPAY,core.settlements,SET-0854,BANK,core.bank_transactions,BNK-0854,UTR,1.00,RESOLVED,,2025-04-05T00:00:00Z
idm-02777,BANK_TXN,RAZORPAY,core.settlements,SET-0855,BANK,core.bank_transactions,BNK-0855,UTR,1.00,RESOLVED,,2025-04-05T00:00:00Z
idm-02778,BANK_TXN,RAZORPAY,core.settlements,SET-0856,BANK,core.bank_transactions,BNK-0856,UTR,1.00,RESOLVED,,2025-04-05T00:00:00Z
idm-02779,BANK_TXN,RAZORPAY,core.settlements,SET-0857,BANK,core.bank_transactions,BNK-0857,UTR,1.00,RESOLVED,,2025-04-05T00:00:00Z
idm-02780,BANK_TXN,RAZORPAY,core.settlements,SET-0858,BANK,core.bank_transactions,BNK-0858,UTR,1.00,RESOLVED,,2025-04-05T00:00:00Z
idm-02781,BANK_TXN,RAZORPAY,core.settlements,SET-0859,BANK,core.bank_transactions,BNK-0859,UTR,1.00,RESOLVED,,2025-04-05T00:00:00Z
idm-02782,BANK_TXN,RAZORPAY,core.settlements,SET-0860,BANK,core.bank_transactions,BNK-0860,UTR,1.00,RESOLVED,,2025-04-05T00:00:00Z
idm-02783,BANK_TXN,RAZORPAY,core.settlements,SET-0861,BANK,core.bank_transactions,BNK-0861,UTR,1.00,RESOLVED,,2025-04-05T00:00:00Z
idm-02784,BANK_TXN,RAZORPAY,core.settlements,SET-0862,BANK,core.bank_transactions,BNK-0862,UTR,1.00,RESOLVED,,2025-04-05T00:00:00Z
idm-02785,BANK_TXN,RAZORPAY,core.settlements,SET-0863,BANK,core.bank_transactions,BNK-0863,UTR,1.00,RESOLVED,,2025-04-05T00:00:00Z
idm-02786,BANK_TXN,RAZORPAY,core.settlements,SET-0864,BANK,core.bank_transactions,BNK-0864,UTR,1.00,RESOLVED,,2025-04-05T00:00:00Z
idm-02787,BANK_TXN,RAZORPAY,core.settlements,SET-0865,BANK,core.bank_transactions,BNK-0865,UTR,1.00,RESOLVED,,2025-04-05T00:00:00Z
idm-02788,BANK_TXN,RAZORPAY,core.settlements,SET-0866,BANK,core.bank_transactions,BNK-0866,UTR,1.00,RESOLVED,,2025-04-05T00:00:00Z
idm-02789,BANK_TXN,RAZORPAY,core.settlements,SET-0867,BANK,core.bank_transactions,BNK-0867,UTR,1.00,RESOLVED,,2025-04-05T00:00:00Z
idm-02790,BANK_TXN,RAZORPAY,core.settlements,SET-0868,BANK,core.bank_transactions,BNK-0868,UTR,1.00,RESOLVED,,2025-04-05T00:00:00Z
idm-02791,BANK_TXN,RAZORPAY,core.settlements,SET-0869,BANK,core.bank_transactions,BNK-0869,UTR,1.00,RESOLVED,,2025-04-05T00:00:00Z
idm-02792,BANK_TXN,RAZORPAY,core.settlements,SET-0870,BANK,core.bank_transactions,BNK-0870,UTR,1.00,RESOLVED,,2025-04-05T00:00:00Z
idm-02793,BANK_TXN,RAZORPAY,core.settlements,SET-0871,BANK,core.bank_transactions,BNK-0871,UTR,1.00,RESOLVED,,2025-04-05T00:00:00Z
idm-02794,BANK_TXN,RAZORPAY,core.settlements,SET-0872,BANK,core.bank_transactions,BNK-0872,UTR,1.00,RESOLVED,,2025-04-05T00:00:00Z
idm-02795,BANK_TXN,RAZORPAY,core.settlements,SET-0873,BANK,core.bank_transactions,BNK-0873,UTR,1.00,RESOLVED,,2025-04-05T00:00:00Z
idm-02796,BANK_TXN,RAZORPAY,core.settlements,SET-0874,BANK,core.bank_transactions,BNK-0874,UTR,1.00,RESOLVED,,2025-04-05T00:00:00Z
idm-02797,BANK_TXN,RAZORPAY,core.settlements,SET-0875,BANK,core.bank_transactions,BNK-0875,UTR,1.00,RESOLVED,,2025-04-05T00:00:00Z
idm-02798,BANK_TXN,RAZORPAY,core.settlements,SET-0876,BANK,core.bank_transactions,BNK-0876,UTR,1.00,RESOLVED,,2025-04-05T00:00:00Z
idm-02799,BANK_TXN,RAZORPAY,core.settlements,SET-0877,BANK,core.bank_transactions,BNK-0877,UTR,1.00,RESOLVED,,2025-04-05T00:00:00Z
idm-02800,BANK_TXN,RAZORPAY,core.settlements,SET-0878,BANK,core.bank_transactions,BNK-0878,UTR,1.00,RESOLVED,,2025-04-05T00:00:00Z
idm-02801,BANK_TXN,RAZORPAY,core.settlements,SET-0879,BANK,core.bank_transactions,BNK-0879,UTR,1.00,RESOLVED,,2025-04-05T00:00:00Z
idm-02802,BANK_TXN,RAZORPAY,core.settlements,SET-0880,BANK,core.bank_transactions,BNK-0880,UTR,1.00,RESOLVED,,2025-04-05T00:00:00Z
idm-02803,BANK_TXN,RAZORPAY,core.settlements,SET-0881,BANK,core.bank_transactions,BNK-0881,UTR,1.00,RESOLVED,,2025-04-05T00:00:00Z
idm-02804,BANK_TXN,RAZORPAY,core.settlements,SET-0882,BANK,core.bank_transactions,BNK-0882,UTR,1.00,RESOLVED,,2025-04-05T00:00:00Z
idm-02805,BANK_TXN,RAZORPAY,core.settlements,SET-0883,BANK,core.bank_transactions,BNK-0883,UTR,1.00,RESOLVED,,2025-04-05T00:00:00Z
idm-02806,BANK_TXN,RAZORPAY,core.settlements,SET-0883-2,BANK,core.bank_transactions,BNK-0883-2,UTR,1.00,RESOLVED,,2025-04-05T00:00:00Z
idm-02807,BANK_TXN,RAZORPAY,core.settlements,SET-0884,BANK,core.bank_transactions,BNK-0884,UTR,1.00,RESOLVED,,2025-04-05T00:00:00Z
idm-02808,BANK_TXN,RAZORPAY,core.settlements,SET-0885,BANK,core.bank_transactions,BNK-0885,UTR,1.00,RESOLVED,,2025-04-05T00:00:00Z
idm-02809,BANK_TXN,RAZORPAY,core.settlements,SET-0886,BANK,core.bank_transactions,BNK-0886,UTR,1.00,RESOLVED,,2025-04-05T00:00:00Z
idm-02810,BANK_TXN,RAZORPAY,core.settlements,SET-0887,BANK,core.bank_transactions,BNK-0887,UTR,1.00,RESOLVED,,2025-04-05T00:00:00Z
idm-02811,BANK_TXN,RAZORPAY,core.settlements,SET-0888,BANK,core.bank_transactions,BNK-0888,UTR,1.00,RESOLVED,,2025-04-05T00:00:00Z
idm-02812,BANK_TXN,RAZORPAY,core.settlements,SET-0889,BANK,core.bank_transactions,BNK-0889,UTR,1.00,RESOLVED,,2025-04-05T00:00:00Z
idm-02813,BANK_TXN,RAZORPAY,core.settlements,SET-0890,BANK,core.bank_transactions,BNK-0890,UTR,1.00,RESOLVED,,2025-04-05T00:00:00Z
idm-02814,BANK_TXN,RAZORPAY,core.settlements,SET-0891,BANK,core.bank_transactions,BNK-0891,UTR,1.00,RESOLVED,,2025-04-05T00:00:00Z
idm-02815,BANK_TXN,RAZORPAY,core.settlements,SET-0892,BANK,core.bank_transactions,BNK-0892,UTR,1.00,RESOLVED,,2025-04-05T00:00:00Z
idm-02816,BANK_TXN,RAZORPAY,core.settlements,SET-0893,BANK,core.bank_transactions,BNK-0893,UTR,1.00,RESOLVED,,2025-04-05T00:00:00Z
idm-02817,BANK_TXN,RAZORPAY,core.settlements,SET-0894,BANK,core.bank_transactions,BNK-0894,UTR,1.00,RESOLVED,,2025-04-05T00:00:00Z
idm-02818,BANK_TXN,RAZORPAY,core.settlements,SET-0895,BANK,core.bank_transactions,BNK-0895,UTR,1.00,RESOLVED,,2025-04-05T00:00:00Z
idm-02819,BANK_TXN,RAZORPAY,core.settlements,SET-0896,BANK,core.bank_transactions,BNK-0896,UTR,1.00,RESOLVED,,2025-04-05T00:00:00Z
idm-02820,BANK_TXN,RAZORPAY,core.settlements,SET-0897,BANK,core.bank_transactions,BNK-0897,UTR,1.00,RESOLVED,,2025-04-05T00:00:00Z
idm-02821,BANK_TXN,RAZORPAY,core.settlements,SET-0898,BANK,core.bank_transactions,BNK-0898,UTR,1.00,RESOLVED,,2025-04-05T00:00:00Z
idm-02822,BANK_TXN,RAZORPAY,core.settlements,SET-0899,BANK,core.bank_transactions,BNK-0899,UTR,1.00,RESOLVED,,2025-04-05T00:00:00Z
idm-02823,BANK_TXN,RAZORPAY,core.settlements,SET-0900,BANK,core.bank_transactions,BNK-0900,UTR,1.00,RESOLVED,,2025-04-05T00:00:00Z
idm-02824,BANK_TXN,RAZORPAY,core.settlements,SET-0901,BANK,core.bank_transactions,BNK-0901,UTR,1.00,RESOLVED,,2025-04-05T00:00:00Z
idm-02825,BANK_TXN,RAZORPAY,core.settlements,SET-0902,BANK,core.bank_transactions,BNK-0902,UTR,1.00,RESOLVED,,2025-04-05T00:00:00Z
idm-02826,BANK_TXN,RAZORPAY,core.settlements,SET-0903,BANK,core.bank_transactions,BNK-0903,UTR,1.00,RESOLVED,,2025-04-05T00:00:00Z
idm-02827,BANK_TXN,RAZORPAY,core.settlements,SET-0904,BANK,core.bank_transactions,BNK-0904,UTR,1.00,RESOLVED,,2025-04-05T00:00:00Z
idm-02828,BANK_TXN,RAZORPAY,core.settlements,SET-0905,BANK,core.bank_transactions,BNK-0905,UTR,1.00,RESOLVED,,2025-04-05T00:00:00Z
idm-02829,BANK_TXN,RAZORPAY,core.settlements,SET-0906,BANK,core.bank_transactions,BNK-0906,UTR,1.00,RESOLVED,,2025-04-05T00:00:00Z
idm-02830,BANK_TXN,RAZORPAY,core.settlements,SET-0907,BANK,core.bank_transactions,BNK-0907,UTR,1.00,RESOLVED,,2025-04-05T00:00:00Z
idm-02831,BANK_TXN,RAZORPAY,core.settlements,SET-0908,BANK,core.bank_transactions,BNK-0908,UTR,1.00,RESOLVED,,2025-04-05T00:00:00Z
idm-02832,BANK_TXN,RAZORPAY,core.settlements,SET-0909,BANK,core.bank_transactions,BNK-0909,UTR,1.00,RESOLVED,,2025-04-05T00:00:00Z
idm-02833,BANK_TXN,RAZORPAY,core.settlements,SET-0910,BANK,core.bank_transactions,BNK-0910,UTR,1.00,RESOLVED,,2025-04-05T00:00:00Z
idm-02834,BANK_TXN,RAZORPAY,core.settlements,SET-0911,BANK,core.bank_transactions,BNK-0911,UTR,1.00,RESOLVED,,2025-04-05T00:00:00Z
idm-02835,BANK_TXN,RAZORPAY,core.settlements,SET-0912,BANK,core.bank_transactions,BNK-0912,UTR,1.00,RESOLVED,,2025-04-05T00:00:00Z
idm-02836,BANK_TXN,RAZORPAY,core.settlements,SET-0914,BANK,core.bank_transactions,BNK-0914,UTR,1.00,RESOLVED,,2025-04-05T00:00:00Z
idm-02837,BANK_TXN,RAZORPAY,core.settlements,SET-0915,BANK,core.bank_transactions,BNK-0915,UTR,1.00,RESOLVED,,2025-04-05T00:00:00Z
idm-02838,BANK_TXN,RAZORPAY,core.settlements,SET-0916,BANK,core.bank_transactions,BNK-0916,UTR,1.00,RESOLVED,,2025-04-05T00:00:00Z
idm-02839,BANK_TXN,RAZORPAY,core.settlements,SET-0917,BANK,core.bank_transactions,BNK-0917,UTR,1.00,RESOLVED,,2025-04-05T00:00:00Z
idm-02840,BANK_TXN,RAZORPAY,core.settlements,SET-0919,BANK,core.bank_transactions,BNK-0919,UTR,1.00,RESOLVED,,2025-04-05T00:00:00Z
idm-02841,BANK_TXN,RAZORPAY,core.settlements,SET-0920,BANK,core.bank_transactions,BNK-0920,UTR,1.00,RESOLVED,,2025-04-05T00:00:00Z
idm-02842,BANK_TXN,RAZORPAY,core.settlements,SET-0921,BANK,core.bank_transactions,BNK-0921,UTR,1.00,RESOLVED,,2025-04-05T00:00:00Z
idm-02843,BANK_TXN,RAZORPAY,core.settlements,SET-0921-2,BANK,core.bank_transactions,BNK-0921-2,UTR,1.00,RESOLVED,,2025-04-05T00:00:00Z
idm-02844,BANK_TXN,RAZORPAY,core.settlements,SET-0922,BANK,core.bank_transactions,BNK-0922,UTR,1.00,RESOLVED,,2025-04-05T00:00:00Z
idm-02845,BANK_TXN,RAZORPAY,core.settlements,SET-0923,BANK,core.bank_transactions,BNK-0923,UTR,1.00,RESOLVED,,2025-04-05T00:00:00Z
idm-02846,BANK_TXN,RAZORPAY,core.settlements,SET-0923-2,BANK,core.bank_transactions,BNK-0923-2,UTR,1.00,RESOLVED,,2025-04-05T00:00:00Z
idm-02847,BANK_TXN,RAZORPAY,core.settlements,SET-0924,BANK,core.bank_transactions,BNK-0924,UTR,1.00,RESOLVED,,2025-04-05T00:00:00Z
idm-02848,BANK_TXN,RAZORPAY,core.settlements,SET-0925,BANK,core.bank_transactions,BNK-0925,UTR,1.00,RESOLVED,,2025-04-05T00:00:00Z
idm-02849,BANK_TXN,RAZORPAY,core.settlements,SET-0926,BANK,core.bank_transactions,BNK-0926,UTR,1.00,RESOLVED,,2025-04-05T00:00:00Z
idm-02850,BANK_TXN,RAZORPAY,core.settlements,SET-0927,BANK,core.bank_transactions,BNK-0927,UTR,1.00,RESOLVED,,2025-04-05T00:00:00Z
idm-02851,BANK_TXN,RAZORPAY,core.settlements,SET-0929,BANK,core.bank_transactions,BNK-0929,UTR,1.00,RESOLVED,,2025-04-05T00:00:00Z
idm-02852,BANK_TXN,RAZORPAY,core.settlements,SET-0930,BANK,core.bank_transactions,BNK-0930,UTR,1.00,RESOLVED,,2025-04-05T00:00:00Z
idm-02853,BANK_TXN,RAZORPAY,core.settlements,SET-0931,BANK,core.bank_transactions,BNK-0931,UTR,1.00,RESOLVED,,2025-04-05T00:00:00Z
idm-02854,BANK_TXN,RAZORPAY,core.settlements,SET-0932,BANK,core.bank_transactions,BNK-0932,UTR,1.00,RESOLVED,,2025-04-05T00:00:00Z
idm-02855,BANK_TXN,RAZORPAY,core.settlements,SET-0933,BANK,core.bank_transactions,BNK-0933,UTR,1.00,RESOLVED,,2025-04-05T00:00:00Z
idm-02856,BANK_TXN,RAZORPAY,core.settlements,SET-0934,BANK,core.bank_transactions,BNK-0934,UTR,1.00,RESOLVED,,2025-04-05T00:00:00Z
idm-02857,BANK_TXN,RAZORPAY,core.settlements,SET-0936,BANK,core.bank_transactions,BNK-0936,UTR,1.00,RESOLVED,,2025-04-05T00:00:00Z
idm-02858,BANK_TXN,RAZORPAY,core.settlements,SET-0937,BANK,core.bank_transactions,BNK-0937,UTR,1.00,RESOLVED,,2025-04-05T00:00:00Z
idm-02859,BANK_TXN,RAZORPAY,core.settlements,SET-0938,BANK,core.bank_transactions,BNK-0938,UTR,1.00,RESOLVED,,2025-04-05T00:00:00Z
idm-02860,BANK_TXN,RAZORPAY,core.settlements,SET-0939,BANK,core.bank_transactions,BNK-0939,UTR,1.00,RESOLVED,,2025-04-05T00:00:00Z
idm-02861,BANK_TXN,RAZORPAY,core.settlements,SET-0940,BANK,core.bank_transactions,BNK-0940,UTR,1.00,RESOLVED,,2025-04-05T00:00:00Z
idm-02862,BANK_TXN,RAZORPAY,core.settlements,SET-0941,BANK,core.bank_transactions,BNK-0941,UTR,1.00,RESOLVED,,2025-04-05T00:00:00Z
idm-02863,BANK_TXN,RAZORPAY,core.settlements,SET-0942,BANK,core.bank_transactions,BNK-0942,UTR,1.00,RESOLVED,,2025-04-05T00:00:00Z
idm-02864,BANK_TXN,RAZORPAY,core.settlements,SET-0943,BANK,core.bank_transactions,BNK-0943,UTR,1.00,RESOLVED,,2025-04-05T00:00:00Z
idm-02865,BANK_TXN,RAZORPAY,core.settlements,SET-0944,BANK,core.bank_transactions,BNK-0944,UTR,1.00,RESOLVED,,2025-04-05T00:00:00Z
idm-02866,BANK_TXN,RAZORPAY,core.settlements,SET-0945,BANK,core.bank_transactions,BNK-0945,UTR,1.00,RESOLVED,,2025-04-05T00:00:00Z
idm-02867,BANK_TXN,RAZORPAY,core.settlements,SET-0946,BANK,core.bank_transactions,BNK-0946,UTR,1.00,RESOLVED,,2025-04-05T00:00:00Z
idm-02868,BANK_TXN,RAZORPAY,core.settlements,SET-0947,BANK,core.bank_transactions,BNK-0947,UTR,1.00,RESOLVED,,2025-04-05T00:00:00Z
idm-02869,BANK_TXN,RAZORPAY,core.settlements,SET-0948,BANK,core.bank_transactions,BNK-0948,UTR,1.00,RESOLVED,,2025-04-05T00:00:00Z
idm-02870,BANK_TXN,RAZORPAY,core.settlements,SET-0949,BANK,core.bank_transactions,BNK-0949,UTR,1.00,RESOLVED,,2025-04-05T00:00:00Z
idm-02871,BANK_TXN,RAZORPAY,core.settlements,SET-0950,BANK,core.bank_transactions,BNK-0950,UTR,1.00,RESOLVED,,2025-04-05T00:00:00Z
idm-02872,BANK_TXN,RAZORPAY,core.settlements,SET-0951,BANK,core.bank_transactions,BNK-0951,UTR,1.00,RESOLVED,,2025-04-05T00:00:00Z
idm-02873,BANK_TXN,RAZORPAY,core.settlements,SET-0953,BANK,core.bank_transactions,BNK-0953,UTR,1.00,RESOLVED,,2025-04-05T00:00:00Z
idm-02874,BANK_TXN,RAZORPAY,core.settlements,SET-0954,BANK,core.bank_transactions,BNK-0954,UTR,1.00,RESOLVED,,2025-04-05T00:00:00Z
idm-02875,BANK_TXN,RAZORPAY,core.settlements,SET-0955,BANK,core.bank_transactions,BNK-0955,UTR,1.00,RESOLVED,,2025-04-05T00:00:00Z
idm-02876,BANK_TXN,RAZORPAY,core.settlements,SET-0956,BANK,core.bank_transactions,BNK-0956,UTR,1.00,RESOLVED,,2025-04-05T00:00:00Z
idm-02877,BANK_TXN,RAZORPAY,core.settlements,SET-0957,BANK,core.bank_transactions,BNK-0957,UTR,1.00,RESOLVED,,2025-04-05T00:00:00Z
idm-02878,BANK_TXN,RAZORPAY,core.settlements,SET-0958,BANK,core.bank_transactions,BNK-0958,UTR,1.00,RESOLVED,,2025-04-05T00:00:00Z
idm-02879,BANK_TXN,RAZORPAY,core.settlements,SET-0959,BANK,core.bank_transactions,BNK-0959,UTR,1.00,RESOLVED,,2025-04-05T00:00:00Z
idm-02880,BANK_TXN,RAZORPAY,core.settlements,SET-0960,BANK,core.bank_transactions,BNK-0960,UTR,1.00,RESOLVED,,2025-04-05T00:00:00Z
idm-02881,BANK_TXN,RAZORPAY,core.settlements,SET-0961,BANK,core.bank_transactions,BNK-0961,UTR,1.00,RESOLVED,,2025-04-05T00:00:00Z
idm-02882,BANK_TXN,RAZORPAY,core.settlements,SET-0962,BANK,core.bank_transactions,BNK-0962,UTR,1.00,RESOLVED,,2025-04-05T00:00:00Z
idm-02883,BANK_TXN,RAZORPAY,core.settlements,SET-0963,BANK,core.bank_transactions,BNK-0963,UTR,1.00,RESOLVED,,2025-04-05T00:00:00Z
idm-02884,BANK_TXN,RAZORPAY,core.settlements,SET-0964,BANK,core.bank_transactions,BNK-0964,UTR,1.00,RESOLVED,,2025-04-05T00:00:00Z
idm-02885,BANK_TXN,RAZORPAY,core.settlements,SET-0965,BANK,core.bank_transactions,BNK-0965,UTR,1.00,RESOLVED,,2025-04-05T00:00:00Z
idm-02886,BANK_TXN,RAZORPAY,core.settlements,SET-0966,BANK,core.bank_transactions,BNK-0966,UTR,1.00,RESOLVED,,2025-04-05T00:00:00Z
idm-02887,BANK_TXN,RAZORPAY,core.settlements,SET-0967,BANK,core.bank_transactions,BNK-0967,UTR,1.00,RESOLVED,,2025-04-05T00:00:00Z
idm-02888,BANK_TXN,RAZORPAY,core.settlements,SET-0968,BANK,core.bank_transactions,BNK-0968,UTR,1.00,RESOLVED,,2025-04-05T00:00:00Z
idm-02889,BANK_TXN,RAZORPAY,core.settlements,SET-0969,BANK,core.bank_transactions,BNK-0969,UTR,1.00,RESOLVED,,2025-04-05T00:00:00Z
idm-02890,BANK_TXN,RAZORPAY,core.settlements,SET-0970,BANK,core.bank_transactions,BNK-0970,UTR,1.00,RESOLVED,,2025-04-05T00:00:00Z
idm-02891,BANK_TXN,RAZORPAY,core.settlements,SET-0972,BANK,core.bank_transactions,BNK-0972,UTR,1.00,RESOLVED,,2025-04-05T00:00:00Z
idm-02892,BANK_TXN,RAZORPAY,core.settlements,SET-0973,BANK,core.bank_transactions,BNK-0973,UTR,1.00,RESOLVED,,2025-04-05T00:00:00Z
idm-02893,BANK_TXN,RAZORPAY,core.settlements,SET-0974,BANK,core.bank_transactions,BNK-0974,UTR,1.00,RESOLVED,,2025-04-05T00:00:00Z
idm-02894,BANK_TXN,RAZORPAY,core.settlements,SET-0975,BANK,core.bank_transactions,BNK-0975,UTR,1.00,RESOLVED,,2025-04-05T00:00:00Z
idm-02895,BANK_TXN,RAZORPAY,core.settlements,SET-0976,BANK,core.bank_transactions,BNK-0976,UTR,1.00,RESOLVED,,2025-04-05T00:00:00Z
idm-02896,BANK_TXN,RAZORPAY,core.settlements,SET-0977,BANK,core.bank_transactions,BNK-0977,UTR,1.00,RESOLVED,,2025-04-05T00:00:00Z
idm-02897,BANK_TXN,RAZORPAY,core.settlements,SET-0978,BANK,core.bank_transactions,BNK-0978,UTR,1.00,RESOLVED,,2025-04-05T00:00:00Z
idm-02898,BANK_TXN,RAZORPAY,core.settlements,SET-0979,BANK,core.bank_transactions,BNK-0979,UTR,1.00,RESOLVED,,2025-04-05T00:00:00Z
idm-02899,BANK_TXN,RAZORPAY,core.settlements,SET-0980,BANK,core.bank_transactions,BNK-0980,UTR,1.00,RESOLVED,,2025-04-05T00:00:00Z
idm-02900,BANK_TXN,RAZORPAY,core.settlements,SET-0981,BANK,core.bank_transactions,BNK-0981,UTR,1.00,RESOLVED,,2025-04-05T00:00:00Z
idm-02901,BANK_TXN,RAZORPAY,core.settlements,SET-0983,BANK,core.bank_transactions,BNK-0983,UTR,1.00,RESOLVED,,2025-04-05T00:00:00Z
idm-02902,BANK_TXN,RAZORPAY,core.settlements,SET-0984,BANK,core.bank_transactions,BNK-0984,UTR,1.00,RESOLVED,,2025-04-05T00:00:00Z
idm-02903,BANK_TXN,RAZORPAY,core.settlements,SET-0985,BANK,core.bank_transactions,BNK-0985,UTR,1.00,RESOLVED,,2025-04-05T00:00:00Z
idm-02904,BANK_TXN,RAZORPAY,core.settlements,SET-0986,BANK,core.bank_transactions,BNK-0986,UTR,1.00,RESOLVED,,2025-04-05T00:00:00Z
idm-02905,BANK_TXN,RAZORPAY,core.settlements,SET-0988,BANK,core.bank_transactions,BNK-0988,UTR,1.00,RESOLVED,,2025-04-05T00:00:00Z
idm-02906,BANK_TXN,RAZORPAY,core.settlements,SET-0989,BANK,core.bank_transactions,BNK-0989,UTR,1.00,RESOLVED,,2025-04-05T00:00:00Z
idm-02907,BANK_TXN,RAZORPAY,core.settlements,SET-0990,BANK,core.bank_transactions,BNK-0990,UTR,1.00,RESOLVED,,2025-04-05T00:00:00Z
idm-02908,BANK_TXN,RAZORPAY,core.settlements,SET-0991,BANK,core.bank_transactions,BNK-0991,UTR,1.00,RESOLVED,,2025-04-05T00:00:00Z
idm-02909,BANK_TXN,RAZORPAY,core.settlements,SET-0992,BANK,core.bank_transactions,BNK-0992,UTR,1.00,RESOLVED,,2025-04-05T00:00:00Z
idm-02910,BANK_TXN,RAZORPAY,core.settlements,SET-0994,BANK,core.bank_transactions,BNK-0994,UTR,1.00,RESOLVED,,2025-04-05T00:00:00Z
idm-02911,BANK_TXN,RAZORPAY,core.settlements,SET-0995,BANK,core.bank_transactions,BNK-0995,UTR,1.00,RESOLVED,,2025-04-05T00:00:00Z
idm-02912,BANK_TXN,RAZORPAY,core.settlements,SET-0996,BANK,core.bank_transactions,BNK-0996,UTR,1.00,RESOLVED,,2025-04-05T00:00:00Z
idm-02913,BANK_TXN,RAZORPAY,core.settlements,SET-0997,BANK,core.bank_transactions,BNK-0997,UTR,1.00,RESOLVED,,2025-04-05T00:00:00Z
idm-02914,BANK_TXN,RAZORPAY,core.settlements,SET-0998,BANK,core.bank_transactions,BNK-0998,UTR,1.00,RESOLVED,,2025-04-05T00:00:00Z
idm-02915,BANK_TXN,RAZORPAY,core.settlements,SET-0999,BANK,core.bank_transactions,BNK-0999,UTR,1.00,RESOLVED,,2025-04-05T00:00:00Z
idm-02916,BANK_TXN,RAZORPAY,core.settlements,SET-1000,BANK,core.bank_transactions,BNK-1000,UTR,1.00,RESOLVED,,2025-04-05T00:00:00Z
