recon_result_id,reconcile_run_id,direction,left_entity,left_record_id,right_entity,right_record_id,status,expected_amount,actual_amount,variance,explained_variance,unexplained_variance,variance_class,tolerance_id,matched_at,notes
rcn-00001,RUN-2025-04-05-01,PAYMENT_VS_ORDER,core.orders,ORD-1,core.payments,PAY-0001,MATCHED,1230.45,1230.45,0.0,0,0,LEGITIMATE,TOL-PAYMENT,2025-04-05T00:00:00Z,
rcn-00002,RUN-2025-04-05-01,SETTLEMENT_VS_PAYMENT,core.payments,PAY-0001,core.settlements,SET-0001,MISMATCH,1201.41,1189.73,11.68,0,11.68,LEAKAGE,TOL-SETTLEMENT,2025-04-05T00:00:00Z,LEAKAGE on SETTLEMENT_VS_PAYMENT
rcn-00003,RUN-2025-04-05-01,FEE_VS_RATE_CARD,core.payments,PAY-0001,core.gateway_fees,FEE-0001,MISMATCH,24.61,36.29,-11.68,0,11.68,LEAKAGE,TOL-FEE,2025-04-05T00:00:00Z,LEAKAGE on FEE_VS_RATE_CARD
rcn-00004,RUN-2025-04-05-01,BANK_VS_SETTLEMENT,core.settlements,SET-0001,core.bank_transactions,BNK-0001,MATCHED,1189.73,1189.73,0.0,0,0,LEGITIMATE,TOL-BANK,2025-04-05T00:00:00Z,
rcn-00005,RUN-2025-04-05-01,PAYMENT_VS_ORDER,core.orders,ORD-2,core.payments,PAY-0002,MATCHED,1043.57,1043.57,0.0,0,0,LEGITIMATE,TOL-PAYMENT,2025-04-05T00:00:00Z,
rcn-00006,RUN-2025-04-05-01,SETTLEMENT_VS_PAYMENT,core.payments,PAY-0002,core.settlements,SET-0002,MATCHED,1038.65,1038.65,0.0,0,0,LEGITIMATE,TOL-SETTLEMENT,2025-04-05T00:00:00Z,
rcn-00007,RUN-2025-04-05-01,FEE_VS_RATE_CARD,core.payments,PAY-0002,core.gateway_fees,FEE-0002,MATCHED,4.17,4.17,0.0,0,0,LEGITIMATE,TOL-FEE,2025-04-05T00:00:00Z,
rcn-00008,RUN-2025-04-05-01,BANK_VS_SETTLEMENT,core.settlements,SET-0002,core.bank_transactions,BNK-0002,MATCHED,1038.65,1038.65,0.0,0,0,LEGITIMATE,TOL-BANK,2025-04-05T00:00:00Z,
rcn-00009,RUN-2025-04-05-01,PAYMENT_VS_ORDER,core.orders,ORD-3,core.payments,PAY-0003,MATCHED,2730.41,2730.41,0.0,0,0,LEGITIMATE,TOL-PAYMENT,2025-04-05T00:00:00Z,
rcn-00010,RUN-2025-04-05-01,SETTLEMENT_VS_PAYMENT,core.payments,PAY-0003,core.settlements,SET-0003,MATCHED,2665.97,2665.97,0.0,0,0,LEGITIMATE,TOL-SETTLEMENT,2025-04-05T00:00:00Z,
rcn-00011,RUN-2025-04-05-01,FEE_VS_RATE_CARD,core.payments,PAY-0003,core.gateway_fees,FEE-0003,MATCHED,54.61,54.61,0.0,0,0,LEGITIMATE,TOL-FEE,2025-04-05T00:00:00Z,
rcn-00012,RUN-2025-04-05-01,BANK_VS_SETTLEMENT,core.settlements,SET-0003,core.bank_transactions,BNK-0003,MATCHED,2665.97,2665.97,0.0,0,0,LEGITIMATE,TOL-BANK,2025-04-05T00:00:00Z,
rcn-00013,RUN-2025-04-05-01,PAYMENT_VS_ORDER,core.orders,ORD-4,core.payments,PAY-0004,MATCHED,614.19,614.19,0.0,0,0,LEGITIMATE,TOL-PAYMENT,2025-04-05T00:00:00Z,
rcn-00014,RUN-2025-04-05-01,SETTLEMENT_VS_PAYMENT,core.payments,PAY-0004,core.settlements,SET-0004,MATCHED,611.29,610.29,1.0,0,0,LEGITIMATE,TOL-SETTLEMENT,2025-04-05T00:00:00Z,
rcn-00015,RUN-2025-04-05-01,FEE_VS_RATE_CARD,core.payments,PAY-0004,core.gateway_fees,FEE-0004,MATCHED,2.46,3.46,-1.0,0,0,LEGITIMATE,TOL-FEE,2025-04-05T00:00:00Z,
rcn-00016,RUN-2025-04-05-01,BANK_VS_SETTLEMENT,core.settlements,SET-0004,core.bank_transactions,BNK-0004,MATCHED,610.29,610.29,0.0,0,0,LEGITIMATE,TOL-BANK,2025-04-05T00:00:00Z,
rcn-00017,RUN-2025-04-05-01,PAYMENT_VS_ORDER,core.orders,ORD-5,core.payments,PAY-0005,MATCHED,299.0,299.0,0.0,0,0,LEGITIMATE,TOL-PAYMENT,2025-04-05T00:00:00Z,
rcn-00018,RUN-2025-04-05-01,SETTLEMENT_VS_PAYMENT,core.payments,PAY-0005,core.settlements,SET-0005,MATCHED,291.94,291.94,0.0,0,0,LEGITIMATE,TOL-SETTLEMENT,2025-04-05T00:00:00Z,
rcn-00019,RUN-2025-04-05-01,FEE_VS_RATE_CARD,core.payments,PAY-0005,core.gateway_fees,FEE-0005,MATCHED,5.98,5.98,0.0,0,0,LEGITIMATE,TOL-FEE,2025-04-05T00:00:00Z,
rcn-00020,RUN-2025-04-05-01,BANK_VS_SETTLEMENT,core.settlements,SET-0005,core.bank_transactions,BNK-0005,MATCHED,291.94,291.94,0.0,0,0,LEGITIMATE,TOL-BANK,2025-04-05T00:00:00Z,
rcn-00021,RUN-2025-04-05-01,PAYMENT_VS_ORDER,core.orders,ORD-6,core.payments,PAY-0006,MATCHED,1141.49,1141.49,0.0,0,0,LEGITIMATE,TOL-PAYMENT,2025-04-05T00:00:00Z,
rcn-00022,RUN-2025-04-05-01,SETTLEMENT_VS_PAYMENT,core.payments,PAY-0006,core.settlements,SET-0006,MATCHED,1136.1,1136.1,0.0,0,0,LEGITIMATE,TOL-SETTLEMENT,2025-04-05T00:00:00Z,
rcn-00023,RUN-2025-04-05-01,FEE_VS_RATE_CARD,core.payments,PAY-0006,core.gateway_fees,FEE-0006,MATCHED,4.57,4.57,0.0,0,0,LEGITIMATE,TOL-FEE,2025-04-05T00:00:00Z,
rcn-00024,RUN-2025-04-05-01,BANK_VS_SETTLEMENT,core.settlements,SET-0006,core.bank_transactions,BNK-0006,MATCHED,1136.1,1136.1,0.0,0,0,LEGITIMATE,TOL-BANK,2025-04-05T00:00:00Z,
rcn-00025,RUN-2025-04-05-01,PAYMENT_VS_ORDER,core.orders,ORD-7,core.payments,PAY-0007,MATCHED,4944.97,4944.97,0.0,0,0,LEGITIMATE,TOL-PAYMENT,2025-04-05T00:00:00Z,
rcn-00026,RUN-2025-04-05-01,SETTLEMENT_VS_PAYMENT,core.payments,PAY-0007,core.settlements,SET-0007,MATCHED,4921.63,4921.63,0.0,0,0,LEGITIMATE,TOL-SETTLEMENT,2025-04-05T00:00:00Z,
rcn-00027,RUN-2025-04-05-01,FEE_VS_RATE_CARD,core.payments,PAY-0007,core.gateway_fees,FEE-0007,MATCHED,19.78,19.78,0.0,0,0,LEGITIMATE,TOL-FEE,2025-04-05T00:00:00Z,
rcn-00028,RUN-2025-04-05-01,BANK_VS_SETTLEMENT,core.settlements,SET-0007,core.bank_transactions,BNK-0007,MATCHED,4921.63,4921.63,0.0,0,0,LEGITIMATE,TOL-BANK,2025-04-05T00:00:00Z,
rcn-00029,RUN-2025-04-05-01,PAYMENT_VS_ORDER,core.orders,ORD-8,core.payments,PAY-0008,MATCHED,428.95,428.95,0.0,0,0,LEGITIMATE,TOL-PAYMENT,2025-04-05T00:00:00Z,
rcn-00030,RUN-2025-04-05-01,SETTLEMENT_VS_PAYMENT,core.payments,PAY-0008,core.settlements,SET-0008,MATCHED,418.83,418.83,0.0,0,0,LEGITIMATE,TOL-SETTLEMENT,2025-04-05T00:00:00Z,
rcn-00031,RUN-2025-04-05-01,FEE_VS_RATE_CARD,core.payments,PAY-0008,core.gateway_fees,FEE-0008,MATCHED,8.58,8.58,0.0,0,0,LEGITIMATE,TOL-FEE,2025-04-05T00:00:00Z,
rcn-00032,RUN-2025-04-05-01,BANK_VS_SETTLEMENT,core.settlements,SET-0008,core.bank_transactions,BNK-0008,MATCHED,418.83,418.83,0.0,0,0,LEGITIMATE,TOL-BANK,2025-04-05T00:00:00Z,
rcn-00033,RUN-2025-04-05-01,PAYMENT_VS_ORDER,core.orders,ORD-9,core.payments,PAY-0009,MATCHED,648.52,648.52,0.0,0,0,LEGITIMATE,TOL-PAYMENT,2025-04-05T00:00:00Z,
rcn-00034,RUN-2025-04-05-01,SETTLEMENT_VS_PAYMENT,core.payments,PAY-0009,core.settlements,SET-0009,MATCHED,645.46,644.24,1.22,0,0,LEGITIMATE,TOL-SETTLEMENT,2025-04-05T00:00:00Z,
rcn-00035,RUN-2025-04-05-01,FEE_VS_RATE_CARD,core.payments,PAY-0009,core.gateway_fees,FEE-0009,MISMATCH,2.59,3.81,-1.22,0,1.22,LEAKAGE,TOL-FEE,2025-04-05T00:00:00Z,LEAKAGE on FEE_VS_RATE_CARD
rcn-00036,RUN-2025-04-05-01,BANK_VS_SETTLEMENT,core.settlements,SET-0009,core.bank_transactions,BNK-0009,MATCHED,644.24,644.24,0.0,0,0,LEGITIMATE,TOL-BANK,2025-04-05T00:00:00Z,
rcn-00037,RUN-2025-04-05-01,PAYMENT_VS_ORDER,core.orders,ORD-10,core.payments,PAY-0010,MATCHED,674.79,674.79,0.0,0,0,LEGITIMATE,TOL-PAYMENT,2025-04-05T00:00:00Z,
rcn-00038,RUN-2025-04-05-01,SETTLEMENT_VS_PAYMENT,core.payments,PAY-0010,core.settlements,SET-0010,MATCHED,671.6,671.6,0.0,0,0,LEGITIMATE,TOL-SETTLEMENT,2025-04-05T00:00:00Z,
rcn-00039,RUN-2025-04-05-01,FEE_VS_RATE_CARD,core.payments,PAY-0010,core.gateway_fees,FEE-0010,MATCHED,2.7,2.7,0.0,0,0,LEGITIMATE,TOL-FEE,2025-04-05T00:00:00Z,
rcn-00040,RUN-2025-04-05-01,BANK_VS_SETTLEMENT,core.settlements,SET-0010,core.bank_transactions,BNK-0010,MATCHED,671.6,671.6,0.0,0,0,LEGITIMATE,TOL-BANK,2025-04-05T00:00:00Z,
rcn-00041,RUN-2025-04-05-01,PAYMENT_VS_ORDER,core.orders,ORD-11,core.payments,PAY-0011,MATCHED,302.13,302.13,0.0,0,0,LEGITIMATE,TOL-PAYMENT,2025-04-05T00:00:00Z,
rcn-00042,RUN-2025-04-05-01,SETTLEMENT_VS_PAYMENT,core.payments,PAY-0011,core.settlements,SET-0011,MATCHED,295.0,295.0,0.0,0,0,LEGITIMATE,TOL-SETTLEMENT,2025-04-05T00:00:00Z,
rcn-00043,RUN-2025-04-05-01,FEE_VS_RATE_CARD,core.payments,PAY-0011,core.gateway_fees,FEE-0011,MATCHED,6.04,6.04,0.0,0,0,LEGITIMATE,TOL-FEE,2025-04-05T00:00:00Z,
rcn-00044,RUN-2025-04-05-01,BANK_VS_SETTLEMENT,core.settlements,SET-0011,core.bank_transactions,BNK-0011,MATCHED,295.0,295.0,0.0,0,0,LEGITIMATE,TOL-BANK,2025-04-05T00:00:00Z,
rcn-00045,RUN-2025-04-05-01,PAYMENT_VS_ORDER,core.orders,ORD-12,core.payments,PAY-0012,MATCHED,1992.45,1992.45,0.0,0,0,LEGITIMATE,TOL-PAYMENT,2025-04-05T00:00:00Z,
rcn-00046,RUN-2025-04-05-01,SETTLEMENT_VS_PAYMENT,core.payments,PAY-0012,core.settlements,,UNMATCHED,1945.43,,,0,1945.43,LEAKAGE,TOL-SETTLEMENT,2025-04-05T00:00:00Z,LEAKAGE on SETTLEMENT_VS_PAYMENT
rcn-00047,RUN-2025-04-05-01,FEE_VS_RATE_CARD,core.payments,PAY-0012,core.gateway_fees,FEE-0012,MATCHED,39.85,39.85,0.0,0,0,LEGITIMATE,TOL-FEE,2025-04-05T00:00:00Z,
rcn-00048,RUN-2025-04-05-01,PAYMENT_VS_ORDER,core.orders,ORD-13,core.payments,PAY-0013,MATCHED,712.3,712.3,0.0,0,0,LEGITIMATE,TOL-PAYMENT,2025-04-05T00:00:00Z,
rcn-00049,RUN-2025-04-05-01,SETTLEMENT_VS_PAYMENT,core.payments,PAY-0013,core.settlements,SET-0013,MATCHED,708.94,708.94,0.0,0,0,LEGITIMATE,TOL-SETTLEMENT,2025-04-05T00:00:00Z,
rcn-00050,RUN-2025-04-05-01,FEE_VS_RATE_CARD,core.payments,PAY-0013,core.gateway_fees,FEE-0013,MATCHED,2.85,2.85,0.0,0,0,LEGITIMATE,TOL-FEE,2025-04-05T00:00:00Z,
rcn-00051,RUN-2025-04-05-01,BANK_VS_SETTLEMENT,core.settlements,SET-0013,core.bank_transactions,BNK-0013,MATCHED,708.94,708.94,0.0,0,0,LEGITIMATE,TOL-BANK,2025-04-05T00:00:00Z,
rcn-00052,RUN-2025-04-05-01,PAYMENT_VS_ORDER,core.orders,ORD-14,core.payments,PAY-0014,MATCHED,1511.29,1511.29,0.0,0,0,LEGITIMATE,TOL-PAYMENT,2025-04-05T00:00:00Z,
rcn-00053,RUN-2025-04-05-01,SETTLEMENT_VS_PAYMENT,core.payments,PAY-0014,core.settlements,SET-0014,MATCHED,983.73,983.73,0.0,0,0,LEGITIMATE,TOL-SETTLEMENT,2025-04-05T00:00:00Z,
rcn-00054,RUN-2025-04-05-01,FEE_VS_RATE_CARD,core.payments,PAY-0014,core.gateway_fees,FEE-0014,MATCHED,30.23,30.23,0.0,0,0,LEGITIMATE,TOL-FEE,2025-04-05T00:00:00Z,
rcn-00055,RUN-2025-04-05-01,BANK_VS_SETTLEMENT,core.settlements,SET-0014,core.bank_transactions,BNK-0014,MATCHED,983.73,983.73,0.0,0,0,LEGITIMATE,TOL-BANK,2025-04-05T00:00:00Z,
rcn-00056,RUN-2025-04-05-01,REFUND_VS_PAYMENT,core.payments,PAY-0014,core.refunds,REF-0014,MATCHED,501.93,501.93,0.0,0,0,LEGITIMATE,TOL-REFUND,2025-04-05T00:00:00Z,
rcn-00057,RUN-2025-04-05-01,PAYMENT_VS_ORDER,core.orders,ORD-15,core.payments,PAY-0015,MATCHED,522.09,522.09,0.0,0,0,LEGITIMATE,TOL-PAYMENT,2025-04-05T00:00:00Z,
rcn-00058,RUN-2025-04-05-01,SETTLEMENT_VS_PAYMENT,core.payments,PAY-0015,core.settlements,SET-0015,MATCHED,507.93,507.93,0.0,0,0,LEGITIMATE,TOL-SETTLEMENT,2025-04-05T00:00:00Z,
rcn-00059,RUN-2025-04-05-01,FEE_VS_RATE_CARD,core.payments,PAY-0015,core.gateway_fees,FEE-0015,MATCHED,12.0,12.0,0.0,0,0,LEGITIMATE,TOL-FEE,2025-04-05T00:00:00Z,
rcn-00060,RUN-2025-04-05-01,BANK_VS_SETTLEMENT,core.settlements,SET-0015,core.bank_transactions,BNK-0015,MATCHED,507.93,507.93,0.0,0,0,LEGITIMATE,TOL-BANK,2025-04-05T00:00:00Z,
rcn-00061,RUN-2025-04-05-01,PAYMENT_VS_ORDER,core.orders,ORD-16,core.payments,PAY-0016,MATCHED,1062.01,1062.01,0.0,0,0,LEGITIMATE,TOL-PAYMENT,2025-04-05T00:00:00Z,
rcn-00062,RUN-2025-04-05-01,SETTLEMENT_VS_PAYMENT,core.payments,PAY-0016,core.settlements,SET-0016,MISMATCH,604.35,595.52,8.83,0,8.83,LEAKAGE,TOL-SETTLEMENT,2025-04-05T00:00:00Z,LEAKAGE on SETTLEMENT_VS_PAYMENT
rcn-00063,RUN-2025-04-05-01,FEE_VS_RATE_CARD,core.payments,PAY-0016,core.gateway_fees,FEE-0016,MATCHED,21.24,21.24,0.0,0,0,LEGITIMATE,TOL-FEE,2025-04-05T00:00:00Z,
rcn-00064,RUN-2025-04-05-01,BANK_VS_SETTLEMENT,core.settlements,SET-0016,core.bank_transactions,BNK-0016,MATCHED,595.52,595.52,0.0,0,0,LEGITIMATE,TOL-BANK,2025-04-05T00:00:00Z,
rcn-00065,RUN-2025-04-05-01,REFUND_VS_PAYMENT,core.payments,PAY-0016,core.refunds,REF-0016,MATCHED,441.43,441.43,0.0,0,0,LEGITIMATE,TOL-REFUND,2025-04-05T00:00:00Z,
rcn-00066,RUN-2025-04-05-01,PAYMENT_VS_ORDER,core.orders,ORD-17,core.payments,PAY-0017,MATCHED,394.13,394.13,0.0,0,0,LEGITIMATE,TOL-PAYMENT,2025-04-05T00:00:00Z,
rcn-00067,RUN-2025-04-05-01,SETTLEMENT_VS_PAYMENT,core.payments,PAY-0017,core.settlements,SET-0017,MISMATCH,209.91,206.34,3.57,0,3.57,LEAKAGE,TOL-SETTLEMENT,2025-04-05T00:00:00Z,LEAKAGE on SETTLEMENT_VS_PAYMENT
rcn-00068,RUN-2025-04-05-01,FEE_VS_RATE_CARD,core.payments,PAY-0017,core.gateway_fees,FEE-0017,MATCHED,7.88,7.88,0.0,0,0,LEGITIMATE,TOL-FEE,2025-04-05T00:00:00Z,
rcn-00069,RUN-2025-04-05-01,BANK_VS_SETTLEMENT,core.settlements,SET-0017,core.bank_transactions,BNK-0017,MATCHED,206.34,206.34,0.0,0,0,LEGITIMATE,TOL-BANK,2025-04-05T00:00:00Z,
rcn-00070,RUN-2025-04-05-01,REFUND_VS_PAYMENT,core.payments,PAY-0017,core.refunds,REF-0017,MATCHED,178.49,178.49,0.0,0,0,LEGITIMATE,TOL-REFUND,2025-04-05T00:00:00Z,
rcn-00071,RUN-2025-04-05-01,PAYMENT_VS_ORDER,core.orders,ORD-18,core.payments,PAY-0018,MATCHED,390.76,390.76,0.0,0,0,LEGITIMATE,TOL-PAYMENT,2025-04-05T00:00:00Z,
rcn-00072,RUN-2025-04-05-01,SETTLEMENT_VS_PAYMENT,core.payments,PAY-0018,core.settlements,SET-0018,MATCHED,376.6,376.6,0.0,0,0,LEGITIMATE,TOL-SETTLEMENT,2025-04-05T00:00:00Z,
rcn-00073,RUN-2025-04-05-01,FEE_VS_RATE_CARD,core.payments,PAY-0018,core.gateway_fees,FEE-0018,MATCHED,12.0,12.0,0.0,0,0,LEGITIMATE,TOL-FEE,2025-04-05T00:00:00Z,
rcn-00074,RUN-2025-04-05-01,BANK_VS_SETTLEMENT,core.settlements,SET-0018,core.bank_transactions,BNK-0018,MATCHED,376.6,376.6,0.0,0,0,LEGITIMATE,TOL-BANK,2025-04-05T00:00:00Z,
rcn-00075,RUN-2025-04-05-01,PAYMENT_VS_ORDER,core.orders,ORD-19,core.payments,PAY-0019,MATCHED,1922.78,1922.78,0.0,0,0,LEGITIMATE,TOL-PAYMENT,2025-04-05T00:00:00Z,
rcn-00076,RUN-2025-04-05-01,SETTLEMENT_VS_PAYMENT,core.payments,PAY-0019,core.settlements,SET-0019,MATCHED,1877.4,1877.4,0.0,0,0,LEGITIMATE,TOL-SETTLEMENT,2025-04-05T00:00:00Z,
rcn-00077,RUN-2025-04-05-01,FEE_VS_RATE_CARD,core.payments,PAY-0019,core.gateway_fees,FEE-0019,MATCHED,38.46,38.46,0.0,0,0,LEGITIMATE,TOL-FEE,2025-04-05T00:00:00Z,
rcn-00078,RUN-2025-04-05-01,BANK_VS_SETTLEMENT,core.settlements,SET-0019,core.bank_transactions,BNK-0019,MATCHED,1877.4,1877.4,0.0,0,0,LEGITIMATE,TOL-BANK,2025-04-05T00:00:00Z,
rcn-00079,RUN-2025-04-05-01,PAYMENT_VS_ORDER,core.orders,ORD-20,core.payments,PAY-0020,MATCHED,1495.96,1495.96,0.0,0,0,LEGITIMATE,TOL-PAYMENT,2025-04-05T00:00:00Z,
rcn-00080,RUN-2025-04-05-01,SETTLEMENT_VS_PAYMENT,core.payments,PAY-0020,core.settlements,SET-0020,MATCHED,890.78,890.78,0.0,0,0,LEGITIMATE,TOL-SETTLEMENT,2025-04-05T00:00:00Z,
rcn-00081,RUN-2025-04-05-01,FEE_VS_RATE_CARD,core.payments,PAY-0020,core.gateway_fees,FEE-0020,MATCHED,12.0,12.0,0.0,0,0,LEGITIMATE,TOL-FEE,2025-04-05T00:00:00Z,
rcn-00082,RUN-2025-04-05-01,BANK_VS_SETTLEMENT,core.settlements,SET-0020,core.bank_transactions,BNK-0020,MATCHED,890.78,890.78,0.0,0,0,LEGITIMATE,TOL-BANK,2025-04-05T00:00:00Z,
rcn-00083,RUN-2025-04-05-01,REFUND_VS_PAYMENT,core.payments,PAY-0020,core.refunds,REF-0020,MATCHED,595.8,595.8,0.0,0,0,LEGITIMATE,TOL-REFUND,2025-04-05T00:00:00Z,
rcn-00084,RUN-2025-04-05-01,PAYMENT_VS_ORDER,core.orders,ORD-21,core.payments,PAY-0021,MATCHED,386.48,386.48,0.0,0,0,LEGITIMATE,TOL-PAYMENT,2025-04-05T00:00:00Z,
rcn-00085,RUN-2025-04-05-01,SETTLEMENT_VS_PAYMENT,core.payments,PAY-0021,core.settlements,SET-0021,MATCHED,377.36,377.36,0.0,0,0,LEGITIMATE,TOL-SETTLEMENT,2025-04-05T00:00:00Z,
rcn-00086,RUN-2025-04-05-01,FEE_VS_RATE_CARD,core.payments,PAY-0021,core.gateway_fees,FEE-0021,MATCHED,7.73,7.73,0.0,0,0,LEGITIMATE,TOL-FEE,2025-04-05T00:00:00Z,
rcn-00087,RUN-2025-04-05-01,BANK_VS_SETTLEMENT,core.settlements,SET-0021,core.bank_transactions,BNK-0021,MATCHED,377.36,377.36,0.0,0,0,LEGITIMATE,TOL-BANK,2025-04-05T00:00:00Z,
rcn-00088,RUN-2025-04-05-01,PAYMENT_VS_ORDER,core.orders,ORD-22,core.payments,PAY-0022,MATCHED,646.09,646.09,0.0,0,0,LEGITIMATE,TOL-PAYMENT,2025-04-05T00:00:00Z,
rcn-00089,RUN-2025-04-05-01,SETTLEMENT_VS_PAYMENT,core.payments,PAY-0022,core.settlements,SET-0022,MATCHED,630.84,630.84,0.0,0,0,LEGITIMATE,TOL-SETTLEMENT,2025-04-05T00:00:00Z,
rcn-00090,RUN-2025-04-05-01,FEE_VS_RATE_CARD,core.payments,PAY-0022,core.gateway_fees,FEE-0022,MATCHED,12.92,12.92,0.0,0,0,LEGITIMATE,TOL-FEE,2025-04-05T00:00:00Z,
rcn-00091,RUN-2025-04-05-01,BANK_VS_SETTLEMENT,core.settlements,SET-0022,core.bank_transactions,BNK-0022,MATCHED,630.84,630.84,0.0,0,0,LEGITIMATE,TOL-BANK,2025-04-05T00:00:00Z,
rcn-00092,RUN-2025-04-05-01,PAYMENT_VS_ORDER,core.orders,ORD-23,core.payments,PAY-0023,MATCHED,2138.65,2138.65,0.0,0,0,LEGITIMATE,TOL-PAYMENT,2025-04-05T00:00:00Z,
rcn-00093,RUN-2025-04-05-01,SETTLEMENT_VS_PAYMENT,core.payments,PAY-0023,core.settlements,SET-0023,MATCHED,2128.56,2128.56,0.0,0,0,LEGITIMATE,TOL-SETTLEMENT,2025-04-05T00:00:00Z,
rcn-00094,RUN-2025-04-05-01,FEE_VS_RATE_CARD,core.payments,PAY-0023,core.gateway_fees,FEE-0023,MATCHED,8.55,8.55,0.0,0,0,LEGITIMATE,TOL-FEE,2025-04-05T00:00:00Z,
rcn-00095,RUN-2025-04-05-01,BANK_VS_SETTLEMENT,core.settlements,SET-0023,core.bank_transactions,BNK-0023,MATCHED,2128.56,2128.56,0.0,0,0,LEGITIMATE,TOL-BANK,2025-04-05T00:00:00Z,
rcn-00096,RUN-2025-04-05-01,PAYMENT_VS_ORDER,core.orders,ORD-24,core.payments,PAY-0024,MATCHED,20063.33,20063.33,0.0,0,0,LEGITIMATE,TOL-PAYMENT,2025-04-05T00:00:00Z,
rcn-00097,RUN-2025-04-05-01,SETTLEMENT_VS_PAYMENT,core.payments,PAY-0024,core.settlements,SET-0024,MATCHED,19589.83,19589.83,0.0,0,0,LEGITIMATE,TOL-SETTLEMENT,2025-04-05T00:00:00Z,
rcn-00098,RUN-2025-04-05-01,FEE_VS_RATE_CARD,core.payments,PAY-0024,core.gateway_fees,FEE-0024,MATCHED,401.27,401.27,0.0,0,0,LEGITIMATE,TOL-FEE,2025-04-05T00:00:00Z,
rcn-00099,RUN-2025-04-05-01,BANK_VS_SETTLEMENT,core.settlements,SET-0024,core.bank_transactions,BNK-0024,MATCHED,19589.83,19589.83,0.0,0,0,LEGITIMATE,TOL-BANK,2025-04-05T00:00:00Z,
rcn-00100,RUN-2025-04-05-01,PAYMENT_VS_ORDER,core.orders,ORD-25,core.payments,PAY-0025,MATCHED,2913.59,2913.59,0.0,0,0,LEGITIMATE,TOL-PAYMENT,2025-04-05T00:00:00Z,
rcn-00101,RUN-2025-04-05-01,SETTLEMENT_VS_PAYMENT,core.payments,PAY-0025,core.settlements,,UNMATCHED,1541.86,,,0,1541.86,LEAKAGE,TOL-SETTLEMENT,2025-04-05T00:00:00Z,LEAKAGE on SETTLEMENT_VS_PAYMENT
rcn-00102,RUN-2025-04-05-01,FEE_VS_RATE_CARD,core.payments,PAY-0025,core.gateway_fees,FEE-0025,MATCHED,58.27,58.27,0.0,0,0,LEGITIMATE,TOL-FEE,2025-04-05T00:00:00Z,
rcn-00103,RUN-2025-04-05-01,REFUND_VS_PAYMENT,core.payments,PAY-0025,core.refunds,REF-0025,MATCHED,1329.56,1329.56,0.0,0,0,LEGITIMATE,TOL-REFUND,2025-04-05T00:00:00Z,
rcn-00104,RUN-2025-04-05-01,PAYMENT_VS_ORDER,core.orders,ORD-26,core.payments,PAY-0026,MATCHED,609.38,609.38,0.0,0,0,LEGITIMATE,TOL-PAYMENT,2025-04-05T00:00:00Z,
rcn-00105,RUN-2025-04-05-01,SETTLEMENT_VS_PAYMENT,core.payments,PAY-0026,core.settlements,SET-0026,MATCHED,595.0,595.0,0.0,0,0,LEGITIMATE,TOL-SETTLEMENT,2025-04-05T00:00:00Z,
rcn-00106,RUN-2025-04-05-01,FEE_VS_RATE_CARD,core.payments,PAY-0026,core.gateway_fees,FEE-0026,MATCHED,12.19,12.19,0.0,0,0,LEGITIMATE,TOL-FEE,2025-04-05T00:00:00Z,
rcn-00107,RUN-2025-04-05-01,BANK_VS_SETTLEMENT,core.settlements,SET-0026,core.bank_transactions,BNK-0026,MATCHED,595.0,595.0,0.0,0,0,LEGITIMATE,TOL-BANK,2025-04-05T00:00:00Z,
rcn-00108,RUN-2025-04-05-01,PAYMENT_VS_ORDER,core.orders,ORD-27,core.payments,PAY-0027,MATCHED,918.18,918.18,0.0,0,0,LEGITIMATE,TOL-PAYMENT,2025-04-05T00:00:00Z,
rcn-00109,RUN-2025-04-05-01,SETTLEMENT_VS_PAYMENT,core.payments,PAY-0027,core.settlements,SET-0027,MATCHED,913.85,913.85,0.0,0,0,LEGITIMATE,TOL-SETTLEMENT,2025-04-05T00:00:00Z,
rcn-00110,RUN-2025-04-05-01,FEE_VS_RATE_CARD,core.payments,PAY-0027,core.gateway_fees,FEE-0027,MATCHED,3.67,3.67,0.0,0,0,LEGITIMATE,TOL-FEE,2025-04-05T00:00:00Z,
rcn-00111,RUN-2025-04-05-01,BANK_VS_SETTLEMENT,core.settlements,SET-0027,core.bank_transactions,,UNMATCHED,913.85,,,0,913.85,LEAKAGE,TOL-BANK,2025-04-05T00:00:00Z,LEAKAGE on BANK_VS_SETTLEMENT
rcn-00112,RUN-2025-04-05-01,PAYMENT_VS_ORDER,core.orders,ORD-28,core.payments,PAY-0028,MATCHED,4571.73,4571.73,0.0,0,0,LEGITIMATE,TOL-PAYMENT,2025-04-05T00:00:00Z,
rcn-00113,RUN-2025-04-05-01,SETTLEMENT_VS_PAYMENT,core.payments,PAY-0028,core.settlements,SET-0028,MATCHED,4463.84,4463.84,0.0,0,0,LEGITIMATE,TOL-SETTLEMENT,2025-04-05T00:00:00Z,
rcn-00114,RUN-2025-04-05-01,FEE_VS_RATE_CARD,core.payments,PAY-0028,core.gateway_fees,FEE-0028,MATCHED,91.43,91.43,0.0,0,0,LEGITIMATE,TOL-FEE,2025-04-05T00:00:00Z,
rcn-00115,RUN-2025-04-05-01,BANK_VS_SETTLEMENT,core.settlements,SET-0028,core.bank_transactions,BNK-0028,MATCHED,4463.84,4463.84,0.0,0,0,LEGITIMATE,TOL-BANK,2025-04-05T00:00:00Z,
rcn-00116,RUN-2025-04-05-01,PAYMENT_VS_ORDER,core.orders,ORD-29,core.payments,PAY-0029,MATCHED,2630.34,2630.34,0.0,0,0,LEGITIMATE,TOL-PAYMENT,2025-04-05T00:00:00Z,
rcn-00117,RUN-2025-04-05-01,SETTLEMENT_VS_PAYMENT,core.payments,PAY-0029,core.settlements,SET-0029,MATCHED,2617.93,2617.93,0.0,0,0,LEGITIMATE,TOL-SETTLEMENT,2025-04-05T00:00:00Z,
rcn-00118,RUN-2025-04-05-01,FEE_VS_RATE_CARD,core.payments,PAY-0029,core.gateway_fees,FEE-0029,MATCHED,10.52,10.52,0.0,0,0,LEGITIMATE,TOL-FEE,2025-04-05T00:00:00Z,
rcn-00119,RUN-2025-04-05-01,BANK_VS_SETTLEMENT,core.settlements,SET-0029,core.bank_transactions,BNK-0029,MATCHED,2617.93,2617.93,0.0,0,0,LEGITIMATE,TOL-BANK,2025-04-05T00:00:00Z,
rcn-00120,RUN-2025-04-05-01,PAYMENT_VS_ORDER,core.orders,ORD-30,core.payments,PAY-0030,MATCHED,590.71,590.71,0.0,0,0,LEGITIMATE,TOL-PAYMENT,2025-04-05T00:00:00Z,
rcn-00121,RUN-2025-04-05-01,SETTLEMENT_VS_PAYMENT,core.payments,PAY-0030,core.settlements,SET-0030,MATCHED,576.77,576.77,0.0,0,0,LEGITIMATE,TOL-SETTLEMENT,2025-04-05T00:00:00Z,
rcn-00122,RUN-2025-04-05-01,FEE_VS_RATE_CARD,core.payments,PAY-0030,core.gateway_fees,FEE-0030,MATCHED,11.81,11.81,0.0,0,0,LEGITIMATE,TOL-FEE,2025-04-05T00:00:00Z,
rcn-00123,RUN-2025-04-05-01,BANK_VS_SETTLEMENT,core.settlements,SET-0030,core.bank_transactions,BNK-0030,MATCHED,576.77,576.77,0.0,0,0,LEGITIMATE,TOL-BANK,2025-04-05T00:00:00Z,
rcn-00124,RUN-2025-04-05-01,PAYMENT_VS_ORDER,core.orders,ORD-31,core.payments,PAY-0031,MATCHED,767.46,767.46,0.0,0,0,LEGITIMATE,TOL-PAYMENT,2025-04-05T00:00:00Z,
rcn-00125,RUN-2025-04-05-01,SETTLEMENT_VS_PAYMENT,core.payments,PAY-0031,core.settlements,SET-0031,MATCHED,749.35,749.35,0.0,0,0,LEGITIMATE,TOL-SETTLEMENT,2025-04-05T00:00:00Z,
rcn-00126,RUN-2025-04-05-01,FEE_VS_RATE_CARD,core.payments,PAY-0031,core.gateway_fees,FEE-0031,MATCHED,15.35,15.35,0.0,0,0,LEGITIMATE,TOL-FEE,2025-04-05T00:00:00Z,
rcn-00127,RUN-2025-04-05-01,BANK_VS_SETTLEMENT,core.settlements,SET-0031,core.bank_transactions,BNK-0031,MATCHED,749.35,749.35,0.0,0,0,LEGITIMATE,TOL-BANK,2025-04-05T00:00:00Z,
rcn-00128,RUN-2025-04-05-01,PAYMENT_VS_ORDER,core.orders,ORD-32,core.payments,PAY-0032,MATCHED,3860.33,3860.33,0.0,0,0,LEGITIMATE,TOL-PAYMENT,2025-04-05T00:00:00Z,
rcn-00129,RUN-2025-04-05-01,SETTLEMENT_VS_PAYMENT,core.payments,PAY-0032,core.settlements,SET-0032,MATCHED,3842.11,3842.11,0.0,0,0,LEGITIMATE,TOL-SETTLEMENT,2025-04-05T00:00:00Z,
rcn-00130,RUN-2025-04-05-01,FEE_VS_RATE_CARD,core.payments,PAY-0032,core.gateway_fees,FEE-0032,MATCHED,15.44,15.44,0.0,0,0,LEGITIMATE,TOL-FEE,2025-04-05T00:00:00Z,
rcn-00131,RUN-2025-04-05-01,BANK_VS_SETTLEMENT,core.settlements,SET-0032,core.bank_transactions,BNK-0032,MATCHED,3842.11,3842.11,0.0,0,0,LEGITIMATE,TOL-BANK,2025-04-05T00:00:00Z,
rcn-00132,RUN-2025-04-05-01,PAYMENT_VS_ORDER,core.orders,ORD-33,core.payments,PAY-0033,MATCHED,4557.52,4557.52,0.0,0,0,LEGITIMATE,TOL-PAYMENT,2025-04-05T00:00:00Z,
rcn-00133,RUN-2025-04-05-01,SETTLEMENT_VS_PAYMENT,core.payments,PAY-0033,core.settlements,SET-0033,MATCHED,4449.96,4449.96,0.0,0,0,LEGITIMATE,TOL-SETTLEMENT,2025-04-05T00:00:00Z,
rcn-00134,RUN-2025-04-05-01,FEE_VS_RATE_CARD,core.payments,PAY-0033,core.gateway_fees,FEE-0033,MATCHED,91.15,91.15,0.0,0,0,LEGITIMATE,TOL-FEE,2025-04-05T00:00:00Z,
rcn-00135,RUN-2025-04-05-01,BANK_VS_SETTLEMENT,core.settlements,SET-0033,core.bank_transactions,BNK-0033,MATCHED,4449.96,4449.96,0.0,0,0,LEGITIMATE,TOL-BANK,2025-04-05T00:00:00Z,
rcn-00136,RUN-2025-04-05-01,PAYMENT_VS_ORDER,core.orders,ORD-34,core.payments,PAY-0034,MATCHED,1253.66,1253.66,0.0,0,0,LEGITIMATE,TOL-PAYMENT,2025-04-05T00:00:00Z,
rcn-00137,RUN-2025-04-05-01,SETTLEMENT_VS_PAYMENT,core.payments,PAY-0034,core.settlements,SET-0034,MATCHED,1247.75,1247.75,0.0,0,0,LEGITIMATE,TOL-SETTLEMENT,2025-04-05T00:00:00Z,
rcn-00138,RUN-2025-04-05-01,FEE_VS_RATE_CARD,core.payments,PAY-0034,core.gateway_fees,FEE-0034,MATCHED,5.01,5.01,0.0,0,0,LEGITIMATE,TOL-FEE,2025-04-05T00:00:00Z,
rcn-00139,RUN-2025-04-05-01,BANK_VS_SETTLEMENT,core.settlements,SET-0034,core.bank_transactions,BNK-0034,MATCHED,1247.75,1247.75,0.0,0,0,LEGITIMATE,TOL-BANK,2025-04-05T00:00:00Z,
rcn-00140,RUN-2025-04-05-01,PAYMENT_VS_ORDER,core.orders,ORD-35,core.payments,PAY-0035,MATCHED,1094.66,1094.66,0.0,0,0,LEGITIMATE,TOL-PAYMENT,2025-04-05T00:00:00Z,
rcn-00141,RUN-2025-04-05-01,SETTLEMENT_VS_PAYMENT,core.payments,PAY-0035,core.settlements,SET-0035,MISMATCH,788.18,783.01,5.17,0,5.17,LEAKAGE,TOL-SETTLEMENT,2025-04-05T00:00:00Z,LEAKAGE on SETTLEMENT_VS_PAYMENT
rcn-00142,RUN-2025-04-05-01,FEE_VS_RATE_CARD,core.payments,PAY-0035,core.gateway_fees,FEE-0035,MISMATCH,4.38,8.76,-4.38,0,4.38,LEAKAGE,TOL-FEE,2025-04-05T00:00:00Z,LEAKAGE on FEE_VS_RATE_CARD
rcn-00143,RUN-2025-04-05-01,BANK_VS_SETTLEMENT,core.settlements,SET-0035,core.bank_transactions,BNK-0035,MATCHED,783.01,783.01,0.0,0,0,LEGITIMATE,TOL-BANK,2025-04-05T00:00:00Z,
rcn-00144,RUN-2025-04-05-01,REFUND_VS_PAYMENT,core.payments,PAY-0035,core.refunds,REF-0035,MATCHED,302.52,302.52,0.0,0,0,LEGITIMATE,TOL-REFUND,2025-04-05T00:00:00Z,
rcn-00145,RUN-2025-04-05-01,PAYMENT_VS_ORDER,core.orders,ORD-36,core.payments,PAY-0036,MATCHED,4333.42,4333.42,0.0,0,0,LEGITIMATE,TOL-PAYMENT,2025-04-05T00:00:00Z,
rcn-00146,RUN-2025-04-05-01,SETTLEMENT_VS_PAYMENT,core.payments,PAY-0036,core.settlements,SET-0036,MISMATCH,4312.97,4018.73,294.24,0,294.24,LEAKAGE,TOL-SETTLEMENT,2025-04-05T00:00:00Z,LEAKAGE on SETTLEMENT_VS_PAYMENT
rcn-00147,RUN-2025-04-05-01,FEE_VS_RATE_CARD,core.payments,PAY-0036,core.gateway_fees,FEE-0036,MATCHED,17.33,17.33,0.0,0,0,LEGITIMATE,TOL-FEE,2025-04-05T00:00:00Z,
rcn-00148,RUN-2025-04-05-01,BANK_VS_SETTLEMENT,core.settlements,SET-0036,core.bank_transactions,BNK-0036,MATCHED,4018.73,4018.73,0.0,0,0,LEGITIMATE,TOL-BANK,2025-04-05T00:00:00Z,
rcn-00149,RUN-2025-04-05-01,PAYMENT_VS_ORDER,core.orders,ORD-37,core.payments,PAY-0037,MATCHED,1423.49,1423.49,0.0,0,0,LEGITIMATE,TOL-PAYMENT,2025-04-05T00:00:00Z,
rcn-00150,RUN-2025-04-05-01,SETTLEMENT_VS_PAYMENT,core.payments,PAY-0037,core.settlements,SET-0037,MATCHED,1389.9,1389.9,0.0,0,0,LEGITIMATE,TOL-SETTLEMENT,2025-04-05T00:00:00Z,
rcn-00151,RUN-2025-04-05-01,FEE_VS_RATE_CARD,core.payments,PAY-0037,core.gateway_fees,FEE-0037,MATCHED,28.47,28.47,0.0,0,0,LEGITIMATE,TOL-FEE,2025-04-05T00:00:00Z,
rcn-00152,RUN-2025-04-05-01,BANK_VS_SETTLEMENT,core.settlements,SET-0037,core.bank_transactions,BNK-0037,MATCHED,1389.9,1389.9,0.0,0,0,LEGITIMATE,TOL-BANK,2025-04-05T00:00:00Z,
rcn-00153,RUN-2025-04-05-01,PAYMENT_VS_ORDER,core.orders,ORD-38,core.payments,PAY-0038,MATCHED,4377.35,4377.35,0.0,0,0,LEGITIMATE,TOL-PAYMENT,2025-04-05T00:00:00Z,
rcn-00154,RUN-2025-04-05-01,SETTLEMENT_VS_PAYMENT,core.payments,PAY-0038,core.settlements,SET-0038,MATCHED,2889.78,2889.78,0.0,0,0,LEGITIMATE,TOL-SETTLEMENT,2025-04-05T00:00:00Z,
rcn-00155,RUN-2025-04-05-01,FEE_VS_RATE_CARD,core.payments,PAY-0038,core.gateway_fees,FEE-0038,MATCHED,87.55,87.55,0.0,0,0,LEGITIMATE,TOL-FEE,2025-04-05T00:00:00Z,
rcn-00156,RUN-2025-04-05-01,BANK_VS_SETTLEMENT,core.settlements,SET-0038,core.bank_transactions,BNK-0038,MATCHED,2889.78,2889.78,0.0,0,0,LEGITIMATE,TOL-BANK,2025-04-05T00:00:00Z,
rcn-00157,RUN-2025-04-05-01,REFUND_VS_PAYMENT,core.payments,PAY-0038,core.refunds,REF-0038,MATCHED,1412.51,1412.51,0.0,0,0,LEGITIMATE,TOL-REFUND,2025-04-05T00:00:00Z,
rcn-00158,RUN-2025-04-05-01,PAYMENT_VS_ORDER,core.orders,ORD-39,core.payments,PAY-0039,MATCHED,308.08,308.08,0.0,0,0,LEGITIMATE,TOL-PAYMENT,2025-04-05T00:00:00Z,
rcn-00159,RUN-2025-04-05-01,SETTLEMENT_VS_PAYMENT,core.payments,PAY-0039,core.settlements,SET-0039,MATCHED,300.81,300.81,0.0,0,0,LEGITIMATE,TOL-SETTLEMENT,2025-04-05T00:00:00Z,
rcn-00160,RUN-2025-04-05-01,FEE_VS_RATE_CARD,core.payments,PAY-0039,core.gateway_fees,FEE-0039,MATCHED,6.16,6.16,0.0,0,0,LEGITIMATE,TOL-FEE,2025-04-05T00:00:00Z,
rcn-00161,RUN-2025-04-05-01,BANK_VS_SETTLEMENT,core.settlements,SET-0039,core.bank_transactions,BNK-0039,MATCHED,300.81,300.81,0.0,0,0,LEGITIMATE,TOL-BANK,2025-04-05T00:00:00Z,
rcn-00162,RUN-2025-04-05-01,PAYMENT_VS_ORDER,core.orders,ORD-40,core.payments,PAY-0040,MATCHED,393.21,393.21,0.0,0,0,LEGITIMATE,TOL-PAYMENT,2025-04-05T00:00:00Z,
rcn-00163,RUN-2025-04-05-01,SETTLEMENT_VS_PAYMENT,core.payments,PAY-0040,core.settlements,SET-0040,MATCHED,382.31,382.31,0.0,0,0,LEGITIMATE,TOL-SETTLEMENT,2025-04-05T00:00:00Z,
rcn-00164,RUN-2025-04-05-01,FEE_VS_RATE_CARD,core.payments,PAY-0040,core.gateway_fees,FEE-0040,MATCHED,9.24,9.24,0.0,0,0,LEGITIMATE,TOL-FEE,2025-04-05T00:00:00Z,
rcn-00165,RUN-2025-04-05-01,BANK_VS_SETTLEMENT,core.settlements,SET-0040,core.bank_transactions,BNK-0040,MATCHED,382.31,382.31,0.0,0,0,LEGITIMATE,TOL-BANK,2025-04-05T00:00:00Z,
rcn-00166,RUN-2025-04-05-01,PAYMENT_VS_ORDER,core.orders,ORD-41,core.payments,PAY-0041,MATCHED,1838.76,1838.76,0.0,0,0,LEGITIMATE,TOL-PAYMENT,2025-04-05T00:00:00Z,
rcn-00167,RUN-2025-04-05-01,SETTLEMENT_VS_PAYMENT,core.payments,PAY-0041,core.settlements,SET-0041,MATCHED,1182.06,1180.13,1.93,0,0,LEGITIMATE,TOL-SETTLEMENT,2025-04-05T00:00:00Z,
rcn-00168,RUN-2025-04-05-01,FEE_VS_RATE_CARD,core.payments,PAY-0041,core.gateway_fees,FEE-0041,MISMATCH,7.36,9.29,-1.93,0,1.93,LEAKAGE,TOL-FEE,2025-04-05T00:00:00Z,LEAKAGE on FEE_VS_RATE_CARD
rcn-00169,RUN-2025-04-05-01,BANK_VS_SETTLEMENT,core.settlements,SET-0041,core.bank_transactions,BNK-0041,MATCHED,1180.13,1180.13,0.0,0,0,LEGITIMATE,TOL-BANK,2025-04-05T00:00:00Z,
rcn-00170,RUN-2025-04-05-01,REFUND_VS_PAYMENT,core.payments,PAY-0041,core.refunds,REF-0041,MATCHED,650.62,650.62,0.0,0,0,LEGITIMATE,TOL-REFUND,2025-04-05T00:00:00Z,
rcn-00171,RUN-2025-04-05-01,PAYMENT_VS_ORDER,core.orders,ORD-42,core.payments,PAY-0042,MATCHED,299.0,299.0,0.0,0,0,LEGITIMATE,TOL-PAYMENT,2025-04-05T00:00:00Z,
rcn-00172,RUN-2025-04-05-01,SETTLEMENT_VS_PAYMENT,core.payments,PAY-0042,core.settlements,SET-0042,MATCHED,284.84,284.84,0.0,0,0,LEGITIMATE,TOL-SETTLEMENT,2025-04-05T00:00:00Z,
rcn-00173,RUN-2025-04-05-01,FEE_VS_RATE_CARD,core.payments,PAY-0042,core.gateway_fees,FEE-0042,MATCHED,12.0,12.0,0.0,0,0,LEGITIMATE,TOL-FEE,2025-04-05T00:00:00Z,
rcn-00174,RUN-2025-04-05-01,BANK_VS_SETTLEMENT,core.settlements,SET-0042,core.bank_transactions,BNK-0042,MATCHED,284.84,284.84,0.0,0,0,LEGITIMATE,TOL-BANK,2025-04-05T00:00:00Z,
rcn-00175,RUN-2025-04-05-01,PAYMENT_VS_ORDER,core.orders,ORD-43,core.payments,PAY-0043,MATCHED,456.96,456.96,0.0,0,0,LEGITIMATE,TOL-PAYMENT,2025-04-05T00:00:00Z,
rcn-00176,RUN-2025-04-05-01,SETTLEMENT_VS_PAYMENT,core.payments,PAY-0043,core.settlements,SET-0043,MATCHED,446.17,446.17,0.0,0,0,LEGITIMATE,TOL-SETTLEMENT,2025-04-05T00:00:00Z,
rcn-00177,RUN-2025-04-05-01,FEE_VS_RATE_CARD,core.payments,PAY-0043,core.gateway_fees,FEE-0043,MATCHED,9.14,9.14,0.0,0,0,LEGITIMATE,TOL-FEE,2025-04-05T00:00:00Z,
rcn-00178,RUN-2025-04-05-01,BANK_VS_SETTLEMENT,core.settlements,SET-0043,core.bank_transactions,BNK-0043,MATCHED,446.17,446.17,0.0,0,0,LEGITIMATE,TOL-BANK,2025-04-05T00:00:00Z,
rcn-00179,RUN-2025-04-05-01,PAYMENT_VS_ORDER,core.orders,ORD-44,core.payments,PAY-0044,MATCHED,912.64,912.64,0.0,0,0,LEGITIMATE,TOL-PAYMENT,2025-04-05T00:00:00Z,
rcn-00180,RUN-2025-04-05-01,SETTLEMENT_VS_PAYMENT,core.payments,PAY-0044,core.settlements,SET-0044,MATCHED,892.18,892.18,0.0,0,0,LEGITIMATE,TOL-SETTLEMENT,2025-04-05T00:00:00Z,
rcn-00181,RUN-2025-04-05-01,FEE_VS_RATE_CARD,core.payments,PAY-0044,core.gateway_fees,FEE-0044,MATCHED,17.34,17.34,0.0,0,0,LEGITIMATE,TOL-FEE,2025-04-05T00:00:00Z,
rcn-00182,RUN-2025-04-05-01,BANK_VS_SETTLEMENT,core.settlements,SET-0044,core.bank_transactions,BNK-0044,MATCHED,892.18,892.18,0.0,0,0,LEGITIMATE,TOL-BANK,2025-04-05T00:00:00Z,
rcn-00183,RUN-2025-04-05-01,PAYMENT_VS_ORDER,core.orders,ORD-45,core.payments,PAY-0045,MATCHED,976.98,976.98,0.0,0,0,LEGITIMATE,TOL-PAYMENT,2025-04-05T00:00:00Z,
rcn-00184,RUN-2025-04-05-01,SETTLEMENT_VS_PAYMENT,core.payments,PAY-0045,core.settlements,SET-0045,MATCHED,972.37,972.37,0.0,0,0,LEGITIMATE,TOL-SETTLEMENT,2025-04-05T00:00:00Z,
rcn-00185,RUN-2025-04-05-01,FEE_VS_RATE_CARD,core.payments,PAY-0045,core.gateway_fees,FEE-0045,MATCHED,3.91,3.91,0.0,0,0,LEGITIMATE,TOL-FEE,2025-04-05T00:00:00Z,
rcn-00186,RUN-2025-04-05-01,BANK_VS_SETTLEMENT,core.settlements,SET-0045,core.bank_transactions,BNK-0045,MATCHED,972.37,972.37,0.0,0,0,LEGITIMATE,TOL-BANK,2025-04-05T00:00:00Z,
rcn-00187,RUN-2025-04-05-01,PAYMENT_VS_ORDER,core.orders,ORD-46,core.payments,PAY-0046,MATCHED,299.0,299.0,0.0,0,0,LEGITIMATE,TOL-PAYMENT,2025-04-05T00:00:00Z,
rcn-00188,RUN-2025-04-05-01,SETTLEMENT_VS_PAYMENT,core.payments,PAY-0046,core.settlements,SET-0046,MATCHED,175.16,175.16,0.0,0,0,LEGITIMATE,TOL-SETTLEMENT,2025-04-05T00:00:00Z,
rcn-00189,RUN-2025-04-05-01,FEE_VS_RATE_CARD,core.payments,PAY-0046,core.gateway_fees,FEE-0046,MATCHED,3.59,3.59,0.0,0,0,LEGITIMATE,TOL-FEE,2025-04-05T00:00:00Z,
rcn-00190,RUN-2025-04-05-01,BANK_VS_SETTLEMENT,core.settlements,SET-0046,core.bank_transactions,BNK-0046,MATCHED,175.16,175.16,0.0,0,0,LEGITIMATE,TOL-BANK,2025-04-05T00:00:00Z,
rcn-00191,RUN-2025-04-05-01,SETTLEMENT_VS_PAYMENT,core.payments,PAY-0046-2,core.settlements,SET-0046-2,MATCHED,116.78,116.78,0.0,0,0,LEGITIMATE,TOL-SETTLEMENT,2025-04-05T00:00:00Z,
rcn-00192,RUN-2025-04-05-01,FEE_VS_RATE_CARD,core.payments,PAY-0046-2,core.gateway_fees,FEE-0046-2,MATCHED,2.39,2.39,0.0,0,0,LEGITIMATE,TOL-FEE,2025-04-05T00:00:00Z,
rcn-00193,RUN-2025-04-05-01,BANK_VS_SETTLEMENT,core.settlements,SET-0046-2,core.bank_transactions,BNK-0046-2,MATCHED,116.78,116.78,0.0,0,0,LEGITIMATE,TOL-BANK,2025-04-05T00:00:00Z,
rcn-00194,RUN-2025-04-05-01,PAYMENT_VS_ORDER,core.orders,ORD-47,core.payments,PAY-0047,MATCHED,3665.08,3665.08,0.0,0,0,LEGITIMATE,TOL-PAYMENT,2025-04-05T00:00:00Z,
rcn-00195,RUN-2025-04-05-01,SETTLEMENT_VS_PAYMENT,core.payments,PAY-0047,core.settlements,SET-0047,MATCHED,3647.78,3647.78,0.0,0,0,LEGITIMATE,TOL-SETTLEMENT,2025-04-05T00:00:00Z,
rcn-00196,RUN-2025-04-05-01,FEE_VS_RATE_CARD,core.payments,PAY-0047,core.gateway_fees,FEE-0047,MATCHED,14.66,14.66,0.0,0,0,LEGITIMATE,TOL-FEE,2025-04-05T00:00:00Z,
rcn-00197,RUN-2025-04-05-01,BANK_VS_SETTLEMENT,core.settlements,SET-0047,core.bank_transactions,BNK-0047,MATCHED,3647.78,3647.78,0.0,0,0,LEGITIMATE,TOL-BANK,2025-04-05T00:00:00Z,
rcn-00198,RUN-2025-04-05-01,PAYMENT_VS_ORDER,core.orders,ORD-48,core.payments,PAY-0048,MATCHED,6119.47,6119.47,0.0,0,0,LEGITIMATE,TOL-PAYMENT,2025-04-05T00:00:00Z,
rcn-00199,RUN-2025-04-05-01,SETTLEMENT_VS_PAYMENT,core.payments,PAY-0048,core.settlements,SET-0048,MISMATCH,627.42,617.48,9.94,0,9.94,LEAKAGE,TOL-SETTLEMENT,2025-04-05T00:00:00Z,LEAKAGE on SETTLEMENT_VS_PAYMENT
rcn-00200,RUN-2025-04-05-01,FEE_VS_RATE_CARD,core.payments,PAY-0048,core.gateway_fees,FEE-0048,MATCHED,12.0,12.0,0.0,0,0,LEGITIMATE,TOL-FEE,2025-04-05T00:00:00Z,
rcn-00201,RUN-2025-04-05-01,BANK_VS_SETTLEMENT,core.settlements,SET-0048,core.bank_transactions,BNK-0048,MATCHED,617.48,617.48,0.0,0,0,LEGITIMATE,TOL-BANK,2025-04-05T00:00:00Z,
rcn-00202,RUN-2025-04-05-01,REFUND_VS_PAYMENT,core.payments,PAY-0048,core.refunds,REF-0048,MATCHED,3040.04,3040.04,0.0,0,0,LEGITIMATE,TOL-REFUND,2025-04-05T00:00:00Z,
rcn-00203,RUN-2025-04-05-01,SETTLEMENT_VS_PAYMENT,core.payments,PAY-0048-2,core.settlements,SET-0048-2,MATCHED,2433.63,2433.63,0.0,0,0,LEGITIMATE,TOL-SETTLEMENT,2025-04-05T00:00:00Z,
rcn-00204,RUN-2025-04-05-01,FEE_VS_RATE_CARD,core.payments,PAY-0048-2,core.gateway_fees,FEE-0048-2,MATCHED,12.0,12.0,0.0,0,0,LEGITIMATE,TOL-FEE,2025-04-05T00:00:00Z,
rcn-00205,RUN-2025-04-05-01,BANK_VS_SETTLEMENT,core.settlements,SET-0048-2,core.bank_transactions,BNK-0048-2,MATCHED,2433.63,2433.63,0.0,0,0,LEGITIMATE,TOL-BANK,2025-04-05T00:00:00Z,
rcn-00206,RUN-2025-04-05-01,PAYMENT_VS_ORDER,core.orders,ORD-49,core.payments,PAY-0049,MATCHED,785.78,785.78,0.0,0,0,LEGITIMATE,TOL-PAYMENT,2025-04-05T00:00:00Z,
rcn-00207,RUN-2025-04-05-01,SETTLEMENT_VS_PAYMENT,core.payments,PAY-0049,core.settlements,SET-0049,MATCHED,763.99,763.99,0.0,0,0,LEGITIMATE,TOL-SETTLEMENT,2025-04-05T00:00:00Z,
rcn-00208,RUN-2025-04-05-01,FEE_VS_RATE_CARD,core.payments,PAY-0049,core.gateway_fees,FEE-0049,MATCHED,18.47,18.47,0.0,0,0,LEGITIMATE,TOL-FEE,2025-04-05T00:00:00Z,
rcn-00209,RUN-2025-04-05-01,BANK_VS_SETTLEMENT,core.settlements,SET-0049,core.bank_transactions,BNK-0049,MATCHED,763.99,763.99,0.0,0,0,LEGITIMATE,TOL-BANK,2025-04-05T00:00:00Z,
rcn-00210,RUN-2025-04-05-01,PAYMENT_VS_ORDER,core.orders,ORD-50,core.payments,PAY-0050,MATCHED,831.75,831.75,0.0,0,0,LEGITIMATE,TOL-PAYMENT,2025-04-05T00:00:00Z,
rcn-00211,RUN-2025-04-05-01,SETTLEMENT_VS_PAYMENT,core.payments,PAY-0050,core.settlements,SET-0050,MISMATCH,827.82,823.89,3.93,0,3.93,LEAKAGE,TOL-SETTLEMENT,2025-04-05T00:00:00Z,LEAKAGE on SETTLEMENT_VS_PAYMENT
rcn-00212,RUN-2025-04-05-01,FEE_VS_RATE_CARD,core.payments,PAY-0050,core.gateway_fees,FEE-0050,MISMATCH,3.33,6.66,-3.33,0,3.33,LEAKAGE,TOL-FEE,2025-04-05T00:00:00Z,LEAKAGE on FEE_VS_RATE_CARD
rcn-00213,RUN-2025-04-05-01,BANK_VS_SETTLEMENT,core.settlements,SET-0050,core.bank_transactions,BNK-0050,MATCHED,823.89,823.89,0.0,0,0,LEGITIMATE,TOL-BANK,2025-04-05T00:00:00Z,
rcn-00214,RUN-2025-04-05-01,PAYMENT_VS_ORDER,core.orders,ORD-51,core.payments,PAY-0051,MATCHED,357.66,357.66,0.0,0,0,LEGITIMATE,TOL-PAYMENT,2025-04-05T00:00:00Z,
rcn-00215,RUN-2025-04-05-01,SETTLEMENT_VS_PAYMENT,core.payments,PAY-0051,core.settlements,SET-0051,MISMATCH,347.74,343.18,4.56,0,4.56,LEAKAGE,TOL-SETTLEMENT,2025-04-05T00:00:00Z,LEAKAGE on SETTLEMENT_VS_PAYMENT
rcn-00216,RUN-2025-04-05-01,FEE_VS_RATE_CARD,core.payments,PAY-0051,core.gateway_fees,FEE-0051,MISMATCH,8.41,12.97,-4.56,0,4.56,LEAKAGE,TOL-FEE,2025-04-05T00:00:00Z,LEAKAGE on FEE_VS_RATE_CARD
rcn-00217,RUN-2025-04-05-01,BANK_VS_SETTLEMENT,core.settlements,SET-0051,core.bank_transactions,BNK-0051,MATCHED,343.18,343.18,0.0,0,0,LEGITIMATE,TOL-BANK,2025-04-05T00:00:00Z,
rcn-00218,RUN-2025-04-05-01,PAYMENT_VS_ORDER,core.orders,ORD-52,core.payments,PAY-0052,MATCHED,801.73,801.73,0.0,0,0,LEGITIMATE,TOL-PAYMENT,2025-04-05T00:00:00Z,
rcn-00219,RUN-2025-04-05-01,SETTLEMENT_VS_PAYMENT,core.payments,PAY-0052,core.settlements,SET-0052,MATCHED,783.76,783.76,0.0,0,0,LEGITIMATE,TOL-SETTLEMENT,2025-04-05T00:00:00Z,
rcn-00220,RUN-2025-04-05-01,FEE_VS_RATE_CARD,core.payments,PAY-0052,core.gateway_fees,FEE-0052,MATCHED,15.23,15.23,0.0,0,0,LEGITIMATE,TOL-FEE,2025-04-05T00:00:00Z,
rcn-00221,RUN-2025-04-05-01,BANK_VS_SETTLEMENT,core.settlements,SET-0052,core.bank_transactions,BNK-0052,MATCHED,783.76,783.76,0.0,0,0,LEGITIMATE,TOL-BANK,2025-04-05T00:00:00Z,
rcn-00222,RUN-2025-04-05-01,PAYMENT_VS_ORDER,core.orders,ORD-53,core.payments,PAY-0053,MATCHED,1334.35,1334.35,0.0,0,0,LEGITIMATE,TOL-PAYMENT,2025-04-05T00:00:00Z,
rcn-00223,RUN-2025-04-05-01,SETTLEMENT_VS_PAYMENT,core.payments,PAY-0053,core.settlements,SET-0053,MATCHED,1328.05,1328.05,0.0,0,0,LEGITIMATE,TOL-SETTLEMENT,2025-04-05T00:00:00Z,
rcn-00224,RUN-2025-04-05-01,FEE_VS_RATE_CARD,core.payments,PAY-0053,core.gateway_fees,FEE-0053,MATCHED,5.34,5.34,0.0,0,0,LEGITIMATE,TOL-FEE,2025-04-05T00:00:00Z,
rcn-00225,RUN-2025-04-05-01,BANK_VS_SETTLEMENT,core.settlements,SET-0053,core.bank_transactions,BNK-0053,MATCHED,1328.05,1328.05,0.0,0,0,LEGITIMATE,TOL-BANK,2025-04-05T00:00:00Z,
rcn-00226,RUN-2025-04-05-01,PAYMENT_VS_ORDER,core.orders,ORD-54,core.payments,PAY-0054,MATCHED,964.05,964.05,0.0,0,0,LEGITIMATE,TOL-PAYMENT,2025-04-05T00:00:00Z,
rcn-00227,RUN-2025-04-05-01,SETTLEMENT_VS_PAYMENT,core.payments,PAY-0054,core.settlements,SET-0054,MISMATCH,666.58,661.24,5.34,0,5.34,LEAKAGE,TOL-SETTLEMENT,2025-04-05T00:00:00Z,LEAKAGE on SETTLEMENT_VS_PAYMENT
rcn-00228,RUN-2025-04-05-01,FEE_VS_RATE_CARD,core.payments,PAY-0054,core.gateway_fees,FEE-0054,MATCHED,18.32,18.32,0.0,0,0,LEGITIMATE,TOL-FEE,2025-04-05T00:00:00Z,
rcn-00229,RUN-2025-04-05-01,BANK_VS_SETTLEMENT,core.settlements,SET-0054,core.bank_transactions,BNK-0054,MATCHED,661.24,661.24,0.0,0,0,LEGITIMATE,TOL-BANK,2025-04-05T00:00:00Z,
rcn-00230,RUN-2025-04-05-01,REFUND_VS_PAYMENT,core.payments,PAY-0054,core.refunds,REF-0054,MATCHED,281.19,281.19,0.0,0,0,LEGITIMATE,TOL-REFUND,2025-04-05T00:00:00Z,
rcn-00231,RUN-2025-04-05-01,PAYMENT_VS_ORDER,core.orders,ORD-55,core.payments,PAY-0055,MATCHED,606.49,606.49,0.0,0,0,LEGITIMATE,TOL-PAYMENT,2025-04-05T00:00:00Z,
rcn-00232,RUN-2025-04-05-01,SETTLEMENT_VS_PAYMENT,core.payments,PAY-0055,core.settlements,SET-0055,MATCHED,592.18,592.18,0.0,0,0,LEGITIMATE,TOL-SETTLEMENT,2025-04-05T00:00:00Z,
rcn-00233,RUN-2025-04-05-01,FEE_VS_RATE_CARD,core.payments,PAY-0055,core.gateway_fees,FEE-0055,MATCHED,12.13,12.13,0.0,0,0,LEGITIMATE,TOL-FEE,2025-04-05T00:00:00Z,
rcn-00234,RUN-2025-04-05-01,BANK_VS_SETTLEMENT,core.settlements,SET-0055,core.bank_transactions,BNK-0055,MATCHED,592.18,592.18,0.0,0,0,LEGITIMATE,TOL-BANK,2025-04-05T00:00:00Z,
rcn-00235,RUN-2025-04-05-01,PAYMENT_VS_ORDER,core.orders,ORD-56,core.payments,PAY-0056,MATCHED,2075.36,2075.36,0.0,0,0,LEGITIMATE,TOL-PAYMENT,2025-04-05T00:00:00Z,
rcn-00236,RUN-2025-04-05-01,SETTLEMENT_VS_PAYMENT,core.payments,PAY-0056,core.settlements,SET-0056,MISMATCH,1154.16,1136.36,17.8,0,17.8,LEAKAGE,TOL-SETTLEMENT,2025-04-05T00:00:00Z,LEAKAGE on SETTLEMENT_VS_PAYMENT
rcn-00237,RUN-2025-04-05-01,FEE_VS_RATE_CARD,core.payments,PAY-0056,core.gateway_fees,FEE-0056,MATCHED,41.51,41.51,0.0,0,0,LEGITIMATE,TOL-FEE,2025-04-05T00:00:00Z,
rcn-00238,RUN-2025-04-05-01,BANK_VS_SETTLEMENT,core.settlements,SET-0056,core.bank_transactions,BNK-0056,MATCHED,1136.36,1136.36,0.0,0,0,LEGITIMATE,TOL-BANK,2025-04-05T00:00:00Z,
rcn-00239,RUN-2025-04-05-01,REFUND_VS_PAYMENT,core.payments,PAY-0056,core.refunds,REF-0056,MATCHED,890.02,890.02,0.0,0,0,LEGITIMATE,TOL-REFUND,2025-04-05T00:00:00Z,
rcn-00240,RUN-2025-04-05-01,PAYMENT_VS_ORDER,core.orders,ORD-57,core.payments,PAY-0057,MATCHED,333.64,333.64,0.0,0,0,LEGITIMATE,TOL-PAYMENT,2025-04-05T00:00:00Z,
rcn-00241,RUN-2025-04-05-01,SETTLEMENT_VS_PAYMENT,core.payments,PAY-0057,core.settlements,SET-0057,MATCHED,325.77,325.77,0.0,0,0,LEGITIMATE,TOL-SETTLEMENT,2025-04-05T00:00:00Z,
rcn-00242,RUN-2025-04-05-01,FEE_VS_RATE_CARD,core.payments,PAY-0057,core.gateway_fees,FEE-0057,MATCHED,6.67,6.67,0.0,0,0,LEGITIMATE,TOL-FEE,2025-04-05T00:00:00Z,
rcn-00243,RUN-2025-04-05-01,BANK_VS_SETTLEMENT,core.settlements,SET-0057,core.bank_transactions,,UNMATCHED,325.77,,,0,325.77,LEAKAGE,TOL-BANK,2025-04-05T00:00:00Z,LEAKAGE on BANK_VS_SETTLEMENT
rcn-00244,RUN-2025-04-05-01,PAYMENT_VS_ORDER,core.orders,ORD-58,core.payments,PAY-0058,MATCHED,4216.65,4216.65,0.0,0,0,LEGITIMATE,TOL-PAYMENT,2025-04-05T00:00:00Z,
rcn-00245,RUN-2025-04-05-01,SETTLEMENT_VS_PAYMENT,core.payments,PAY-0058,core.settlements,SET-0058,MATCHED,4196.74,4196.74,0.0,0,0,LEGITIMATE,TOL-SETTLEMENT,2025-04-05T00:00:00Z,
rcn-00246,RUN-2025-04-05-01,FEE_VS_RATE_CARD,core.payments,PAY-0058,core.gateway_fees,FEE-0058,MATCHED,16.87,16.87,0.0,0,0,LEGITIMATE,TOL-FEE,2025-04-05T00:00:00Z,
rcn-00247,RUN-2025-04-05-01,BANK_VS_SETTLEMENT,core.settlements,SET-0058,core.bank_transactions,BNK-0058,MATCHED,4196.74,4196.74,0.0,0,0,LEGITIMATE,TOL-BANK,2025-04-05T00:00:00Z,
rcn-00248,RUN-2025-04-05-01,PAYMENT_VS_ORDER,core.orders,ORD-59,core.payments,PAY-0059,MATCHED,2067.73,2067.73,0.0,0,0,LEGITIMATE,TOL-PAYMENT,2025-04-05T00:00:00Z,
rcn-00249,RUN-2025-04-05-01,SETTLEMENT_VS_PAYMENT,core.payments,PAY-0059,core.settlements,SET-0059,MATCHED,2018.94,2018.94,0.0,0,0,LEGITIMATE,TOL-SETTLEMENT,2025-04-05T00:00:00Z,
rcn-00250,RUN-2025-04-05-01,FEE_VS_RATE_CARD,core.payments,PAY-0059,core.gateway_fees,FEE-0059,MATCHED,41.35,41.35,0.0,0,0,LEGITIMATE,TOL-FEE,2025-04-05T00:00:00Z,
rcn-00251,RUN-2025-04-05-01,BANK_VS_SETTLEMENT,core.settlements,SET-0059,core.bank_transactions,BNK-0059,MATCHED,2018.94,2018.94,0.0,0,0,LEGITIMATE,TOL-BANK,2025-04-05T00:00:00Z,
rcn-00252,RUN-2025-04-05-01,PAYMENT_VS_ORDER,core.orders,ORD-60,core.payments,PAY-0060,MATCHED,349.93,349.93,0.0,0,0,LEGITIMATE,TOL-PAYMENT,2025-04-05T00:00:00Z,
rcn-00253,RUN-2025-04-05-01,SETTLEMENT_VS_PAYMENT,core.payments,PAY-0060,core.settlements,SET-0060,MATCHED,342.08,342.08,0.0,0,0,LEGITIMATE,TOL-SETTLEMENT,2025-04-05T00:00:00Z,
rcn-00254,RUN-2025-04-05-01,FEE_VS_RATE_CARD,core.payments,PAY-0060,core.gateway_fees,FEE-0060,MATCHED,6.65,6.65,0.0,0,0,LEGITIMATE,TOL-FEE,2025-04-05T00:00:00Z,
rcn-00255,RUN-2025-04-05-01,BANK_VS_SETTLEMENT,core.settlements,SET-0060,core.bank_transactions,BNK-0060,MATCHED,342.08,342.08,0.0,0,0,LEGITIMATE,TOL-BANK,2025-04-05T00:00:00Z,
rcn-00256,RUN-2025-04-05-01,PAYMENT_VS_ORDER,core.orders,ORD-61,core.payments,PAY-0061,MATCHED,1629.32,1629.32,0.0,0,0,LEGITIMATE,TOL-PAYMENT,2025-04-05T00:00:00Z,
rcn-00257,RUN-2025-04-05-01,SETTLEMENT_VS_PAYMENT,core.payments,PAY-0061,core.settlements,SET-0061,MATCHED,1584.14,1584.14,0.0,0,0,LEGITIMATE,TOL-SETTLEMENT,2025-04-05T00:00:00Z,
rcn-00258,RUN-2025-04-05-01,FEE_VS_RATE_CARD,core.payments,PAY-0061,core.gateway_fees,FEE-0061,MATCHED,38.29,38.29,0.0,0,0,LEGITIMATE,TOL-FEE,2025-04-05T00:00:00Z,
rcn-00259,RUN-2025-04-05-01,BANK_VS_SETTLEMENT,core.settlements,SET-0061,core.bank_transactions,BNK-0061,MATCHED,1584.14,1584.14,0.0,0,0,LEGITIMATE,TOL-BANK,2025-04-05T00:00:00Z,
rcn-00260,RUN-2025-04-05-01,PAYMENT_VS_ORDER,core.orders,ORD-62,core.payments,PAY-0062,MATCHED,15444.46,15444.46,0.0,0,0,LEGITIMATE,TOL-PAYMENT,2025-04-05T00:00:00Z,
rcn-00261,RUN-2025-04-05-01,SETTLEMENT_VS_PAYMENT,core.payments,PAY-0062,core.settlements,SET-0062,MATCHED,15430.3,15430.3,0.0,0,0,LEGITIMATE,TOL-SETTLEMENT,2025-04-05T00:00:00Z,
rcn-00262,RUN-2025-04-05-01,FEE_VS_RATE_CARD,core.payments,PAY-0062,core.gateway_fees,FEE-0062,MATCHED,12.0,12.0,0.0,0,0,LEGITIMATE,TOL-FEE,2025-04-05T00:00:00Z,
rcn-00263,RUN-2025-04-05-01,BANK_VS_SETTLEMENT,core.settlements,SET-0062,core.bank_transactions,BNK-0062,MATCHED,15430.3,15430.3,0.0,0,0,LEGITIMATE,TOL-BANK,2025-04-05T00:00:00Z,
rcn-00264,RUN-2025-04-05-01,PAYMENT_VS_ORDER,core.orders,ORD-63,core.payments,PAY-0063,MATCHED,1481.53,1481.53,0.0,0,0,LEGITIMATE,TOL-PAYMENT,2025-04-05T00:00:00Z,
rcn-00265,RUN-2025-04-05-01,SETTLEMENT_VS_PAYMENT,core.payments,PAY-0063,core.settlements,SET-0063,MATCHED,1467.37,1467.37,0.0,0,0,LEGITIMATE,TOL-SETTLEMENT,2025-04-05T00:00:00Z,
rcn-00266,RUN-2025-04-05-01,FEE_VS_RATE_CARD,core.payments,PAY-0063,core.gateway_fees,FEE-0063,MATCHED,12.0,12.0,0.0,0,0,LEGITIMATE,TOL-FEE,2025-04-05T00:00:00Z,
rcn-00267,RUN-2025-04-05-01,BANK_VS_SETTLEMENT,core.settlements,SET-0063,core.bank_transactions,BNK-0063,MATCHED,1467.37,1467.37,0.0,0,0,LEGITIMATE,TOL-BANK,2025-04-05T00:00:00Z,
rcn-00268,RUN-2025-04-05-01,PAYMENT_VS_ORDER,core.orders,ORD-64,core.payments,PAY-0064,MATCHED,4977.65,4977.65,0.0,0,0,LEGITIMATE,TOL-PAYMENT,2025-04-05T00:00:00Z,
rcn-00269,RUN-2025-04-05-01,SETTLEMENT_VS_PAYMENT,core.payments,PAY-0064,core.settlements,SET-0064,MATCHED,4860.18,4860.18,0.0,0,0,LEGITIMATE,TOL-SETTLEMENT,2025-04-05T00:00:00Z,
rcn-00270,RUN-2025-04-05-01,FEE_VS_RATE_CARD,core.payments,PAY-0064,core.gateway_fees,FEE-0064,MATCHED,99.55,99.55,0.0,0,0,LEGITIMATE,TOL-FEE,2025-04-05T00:00:00Z,
rcn-00271,RUN-2025-04-05-01,BANK_VS_SETTLEMENT,core.settlements,SET-0064,core.bank_transactions,BNK-0064,MATCHED,4860.18,4860.18,0.0,0,0,LEGITIMATE,TOL-BANK,2025-04-05T00:00:00Z,
rcn-00272,RUN-2025-04-05-01,PAYMENT_VS_ORDER,core.orders,ORD-65,core.payments,PAY-0065,MATCHED,1610.84,1610.84,0.0,0,0,LEGITIMATE,TOL-PAYMENT,2025-04-05T00:00:00Z,
rcn-00273,RUN-2025-04-05-01,SETTLEMENT_VS_PAYMENT,core.payments,PAY-0065,core.settlements,SET-0065,MISMATCH,1574.72,1562.94,11.78,0,11.78,LEAKAGE,TOL-SETTLEMENT,2025-04-05T00:00:00Z,LEAKAGE on SETTLEMENT_VS_PAYMENT
rcn-00274,RUN-2025-04-05-01,FEE_VS_RATE_CARD,core.payments,PAY-0065,core.gateway_fees,FEE-0065,MISMATCH,30.61,42.39,-11.78,0,11.78,LEAKAGE,TOL-FEE,2025-04-05T00:00:00Z,LEAKAGE on FEE_VS_RATE_CARD
rcn-00275,RUN-2025-04-05-01,BANK_VS_SETTLEMENT,core.settlements,SET-0065,core.bank_transactions,BNK-0065,MATCHED,1562.94,1562.94,0.0,0,0,LEGITIMATE,TOL-BANK,2025-04-05T00:00:00Z,
rcn-00276,RUN-2025-04-05-01,PAYMENT_VS_ORDER,core.orders,ORD-66,core.payments,PAY-0066,MATCHED,385.94,385.94,0.0,0,0,LEGITIMATE,TOL-PAYMENT,2025-04-05T00:00:00Z,
rcn-00277,RUN-2025-04-05-01,SETTLEMENT_VS_PAYMENT,core.payments,PAY-0066,core.settlements,SET-0066,MATCHED,376.83,376.83,0.0,0,0,LEGITIMATE,TOL-SETTLEMENT,2025-04-05T00:00:00Z,
rcn-00278,RUN-2025-04-05-01,FEE_VS_RATE_CARD,core.payments,PAY-0066,core.gateway_fees,FEE-0066,MATCHED,7.72,7.72,0.0,0,0,LEGITIMATE,TOL-FEE,2025-04-05T00:00:00Z,
rcn-00279,RUN-2025-04-05-01,BANK_VS_SETTLEMENT,core.settlements,SET-0066,core.bank_transactions,BNK-0066,MATCHED,376.83,376.83,0.0,0,0,LEGITIMATE,TOL-BANK,2025-04-05T00:00:00Z,
rcn-00280,RUN-2025-04-05-01,PAYMENT_VS_ORDER,core.orders,ORD-67,core.payments,PAY-0067,MATCHED,3204.83,3204.83,0.0,0,0,LEGITIMATE,TOL-PAYMENT,2025-04-05T00:00:00Z,
rcn-00281,RUN-2025-04-05-01,SETTLEMENT_VS_PAYMENT,core.payments,PAY-0067,core.settlements,SET-0067,MATCHED,3129.19,3129.19,0.0,0,0,LEGITIMATE,TOL-SETTLEMENT,2025-04-05T00:00:00Z,
rcn-00282,RUN-2025-04-05-01,FEE_VS_RATE_CARD,core.payments,PAY-0067,core.gateway_fees,FEE-0067,MATCHED,64.1,64.1,0.0,0,0,LEGITIMATE,TOL-FEE,2025-04-05T00:00:00Z,
rcn-00283,RUN-2025-04-05-01,BANK_VS_SETTLEMENT,core.settlements,SET-0067,core.bank_transactions,BNK-0067,MATCHED,3129.19,3129.19,0.0,0,0,LEGITIMATE,TOL-BANK,2025-04-05T00:00:00Z,
rcn-00284,RUN-2025-04-05-01,PAYMENT_VS_ORDER,core.orders,ORD-68,core.payments,PAY-0068,MATCHED,299.0,299.0,0.0,0,0,LEGITIMATE,TOL-PAYMENT,2025-04-05T00:00:00Z,
rcn-00285,RUN-2025-04-05-01,SETTLEMENT_VS_PAYMENT,core.payments,PAY-0068,core.settlements,SET-0068,MATCHED,284.84,284.84,0.0,0,0,LEGITIMATE,TOL-SETTLEMENT,2025-04-05T00:00:00Z,
rcn-00286,RUN-2025-04-05-01,FEE_VS_RATE_CARD,core.payments,PAY-0068,core.gateway_fees,FEE-0068,MATCHED,12.0,12.0,0.0,0,0,LEGITIMATE,TOL-FEE,2025-04-05T00:00:00Z,
rcn-00287,RUN-2025-04-05-01,BANK_VS_SETTLEMENT,core.settlements,SET-0068,core.bank_transactions,BNK-0068,MATCHED,284.84,284.84,0.0,0,0,LEGITIMATE,TOL-BANK,2025-04-05T00:00:00Z,
rcn-00288,RUN-2025-04-05-01,PAYMENT_VS_ORDER,core.orders,ORD-69,core.payments,PAY-0069,MATCHED,3083.47,3083.47,0.0,0,0,LEGITIMATE,TOL-PAYMENT,2025-04-05T00:00:00Z,
rcn-00289,RUN-2025-04-05-01,SETTLEMENT_VS_PAYMENT,core.payments,PAY-0069,core.settlements,SET-0069,MATCHED,1540.5,1540.5,0.0,0,0,LEGITIMATE,TOL-SETTLEMENT,2025-04-05T00:00:00Z,
rcn-00290,RUN-2025-04-05-01,FEE_VS_RATE_CARD,core.payments,PAY-0069,core.gateway_fees,FEE-0069,MATCHED,61.67,61.67,0.0,0,0,LEGITIMATE,TOL-FEE,2025-04-05T00:00:00Z,
rcn-00291,RUN-2025-04-05-01,BANK_VS_SETTLEMENT,core.settlements,SET-0069,core.bank_transactions,BNK-0069,MATCHED,1540.5,1540.5,0.0,0,0,LEGITIMATE,TOL-BANK,2025-04-05T00:00:00Z,
rcn-00292,RUN-2025-04-05-01,REFUND_VS_PAYMENT,core.payments,PAY-0069,core.refunds,REF-0069,MATCHED,1500.2,1500.2,0.0,0,0,LEGITIMATE,TOL-REFUND,2025-04-05T00:00:00Z,
rcn-00293,RUN-2025-04-05-01,PAYMENT_VS_ORDER,core.orders,ORD-70,core.payments,PAY-0070,MATCHED,11560.59,11560.59,0.0,0,0,LEGITIMATE,TOL-PAYMENT,2025-04-05T00:00:00Z,
rcn-00294,RUN-2025-04-05-01,SETTLEMENT_VS_PAYMENT,core.payments,PAY-0070,core.settlements,SET-0070,MATCHED,11240.02,11240.02,0.0,0,0,LEGITIMATE,TOL-SETTLEMENT,2025-04-05T00:00:00Z,
rcn-00295,RUN-2025-04-05-01,FEE_VS_RATE_CARD,core.payments,PAY-0070,core.gateway_fees,FEE-0070,MATCHED,271.67,271.67,0.0,0,0,LEGITIMATE,TOL-FEE,2025-04-05T00:00:00Z,
rcn-00296,RUN-2025-04-05-01,BANK_VS_SETTLEMENT,core.settlements,SET-0070,core.bank_transactions,BNK-0070,MATCHED,11240.02,11240.02,0.0,0,0,LEGITIMATE,TOL-BANK,2025-04-05T00:00:00Z,
rcn-00297,RUN-2025-04-05-01,PAYMENT_VS_ORDER,core.orders,ORD-71,core.payments,PAY-0071,MATCHED,1232.19,1232.19,0.0,0,0,LEGITIMATE,TOL-PAYMENT,2025-04-05T00:00:00Z,
rcn-00298,RUN-2025-04-05-01,SETTLEMENT_VS_PAYMENT,core.payments,PAY-0071,core.settlements,SET-0071,MISMATCH,1218.03,1159.98,58.05,0,58.05,LEAKAGE,TOL-SETTLEMENT,2025-04-05T00:00:00Z,LEAKAGE on SETTLEMENT_VS_PAYMENT
rcn-00299,RUN-2025-04-05-01,FEE_VS_RATE_CARD,core.payments,PAY-0071,core.gateway_fees,FEE-0071,MATCHED,12.0,12.0,0.0,0,0,LEGITIMATE,TOL-FEE,2025-04-05T00:00:00Z,
rcn-00300,RUN-2025-04-05-01,BANK_VS_SETTLEMENT,core.settlements,SET-0071,core.bank_transactions,BNK-0071,MATCHED,1159.98,1159.98,0.0,0,0,LEGITIMATE,TOL-BANK,2025-04-05T00:00:00Z,
rcn-00301,RUN-2025-04-05-01,PAYMENT_VS_ORDER,core.orders,ORD-72,core.payments,PAY-0072,MATCHED,857.59,857.59,0.0,0,0,LEGITIMATE,TOL-PAYMENT,2025-04-05T00:00:00Z,
rcn-00302,RUN-2025-04-05-01,SETTLEMENT_VS_PAYMENT,core.payments,PAY-0072,core.settlements,SET-0072,MATCHED,853.54,853.54,0.0,0,0,LEGITIMATE,TOL-SETTLEMENT,2025-04-05T00:00:00Z,
rcn-00303,RUN-2025-04-05-01,FEE_VS_RATE_CARD,core.payments,PAY-0072,core.gateway_fees,FEE-0072,MATCHED,3.43,3.43,0.0,0,0,LEGITIMATE,TOL-FEE,2025-04-05T00:00:00Z,
rcn-00304,RUN-2025-04-05-01,BANK_VS_SETTLEMENT,core.settlements,SET-0072,core.bank_transactions,BNK-0072,MATCHED,853.54,853.54,0.0,0,0,LEGITIMATE,TOL-BANK,2025-04-05T00:00:00Z,
rcn-00305,RUN-2025-04-05-01,PAYMENT_VS_ORDER,core.orders,ORD-73,core.payments,PAY-0073,MATCHED,5330.08,5330.08,0.0,0,0,LEGITIMATE,TOL-PAYMENT,2025-04-05T00:00:00Z,
rcn-00306,RUN-2025-04-05-01,SETTLEMENT_VS_PAYMENT,core.payments,PAY-0073,core.settlements,SET-0073,MATCHED,5204.29,5204.29,0.0,0,0,LEGITIMATE,TOL-SETTLEMENT,2025-04-05T00:00:00Z,
rcn-00307,RUN-2025-04-05-01,FEE_VS_RATE_CARD,core.payments,PAY-0073,core.gateway_fees,FEE-0073,MATCHED,106.6,106.6,0.0,0,0,LEGITIMATE,TOL-FEE,2025-04-05T00:00:00Z,
rcn-00308,RUN-2025-04-05-01,BANK_VS_SETTLEMENT,core.settlements,SET-0073,core.bank_transactions,BNK-0073,MATCHED,5204.29,5204.29,0.0,0,0,LEGITIMATE,TOL-BANK,2025-04-05T00:00:00Z,
rcn-00309,RUN-2025-04-05-01,PAYMENT_VS_ORDER,core.orders,ORD-74,core.payments,PAY-0074,MATCHED,1734.26,1734.26,0.0,0,0,LEGITIMATE,TOL-PAYMENT,2025-04-05T00:00:00Z,
rcn-00310,RUN-2025-04-05-01,SETTLEMENT_VS_PAYMENT,core.payments,PAY-0074,core.settlements,SET-0074,MISMATCH,1726.07,1723.82,2.25,0,2.25,LEAKAGE,TOL-SETTLEMENT,2025-04-05T00:00:00Z,LEAKAGE on SETTLEMENT_VS_PAYMENT
rcn-00311,RUN-2025-04-05-01,FEE_VS_RATE_CARD,core.payments,PAY-0074,core.gateway_fees,FEE-0074,MISMATCH,6.94,9.19,-2.25,0,2.25,LEAKAGE,TOL-FEE,2025-04-05T00:00:00Z,LEAKAGE on FEE_VS_RATE_CARD
rcn-00312,RUN-2025-04-05-01,BANK_VS_SETTLEMENT,core.settlements,SET-0074,core.bank_transactions,BNK-0074,MATCHED,1723.82,1723.82,0.0,0,0,LEGITIMATE,TOL-BANK,2025-04-05T00:00:00Z,
rcn-00313,RUN-2025-04-05-01,PAYMENT_VS_ORDER,core.orders,ORD-75,core.payments,PAY-0075,MATCHED,391.54,391.54,0.0,0,0,LEGITIMATE,TOL-PAYMENT,2025-04-05T00:00:00Z,
rcn-00314,RUN-2025-04-05-01,SETTLEMENT_VS_PAYMENT,core.payments,PAY-0075,core.settlements,SET-0075,MATCHED,382.3,382.3,0.0,0,0,LEGITIMATE,TOL-SETTLEMENT,2025-04-05T00:00:00Z,
rcn-00315,RUN-2025-04-05-01,FEE_VS_RATE_CARD,core.payments,PAY-0075,core.gateway_fees,FEE-0075,MATCHED,7.83,7.83,0.0,0,0,LEGITIMATE,TOL-FEE,2025-04-05T00:00:00Z,
rcn-00316,RUN-2025-04-05-01,BANK_VS_SETTLEMENT,core.settlements,SET-0075,core.bank_transactions,BNK-0075,MATCHED,382.3,382.3,0.0,0,0,LEGITIMATE,TOL-BANK,2025-04-05T00:00:00Z,
rcn-00317,RUN-2025-04-05-01,PAYMENT_VS_ORDER,core.orders,ORD-76,core.payments,PAY-0076,MATCHED,625.05,625.05,0.0,0,0,LEGITIMATE,TOL-PAYMENT,2025-04-05T00:00:00Z,
rcn-00318,RUN-2025-04-05-01,SETTLEMENT_VS_PAYMENT,core.payments,PAY-0076,core.settlements,SET-0076,MISMATCH,622.1,585.3,36.8,0,36.8,LEAKAGE,TOL-SETTLEMENT,2025-04-05T00:00:00Z,LEAKAGE on SETTLEMENT_VS_PAYMENT
rcn-00319,RUN-2025-04-05-01,FEE_VS_RATE_CARD,core.payments,PAY-0076,core.gateway_fees,FEE-0076,MATCHED,2.5,2.5,0.0,0,0,LEGITIMATE,TOL-FEE,2025-04-05T00:00:00Z,
rcn-00320,RUN-2025-04-05-01,BANK_VS_SETTLEMENT,core.settlements,SET-0076,core.bank_transactions,BNK-0076,MATCHED,585.3,585.3,0.0,0,0,LEGITIMATE,TOL-BANK,2025-04-05T00:00:00Z,
rcn-00321,RUN-2025-04-05-01,PAYMENT_VS_ORDER,core.orders,ORD-77,core.payments,PAY-0077,MATCHED,5255.18,5255.18,0.0,0,0,LEGITIMATE,TOL-PAYMENT,2025-04-05T00:00:00Z,
rcn-00322,RUN-2025-04-05-01,SETTLEMENT_VS_PAYMENT,core.payments,PAY-0077,core.settlements,SET-0077,MISMATCH,3083.88,2969.53,114.35,0,114.35,LEAKAGE,TOL-SETTLEMENT,2025-04-05T00:00:00Z,LEAKAGE on SETTLEMENT_VS_PAYMENT
rcn-00323,RUN-2025-04-05-01,FEE_VS_RATE_CARD,core.payments,PAY-0077,core.gateway_fees,FEE-0077,MATCHED,21.02,21.02,0.0,0,0,LEGITIMATE,TOL-FEE,2025-04-05T00:00:00Z,
rcn-00324,RUN-2025-04-05-01,BANK_VS_SETTLEMENT,core.settlements,SET-0077,core.bank_transactions,BNK-0077,MATCHED,2969.53,2969.53,0.0,0,0,LEGITIMATE,TOL-BANK,2025-04-05T00:00:00Z,
rcn-00325,RUN-2025-04-05-01,REFUND_VS_PAYMENT,core.payments,PAY-0077,core.refunds,REF-0077,MATCHED,2155.12,2155.12,0.0,0,0,LEGITIMATE,TOL-REFUND,2025-04-05T00:00:00Z,
rcn-00326,RUN-2025-04-05-01,PAYMENT_VS_ORDER,core.orders,ORD-78,core.payments,PAY-0078,MATCHED,439.63,439.63,0.0,0,0,LEGITIMATE,TOL-PAYMENT,2025-04-05T00:00:00Z,
rcn-00327,RUN-2025-04-05-01,SETTLEMENT_VS_PAYMENT,core.payments,PAY-0078,core.settlements,SET-0078,MATCHED,429.26,429.26,0.0,0,0,LEGITIMATE,TOL-SETTLEMENT,2025-04-05T00:00:00Z,
rcn-00328,RUN-2025-04-05-01,FEE_VS_RATE_CARD,core.payments,PAY-0078,core.gateway_fees,FEE-0078,MATCHED,8.79,8.79,0.0,0,0,LEGITIMATE,TOL-FEE,2025-04-05T00:00:00Z,
rcn-00329,RUN-2025-04-05-01,BANK_VS_SETTLEMENT,core.settlements,SET-0078,core.bank_transactions,BNK-0078,MATCHED,429.26,429.26,0.0,0,0,LEGITIMATE,TOL-BANK,2025-04-05T00:00:00Z,
rcn-00330,RUN-2025-04-05-01,PAYMENT_VS_ORDER,core.orders,ORD-79,core.payments,PAY-0079,MATCHED,299.0,299.0,0.0,0,0,LEGITIMATE,TOL-PAYMENT,2025-04-05T00:00:00Z,
rcn-00331,RUN-2025-04-05-01,SETTLEMENT_VS_PAYMENT,core.payments,PAY-0079,core.settlements,SET-0079,MATCHED,291.94,291.94,0.0,0,0,LEGITIMATE,TOL-SETTLEMENT,2025-04-05T00:00:00Z,
rcn-00332,RUN-2025-04-05-01,FEE_VS_RATE_CARD,core.payments,PAY-0079,core.gateway_fees,FEE-0079,MATCHED,5.98,5.98,0.0,0,0,LEGITIMATE,TOL-FEE,2025-04-05T00:00:00Z,
rcn-00333,RUN-2025-04-05-01,BANK_VS_SETTLEMENT,core.settlements,SET-0079,core.bank_transactions,BNK-0079,MATCHED,291.94,291.94,0.0,0,0,LEGITIMATE,TOL-BANK,2025-04-05T00:00:00Z,
rcn-00334,RUN-2025-04-05-01,PAYMENT_VS_ORDER,core.orders,ORD-80,core.payments,PAY-0080,MATCHED,2092.2,2092.2,0.0,0,0,LEGITIMATE,TOL-PAYMENT,2025-04-05T00:00:00Z,
rcn-00335,RUN-2025-04-05-01,SETTLEMENT_VS_PAYMENT,core.payments,PAY-0080,core.settlements,SET-0080,MISMATCH,2042.83,1906.44,136.39,0,136.39,LEAKAGE,TOL-SETTLEMENT,2025-04-05T00:00:00Z,LEAKAGE on SETTLEMENT_VS_PAYMENT
rcn-00336,RUN-2025-04-05-01,FEE_VS_RATE_CARD,core.payments,PAY-0080,core.gateway_fees,FEE-0080,MATCHED,41.84,41.84,0.0,0,0,LEGITIMATE,TOL-FEE,2025-04-05T00:00:00Z,
rcn-00337,RUN-2025-04-05-01,BANK_VS_SETTLEMENT,core.settlements,SET-0080,core.bank_transactions,BNK-0080,MATCHED,1906.44,1906.44,0.0,0,0,LEGITIMATE,TOL-BANK,2025-04-05T00:00:00Z,
rcn-00338,RUN-2025-04-05-01,PAYMENT_VS_ORDER,core.orders,ORD-81,core.payments,PAY-0081,MATCHED,648.47,648.47,0.0,0,0,LEGITIMATE,TOL-PAYMENT,2025-04-05T00:00:00Z,
rcn-00339,RUN-2025-04-05-01,SETTLEMENT_VS_PAYMENT,core.payments,PAY-0081,core.settlements,SET-0081,MATCHED,645.41,645.41,0.0,0,0,LEGITIMATE,TOL-SETTLEMENT,2025-04-05T00:00:00Z,
rcn-00340,RUN-2025-04-05-01,FEE_VS_RATE_CARD,core.payments,PAY-0081,core.gateway_fees,FEE-0081,MATCHED,2.59,2.59,0.0,0,0,LEGITIMATE,TOL-FEE,2025-04-05T00:00:00Z,
rcn-00341,RUN-2025-04-05-01,BANK_VS_SETTLEMENT,core.settlements,SET-0081,core.bank_transactions,BNK-0081,MATCHED,645.41,645.41,0.0,0,0,LEGITIMATE,TOL-BANK,2025-04-05T00:00:00Z,
rcn-00342,RUN-2025-04-05-01,PAYMENT_VS_ORDER,core.orders,ORD-82,core.payments,PAY-0082,MATCHED,1392.9,1392.9,0.0,0,0,LEGITIMATE,TOL-PAYMENT,2025-04-05T00:00:00Z,
rcn-00343,RUN-2025-04-05-01,SETTLEMENT_VS_PAYMENT,core.payments,PAY-0082,core.settlements,SET-0082,MISMATCH,1378.74,1372.4,6.34,0,6.34,LEAKAGE,TOL-SETTLEMENT,2025-04-05T00:00:00Z,LEAKAGE on SETTLEMENT_VS_PAYMENT
rcn-00344,RUN-2025-04-05-01,FEE_VS_RATE_CARD,core.payments,PAY-0082,core.gateway_fees,FEE-0082,MISMATCH,12.0,18.34,-6.34,0,6.34,LEAKAGE,TOL-FEE,2025-04-05T00:00:00Z,LEAKAGE on FEE_VS_RATE_CARD
rcn-00345,RUN-2025-04-05-01,BANK_VS_SETTLEMENT,core.settlements,SET-0082,core.bank_transactions,BNK-0082,MATCHED,1372.4,1372.4,0.0,0,0,LEGITIMATE,TOL-BANK,2025-04-05T00:00:00Z,
rcn-00346,RUN-2025-04-05-01,PAYMENT_VS_ORDER,core.orders,ORD-83,core.payments,PAY-0083,MATCHED,3983.74,3983.74,0.0,0,0,LEGITIMATE,TOL-PAYMENT,2025-04-05T00:00:00Z,
rcn-00347,RUN-2025-04-05-01,SETTLEMENT_VS_PAYMENT,core.payments,PAY-0083,core.settlements,SET-0083,MATCHED,3889.73,3889.73,0.0,0,0,LEGITIMATE,TOL-SETTLEMENT,2025-04-05T00:00:00Z,
rcn-00348,RUN-2025-04-05-01,FEE_VS_RATE_CARD,core.payments,PAY-0083,core.gateway_fees,FEE-0083,MATCHED,79.67,79.67,0.0,0,0,LEGITIMATE,TOL-FEE,2025-04-05T00:00:00Z,
rcn-00349,RUN-2025-04-05-01,BANK_VS_SETTLEMENT,core.settlements,SET-0083,core.bank_transactions,BNK-0083,MATCHED,3889.73,3889.73,0.0,0,0,LEGITIMATE,TOL-BANK,2025-04-05T00:00:00Z,
rcn-00350,RUN-2025-04-05-01,PAYMENT_VS_ORDER,core.orders,ORD-84,core.payments,PAY-0084,MATCHED,1575.92,1575.92,0.0,0,0,LEGITIMATE,TOL-PAYMENT,2025-04-05T00:00:00Z,
rcn-00351,RUN-2025-04-05-01,SETTLEMENT_VS_PAYMENT,core.payments,PAY-0084,core.settlements,SET-0084,MATCHED,1168.47,1168.47,0.0,0,0,LEGITIMATE,TOL-SETTLEMENT,2025-04-05T00:00:00Z,
rcn-00352,RUN-2025-04-05-01,FEE_VS_RATE_CARD,core.payments,PAY-0084,core.gateway_fees,FEE-0084,MATCHED,37.03,37.03,0.0,0,0,LEGITIMATE,TOL-FEE,2025-04-05T00:00:00Z,
rcn-00353,RUN-2025-04-05-01,BANK_VS_SETTLEMENT,core.settlements,SET-0084,core.bank_transactions,BNK-0084,MATCHED,1168.47,1168.47,0.0,0,0,LEGITIMATE,TOL-BANK,2025-04-05T00:00:00Z,
rcn-00354,RUN-2025-04-05-01,REFUND_VS_PAYMENT,core.payments,PAY-0084,core.refunds,REF-0084,MATCHED,372.5,372.5,0.0,0,0,LEGITIMATE,TOL-REFUND,2025-04-05T00:00:00Z,
rcn-00355,RUN-2025-04-05-01,PAYMENT_VS_ORDER,core.orders,ORD-85,core.payments,PAY-0085,MATCHED,329.02,329.02,0.0,0,0,LEGITIMATE,TOL-PAYMENT,2025-04-05T00:00:00Z,
rcn-00356,RUN-2025-04-05-01,SETTLEMENT_VS_PAYMENT,core.payments,PAY-0085,core.settlements,SET-0085,MATCHED,321.26,321.26,0.0,0,0,LEGITIMATE,TOL-SETTLEMENT,2025-04-05T00:00:00Z,
rcn-00357,RUN-2025-04-05-01,FEE_VS_RATE_CARD,core.payments,PAY-0085,core.gateway_fees,FEE-0085,MATCHED,6.58,6.58,0.0,0,0,LEGITIMATE,TOL-FEE,2025-04-05T00:00:00Z,
rcn-00358,RUN-2025-04-05-01,BANK_VS_SETTLEMENT,core.settlements,SET-0085,core.bank_transactions,BNK-0085,MATCHED,321.26,321.26,0.0,0,0,LEGITIMATE,TOL-BANK,2025-04-05T00:00:00Z,
rcn-00359,RUN-2025-04-05-01,PAYMENT_VS_ORDER,core.orders,ORD-86,core.payments,PAY-0086,MATCHED,344.46,344.46,0.0,0,0,LEGITIMATE,TOL-PAYMENT,2025-04-05T00:00:00Z,
rcn-00360,RUN-2025-04-05-01,SETTLEMENT_VS_PAYMENT,core.payments,PAY-0086,core.settlements,SET-0086,MATCHED,217.56,217.56,0.0,0,0,LEGITIMATE,TOL-SETTLEMENT,2025-04-05T00:00:00Z,
rcn-00361,RUN-2025-04-05-01,FEE_VS_RATE_CARD,core.payments,PAY-0086,core.gateway_fees,FEE-0086,MATCHED,6.89,6.89,0.0,0,0,LEGITIMATE,TOL-FEE,2025-04-05T00:00:00Z,
rcn-00362,RUN-2025-04-05-01,BANK_VS_SETTLEMENT,core.settlements,SET-0086,core.bank_transactions,BNK-0086,MATCHED,217.56,217.56,0.0,0,0,LEGITIMATE,TOL-BANK,2025-04-05T00:00:00Z,
rcn-00363,RUN-2025-04-05-01,REFUND_VS_PAYMENT,core.payments,PAY-0086,core.refunds,REF-0086,MATCHED,121.19,121.19,0.0,0,0,LEGITIMATE,TOL-REFUND,2025-04-05T00:00:00Z,
rcn-00364,RUN-2025-04-05-01,PAYMENT_VS_ORDER,core.orders,ORD-87,core.payments,PAY-0087,MATCHED,3077.56,3077.56,0.0,0,0,LEGITIMATE,TOL-PAYMENT,2025-04-05T00:00:00Z,
rcn-00365,RUN-2025-04-05-01,SETTLEMENT_VS_PAYMENT,core.payments,PAY-0087,core.settlements,SET-0087,MATCHED,2099.48,2099.48,0.0,0,0,LEGITIMATE,TOL-SETTLEMENT,2025-04-05T00:00:00Z,
rcn-00366,RUN-2025-04-05-01,FEE_VS_RATE_CARD,core.payments,PAY-0087,core.gateway_fees,FEE-0087,MATCHED,12.31,12.31,0.0,0,0,LEGITIMATE,TOL-FEE,2025-04-05T00:00:00Z,
rcn-00367,RUN-2025-04-05-01,BANK_VS_SETTLEMENT,core.settlements,SET-0087,core.bank_transactions,BNK-0087,MATCHED,2099.48,2099.48,0.0,0,0,LEGITIMATE,TOL-BANK,2025-04-05T00:00:00Z,
rcn-00368,RUN-2025-04-05-01,REFUND_VS_PAYMENT,core.payments,PAY-0087,core.refunds,REF-0087,MATCHED,967.42,967.42,0.0,0,0,LEGITIMATE,TOL-REFUND,2025-04-05T00:00:00Z,
rcn-00369,RUN-2025-04-05-01,PAYMENT_VS_ORDER,core.orders,ORD-88,core.payments,PAY-0088,MATCHED,4378.31,4378.31,0.0,0,0,LEGITIMATE,TOL-PAYMENT,2025-04-05T00:00:00Z,
rcn-00370,RUN-2025-04-05-01,SETTLEMENT_VS_PAYMENT,core.payments,PAY-0088,core.settlements,SET-0088,MATCHED,4274.98,4274.98,0.0,0,0,LEGITIMATE,TOL-SETTLEMENT,2025-04-05T00:00:00Z,
rcn-00371,RUN-2025-04-05-01,FEE_VS_RATE_CARD,core.payments,PAY-0088,core.gateway_fees,FEE-0088,MATCHED,87.57,87.57,0.0,0,0,LEGITIMATE,TOL-FEE,2025-04-05T00:00:00Z,
rcn-00372,RUN-2025-04-05-01,BANK_VS_SETTLEMENT,core.settlements,SET-0088,core.bank_transactions,BNK-0088,MATCHED,4274.98,4274.98,0.0,0,0,LEGITIMATE,TOL-BANK,2025-04-05T00:00:00Z,
rcn-00373,RUN-2025-04-05-01,PAYMENT_VS_ORDER,core.orders,ORD-89,core.payments,PAY-0089,MATCHED,3273.01,3273.01,0.0,0,0,LEGITIMATE,TOL-PAYMENT,2025-04-05T00:00:00Z,
rcn-00374,RUN-2025-04-05-01,SETTLEMENT_VS_PAYMENT,core.payments,PAY-0089,core.settlements,SET-0089,MATCHED,1909.26,1909.26,0.0,0,0,LEGITIMATE,TOL-SETTLEMENT,2025-04-05T00:00:00Z,
rcn-00375,RUN-2025-04-05-01,FEE_VS_RATE_CARD,core.payments,PAY-0089,core.gateway_fees,FEE-0089,MATCHED,65.46,65.46,0.0,0,0,LEGITIMATE,TOL-FEE,2025-04-05T00:00:00Z,
rcn-00376,RUN-2025-04-05-01,BANK_VS_SETTLEMENT,core.settlements,SET-0089,core.bank_transactions,BNK-0089,MATCHED,1909.26,1909.26,0.0,0,0,LEGITIMATE,TOL-BANK,2025-04-05T00:00:00Z,
rcn-00377,RUN-2025-04-05-01,REFUND_VS_PAYMENT,core.payments,PAY-0089,core.refunds,REF-0089,MATCHED,1312.77,1312.77,0.0,0,0,LEGITIMATE,TOL-REFUND,2025-04-05T00:00:00Z,
rcn-00378,RUN-2025-04-05-01,PAYMENT_VS_ORDER,core.orders,ORD-90,core.payments,PAY-0090,MATCHED,1355.41,1355.41,0.0,0,0,LEGITIMATE,TOL-PAYMENT,2025-04-05T00:00:00Z,
rcn-00379,RUN-2025-04-05-01,SETTLEMENT_VS_PAYMENT,core.payments,PAY-0090,core.settlements,SET-0090,MATCHED,1325.03,1325.03,0.0,0,0,LEGITIMATE,TOL-SETTLEMENT,2025-04-05T00:00:00Z,
rcn-00380,RUN-2025-04-05-01,FEE_VS_RATE_CARD,core.payments,PAY-0090,core.gateway_fees,FEE-0090,MATCHED,25.75,25.75,0.0,0,0,LEGITIMATE,TOL-FEE,2025-04-05T00:00:00Z,
rcn-00381,RUN-2025-04-05-01,BANK_VS_SETTLEMENT,core.settlements,SET-0090,core.bank_transactions,BNK-0090,MATCHED,1325.03,1325.03,0.0,0,0,LEGITIMATE,TOL-BANK,2025-04-05T00:00:00Z,
rcn-00382,RUN-2025-04-05-01,PAYMENT_VS_ORDER,core.orders,ORD-91,core.payments,PAY-0091,MATCHED,2039.25,2039.25,0.0,0,0,LEGITIMATE,TOL-PAYMENT,2025-04-05T00:00:00Z,
rcn-00383,RUN-2025-04-05-01,SETTLEMENT_VS_PAYMENT,core.payments,PAY-0091,core.settlements,SET-0091,MISMATCH,2029.62,2026.99,2.63,0,2.63,LEAKAGE,TOL-SETTLEMENT,2025-04-05T00:00:00Z,LEAKAGE on SETTLEMENT_VS_PAYMENT
rcn-00384,RUN-2025-04-05-01,FEE_VS_RATE_CARD,core.payments,PAY-0091,core.gateway_fees,FEE-0091,MISMATCH,8.16,10.79,-2.63,0,2.63,LEAKAGE,TOL-FEE,2025-04-05T00:00:00Z,LEAKAGE on FEE_VS_RATE_CARD
rcn-00385,RUN-2025-04-05-01,BANK_VS_SETTLEMENT,core.settlements,SET-0091,core.bank_transactions,BNK-0091,MATCHED,2026.99,2026.99,0.0,0,0,LEGITIMATE,TOL-BANK,2025-04-05T00:00:00Z,
rcn-00386,RUN-2025-04-05-01,PAYMENT_VS_ORDER,core.orders,ORD-92,core.payments,PAY-0092,MATCHED,1358.15,1358.15,0.0,0,0,LEGITIMATE,TOL-PAYMENT,2025-04-05T00:00:00Z,
rcn-00387,RUN-2025-04-05-01,SETTLEMENT_VS_PAYMENT,core.payments,PAY-0092,core.settlements,SET-0092,MATCHED,1351.74,1351.74,0.0,0,0,LEGITIMATE,TOL-SETTLEMENT,2025-04-05T00:00:00Z,
rcn-00388,RUN-2025-04-05-01,FEE_VS_RATE_CARD,core.payments,PAY-0092,core.gateway_fees,FEE-0092,MATCHED,5.43,5.43,0.0,0,0,LEGITIMATE,TOL-FEE,2025-04-05T00:00:00Z,
rcn-00389,RUN-2025-04-05-01,BANK_VS_SETTLEMENT,core.settlements,SET-0092,core.bank_transactions,BNK-0092,MATCHED,1351.74,1351.74,0.0,0,0,LEGITIMATE,TOL-BANK,2025-04-05T00:00:00Z,
rcn-00390,RUN-2025-04-05-01,PAYMENT_VS_ORDER,core.orders,ORD-93,core.payments,PAY-0093,MATCHED,5011.47,5011.47,0.0,0,0,LEGITIMATE,TOL-PAYMENT,2025-04-05T00:00:00Z,
rcn-00391,RUN-2025-04-05-01,SETTLEMENT_VS_PAYMENT,core.payments,PAY-0093,core.settlements,SET-0093,MATCHED,4987.81,4987.81,0.0,0,0,LEGITIMATE,TOL-SETTLEMENT,2025-04-05T00:00:00Z,
rcn-00392,RUN-2025-04-05-01,FEE_VS_RATE_CARD,core.payments,PAY-0093,core.gateway_fees,FEE-0093,MATCHED,20.05,20.05,0.0,0,0,LEGITIMATE,TOL-FEE,2025-04-05T00:00:00Z,
rcn-00393,RUN-2025-04-05-01,BANK_VS_SETTLEMENT,core.settlements,SET-0093,core.bank_transactions,BNK-0093,MATCHED,4987.81,4987.81,0.0,0,0,LEGITIMATE,TOL-BANK,2025-04-05T00:00:00Z,
rcn-00394,RUN-2025-04-05-01,PAYMENT_VS_ORDER,core.orders,ORD-94,core.payments,PAY-0094,MATCHED,524.92,524.92,0.0,0,0,LEGITIMATE,TOL-PAYMENT,2025-04-05T00:00:00Z,
rcn-00395,RUN-2025-04-05-01,SETTLEMENT_VS_PAYMENT,core.payments,PAY-0094,core.settlements,SET-0094,MATCHED,522.44,522.44,0.0,0,0,LEGITIMATE,TOL-SETTLEMENT,2025-04-05T00:00:00Z,
rcn-00396,RUN-2025-04-05-01,FEE_VS_RATE_CARD,core.payments,PAY-0094,core.gateway_fees,FEE-0094,MATCHED,2.1,2.1,0.0,0,0,LEGITIMATE,TOL-FEE,2025-04-05T00:00:00Z,
rcn-00397,RUN-2025-04-05-01,BANK_VS_SETTLEMENT,core.settlements,SET-0094,core.bank_transactions,BNK-0094,MATCHED,522.44,522.44,0.0,0,0,LEGITIMATE,TOL-BANK,2025-04-05T00:00:00Z,
rcn-00398,RUN-2025-04-05-01,PAYMENT_VS_ORDER,core.orders,ORD-95,core.payments,PAY-0095,MATCHED,673.11,673.11,0.0,0,0,LEGITIMATE,TOL-PAYMENT,2025-04-05T00:00:00Z,
rcn-00399,RUN-2025-04-05-01,SETTLEMENT_VS_PAYMENT,core.payments,PAY-0095,core.settlements,SET-0095,MATCHED,669.94,669.94,0.0,0,0,LEGITIMATE,TOL-SETTLEMENT,2025-04-05T00:00:00Z,
rcn-00400,RUN-2025-04-05-01,FEE_VS_RATE_CARD,core.payments,PAY-0095,core.gateway_fees,FEE-0095,MATCHED,2.69,2.69,0.0,0,0,LEGITIMATE,TOL-FEE,2025-04-05T00:00:00Z,
rcn-00401,RUN-2025-04-05-01,BANK_VS_SETTLEMENT,core.settlements,SET-0095,core.bank_transactions,,UNMATCHED,669.94,,,0,669.94,LEAKAGE,TOL-BANK,2025-04-05T00:00:00Z,LEAKAGE on BANK_VS_SETTLEMENT
rcn-00402,RUN-2025-04-05-01,PAYMENT_VS_ORDER,core.orders,ORD-96,core.payments,PAY-0096,MATCHED,10810.38,10810.38,0.0,0,0,LEGITIMATE,TOL-PAYMENT,2025-04-05T00:00:00Z,
rcn-00403,RUN-2025-04-05-01,SETTLEMENT_VS_PAYMENT,core.payments,PAY-0096,core.settlements,SET-0096,MATCHED,10555.25,10555.25,0.0,0,0,LEGITIMATE,TOL-SETTLEMENT,2025-04-05T00:00:00Z,
rcn-00404,RUN-2025-04-05-01,FEE_VS_RATE_CARD,core.payments,PAY-0096,core.gateway_fees,FEE-0096,MATCHED,216.21,216.21,0.0,0,0,LEGITIMATE,TOL-FEE,2025-04-05T00:00:00Z,
rcn-00405,RUN-2025-04-05-01,BANK_VS_SETTLEMENT,core.settlements,SET-0096,core.bank_transactions,BNK-0096,MATCHED,10555.25,10555.25,0.0,0,0,LEGITIMATE,TOL-BANK,2025-04-05T00:00:00Z,
rcn-00406,RUN-2025-04-05-01,PAYMENT_VS_ORDER,core.orders,ORD-97,core.payments,PAY-0097,MATCHED,1540.37,1540.37,0.0,0,0,LEGITIMATE,TOL-PAYMENT,2025-04-05T00:00:00Z,
rcn-00407,RUN-2025-04-05-01,SETTLEMENT_VS_PAYMENT,core.payments,PAY-0097,core.settlements,SET-0097,MATCHED,1497.65,1497.65,0.0,0,0,LEGITIMATE,TOL-SETTLEMENT,2025-04-05T00:00:00Z,
rcn-00408,RUN-2025-04-05-01,FEE_VS_RATE_CARD,core.payments,PAY-0097,core.gateway_fees,FEE-0097,MATCHED,36.2,36.2,0.0,0,0,LEGITIMATE,TOL-FEE,2025-04-05T00:00:00Z,
rcn-00409,RUN-2025-04-05-01,BANK_VS_SETTLEMENT,core.settlements,SET-0097,core.bank_transactions,BNK-0097,MATCHED,1497.65,1497.65,0.0,0,0,LEGITIMATE,TOL-BANK,2025-04-05T00:00:00Z,
rcn-00410,RUN-2025-04-05-01,PAYMENT_VS_ORDER,core.orders,ORD-98,core.payments,PAY-0098,MATCHED,1453.94,1453.94,0.0,0,0,LEGITIMATE,TOL-PAYMENT,2025-04-05T00:00:00Z,
rcn-00411,RUN-2025-04-05-01,SETTLEMENT_VS_PAYMENT,core.payments,PAY-0098,core.settlements,SET-0098,MATCHED,1447.07,1447.07,0.0,0,0,LEGITIMATE,TOL-SETTLEMENT,2025-04-05T00:00:00Z,
rcn-00412,RUN-2025-04-05-01,FEE_VS_RATE_CARD,core.payments,PAY-0098,core.gateway_fees,FEE-0098,MATCHED,5.82,5.82,0.0,0,0,LEGITIMATE,TOL-FEE,2025-04-05T00:00:00Z,
rcn-00413,RUN-2025-04-05-01,BANK_VS_SETTLEMENT,core.settlements,SET-0098,core.bank_transactions,BNK-0098,MATCHED,1447.07,1447.07,0.0,0,0,LEGITIMATE,TOL-BANK,2025-04-05T00:00:00Z,
rcn-00414,RUN-2025-04-05-01,PAYMENT_VS_ORDER,core.orders,ORD-99,core.payments,PAY-0099,MATCHED,630.22,630.22,0.0,0,0,LEGITIMATE,TOL-PAYMENT,2025-04-05T00:00:00Z,
rcn-00415,RUN-2025-04-05-01,SETTLEMENT_VS_PAYMENT,core.payments,PAY-0099,core.settlements,SET-0099,MATCHED,615.35,615.35,0.0,0,0,LEGITIMATE,TOL-SETTLEMENT,2025-04-05T00:00:00Z,
rcn-00416,RUN-2025-04-05-01,FEE_VS_RATE_CARD,core.payments,PAY-0099,core.gateway_fees,FEE-0099,MATCHED,12.6,12.6,0.0,0,0,LEGITIMATE,TOL-FEE,2025-04-05T00:00:00Z,
rcn-00417,RUN-2025-04-05-01,BANK_VS_SETTLEMENT,core.settlements,SET-0099,core.bank_transactions,BNK-0099,MATCHED,615.35,615.35,0.0,0,0,LEGITIMATE,TOL-BANK,2025-04-05T00:00:00Z,
rcn-00418,RUN-2025-04-05-01,PAYMENT_VS_ORDER,core.orders,ORD-100,core.payments,PAY-0100,MATCHED,2198.32,2198.32,0.0,0,0,LEGITIMATE,TOL-PAYMENT,2025-04-05T00:00:00Z,
rcn-00419,RUN-2025-04-05-01,SETTLEMENT_VS_PAYMENT,core.payments,PAY-0100,core.settlements,SET-0100,MATCHED,2146.44,2146.44,0.0,0,0,LEGITIMATE,TOL-SETTLEMENT,2025-04-05T00:00:00Z,
rcn-00420,RUN-2025-04-05-01,FEE_VS_RATE_CARD,core.payments,PAY-0100,core.gateway_fees,FEE-0100,MATCHED,43.97,43.97,0.0,0,0,LEGITIMATE,TOL-FEE,2025-04-05T00:00:00Z,
rcn-00421,RUN-2025-04-05-01,BANK_VS_SETTLEMENT,core.settlements,SET-0100,core.bank_transactions,BNK-0100,MATCHED,2146.44,2146.44,0.0,0,0,LEGITIMATE,TOL-BANK,2025-04-05T00:00:00Z,
rcn-00422,RUN-2025-04-05-01,PAYMENT_VS_ORDER,core.orders,ORD-101,core.payments,PAY-0101,MATCHED,2159.58,2159.58,0.0,0,0,LEGITIMATE,TOL-PAYMENT,2025-04-05T00:00:00Z,
rcn-00423,RUN-2025-04-05-01,SETTLEMENT_VS_PAYMENT,core.payments,PAY-0101,core.settlements,SET-0101,MISMATCH,2145.42,2013.77,131.65,0,131.65,LEAKAGE,TOL-SETTLEMENT,2025-04-05T00:00:00Z,LEAKAGE on SETTLEMENT_VS_PAYMENT
rcn-00424,RUN-2025-04-05-01,FEE_VS_RATE_CARD,core.payments,PAY-0101,core.gateway_fees,FEE-0101,MISMATCH,12.0,17.12,-5.12,0,5.12,LEAKAGE,TOL-FEE,2025-04-05T00:00:00Z,LEAKAGE on FEE_VS_RATE_CARD
rcn-00425,RUN-2025-04-05-01,BANK_VS_SETTLEMENT,core.settlements,SET-0101,core.bank_transactions,BNK-0101,MATCHED,2013.77,2013.77,0.0,0,0,LEGITIMATE,TOL-BANK,2025-04-05T00:00:00Z,
rcn-00426,RUN-2025-04-05-01,PAYMENT_VS_ORDER,core.orders,ORD-102,core.payments,PAY-0102,MATCHED,2473.01,2473.01,0.0,0,0,LEGITIMATE,TOL-PAYMENT,2025-04-05T00:00:00Z,
rcn-00427,RUN-2025-04-05-01,SETTLEMENT_VS_PAYMENT,core.payments,PAY-0102,core.settlements,SET-0102,MATCHED,2417.56,2417.56,0.0,0,0,LEGITIMATE,TOL-SETTLEMENT,2025-04-05T00:00:00Z,
rcn-00428,RUN-2025-04-05-01,FEE_VS_RATE_CARD,core.payments,PAY-0102,core.gateway_fees,FEE-0102,MATCHED,46.99,46.99,0.0,0,0,LEGITIMATE,TOL-FEE,2025-04-05T00:00:00Z,
rcn-00429,RUN-2025-04-05-01,BANK_VS_SETTLEMENT,core.settlements,SET-0102,core.bank_transactions,BNK-0102,MATCHED,2417.56,2417.56,0.0,0,0,LEGITIMATE,TOL-BANK,2025-04-05T00:00:00Z,
rcn-00430,RUN-2025-04-05-01,PAYMENT_VS_ORDER,core.orders,ORD-103,core.payments,PAY-0103,MATCHED,3544.27,3544.27,0.0,0,0,LEGITIMATE,TOL-PAYMENT,2025-04-05T00:00:00Z,
rcn-00431,RUN-2025-04-05-01,SETTLEMENT_VS_PAYMENT,core.payments,PAY-0103,core.settlements,SET-0103,MATCHED,3530.11,3530.11,0.0,0,0,LEGITIMATE,TOL-SETTLEMENT,2025-04-05T00:00:00Z,
rcn-00432,RUN-2025-04-05-01,FEE_VS_RATE_CARD,core.payments,PAY-0103,core.gateway_fees,FEE-0103,MATCHED,12.0,12.0,0.0,0,0,LEGITIMATE,TOL-FEE,2025-04-05T00:00:00Z,
rcn-00433,RUN-2025-04-05-01,BANK_VS_SETTLEMENT,core.settlements,SET-0103,core.bank_transactions,BNK-0103,MATCHED,3530.11,3530.11,0.0,0,0,LEGITIMATE,TOL-BANK,2025-04-05T00:00:00Z,
rcn-00434,RUN-2025-04-05-01,PAYMENT_VS_ORDER,core.orders,ORD-104,core.payments,PAY-0104,MATCHED,893.19,893.19,0.0,0,0,LEGITIMATE,TOL-PAYMENT,2025-04-05T00:00:00Z,
rcn-00435,RUN-2025-04-05-01,SETTLEMENT_VS_PAYMENT,core.payments,PAY-0104,core.settlements,SET-0104,MATCHED,517.83,516.34,1.49,0,0,LEGITIMATE,TOL-SETTLEMENT,2025-04-05T00:00:00Z,
rcn-00436,RUN-2025-04-05-01,FEE_VS_RATE_CARD,core.payments,PAY-0104,core.gateway_fees,FEE-0104,MATCHED,3.57,3.57,0.0,0,0,LEGITIMATE,TOL-FEE,2025-04-05T00:00:00Z,
rcn-00437,RUN-2025-04-05-01,BANK_VS_SETTLEMENT,core.settlements,SET-0104,core.bank_transactions,BNK-0104,MATCHED,516.34,516.34,0.0,0,0,LEGITIMATE,TOL-BANK,2025-04-05T00:00:00Z,
rcn-00438,RUN-2025-04-05-01,REFUND_VS_PAYMENT,core.payments,PAY-0104,core.refunds,REF-0104,MATCHED,372.64,372.64,0.0,0,0,LEGITIMATE,TOL-REFUND,2025-04-05T00:00:00Z,
rcn-00439,RUN-2025-04-05-01,PAYMENT_VS_ORDER,core.orders,ORD-105,core.payments,PAY-0105,MATCHED,454.23,454.23,0.0,0,0,LEGITIMATE,TOL-PAYMENT,2025-04-05T00:00:00Z,
rcn-00440,RUN-2025-04-05-01,SETTLEMENT_VS_PAYMENT,core.payments,PAY-0105,core.settlements,SET-0105,MATCHED,443.52,443.52,0.0,0,0,LEGITIMATE,TOL-SETTLEMENT,2025-04-05T00:00:00Z,
rcn-00441,RUN-2025-04-05-01,FEE_VS_RATE_CARD,core.payments,PAY-0105,core.gateway_fees,FEE-0105,MATCHED,9.08,9.08,0.0,0,0,LEGITIMATE,TOL-FEE,2025-04-05T00:00:00Z,
rcn-00442,RUN-2025-04-05-01,BANK_VS_SETTLEMENT,core.settlements,SET-0105,core.bank_transactions,BNK-0105,MATCHED,443.52,443.52,0.0,0,0,LEGITIMATE,TOL-BANK,2025-04-05T00:00:00Z,
rcn-00443,RUN-2025-04-05-01,PAYMENT_VS_ORDER,core.orders,ORD-106,core.payments,PAY-0106,MATCHED,3485.26,3485.26,0.0,0,0,LEGITIMATE,TOL-PAYMENT,2025-04-05T00:00:00Z,
rcn-00444,RUN-2025-04-05-01,SETTLEMENT_VS_PAYMENT,core.payments,PAY-0106,core.settlements,SET-0106,MATCHED,2507.66,2507.66,0.0,0,0,LEGITIMATE,TOL-SETTLEMENT,2025-04-05T00:00:00Z,
rcn-00445,RUN-2025-04-05-01,FEE_VS_RATE_CARD,core.payments,PAY-0106,core.gateway_fees,FEE-0106,MATCHED,69.71,69.71,0.0,0,0,LEGITIMATE,TOL-FEE,2025-04-05T00:00:00Z,
rcn-00446,RUN-2025-04-05-01,BANK_VS_SETTLEMENT,core.settlements,SET-0106,core.bank_transactions,BNK-0106,MATCHED,2507.66,2507.66,0.0,0,0,LEGITIMATE,TOL-BANK,2025-04-05T00:00:00Z,
rcn-00447,RUN-2025-04-05-01,REFUND_VS_PAYMENT,core.payments,PAY-0106,core.refunds,REF-0106,MATCHED,913.61,913.61,0.0,0,0,LEGITIMATE,TOL-REFUND,2025-04-05T00:00:00Z,
rcn-00448,RUN-2025-04-05-01,PAYMENT_VS_ORDER,core.orders,ORD-107,core.payments,PAY-0107,MATCHED,920.72,920.72,0.0,0,0,LEGITIMATE,TOL-PAYMENT,2025-04-05T00:00:00Z,
rcn-00449,RUN-2025-04-05-01,SETTLEMENT_VS_PAYMENT,core.payments,PAY-0107,core.settlements,SET-0107,MATCHED,899.0,899.0,0.0,0,0,LEGITIMATE,TOL-SETTLEMENT,2025-04-05T00:00:00Z,
rcn-00450,RUN-2025-04-05-01,FEE_VS_RATE_CARD,core.payments,PAY-0107,core.gateway_fees,FEE-0107,MATCHED,18.41,18.41,0.0,0,0,LEGITIMATE,TOL-FEE,2025-04-05T00:00:00Z,
rcn-00451,RUN-2025-04-05-01,BANK_VS_SETTLEMENT,core.settlements,SET-0107,core.bank_transactions,BNK-0107,MATCHED,899.0,899.0,0.0,0,0,LEGITIMATE,TOL-BANK,2025-04-05T00:00:00Z,
rcn-00452,RUN-2025-04-05-01,PAYMENT_VS_ORDER,core.orders,ORD-108,core.payments,PAY-0108,MATCHED,324.68,324.68,0.0,0,0,LEGITIMATE,TOL-PAYMENT,2025-04-05T00:00:00Z,
rcn-00453,RUN-2025-04-05-01,SETTLEMENT_VS_PAYMENT,core.payments,PAY-0108,core.settlements,SET-0108,MATCHED,317.02,317.02,0.0,0,0,LEGITIMATE,TOL-SETTLEMENT,2025-04-05T00:00:00Z,
rcn-00454,RUN-2025-04-05-01,FEE_VS_RATE_CARD,core.payments,PAY-0108,core.gateway_fees,FEE-0108,MATCHED,6.49,6.49,0.0,0,0,LEGITIMATE,TOL-FEE,2025-04-05T00:00:00Z,
rcn-00455,RUN-2025-04-05-01,BANK_VS_SETTLEMENT,core.settlements,SET-0108,core.bank_transactions,BNK-0108,MATCHED,317.02,317.02,0.0,0,0,LEGITIMATE,TOL-BANK,2025-04-05T00:00:00Z,
rcn-00456,RUN-2025-04-05-01,PAYMENT_VS_ORDER,core.orders,ORD-109,core.payments,PAY-0109,MATCHED,1179.94,1179.94,0.0,0,0,LEGITIMATE,TOL-PAYMENT,2025-04-05T00:00:00Z,
rcn-00457,RUN-2025-04-05-01,SETTLEMENT_VS_PAYMENT,core.payments,PAY-0109,core.settlements,SET-0109,MATCHED,1174.37,1174.37,0.0,0,0,LEGITIMATE,TOL-SETTLEMENT,2025-04-05T00:00:00Z,
rcn-00458,RUN-2025-04-05-01,FEE_VS_RATE_CARD,core.payments,PAY-0109,core.gateway_fees,FEE-0109,MATCHED,4.72,4.72,0.0,0,0,LEGITIMATE,TOL-FEE,2025-04-05T00:00:00Z,
rcn-00459,RUN-2025-04-05-01,BANK_VS_SETTLEMENT,core.settlements,SET-0109,core.bank_transactions,BNK-0109,MATCHED,1174.37,1174.37,0.0,0,0,LEGITIMATE,TOL-BANK,2025-04-05T00:00:00Z,
rcn-00460,RUN-2025-04-05-01,PAYMENT_VS_ORDER,core.orders,ORD-110,core.payments,PAY-0110,MATCHED,698.94,698.94,0.0,0,0,LEGITIMATE,TOL-PAYMENT,2025-04-05T00:00:00Z,
rcn-00461,RUN-2025-04-05-01,SETTLEMENT_VS_PAYMENT,core.payments,PAY-0110,core.settlements,SET-0110,MATCHED,682.44,682.44,0.0,0,0,LEGITIMATE,TOL-SETTLEMENT,2025-04-05T00:00:00Z,
rcn-00462,RUN-2025-04-05-01,FEE_VS_RATE_CARD,core.payments,PAY-0110,core.gateway_fees,FEE-0110,MATCHED,13.98,13.98,0.0,0,0,LEGITIMATE,TOL-FEE,2025-04-05T00:00:00Z,
rcn-00463,RUN-2025-04-05-01,BANK_VS_SETTLEMENT,core.settlements,SET-0110,core.bank_transactions,BNK-0110,MATCHED,682.44,682.44,0.0,0,0,LEGITIMATE,TOL-BANK,2025-04-05T00:00:00Z,
rcn-00464,RUN-2025-04-05-01,PAYMENT_VS_ORDER,core.orders,ORD-111,core.payments,PAY-0111,MATCHED,428.61,428.61,0.0,0,0,LEGITIMATE,TOL-PAYMENT,2025-04-05T00:00:00Z,
rcn-00465,RUN-2025-04-05-01,SETTLEMENT_VS_PAYMENT,core.payments,PAY-0111,core.settlements,SET-0111,MATCHED,418.5,418.5,0.0,0,0,LEGITIMATE,TOL-SETTLEMENT,2025-04-05T00:00:00Z,
rcn-00466,RUN-2025-04-05-01,FEE_VS_RATE_CARD,core.payments,PAY-0111,core.gateway_fees,FEE-0111,MATCHED,8.57,8.57,0.0,0,0,LEGITIMATE,TOL-FEE,2025-04-05T00:00:00Z,
rcn-00467,RUN-2025-04-05-01,BANK_VS_SETTLEMENT,core.settlements,SET-0111,core.bank_transactions,BNK-0111,MATCHED,418.5,418.5,0.0,0,0,LEGITIMATE,TOL-BANK,2025-04-05T00:00:00Z,
rcn-00468,RUN-2025-04-05-01,PAYMENT_VS_ORDER,core.orders,ORD-112,core.payments,PAY-0112,MATCHED,1757.72,1757.72,0.0,0,0,LEGITIMATE,TOL-PAYMENT,2025-04-05T00:00:00Z,
rcn-00469,RUN-2025-04-05-01,SETTLEMENT_VS_PAYMENT,core.payments,PAY-0112,core.settlements,SET-0112,MATCHED,1749.42,1749.42,0.0,0,0,LEGITIMATE,TOL-SETTLEMENT,2025-04-05T00:00:00Z,
rcn-00470,RUN-2025-04-05-01,FEE_VS_RATE_CARD,core.payments,PAY-0112,core.gateway_fees,FEE-0112,MATCHED,7.03,7.03,0.0,0,0,LEGITIMATE,TOL-FEE,2025-04-05T00:00:00Z,
rcn-00471,RUN-2025-04-05-01,BANK_VS_SETTLEMENT,core.settlements,SET-0112,core.bank_transactions,BNK-0112,MATCHED,1749.42,1749.42,0.0,0,0,LEGITIMATE,TOL-BANK,2025-04-05T00:00:00Z,
rcn-00472,RUN-2025-04-05-01,PAYMENT_VS_ORDER,core.orders,ORD-113,core.payments,PAY-0113,MATCHED,1016.83,1016.83,0.0,0,0,LEGITIMATE,TOL-PAYMENT,2025-04-05T00:00:00Z,
rcn-00473,RUN-2025-04-05-01,SETTLEMENT_VS_PAYMENT,core.payments,PAY-0113,core.settlements,SET-0113,MATCHED,992.83,992.83,0.0,0,0,LEGITIMATE,TOL-SETTLEMENT,2025-04-05T00:00:00Z,
rcn-00474,RUN-2025-04-05-01,FEE_VS_RATE_CARD,core.payments,PAY-0113,core.gateway_fees,FEE-0113,MATCHED,20.34,20.34,0.0,0,0,LEGITIMATE,TOL-FEE,2025-04-05T00:00:00Z,
rcn-00475,RUN-2025-04-05-01,BANK_VS_SETTLEMENT,core.settlements,SET-0113,core.bank_transactions,BNK-0113,MATCHED,992.83,992.83,0.0,0,0,LEGITIMATE,TOL-BANK,2025-04-05T00:00:00Z,
rcn-00476,RUN-2025-04-05-01,PAYMENT_VS_ORDER,core.orders,ORD-114,core.payments,PAY-0114,MATCHED,2103.02,2103.02,0.0,0,0,LEGITIMATE,TOL-PAYMENT,2025-04-05T00:00:00Z,
rcn-00477,RUN-2025-04-05-01,SETTLEMENT_VS_PAYMENT,core.payments,PAY-0114,core.settlements,SET-0114,MATCHED,1470.36,1470.36,0.0,0,0,LEGITIMATE,TOL-SETTLEMENT,2025-04-05T00:00:00Z,
rcn-00478,RUN-2025-04-05-01,FEE_VS_RATE_CARD,core.payments,PAY-0114,core.gateway_fees,FEE-0114,MATCHED,8.41,8.41,0.0,0,0,LEGITIMATE,TOL-FEE,2025-04-05T00:00:00Z,
rcn-00479,RUN-2025-04-05-01,BANK_VS_SETTLEMENT,core.settlements,SET-0114,core.bank_transactions,BNK-0114,MATCHED,1470.36,1470.36,0.0,0,0,LEGITIMATE,TOL-BANK,2025-04-05T00:00:00Z,
rcn-00480,RUN-2025-04-05-01,REFUND_VS_PAYMENT,core.payments,PAY-0114,core.refunds,REF-0114,MATCHED,625.24,625.24,0.0,0,0,LEGITIMATE,TOL-REFUND,2025-04-05T00:00:00Z,
rcn-00481,RUN-2025-04-05-01,PAYMENT_VS_ORDER,core.orders,ORD-115,core.payments,PAY-0115,MATCHED,872.61,872.61,0.0,0,0,LEGITIMATE,TOL-PAYMENT,2025-04-05T00:00:00Z,
rcn-00482,RUN-2025-04-05-01,SETTLEMENT_VS_PAYMENT,core.payments,PAY-0115,core.settlements,SET-0115,MATCHED,848.41,848.41,0.0,0,0,LEGITIMATE,TOL-SETTLEMENT,2025-04-05T00:00:00Z,
rcn-00483,RUN-2025-04-05-01,FEE_VS_RATE_CARD,core.payments,PAY-0115,core.gateway_fees,FEE-0115,MATCHED,20.51,20.51,0.0,0,0,LEGITIMATE,TOL-FEE,2025-04-05T00:00:00Z,
rcn-00484,RUN-2025-04-05-01,BANK_VS_SETTLEMENT,core.settlements,SET-0115,core.bank_transactions,BNK-0115,MATCHED,848.41,848.41,0.0,0,0,LEGITIMATE,TOL-BANK,2025-04-05T00:00:00Z,
rcn-00485,RUN-2025-04-05-01,PAYMENT_VS_ORDER,core.orders,ORD-116,core.payments,PAY-0116,MATCHED,357.25,357.25,0.0,0,0,LEGITIMATE,TOL-PAYMENT,2025-04-05T00:00:00Z,
rcn-00486,RUN-2025-04-05-01,SETTLEMENT_VS_PAYMENT,core.payments,PAY-0116,core.settlements,SET-0116,MATCHED,343.09,343.09,0.0,0,0,LEGITIMATE,TOL-SETTLEMENT,2025-04-05T00:00:00Z,
rcn-00487,RUN-2025-04-05-01,FEE_VS_RATE_CARD,core.payments,PAY-0116,core.gateway_fees,FEE-0116,MATCHED,12.0,12.0,0.0,0,0,LEGITIMATE,TOL-FEE,2025-04-05T00:00:00Z,
rcn-00488,RUN-2025-04-05-01,BANK_VS_SETTLEMENT,core.settlements,SET-0116,core.bank_transactions,BNK-0116,MATCHED,343.09,343.09,0.0,0,0,LEGITIMATE,TOL-BANK,2025-04-05T00:00:00Z,
rcn-00489,RUN-2025-04-05-01,PAYMENT_VS_ORDER,core.orders,ORD-117,core.payments,PAY-0117,MATCHED,1942.76,1942.76,0.0,0,0,LEGITIMATE,TOL-PAYMENT,2025-04-05T00:00:00Z,
rcn-00490,RUN-2025-04-05-01,SETTLEMENT_VS_PAYMENT,core.payments,PAY-0117,core.settlements,SET-0117,MATCHED,1899.21,1899.21,0.0,0,0,LEGITIMATE,TOL-SETTLEMENT,2025-04-05T00:00:00Z,
rcn-00491,RUN-2025-04-05-01,FEE_VS_RATE_CARD,core.payments,PAY-0117,core.gateway_fees,FEE-0117,MATCHED,36.91,36.91,0.0,0,0,LEGITIMATE,TOL-FEE,2025-04-05T00:00:00Z,
rcn-00492,RUN-2025-04-05-01,BANK_VS_SETTLEMENT,core.settlements,SET-0117,core.bank_transactions,BNK-0117,MATCHED,1899.21,1899.21,0.0,0,0,LEGITIMATE,TOL-BANK,2025-04-05T00:00:00Z,
rcn-00493,RUN-2025-04-05-01,PAYMENT_VS_ORDER,core.orders,ORD-118,core.payments,PAY-0118,MATCHED,299.0,299.0,0.0,0,0,LEGITIMATE,TOL-PAYMENT,2025-04-05T00:00:00Z,
rcn-00494,RUN-2025-04-05-01,SETTLEMENT_VS_PAYMENT,core.payments,PAY-0118,core.settlements,SET-0118,MATCHED,210.43,208.66,1.77,0,0,LEGITIMATE,TOL-SETTLEMENT,2025-04-05T00:00:00Z,
rcn-00495,RUN-2025-04-05-01,FEE_VS_RATE_CARD,core.payments,PAY-0118,core.gateway_fees,FEE-0118,MISMATCH,1.2,2.4,-1.2,0,1.2,LEAKAGE,TOL-FEE,2025-04-05T00:00:00Z,LEAKAGE on FEE_VS_RATE_CARD
rcn-00496,RUN-2025-04-05-01,BANK_VS_SETTLEMENT,core.settlements,SET-0118,core.bank_transactions,BNK-0118,MATCHED,208.66,208.66,0.0,0,0,LEGITIMATE,TOL-BANK,2025-04-05T00:00:00Z,
rcn-00497,RUN-2025-04-05-01,REFUND_VS_PAYMENT,core.payments,PAY-0118,core.refunds,REF-0118,MATCHED,87.5,87.5,0.0,0,0,LEGITIMATE,TOL-REFUND,2025-04-05T00:00:00Z,
rcn-00498,RUN-2025-04-05-01,PAYMENT_VS_ORDER,core.orders,ORD-119,core.payments,PAY-0119,MATCHED,2312.53,2312.53,0.0,0,0,LEGITIMATE,TOL-PAYMENT,2025-04-05T00:00:00Z,
rcn-00499,RUN-2025-04-05-01,SETTLEMENT_VS_PAYMENT,core.payments,PAY-0119,core.settlements,SET-0119,MATCHED,2257.96,2257.96,0.0,0,0,LEGITIMATE,TOL-SETTLEMENT,2025-04-05T00:00:00Z,
rcn-00500,RUN-2025-04-05-01,FEE_VS_RATE_CARD,core.payments,PAY-0119,core.gateway_fees,FEE-0119,MATCHED,46.25,46.25,0.0,0,0,LEGITIMATE,TOL-FEE,2025-04-05T00:00:00Z,
rcn-00501,RUN-2025-04-05-01,BANK_VS_SETTLEMENT,core.settlements,SET-0119,core.bank_transactions,BNK-0119,MATCHED,2257.96,2257.96,0.0,0,0,LEGITIMATE,TOL-BANK,2025-04-05T00:00:00Z,
rcn-00502,RUN-2025-04-05-01,PAYMENT_VS_ORDER,core.orders,ORD-120,core.payments,PAY-0120,MATCHED,4288.54,4288.54,0.0,0,0,LEGITIMATE,TOL-PAYMENT,2025-04-05T00:00:00Z,
rcn-00503,RUN-2025-04-05-01,SETTLEMENT_VS_PAYMENT,core.payments,PAY-0120,core.settlements,SET-0120,MATCHED,4187.33,4187.33,0.0,0,0,LEGITIMATE,TOL-SETTLEMENT,2025-04-05T00:00:00Z,
rcn-00504,RUN-2025-04-05-01,FEE_VS_RATE_CARD,core.payments,PAY-0120,core.gateway_fees,FEE-0120,MATCHED,85.77,85.77,0.0,0,0,LEGITIMATE,TOL-FEE,2025-04-05T00:00:00Z,
rcn-00505,RUN-2025-04-05-01,BANK_VS_SETTLEMENT,core.settlements,SET-0120,core.bank_transactions,BNK-0120,MATCHED,4187.33,4187.33,0.0,0,0,LEGITIMATE,TOL-BANK,2025-04-05T00:00:00Z,
rcn-00506,RUN-2025-04-05-01,PAYMENT_VS_ORDER,core.orders,ORD-121,core.payments,PAY-0121,MATCHED,947.88,947.88,0.0,0,0,LEGITIMATE,TOL-PAYMENT,2025-04-05T00:00:00Z,
rcn-00507,RUN-2025-04-05-01,SETTLEMENT_VS_PAYMENT,core.payments,PAY-0121,core.settlements,SET-0121,MATCHED,943.41,943.41,0.0,0,0,LEGITIMATE,TOL-SETTLEMENT,2025-04-05T00:00:00Z,
rcn-00508,RUN-2025-04-05-01,FEE_VS_RATE_CARD,core.payments,PAY-0121,core.gateway_fees,FEE-0121,MATCHED,3.79,3.79,0.0,0,0,LEGITIMATE,TOL-FEE,2025-04-05T00:00:00Z,
rcn-00509,RUN-2025-04-05-01,BANK_VS_SETTLEMENT,core.settlements,SET-0121,core.bank_transactions,BNK-0121,MATCHED,943.41,943.41,0.0,0,0,LEGITIMATE,TOL-BANK,2025-04-05T00:00:00Z,
rcn-00510,RUN-2025-04-05-01,PAYMENT_VS_ORDER,core.orders,ORD-122,core.payments,PAY-0122,MATCHED,1512.62,1512.62,0.0,0,0,LEGITIMATE,TOL-PAYMENT,2025-04-05T00:00:00Z,
rcn-00511,RUN-2025-04-05-01,SETTLEMENT_VS_PAYMENT,core.payments,PAY-0122,core.settlements,SET-0122,MATCHED,1478.71,1478.71,0.0,0,0,LEGITIMATE,TOL-SETTLEMENT,2025-04-05T00:00:00Z,
rcn-00512,RUN-2025-04-05-01,FEE_VS_RATE_CARD,core.payments,PAY-0122,core.gateway_fees,FEE-0122,MATCHED,28.74,28.74,0.0,0,0,LEGITIMATE,TOL-FEE,2025-04-05T00:00:00Z,
rcn-00513,RUN-2025-04-05-01,BANK_VS_SETTLEMENT,core.settlements,SET-0122,core.bank_transactions,BNK-0122,MATCHED,1478.71,1478.71,0.0,0,0,LEGITIMATE,TOL-BANK,2025-04-05T00:00:00Z,
rcn-00514,RUN-2025-04-05-01,PAYMENT_VS_ORDER,core.orders,ORD-123,core.payments,PAY-0123,MATCHED,609.05,609.05,0.0,0,0,LEGITIMATE,TOL-PAYMENT,2025-04-05T00:00:00Z,
rcn-00515,RUN-2025-04-05-01,SETTLEMENT_VS_PAYMENT,core.payments,PAY-0123,core.settlements,SET-0123,MATCHED,592.16,592.16,0.0,0,0,LEGITIMATE,TOL-SETTLEMENT,2025-04-05T00:00:00Z,
rcn-00516,RUN-2025-04-05-01,FEE_VS_RATE_CARD,core.payments,PAY-0123,core.gateway_fees,FEE-0123,MATCHED,14.31,14.31,0.0,0,0,LEGITIMATE,TOL-FEE,2025-04-05T00:00:00Z,
rcn-00517,RUN-2025-04-05-01,BANK_VS_SETTLEMENT,core.settlements,SET-0123,core.bank_transactions,BNK-0123,MATCHED,592.16,592.16,0.0,0,0,LEGITIMATE,TOL-BANK,2025-04-05T00:00:00Z,
rcn-00518,RUN-2025-04-05-01,PAYMENT_VS_ORDER,core.orders,ORD-124,core.payments,PAY-0124,MATCHED,1418.24,1418.24,0.0,0,0,LEGITIMATE,TOL-PAYMENT,2025-04-05T00:00:00Z,
rcn-00519,RUN-2025-04-05-01,SETTLEMENT_VS_PAYMENT,core.payments,PAY-0124,core.settlements,SET-0124,MATCHED,1011.31,1011.31,0.0,0,0,LEGITIMATE,TOL-SETTLEMENT,2025-04-05T00:00:00Z,
rcn-00520,RUN-2025-04-05-01,FEE_VS_RATE_CARD,core.payments,PAY-0124,core.gateway_fees,FEE-0124,MATCHED,28.36,28.36,0.0,0,0,LEGITIMATE,TOL-FEE,2025-04-05T00:00:00Z,
rcn-00521,RUN-2025-04-05-01,BANK_VS_SETTLEMENT,core.settlements,SET-0124,core.bank_transactions,BNK-0124,MATCHED,1011.31,1011.31,0.0,0,0,LEGITIMATE,TOL-BANK,2025-04-05T00:00:00Z,
rcn-00522,RUN-2025-04-05-01,REFUND_VS_PAYMENT,core.payments,PAY-0124,core.refunds,REF-0124,MATCHED,381.09,381.09,0.0,0,0,LEGITIMATE,TOL-REFUND,2025-04-05T00:00:00Z,
rcn-00523,RUN-2025-04-05-01,PAYMENT_VS_ORDER,core.orders,ORD-125,core.payments,PAY-0125,MATCHED,5798.86,5798.86,0.0,0,0,LEGITIMATE,TOL-PAYMENT,2025-04-05T00:00:00Z,
rcn-00524,RUN-2025-04-05-01,SETTLEMENT_VS_PAYMENT,core.payments,PAY-0125,core.settlements,SET-0125,MATCHED,5771.48,5771.48,0.0,0,0,LEGITIMATE,TOL-SETTLEMENT,2025-04-05T00:00:00Z,
rcn-00525,RUN-2025-04-05-01,FEE_VS_RATE_CARD,core.payments,PAY-0125,core.gateway_fees,FEE-0125,MATCHED,23.2,23.2,0.0,0,0,LEGITIMATE,TOL-FEE,2025-04-05T00:00:00Z,
rcn-00526,RUN-2025-04-05-01,BANK_VS_SETTLEMENT,core.settlements,SET-0125,core.bank_transactions,BNK-0125,MATCHED,5771.48,5771.48,0.0,0,0,LEGITIMATE,TOL-BANK,2025-04-05T00:00:00Z,
rcn-00527,RUN-2025-04-05-01,PAYMENT_VS_ORDER,core.orders,ORD-126,core.payments,PAY-0126,MATCHED,1289.58,1289.58,0.0,0,0,LEGITIMATE,TOL-PAYMENT,2025-04-05T00:00:00Z,
rcn-00528,RUN-2025-04-05-01,SETTLEMENT_VS_PAYMENT,core.payments,PAY-0126,core.settlements,,UNMATCHED,792.3,,,0,792.3,LEAKAGE,TOL-SETTLEMENT,2025-04-05T00:00:00Z,LEAKAGE on SETTLEMENT_VS_PAYMENT
rcn-00529,RUN-2025-04-05-01,FEE_VS_RATE_CARD,core.payments,PAY-0126,core.gateway_fees,FEE-0126,MATCHED,5.16,5.16,0.0,0,0,LEGITIMATE,TOL-FEE,2025-04-05T00:00:00Z,
rcn-00530,RUN-2025-04-05-01,REFUND_VS_PAYMENT,core.payments,PAY-0126,core.refunds,REF-0126,MATCHED,493.16,493.16,0.0,0,0,LEGITIMATE,TOL-REFUND,2025-04-05T00:00:00Z,
rcn-00531,RUN-2025-04-05-01,PAYMENT_VS_ORDER,core.orders,ORD-127,core.payments,PAY-0127,MATCHED,686.49,686.49,0.0,0,0,LEGITIMATE,TOL-PAYMENT,2025-04-05T00:00:00Z,
rcn-00532,RUN-2025-04-05-01,SETTLEMENT_VS_PAYMENT,core.payments,PAY-0127,core.settlements,SET-0127,MATCHED,670.29,670.29,0.0,0,0,LEGITIMATE,TOL-SETTLEMENT,2025-04-05T00:00:00Z,
rcn-00533,RUN-2025-04-05-01,FEE_VS_RATE_CARD,core.payments,PAY-0127,core.gateway_fees,FEE-0127,MATCHED,13.73,13.73,0.0,0,0,LEGITIMATE,TOL-FEE,2025-04-05T00:00:00Z,
rcn-00534,RUN-2025-04-05-01,BANK_VS_SETTLEMENT,core.settlements,SET-0127,core.bank_transactions,BNK-0127,MATCHED,670.29,670.29,0.0,0,0,LEGITIMATE,TOL-BANK,2025-04-05T00:00:00Z,
rcn-00535,RUN-2025-04-05-01,PAYMENT_VS_ORDER,core.orders,ORD-128,core.payments,PAY-0128,MATCHED,502.2,502.2,0.0,0,0,LEGITIMATE,TOL-PAYMENT,2025-04-05T00:00:00Z,
rcn-00536,RUN-2025-04-05-01,SETTLEMENT_VS_PAYMENT,core.payments,PAY-0128,core.settlements,SET-0128,MATCHED,490.35,490.35,0.0,0,0,LEGITIMATE,TOL-SETTLEMENT,2025-04-05T00:00:00Z,
rcn-00537,RUN-2025-04-05-01,FEE_VS_RATE_CARD,core.payments,PAY-0128,core.gateway_fees,FEE-0128,MATCHED,10.04,10.04,0.0,0,0,LEGITIMATE,TOL-FEE,2025-04-05T00:00:00Z,
rcn-00538,RUN-2025-04-05-01,BANK_VS_SETTLEMENT,core.settlements,SET-0128,core.bank_transactions,BNK-0128,MATCHED,490.35,490.35,0.0,0,0,LEGITIMATE,TOL-BANK,2025-04-05T00:00:00Z,
rcn-00539,RUN-2025-04-05-01,PAYMENT_VS_ORDER,core.orders,ORD-129,core.payments,PAY-0129,MATCHED,1501.19,1501.19,0.0,0,0,LEGITIMATE,TOL-PAYMENT,2025-04-05T00:00:00Z,
rcn-00540,RUN-2025-04-05-01,SETTLEMENT_VS_PAYMENT,core.payments,PAY-0129,core.settlements,SET-0129,MISMATCH,1494.11,1392.38,101.73,0,101.73,LEAKAGE,TOL-SETTLEMENT,2025-04-05T00:00:00Z,LEAKAGE on SETTLEMENT_VS_PAYMENT
rcn-00541,RUN-2025-04-05-01,FEE_VS_RATE_CARD,core.payments,PAY-0129,core.gateway_fees,FEE-0129,MATCHED,6.0,6.0,0.0,0,0,LEGITIMATE,TOL-FEE,2025-04-05T00:00:00Z,
rcn-00542,RUN-2025-04-05-01,BANK_VS_SETTLEMENT,core.settlements,SET-0129,core.bank_transactions,BNK-0129,MATCHED,1392.38,1392.38,0.0,0,0,LEGITIMATE,TOL-BANK,2025-04-05T00:00:00Z,
rcn-00543,RUN-2025-04-05-01,PAYMENT_VS_ORDER,core.orders,ORD-130,core.payments,PAY-0130,MATCHED,1545.53,1545.53,0.0,0,0,LEGITIMATE,TOL-PAYMENT,2025-04-05T00:00:00Z,
rcn-00544,RUN-2025-04-05-01,SETTLEMENT_VS_PAYMENT,core.payments,PAY-0130,core.settlements,SET-0130,MATCHED,1509.06,1509.06,0.0,0,0,LEGITIMATE,TOL-SETTLEMENT,2025-04-05T00:00:00Z,
rcn-00545,RUN-2025-04-05-01,FEE_VS_RATE_CARD,core.payments,PAY-0130,core.gateway_fees,FEE-0130,MATCHED,30.91,30.91,0.0,0,0,LEGITIMATE,TOL-FEE,2025-04-05T00:00:00Z,
rcn-00546,RUN-2025-04-05-01,BANK_VS_SETTLEMENT,core.settlements,SET-0130,core.bank_transactions,BNK-0130,MATCHED,1509.06,1509.06,0.0,0,0,LEGITIMATE,TOL-BANK,2025-04-05T00:00:00Z,
rcn-00547,RUN-2025-04-05-01,PAYMENT_VS_ORDER,core.orders,ORD-131,core.payments,PAY-0131,MATCHED,1304.1,1304.1,0.0,0,0,LEGITIMATE,TOL-PAYMENT,2025-04-05T00:00:00Z,
rcn-00548,RUN-2025-04-05-01,SETTLEMENT_VS_PAYMENT,core.payments,PAY-0131,core.settlements,SET-0131,MATCHED,1273.33,1273.33,0.0,0,0,LEGITIMATE,TOL-SETTLEMENT,2025-04-05T00:00:00Z,
rcn-00549,RUN-2025-04-05-01,FEE_VS_RATE_CARD,core.payments,PAY-0131,core.gateway_fees,FEE-0131,MATCHED,26.08,26.08,0.0,0,0,LEGITIMATE,TOL-FEE,2025-04-05T00:00:00Z,
rcn-00550,RUN-2025-04-05-01,BANK_VS_SETTLEMENT,core.settlements,SET-0131,core.bank_transactions,,UNMATCHED,1273.33,,,0,1273.33,LEAKAGE,TOL-BANK,2025-04-05T00:00:00Z,LEAKAGE on BANK_VS_SETTLEMENT
rcn-00551,RUN-2025-04-05-01,PAYMENT_VS_ORDER,core.orders,ORD-132,core.payments,PAY-0132,MATCHED,535.76,535.76,0.0,0,0,LEGITIMATE,TOL-PAYMENT,2025-04-05T00:00:00Z,
rcn-00552,RUN-2025-04-05-01,SETTLEMENT_VS_PAYMENT,core.payments,PAY-0132,core.settlements,SET-0132,MATCHED,533.23,533.23,0.0,0,0,LEGITIMATE,TOL-SETTLEMENT,2025-04-05T00:00:00Z,
rcn-00553,RUN-2025-04-05-01,FEE_VS_RATE_CARD,core.payments,PAY-0132,core.gateway_fees,FEE-0132,MATCHED,2.14,2.14,0.0,0,0,LEGITIMATE,TOL-FEE,2025-04-05T00:00:00Z,
rcn-00554,RUN-2025-04-05-01,BANK_VS_SETTLEMENT,core.settlements,SET-0132,core.bank_transactions,BNK-0132,MATCHED,533.23,533.23,0.0,0,0,LEGITIMATE,TOL-BANK,2025-04-05T00:00:00Z,
rcn-00555,RUN-2025-04-05-01,PAYMENT_VS_ORDER,core.orders,ORD-133,core.payments,PAY-0133,MATCHED,1980.4,1980.4,0.0,0,0,LEGITIMATE,TOL-PAYMENT,2025-04-05T00:00:00Z,
rcn-00556,RUN-2025-04-05-01,SETTLEMENT_VS_PAYMENT,core.payments,PAY-0133,core.settlements,SET-0133,MATCHED,1933.66,1933.66,0.0,0,0,LEGITIMATE,TOL-SETTLEMENT,2025-04-05T00:00:00Z,
rcn-00557,RUN-2025-04-05-01,FEE_VS_RATE_CARD,core.payments,PAY-0133,core.gateway_fees,FEE-0133,MATCHED,39.61,39.61,0.0,0,0,LEGITIMATE,TOL-FEE,2025-04-05T00:00:00Z,
rcn-00558,RUN-2025-04-05-01,BANK_VS_SETTLEMENT,core.settlements,SET-0133,core.bank_transactions,BNK-0133,MATCHED,1933.66,1933.66,0.0,0,0,LEGITIMATE,TOL-BANK,2025-04-05T00:00:00Z,
rcn-00559,RUN-2025-04-05-01,PAYMENT_VS_ORDER,core.orders,ORD-134,core.payments,PAY-0134,MATCHED,378.73,378.73,0.0,0,0,LEGITIMATE,TOL-PAYMENT,2025-04-05T00:00:00Z,
rcn-00560,RUN-2025-04-05-01,SETTLEMENT_VS_PAYMENT,core.payments,PAY-0134,core.settlements,SET-0134,MATCHED,369.8,369.8,0.0,0,0,LEGITIMATE,TOL-SETTLEMENT,2025-04-05T00:00:00Z,
rcn-00561,RUN-2025-04-05-01,FEE_VS_RATE_CARD,core.payments,PAY-0134,core.gateway_fees,FEE-0134,MATCHED,7.57,7.57,0.0,0,0,LEGITIMATE,TOL-FEE,2025-04-05T00:00:00Z,
rcn-00562,RUN-2025-04-05-01,BANK_VS_SETTLEMENT,core.settlements,SET-0134,core.bank_transactions,BNK-0134,MATCHED,369.8,369.8,0.0,0,0,LEGITIMATE,TOL-BANK,2025-04-05T00:00:00Z,
rcn-00563,RUN-2025-04-05-01,PAYMENT_VS_ORDER,core.orders,ORD-136,core.payments,PAY-0136,MATCHED,325.03,325.03,0.0,0,0,LEGITIMATE,TOL-PAYMENT,2025-04-05T00:00:00Z,
rcn-00564,RUN-2025-04-05-01,SETTLEMENT_VS_PAYMENT,core.payments,PAY-0136,core.settlements,SET-0136,MATCHED,317.36,317.36,0.0,0,0,LEGITIMATE,TOL-SETTLEMENT,2025-04-05T00:00:00Z,
rcn-00565,RUN-2025-04-05-01,FEE_VS_RATE_CARD,core.payments,PAY-0136,core.gateway_fees,FEE-0136,MATCHED,6.5,6.5,0.0,0,0,LEGITIMATE,TOL-FEE,2025-04-05T00:00:00Z,
rcn-00566,RUN-2025-04-05-01,BANK_VS_SETTLEMENT,core.settlements,SET-0136,core.bank_transactions,BNK-0136,MATCHED,317.36,317.36,0.0,0,0,LEGITIMATE,TOL-BANK,2025-04-05T00:00:00Z,
rcn-00567,RUN-2025-04-05-01,PAYMENT_VS_ORDER,core.orders,ORD-137,core.payments,PAY-0137,MATCHED,312.57,312.57,0.0,0,0,LEGITIMATE,TOL-PAYMENT,2025-04-05T00:00:00Z,
rcn-00568,RUN-2025-04-05-01,SETTLEMENT_VS_PAYMENT,core.payments,PAY-0137,core.settlements,SET-0137,MISMATCH,203.38,201.3,2.08,0,2.08,LEAKAGE,TOL-SETTLEMENT,2025-04-05T00:00:00Z,LEAKAGE on SETTLEMENT_VS_PAYMENT
rcn-00569,RUN-2025-04-05-01,FEE_VS_RATE_CARD,core.payments,PAY-0137,core.gateway_fees,FEE-0137,MATCHED,6.25,6.25,0.0,0,0,LEGITIMATE,TOL-FEE,2025-04-05T00:00:00Z,
rcn-00570,RUN-2025-04-05-01,BANK_VS_SETTLEMENT,core.settlements,SET-0137,core.bank_transactions,BNK-0137,MATCHED,201.3,201.3,0.0,0,0,LEGITIMATE,TOL-BANK,2025-04-05T00:00:00Z,
rcn-00571,RUN-2025-04-05-01,REFUND_VS_PAYMENT,core.payments,PAY-0137,core.refunds,REF-0137,MATCHED,103.9,103.9,0.0,0,0,LEGITIMATE,TOL-REFUND,2025-04-05T00:00:00Z,
rcn-00572,RUN-2025-04-05-01,PAYMENT_VS_ORDER,core.orders,ORD-138,core.payments,PAY-0138,MATCHED,2143.47,2143.47,0.0,0,0,LEGITIMATE,TOL-PAYMENT,2025-04-05T00:00:00Z,
rcn-00573,RUN-2025-04-05-01,SETTLEMENT_VS_PAYMENT,core.payments,PAY-0138,core.settlements,,UNMATCHED,2092.88,,,0,2092.88,LEAKAGE,TOL-SETTLEMENT,2025-04-05T00:00:00Z,LEAKAGE on SETTLEMENT_VS_PAYMENT
rcn-00574,RUN-2025-04-05-01,FEE_VS_RATE_CARD,core.payments,PAY-0138,core.gateway_fees,FEE-0138,MATCHED,42.87,42.87,0.0,0,0,LEGITIMATE,TOL-FEE,2025-04-05T00:00:00Z,
rcn-00575,RUN-2025-04-05-01,PAYMENT_VS_ORDER,core.orders,ORD-139,core.payments,PAY-0139,MATCHED,469.85,469.85,0.0,0,0,LEGITIMATE,TOL-PAYMENT,2025-04-05T00:00:00Z,
rcn-00576,RUN-2025-04-05-01,SETTLEMENT_VS_PAYMENT,core.payments,PAY-0139,core.settlements,SET-0139,MATCHED,458.76,458.76,0.0,0,0,LEGITIMATE,TOL-SETTLEMENT,2025-04-05T00:00:00Z,
rcn-00577,RUN-2025-04-05-01,FEE_VS_RATE_CARD,core.payments,PAY-0139,core.gateway_fees,FEE-0139,MATCHED,9.4,9.4,0.0,0,0,LEGITIMATE,TOL-FEE,2025-04-05T00:00:00Z,
rcn-00578,RUN-2025-04-05-01,BANK_VS_SETTLEMENT,core.settlements,SET-0139,core.bank_transactions,BNK-0139,MATCHED,458.76,458.76,0.0,0,0,LEGITIMATE,TOL-BANK,2025-04-05T00:00:00Z,
rcn-00579,RUN-2025-04-05-01,PAYMENT_VS_ORDER,core.orders,ORD-140,core.payments,PAY-0140,MATCHED,585.99,585.99,0.0,0,0,LEGITIMATE,TOL-PAYMENT,2025-04-05T00:00:00Z,
rcn-00580,RUN-2025-04-05-01,SETTLEMENT_VS_PAYMENT,core.payments,PAY-0140,core.settlements,,UNMATCHED,571.83,,,0,571.83,LEAKAGE,TOL-SETTLEMENT,2025-04-05T00:00:00Z,LEAKAGE on SETTLEMENT_VS_PAYMENT
rcn-00581,RUN-2025-04-05-01,FEE_VS_RATE_CARD,core.payments,PAY-0140,core.gateway_fees,FEE-0140,MATCHED,12.0,12.0,0.0,0,0,LEGITIMATE,TOL-FEE,2025-04-05T00:00:00Z,
rcn-00582,RUN-2025-04-05-01,PAYMENT_VS_ORDER,core.orders,ORD-141,core.payments,PAY-0141,MATCHED,2858.22,2858.22,0.0,0,0,LEGITIMATE,TOL-PAYMENT,2025-04-05T00:00:00Z,
rcn-00583,RUN-2025-04-05-01,SETTLEMENT_VS_PAYMENT,core.payments,PAY-0141,core.settlements,SET-0141,MATCHED,2844.73,2844.73,0.0,0,0,LEGITIMATE,TOL-SETTLEMENT,2025-04-05T00:00:00Z,
rcn-00584,RUN-2025-04-05-01,FEE_VS_RATE_CARD,core.payments,PAY-0141,core.gateway_fees,FEE-0141,MATCHED,11.43,11.43,0.0,0,0,LEGITIMATE,TOL-FEE,2025-04-05T00:00:00Z,
rcn-00585,RUN-2025-04-05-01,BANK_VS_SETTLEMENT,core.settlements,SET-0141,core.bank_transactions,BNK-0141,MATCHED,2844.73,2844.73,0.0,0,0,LEGITIMATE,TOL-BANK,2025-04-05T00:00:00Z,
rcn-00586,RUN-2025-04-05-01,PAYMENT_VS_ORDER,core.orders,ORD-142,core.payments,PAY-0142,MATCHED,582.38,582.38,0.0,0,0,LEGITIMATE,TOL-PAYMENT,2025-04-05T00:00:00Z,
rcn-00587,RUN-2025-04-05-01,SETTLEMENT_VS_PAYMENT,core.payments,PAY-0142,core.settlements,SET-0142,MATCHED,579.63,579.63,0.0,0,0,LEGITIMATE,TOL-SETTLEMENT,2025-04-05T00:00:00Z,
rcn-00588,RUN-2025-04-05-01,FEE_VS_RATE_CARD,core.payments,PAY-0142,core.gateway_fees,FEE-0142,MATCHED,2.33,2.33,0.0,0,0,LEGITIMATE,TOL-FEE,2025-04-05T00:00:00Z,
rcn-00589,RUN-2025-04-05-01,BANK_VS_SETTLEMENT,core.settlements,SET-0142,core.bank_transactions,BNK-0142,MATCHED,579.63,579.63,0.0,0,0,LEGITIMATE,TOL-BANK,2025-04-05T00:00:00Z,
rcn-00590,RUN-2025-04-05-01,PAYMENT_VS_ORDER,core.orders,ORD-143,core.payments,PAY-0143,MATCHED,2065.01,2065.01,0.0,0,0,LEGITIMATE,TOL-PAYMENT,2025-04-05T00:00:00Z,
rcn-00591,RUN-2025-04-05-01,SETTLEMENT_VS_PAYMENT,core.payments,PAY-0143,core.settlements,SET-0143,MISMATCH,2016.28,1994.47,21.81,0,21.81,LEAKAGE,TOL-SETTLEMENT,2025-04-05T00:00:00Z,LEAKAGE on SETTLEMENT_VS_PAYMENT
rcn-00592,RUN-2025-04-05-01,FEE_VS_RATE_CARD,core.payments,PAY-0143,core.gateway_fees,FEE-0143,MISMATCH,41.3,63.11,-21.81,0,21.81,LEAKAGE,TOL-FEE,2025-04-05T00:00:00Z,LEAKAGE on FEE_VS_RATE_CARD
rcn-00593,RUN-2025-04-05-01,BANK_VS_SETTLEMENT,core.settlements,SET-0143,core.bank_transactions,,UNMATCHED,1994.47,,,0,1994.47,LEAKAGE,TOL-BANK,2025-04-05T00:00:00Z,LEAKAGE on BANK_VS_SETTLEMENT
rcn-00594,RUN-2025-04-05-01,PAYMENT_VS_ORDER,core.orders,ORD-144,core.payments,PAY-0144,MATCHED,2415.57,2415.57,0.0,0,0,LEGITIMATE,TOL-PAYMENT,2025-04-05T00:00:00Z,
rcn-00595,RUN-2025-04-05-01,SETTLEMENT_VS_PAYMENT,core.payments,PAY-0144,core.settlements,SET-0144,MATCHED,1781.73,1781.73,0.0,0,0,LEGITIMATE,TOL-SETTLEMENT,2025-04-05T00:00:00Z,
rcn-00596,RUN-2025-04-05-01,FEE_VS_RATE_CARD,core.payments,PAY-0144,core.gateway_fees,FEE-0144,MATCHED,9.66,9.66,0.0,0,0,LEGITIMATE,TOL-FEE,2025-04-05T00:00:00Z,
rcn-00597,RUN-2025-04-05-01,BANK_VS_SETTLEMENT,core.settlements,SET-0144,core.bank_transactions,BNK-0144,MATCHED,1781.73,1781.73,0.0,0,0,LEGITIMATE,TOL-BANK,2025-04-05T00:00:00Z,
rcn-00598,RUN-2025-04-05-01,REFUND_VS_PAYMENT,core.payments,PAY-0144,core.refunds,REF-0144,MATCHED,624.94,624.94,0.0,0,0,LEGITIMATE,TOL-REFUND,2025-04-05T00:00:00Z,
rcn-00599,RUN-2025-04-05-01,PAYMENT_VS_ORDER,core.orders,ORD-145,core.payments,PAY-0145,MATCHED,355.6,355.6,0.0,0,0,LEGITIMATE,TOL-PAYMENT,2025-04-05T00:00:00Z,
rcn-00600,RUN-2025-04-05-01,SETTLEMENT_VS_PAYMENT,core.payments,PAY-0145,core.settlements,SET-0145,MATCHED,341.44,341.44,0.0,0,0,LEGITIMATE,TOL-SETTLEMENT,2025-04-05T00:00:00Z,
rcn-00601,RUN-2025-04-05-01,FEE_VS_RATE_CARD,core.payments,PAY-0145,core.gateway_fees,FEE-0145,MATCHED,12.0,12.0,0.0,0,0,LEGITIMATE,TOL-FEE,2025-04-05T00:00:00Z,
rcn-00602,RUN-2025-04-05-01,BANK_VS_SETTLEMENT,core.settlements,SET-0145,core.bank_transactions,BNK-0145,MATCHED,341.44,341.44,0.0,0,0,LEGITIMATE,TOL-BANK,2025-04-05T00:00:00Z,
rcn-00603,RUN-2025-04-05-01,PAYMENT_VS_ORDER,core.orders,ORD-146,core.payments,PAY-0146,MATCHED,853.27,853.27,0.0,0,0,LEGITIMATE,TOL-PAYMENT,2025-04-05T00:00:00Z,
rcn-00604,RUN-2025-04-05-01,SETTLEMENT_VS_PAYMENT,core.payments,PAY-0146,core.settlements,SET-0146,MATCHED,839.11,839.11,0.0,0,0,LEGITIMATE,TOL-SETTLEMENT,2025-04-05T00:00:00Z,
rcn-00605,RUN-2025-04-05-01,FEE_VS_RATE_CARD,core.payments,PAY-0146,core.gateway_fees,FEE-0146,MATCHED,12.0,12.0,0.0,0,0,LEGITIMATE,TOL-FEE,2025-04-05T00:00:00Z,
rcn-00606,RUN-2025-04-05-01,BANK_VS_SETTLEMENT,core.settlements,SET-0146,core.bank_transactions,BNK-0146,MATCHED,839.11,839.11,0.0,0,0,LEGITIMATE,TOL-BANK,2025-04-05T00:00:00Z,
rcn-00607,RUN-2025-04-05-01,PAYMENT_VS_ORDER,core.orders,ORD-147,core.payments,PAY-0147,MATCHED,872.37,872.37,0.0,0,0,LEGITIMATE,TOL-PAYMENT,2025-04-05T00:00:00Z,
rcn-00608,RUN-2025-04-05-01,SETTLEMENT_VS_PAYMENT,core.payments,PAY-0147,core.settlements,SET-0147,MATCHED,848.18,848.18,0.0,0,0,LEGITIMATE,TOL-SETTLEMENT,2025-04-05T00:00:00Z,
rcn-00609,RUN-2025-04-05-01,FEE_VS_RATE_CARD,core.payments,PAY-0147,core.gateway_fees,FEE-0147,MATCHED,20.5,20.5,0.0,0,0,LEGITIMATE,TOL-FEE,2025-04-05T00:00:00Z,
rcn-00610,RUN-2025-04-05-01,BANK_VS_SETTLEMENT,core.settlements,SET-0147,core.bank_transactions,BNK-0147,MATCHED,848.18,848.18,0.0,0,0,LEGITIMATE,TOL-BANK,2025-04-05T00:00:00Z,
rcn-00611,RUN-2025-04-05-01,PAYMENT_VS_ORDER,core.orders,ORD-148,core.payments,PAY-0148,MATCHED,777.15,777.15,0.0,0,0,LEGITIMATE,TOL-PAYMENT,2025-04-05T00:00:00Z,
rcn-00612,RUN-2025-04-05-01,SETTLEMENT_VS_PAYMENT,core.payments,PAY-0148,core.settlements,SET-0148,MATCHED,464.08,464.08,0.0,0,0,LEGITIMATE,TOL-SETTLEMENT,2025-04-05T00:00:00Z,
rcn-00613,RUN-2025-04-05-01,FEE_VS_RATE_CARD,core.payments,PAY-0148,core.gateway_fees,FEE-0148,MATCHED,1.87,1.87,0.0,0,0,LEGITIMATE,TOL-FEE,2025-04-05T00:00:00Z,
rcn-00614,RUN-2025-04-05-01,BANK_VS_SETTLEMENT,core.settlements,SET-0148,core.bank_transactions,BNK-0148,MATCHED,464.08,464.08,0.0,0,0,LEGITIMATE,TOL-BANK,2025-04-05T00:00:00Z,
rcn-00615,RUN-2025-04-05-01,SETTLEMENT_VS_PAYMENT,core.payments,PAY-0148-2,core.settlements,SET-0148-2,MATCHED,309.4,309.4,0.0,0,0,LEGITIMATE,TOL-SETTLEMENT,2025-04-05T00:00:00Z,
rcn-00616,RUN-2025-04-05-01,FEE_VS_RATE_CARD,core.payments,PAY-0148-2,core.gateway_fees,FEE-0148-2,MATCHED,1.24,1.24,0.0,0,0,LEGITIMATE,TOL-FEE,2025-04-05T00:00:00Z,
rcn-00617,RUN-2025-04-05-01,BANK_VS_SETTLEMENT,core.settlements,SET-0148-2,core.bank_transactions,BNK-0148-2,MATCHED,309.4,309.4,0.0,0,0,LEGITIMATE,TOL-BANK,2025-04-05T00:00:00Z,
rcn-00618,RUN-2025-04-05-01,PAYMENT_VS_ORDER,core.orders,ORD-149,core.payments,PAY-0149,MATCHED,1657.67,1657.67,0.0,0,0,LEGITIMATE,TOL-PAYMENT,2025-04-05T00:00:00Z,
rcn-00619,RUN-2025-04-05-01,SETTLEMENT_VS_PAYMENT,core.payments,PAY-0149,core.settlements,SET-0149,MATCHED,1643.51,1643.51,0.0,0,0,LEGITIMATE,TOL-SETTLEMENT,2025-04-05T00:00:00Z,
rcn-00620,RUN-2025-04-05-01,FEE_VS_RATE_CARD,core.payments,PAY-0149,core.gateway_fees,FEE-0149,MATCHED,12.0,12.0,0.0,0,0,LEGITIMATE,TOL-FEE,2025-04-05T00:00:00Z,
rcn-00621,RUN-2025-04-05-01,BANK_VS_SETTLEMENT,core.settlements,SET-0149,core.bank_transactions,BNK-0149,MATCHED,1643.51,1643.51,0.0,0,0,LEGITIMATE,TOL-BANK,2025-04-05T00:00:00Z,
rcn-00622,RUN-2025-04-05-01,PAYMENT_VS_ORDER,core.orders,ORD-150,core.payments,PAY-0150,MATCHED,602.34,602.34,0.0,0,0,LEGITIMATE,TOL-PAYMENT,2025-04-05T00:00:00Z,
rcn-00623,RUN-2025-04-05-01,SETTLEMENT_VS_PAYMENT,core.payments,PAY-0150,core.settlements,SET-0150,MATCHED,599.5,599.5,0.0,0,0,LEGITIMATE,TOL-SETTLEMENT,2025-04-05T00:00:00Z,
rcn-00624,RUN-2025-04-05-01,FEE_VS_RATE_CARD,core.payments,PAY-0150,core.gateway_fees,FEE-0150,MATCHED,2.41,2.41,0.0,0,0,LEGITIMATE,TOL-FEE,2025-04-05T00:00:00Z,
rcn-00625,RUN-2025-04-05-01,BANK_VS_SETTLEMENT,core.settlements,SET-0150,core.bank_transactions,BNK-0150,MATCHED,599.5,599.5,0.0,0,0,LEGITIMATE,TOL-BANK,2025-04-05T00:00:00Z,
rcn-00626,RUN-2025-04-05-01,PAYMENT_VS_ORDER,core.orders,ORD-151,core.payments,PAY-0151,MATCHED,411.27,411.27,0.0,0,0,LEGITIMATE,TOL-PAYMENT,2025-04-05T00:00:00Z,
rcn-00627,RUN-2025-04-05-01,SETTLEMENT_VS_PAYMENT,core.payments,PAY-0151,core.settlements,SET-0151,MATCHED,409.32,409.32,0.0,0,0,LEGITIMATE,TOL-SETTLEMENT,2025-04-05T00:00:00Z,
rcn-00628,RUN-2025-04-05-01,FEE_VS_RATE_CARD,core.payments,PAY-0151,core.gateway_fees,FEE-0151,MATCHED,1.65,1.65,0.0,0,0,LEGITIMATE,TOL-FEE,2025-04-05T00:00:00Z,
rcn-00629,RUN-2025-04-05-01,BANK_VS_SETTLEMENT,core.settlements,SET-0151,core.bank_transactions,BNK-0151,MATCHED,409.32,409.32,0.0,0,0,LEGITIMATE,TOL-BANK,2025-04-05T00:00:00Z,
rcn-00630,RUN-2025-04-05-01,PAYMENT_VS_ORDER,core.orders,ORD-152,core.payments,PAY-0152,MATCHED,2916.75,2916.75,0.0,0,0,LEGITIMATE,TOL-PAYMENT,2025-04-05T00:00:00Z,
rcn-00631,RUN-2025-04-05-01,SETTLEMENT_VS_PAYMENT,core.payments,PAY-0152,core.settlements,SET-0152,MATCHED,1735.17,1735.17,0.0,0,0,LEGITIMATE,TOL-SETTLEMENT,2025-04-05T00:00:00Z,
rcn-00632,RUN-2025-04-05-01,FEE_VS_RATE_CARD,core.payments,PAY-0152,core.gateway_fees,FEE-0152,MATCHED,58.34,58.34,0.0,0,0,LEGITIMATE,TOL-FEE,2025-04-05T00:00:00Z,
rcn-00633,RUN-2025-04-05-01,BANK_VS_SETTLEMENT,core.settlements,SET-0152,core.bank_transactions,BNK-0152,MATCHED,1735.17,1735.17,0.0,0,0,LEGITIMATE,TOL-BANK,2025-04-05T00:00:00Z,
rcn-00634,RUN-2025-04-05-01,REFUND_VS_PAYMENT,core.payments,PAY-0152,core.refunds,REF-0152,MATCHED,1135.45,1135.45,0.0,0,0,LEGITIMATE,TOL-REFUND,2025-04-05T00:00:00Z,
rcn-00635,RUN-2025-04-05-01,PAYMENT_VS_ORDER,core.orders,ORD-153,core.payments,PAY-0153,MATCHED,1312.28,1312.28,0.0,0,0,LEGITIMATE,TOL-PAYMENT,2025-04-05T00:00:00Z,
rcn-00636,RUN-2025-04-05-01,SETTLEMENT_VS_PAYMENT,core.payments,PAY-0153,core.settlements,SET-0153,MATCHED,1306.09,1306.09,0.0,0,0,LEGITIMATE,TOL-SETTLEMENT,2025-04-05T00:00:00Z,
rcn-00637,RUN-2025-04-05-01,FEE_VS_RATE_CARD,core.payments,PAY-0153,core.gateway_fees,FEE-0153,MATCHED,5.25,5.25,0.0,0,0,LEGITIMATE,TOL-FEE,2025-04-05T00:00:00Z,
rcn-00638,RUN-2025-04-05-01,BANK_VS_SETTLEMENT,core.settlements,SET-0153,core.bank_transactions,BNK-0153,MATCHED,1306.09,1306.09,0.0,0,0,LEGITIMATE,TOL-BANK,2025-04-05T00:00:00Z,
rcn-00639,RUN-2025-04-05-01,PAYMENT_VS_ORDER,core.orders,ORD-154,core.payments,PAY-0154,MATCHED,1286.51,1286.51,0.0,0,0,LEGITIMATE,TOL-PAYMENT,2025-04-05T00:00:00Z,
rcn-00640,RUN-2025-04-05-01,SETTLEMENT_VS_PAYMENT,core.payments,PAY-0154,core.settlements,SET-0154,MATCHED,1256.15,1256.15,0.0,0,0,LEGITIMATE,TOL-SETTLEMENT,2025-04-05T00:00:00Z,
rcn-00641,RUN-2025-04-05-01,FEE_VS_RATE_CARD,core.payments,PAY-0154,core.gateway_fees,FEE-0154,MATCHED,25.73,25.73,0.0,0,0,LEGITIMATE,TOL-FEE,2025-04-05T00:00:00Z,
rcn-00642,RUN-2025-04-05-01,BANK_VS_SETTLEMENT,core.settlements,SET-0154,core.bank_transactions,BNK-0154,MATCHED,1256.15,1256.15,0.0,0,0,LEGITIMATE,TOL-BANK,2025-04-05T00:00:00Z,
rcn-00643,RUN-2025-04-05-01,PAYMENT_VS_ORDER,core.orders,ORD-155,core.payments,PAY-0155,MATCHED,299.0,299.0,0.0,0,0,LEGITIMATE,TOL-PAYMENT,2025-04-05T00:00:00Z,
rcn-00644,RUN-2025-04-05-01,SETTLEMENT_VS_PAYMENT,core.payments,PAY-0155,core.settlements,SET-0155,MATCHED,290.7,290.7,0.0,0,0,LEGITIMATE,TOL-SETTLEMENT,2025-04-05T00:00:00Z,
rcn-00645,RUN-2025-04-05-01,FEE_VS_RATE_CARD,core.payments,PAY-0155,core.gateway_fees,FEE-0155,MATCHED,7.03,7.03,0.0,0,0,LEGITIMATE,TOL-FEE,2025-04-05T00:00:00Z,
rcn-00646,RUN-2025-04-05-01,BANK_VS_SETTLEMENT,core.settlements,SET-0155,core.bank_transactions,BNK-0155,MATCHED,290.7,290.7,0.0,0,0,LEGITIMATE,TOL-BANK,2025-04-05T00:00:00Z,
rcn-00647,RUN-2025-04-05-01,PAYMENT_VS_ORDER,core.orders,ORD-156,core.payments,PAY-0156,MATCHED,757.98,757.98,0.0,0,0,LEGITIMATE,TOL-PAYMENT,2025-04-05T00:00:00Z,
rcn-00648,RUN-2025-04-05-01,SETTLEMENT_VS_PAYMENT,core.payments,PAY-0156,core.settlements,SET-0156,MATCHED,754.4,754.4,0.0,0,0,LEGITIMATE,TOL-SETTLEMENT,2025-04-05T00:00:00Z,
rcn-00649,RUN-2025-04-05-01,FEE_VS_RATE_CARD,core.payments,PAY-0156,core.gateway_fees,FEE-0156,MATCHED,3.03,3.03,0.0,0,0,LEGITIMATE,TOL-FEE,2025-04-05T00:00:00Z,
rcn-00650,RUN-2025-04-05-01,BANK_VS_SETTLEMENT,core.settlements,SET-0156,core.bank_transactions,BNK-0156,MATCHED,754.4,754.4,0.0,0,0,LEGITIMATE,TOL-BANK,2025-04-05T00:00:00Z,
rcn-00651,RUN-2025-04-05-01,PAYMENT_VS_ORDER,core.orders,ORD-157,core.payments,PAY-0157,MATCHED,834.64,834.64,0.0,0,0,LEGITIMATE,TOL-PAYMENT,2025-04-05T00:00:00Z,
rcn-00652,RUN-2025-04-05-01,SETTLEMENT_VS_PAYMENT,core.payments,PAY-0157,core.settlements,,UNMATCHED,814.95,,,0,814.95,LEAKAGE,TOL-SETTLEMENT,2025-04-05T00:00:00Z,LEAKAGE on SETTLEMENT_VS_PAYMENT
rcn-00653,RUN-2025-04-05-01,FEE_VS_RATE_CARD,core.payments,PAY-0157,core.gateway_fees,FEE-0157,MATCHED,16.69,16.69,0.0,0,0,LEGITIMATE,TOL-FEE,2025-04-05T00:00:00Z,
rcn-00654,RUN-2025-04-05-01,PAYMENT_VS_ORDER,core.orders,ORD-158,core.payments,PAY-0158,MATCHED,6973.45,6973.45,0.0,0,0,LEGITIMATE,TOL-PAYMENT,2025-04-05T00:00:00Z,
rcn-00655,RUN-2025-04-05-01,SETTLEMENT_VS_PAYMENT,core.payments,PAY-0158,core.settlements,SET-0158,MATCHED,6940.54,6940.54,0.0,0,0,LEGITIMATE,TOL-SETTLEMENT,2025-04-05T00:00:00Z,
rcn-00656,RUN-2025-04-05-01,FEE_VS_RATE_CARD,core.payments,PAY-0158,core.gateway_fees,FEE-0158,MATCHED,27.89,27.89,0.0,0,0,LEGITIMATE,TOL-FEE,2025-04-05T00:00:00Z,
rcn-00657,RUN-2025-04-05-01,BANK_VS_SETTLEMENT,core.settlements,SET-0158,core.bank_transactions,BNK-0158,MATCHED,6940.54,6940.54,0.0,0,0,LEGITIMATE,TOL-BANK,2025-04-05T00:00:00Z,
rcn-00658,RUN-2025-04-05-01,PAYMENT_VS_ORDER,core.orders,ORD-159,core.payments,PAY-0159,MATCHED,2181.25,2181.25,0.0,0,0,LEGITIMATE,TOL-PAYMENT,2025-04-05T00:00:00Z,
rcn-00659,RUN-2025-04-05-01,SETTLEMENT_VS_PAYMENT,core.payments,PAY-0159,core.settlements,SET-0159,MATCHED,2129.78,2129.78,0.0,0,0,LEGITIMATE,TOL-SETTLEMENT,2025-04-05T00:00:00Z,
rcn-00660,RUN-2025-04-05-01,FEE_VS_RATE_CARD,core.payments,PAY-0159,core.gateway_fees,FEE-0159,MATCHED,43.62,43.62,0.0,0,0,LEGITIMATE,TOL-FEE,2025-04-05T00:00:00Z,
rcn-00661,RUN-2025-04-05-01,BANK_VS_SETTLEMENT,core.settlements,SET-0159,core.bank_transactions,BNK-0159,MATCHED,2129.78,2129.78,0.0,0,0,LEGITIMATE,TOL-BANK,2025-04-05T00:00:00Z,
rcn-00662,RUN-2025-04-05-01,PAYMENT_VS_ORDER,core.orders,ORD-160,core.payments,PAY-0160,MATCHED,1049.19,1049.19,0.0,0,0,LEGITIMATE,TOL-PAYMENT,2025-04-05T00:00:00Z,
rcn-00663,RUN-2025-04-05-01,SETTLEMENT_VS_PAYMENT,core.payments,PAY-0160,core.settlements,SET-0160,MATCHED,1020.09,1020.09,0.0,0,0,LEGITIMATE,TOL-SETTLEMENT,2025-04-05T00:00:00Z,
rcn-00664,RUN-2025-04-05-01,FEE_VS_RATE_CARD,core.payments,PAY-0160,core.gateway_fees,FEE-0160,MATCHED,24.66,24.66,0.0,0,0,LEGITIMATE,TOL-FEE,2025-04-05T00:00:00Z,
rcn-00665,RUN-2025-04-05-01,BANK_VS_SETTLEMENT,core.settlements,SET-0160,core.bank_transactions,BNK-0160,MATCHED,1020.09,1020.09,0.0,0,0,LEGITIMATE,TOL-BANK,2025-04-05T00:00:00Z,
rcn-00666,RUN-2025-04-05-01,PAYMENT_VS_ORDER,core.orders,ORD-161,core.payments,PAY-0161,MATCHED,987.5,987.5,0.0,0,0,LEGITIMATE,TOL-PAYMENT,2025-04-05T00:00:00Z,
rcn-00667,RUN-2025-04-05-01,SETTLEMENT_VS_PAYMENT,core.payments,PAY-0161,core.settlements,SET-0161,MISMATCH,578.34,574.96,3.38,0,3.38,LEAKAGE,TOL-SETTLEMENT,2025-04-05T00:00:00Z,LEAKAGE on SETTLEMENT_VS_PAYMENT
rcn-00668,RUN-2025-04-05-01,FEE_VS_RATE_CARD,core.payments,PAY-0161,core.gateway_fees,FEE-0161,MISMATCH,12.0,15.38,-3.38,0,3.38,LEAKAGE,TOL-FEE,2025-04-05T00:00:00Z,LEAKAGE on FEE_VS_RATE_CARD
rcn-00669,RUN-2025-04-05-01,BANK_VS_SETTLEMENT,core.settlements,SET-0161,core.bank_transactions,BNK-0161,MATCHED,574.96,574.96,0.0,0,0,LEGITIMATE,TOL-BANK,2025-04-05T00:00:00Z,
rcn-00670,RUN-2025-04-05-01,SETTLEMENT_VS_PAYMENT,core.payments,PAY-0161-2,core.settlements,SET-0161-2,MISMATCH,380.84,374.59,6.25,0,6.25,LEAKAGE,TOL-SETTLEMENT,2025-04-05T00:00:00Z,LEAKAGE on SETTLEMENT_VS_PAYMENT
rcn-00671,RUN-2025-04-05-01,FEE_VS_RATE_CARD,core.payments,PAY-0161-2,core.gateway_fees,FEE-0161-2,MISMATCH,12.0,18.25,-6.25,0,6.25,LEAKAGE,TOL-FEE,2025-04-05T00:00:00Z,LEAKAGE on FEE_VS_RATE_CARD
rcn-00672,RUN-2025-04-05-01,BANK_VS_SETTLEMENT,core.settlements,SET-0161-2,core.bank_transactions,BNK-0161-2,MATCHED,374.59,374.59,0.0,0,0,LEGITIMATE,TOL-BANK,2025-04-05T00:00:00Z,
rcn-00673,RUN-2025-04-05-01,PAYMENT_VS_ORDER,core.orders,ORD-162,core.payments,PAY-0162,MATCHED,679.67,679.67,0.0,0,0,LEGITIMATE,TOL-PAYMENT,2025-04-05T00:00:00Z,
rcn-00674,RUN-2025-04-05-01,SETTLEMENT_VS_PAYMENT,core.payments,PAY-0162,core.settlements,SET-0162,MATCHED,664.44,664.44,0.0,0,0,LEGITIMATE,TOL-SETTLEMENT,2025-04-05T00:00:00Z,
rcn-00675,RUN-2025-04-05-01,FEE_VS_RATE_CARD,core.payments,PAY-0162,core.gateway_fees,FEE-0162,MATCHED,12.91,12.91,0.0,0,0,LEGITIMATE,TOL-FEE,2025-04-05T00:00:00Z,
rcn-00676,RUN-2025-04-05-01,BANK_VS_SETTLEMENT,core.settlements,SET-0162,core.bank_transactions,BNK-0162,MATCHED,664.44,664.44,0.0,0,0,LEGITIMATE,TOL-BANK,2025-04-05T00:00:00Z,
rcn-00677,RUN-2025-04-05-01,PAYMENT_VS_ORDER,core.orders,ORD-163,core.payments,PAY-0163,MATCHED,299.0,299.0,0.0,0,0,LEGITIMATE,TOL-PAYMENT,2025-04-05T00:00:00Z,
rcn-00678,RUN-2025-04-05-01,SETTLEMENT_VS_PAYMENT,core.payments,PAY-0163,core.settlements,SET-0163,MATCHED,297.58,297.58,0.0,0,0,LEGITIMATE,TOL-SETTLEMENT,2025-04-05T00:00:00Z,
rcn-00679,RUN-2025-04-05-01,FEE_VS_RATE_CARD,core.payments,PAY-0163,core.gateway_fees,FEE-0163,MATCHED,1.2,1.2,0.0,0,0,LEGITIMATE,TOL-FEE,2025-04-05T00:00:00Z,
rcn-00680,RUN-2025-04-05-01,BANK_VS_SETTLEMENT,core.settlements,SET-0163,core.bank_transactions,BNK-0163,MATCHED,297.58,297.58,0.0,0,0,LEGITIMATE,TOL-BANK,2025-04-05T00:00:00Z,
rcn-00681,RUN-2025-04-05-01,PAYMENT_VS_ORDER,core.orders,ORD-164,core.payments,PAY-0164,MATCHED,299.0,299.0,0.0,0,0,LEGITIMATE,TOL-PAYMENT,2025-04-05T00:00:00Z,
rcn-00682,RUN-2025-04-05-01,SETTLEMENT_VS_PAYMENT,core.payments,PAY-0164,core.settlements,SET-0164,MISMATCH,292.3,281.74,10.56,0,10.56,LEAKAGE,TOL-SETTLEMENT,2025-04-05T00:00:00Z,LEAKAGE on SETTLEMENT_VS_PAYMENT
rcn-00683,RUN-2025-04-05-01,FEE_VS_RATE_CARD,core.payments,PAY-0164,core.gateway_fees,FEE-0164,MISMATCH,5.68,8.03,-2.35,0,2.35,LEAKAGE,TOL-FEE,2025-04-05T00:00:00Z,LEAKAGE on FEE_VS_RATE_CARD
rcn-00684,RUN-2025-04-05-01,BANK_VS_SETTLEMENT,core.settlements,SET-0164,core.bank_transactions,BNK-0164,MATCHED,281.74,281.74,0.0,0,0,LEGITIMATE,TOL-BANK,2025-04-05T00:00:00Z,
rcn-00685,RUN-2025-04-05-01,PAYMENT_VS_ORDER,core.orders,ORD-165,core.payments,PAY-0165,MATCHED,3505.32,3505.32,0.0,0,0,LEGITIMATE,TOL-PAYMENT,2025-04-05T00:00:00Z,
rcn-00686,RUN-2025-04-05-01,SETTLEMENT_VS_PAYMENT,core.payments,PAY-0165,core.settlements,SET-0165,MATCHED,3488.78,3488.78,0.0,0,0,LEGITIMATE,TOL-SETTLEMENT,2025-04-05T00:00:00Z,
rcn-00687,RUN-2025-04-05-01,FEE_VS_RATE_CARD,core.payments,PAY-0165,core.gateway_fees,FEE-0165,MATCHED,14.02,14.02,0.0,0,0,LEGITIMATE,TOL-FEE,2025-04-05T00:00:00Z,
rcn-00688,RUN-2025-04-05-01,BANK_VS_SETTLEMENT,core.settlements,SET-0165,core.bank_transactions,BNK-0165,MATCHED,3488.78,3488.78,0.0,0,0,LEGITIMATE,TOL-BANK,2025-04-05T00:00:00Z,
rcn-00689,RUN-2025-04-05-01,PAYMENT_VS_ORDER,core.orders,ORD-166,core.payments,PAY-0166,MATCHED,338.42,338.42,0.0,0,0,LEGITIMATE,TOL-PAYMENT,2025-04-05T00:00:00Z,
rcn-00690,RUN-2025-04-05-01,SETTLEMENT_VS_PAYMENT,core.payments,PAY-0166,core.settlements,SET-0166,MATCHED,336.83,336.83,0.0,0,0,LEGITIMATE,TOL-SETTLEMENT,2025-04-05T00:00:00Z,
rcn-00691,RUN-2025-04-05-01,FEE_VS_RATE_CARD,core.payments,PAY-0166,core.gateway_fees,FEE-0166,MATCHED,1.35,1.35,0.0,0,0,LEGITIMATE,TOL-FEE,2025-04-05T00:00:00Z,
rcn-00692,RUN-2025-04-05-01,BANK_VS_SETTLEMENT,core.settlements,SET-0166,core.bank_transactions,BNK-0166,MATCHED,336.83,336.83,0.0,0,0,LEGITIMATE,TOL-BANK,2025-04-05T00:00:00Z,
rcn-00693,RUN-2025-04-05-01,PAYMENT_VS_ORDER,core.orders,ORD-167,core.payments,PAY-0167,MATCHED,299.0,299.0,0.0,0,0,LEGITIMATE,TOL-PAYMENT,2025-04-05T00:00:00Z,
rcn-00694,RUN-2025-04-05-01,SETTLEMENT_VS_PAYMENT,core.payments,PAY-0167,core.settlements,SET-0167,MATCHED,297.58,297.58,0.0,0,0,LEGITIMATE,TOL-SETTLEMENT,2025-04-05T00:00:00Z,
rcn-00695,RUN-2025-04-05-01,FEE_VS_RATE_CARD,core.payments,PAY-0167,core.gateway_fees,FEE-0167,MATCHED,1.2,1.2,0.0,0,0,LEGITIMATE,TOL-FEE,2025-04-05T00:00:00Z,
rcn-00696,RUN-2025-04-05-01,BANK_VS_SETTLEMENT,core.settlements,SET-0167,core.bank_transactions,BNK-0167,MATCHED,297.58,297.58,0.0,0,0,LEGITIMATE,TOL-BANK,2025-04-05T00:00:00Z,
rcn-00697,RUN-2025-04-05-01,PAYMENT_VS_ORDER,core.orders,ORD-168,core.payments,PAY-0168,MATCHED,457.56,457.56,0.0,0,0,LEGITIMATE,TOL-PAYMENT,2025-04-05T00:00:00Z,
rcn-00698,RUN-2025-04-05-01,SETTLEMENT_VS_PAYMENT,core.payments,PAY-0168,core.settlements,SET-0168,MISMATCH,446.76,441.31,5.45,0,5.45,LEAKAGE,TOL-SETTLEMENT,2025-04-05T00:00:00Z,LEAKAGE on SETTLEMENT_VS_PAYMENT
rcn-00699,RUN-2025-04-05-01,FEE_VS_RATE_CARD,core.payments,PAY-0168,core.gateway_fees,FEE-0168,MATCHED,9.15,9.15,0.0,0,0,LEGITIMATE,TOL-FEE,2025-04-05T00:00:00Z,
rcn-00700,RUN-2025-04-05-01,BANK_VS_SETTLEMENT,core.settlements,SET-0168,core.bank_transactions,BNK-0168,MATCHED,441.31,441.31,0.0,0,0,LEGITIMATE,TOL-BANK,2025-04-05T00:00:00Z,
rcn-00701,RUN-2025-04-05-01,PAYMENT_VS_ORDER,core.orders,ORD-169,core.payments,PAY-0169,MATCHED,1623.13,1623.13,0.0,0,0,LEGITIMATE,TOL-PAYMENT,2025-04-05T00:00:00Z,
rcn-00702,RUN-2025-04-05-01,SETTLEMENT_VS_PAYMENT,core.payments,PAY-0169,core.settlements,SET-0169,MATCHED,1584.83,1584.83,0.0,0,0,LEGITIMATE,TOL-SETTLEMENT,2025-04-05T00:00:00Z,
rcn-00703,RUN-2025-04-05-01,FEE_VS_RATE_CARD,core.payments,PAY-0169,core.gateway_fees,FEE-0169,MATCHED,32.46,32.46,0.0,0,0,LEGITIMATE,TOL-FEE,2025-04-05T00:00:00Z,
rcn-00704,RUN-2025-04-05-01,BANK_VS_SETTLEMENT,core.settlements,SET-0169,core.bank_transactions,BNK-0169,MATCHED,1584.83,1584.83,0.0,0,0,LEGITIMATE,TOL-BANK,2025-04-05T00:00:00Z,
rcn-00705,RUN-2025-04-05-01,PAYMENT_VS_ORDER,core.orders,ORD-170,core.payments,PAY-0170,MATCHED,299.0,299.0,0.0,0,0,LEGITIMATE,TOL-PAYMENT,2025-04-05T00:00:00Z,
rcn-00706,RUN-2025-04-05-01,SETTLEMENT_VS_PAYMENT,core.payments,PAY-0170,core.settlements,SET-0170,MATCHED,291.94,291.94,0.0,0,0,LEGITIMATE,TOL-SETTLEMENT,2025-04-05T00:00:00Z,
rcn-00707,RUN-2025-04-05-01,FEE_VS_RATE_CARD,core.payments,PAY-0170,core.gateway_fees,FEE-0170,MATCHED,5.98,5.98,0.0,0,0,LEGITIMATE,TOL-FEE,2025-04-05T00:00:00Z,
rcn-00708,RUN-2025-04-05-01,BANK_VS_SETTLEMENT,core.settlements,SET-0170,core.bank_transactions,BNK-0170,MATCHED,291.94,291.94,0.0,0,0,LEGITIMATE,TOL-BANK,2025-04-05T00:00:00Z,
rcn-00709,RUN-2025-04-05-01,PAYMENT_VS_ORDER,core.orders,ORD-171,core.payments,PAY-0171,MATCHED,2427.91,2427.91,0.0,0,0,LEGITIMATE,TOL-PAYMENT,2025-04-05T00:00:00Z,
rcn-00710,RUN-2025-04-05-01,SETTLEMENT_VS_PAYMENT,core.payments,PAY-0171,core.settlements,SET-0171,MATCHED,2370.61,2370.61,0.0,0,0,LEGITIMATE,TOL-SETTLEMENT,2025-04-05T00:00:00Z,
rcn-00711,RUN-2025-04-05-01,FEE_VS_RATE_CARD,core.payments,PAY-0171,core.gateway_fees,FEE-0171,MATCHED,48.56,48.56,0.0,0,0,LEGITIMATE,TOL-FEE,2025-04-05T00:00:00Z,
rcn-00712,RUN-2025-04-05-01,BANK_VS_SETTLEMENT,core.settlements,SET-0171,core.bank_transactions,BNK-0171,MATCHED,2370.61,2370.61,0.0,0,0,LEGITIMATE,TOL-BANK,2025-04-05T00:00:00Z,
rcn-00713,RUN-2025-04-05-01,PAYMENT_VS_ORDER,core.orders,ORD-172,core.payments,PAY-0172,MATCHED,415.7,415.7,0.0,0,0,LEGITIMATE,TOL-PAYMENT,2025-04-05T00:00:00Z,
rcn-00714,RUN-2025-04-05-01,SETTLEMENT_VS_PAYMENT,core.payments,PAY-0172,core.settlements,SET-0172,MATCHED,405.89,405.89,0.0,0,0,LEGITIMATE,TOL-SETTLEMENT,2025-04-05T00:00:00Z,
rcn-00715,RUN-2025-04-05-01,FEE_VS_RATE_CARD,core.payments,PAY-0172,core.gateway_fees,FEE-0172,MATCHED,8.31,8.31,0.0,0,0,LEGITIMATE,TOL-FEE,2025-04-05T00:00:00Z,
rcn-00716,RUN-2025-04-05-01,BANK_VS_SETTLEMENT,core.settlements,SET-0172,core.bank_transactions,BNK-0172,MATCHED,405.89,405.89,0.0,0,0,LEGITIMATE,TOL-BANK,2025-04-05T00:00:00Z,
rcn-00717,RUN-2025-04-05-01,PAYMENT_VS_ORDER,core.orders,ORD-173,core.payments,PAY-0173,MATCHED,1575.12,1575.12,0.0,0,0,LEGITIMATE,TOL-PAYMENT,2025-04-05T00:00:00Z,
rcn-00718,RUN-2025-04-05-01,SETTLEMENT_VS_PAYMENT,core.payments,PAY-0173,core.settlements,SET-0173,MISMATCH,1224.82,1218.43,6.39,0,6.39,LEAKAGE,TOL-SETTLEMENT,2025-04-05T00:00:00Z,LEAKAGE on SETTLEMENT_VS_PAYMENT
rcn-00719,RUN-2025-04-05-01,FEE_VS_RATE_CARD,core.payments,PAY-0173,core.gateway_fees,FEE-0173,MATCHED,31.5,31.5,0.0,0,0,LEGITIMATE,TOL-FEE,2025-04-05T00:00:00Z,
rcn-00720,RUN-2025-04-05-01,BANK_VS_SETTLEMENT,core.settlements,SET-0173,core.bank_transactions,BNK-0173,MATCHED,1218.43,1218.43,0.0,0,0,LEGITIMATE,TOL-BANK,2025-04-05T00:00:00Z,
rcn-00721,RUN-2025-04-05-01,REFUND_VS_PAYMENT,core.payments,PAY-0173,core.refunds,REF-0173,MATCHED,319.52,319.52,0.0,0,0,LEGITIMATE,TOL-REFUND,2025-04-05T00:00:00Z,
rcn-00722,RUN-2025-04-05-01,PAYMENT_VS_ORDER,core.orders,ORD-174,core.payments,PAY-0174,MATCHED,691.35,691.35,0.0,0,0,LEGITIMATE,TOL-PAYMENT,2025-04-05T00:00:00Z,
rcn-00723,RUN-2025-04-05-01,SETTLEMENT_VS_PAYMENT,core.payments,PAY-0174,core.settlements,SET-0174,MATCHED,675.03,675.03,0.0,0,0,LEGITIMATE,TOL-SETTLEMENT,2025-04-05T00:00:00Z,
rcn-00724,RUN-2025-04-05-01,FEE_VS_RATE_CARD,core.payments,PAY-0174,core.gateway_fees,FEE-0174,MATCHED,13.83,13.83,0.0,0,0,LEGITIMATE,TOL-FEE,2025-04-05T00:00:00Z,
rcn-00725,RUN-2025-04-05-01,BANK_VS_SETTLEMENT,core.settlements,SET-0174,core.bank_transactions,BNK-0174,MATCHED,675.03,675.03,0.0,0,0,LEGITIMATE,TOL-BANK,2025-04-05T00:00:00Z,
rcn-00726,RUN-2025-04-05-01,PAYMENT_VS_ORDER,core.orders,ORD-175,core.payments,PAY-0175,MATCHED,299.0,299.0,0.0,0,0,LEGITIMATE,TOL-PAYMENT,2025-04-05T00:00:00Z,
rcn-00727,RUN-2025-04-05-01,SETTLEMENT_VS_PAYMENT,core.payments,PAY-0175,core.settlements,SET-0175,MATCHED,297.58,297.58,0.0,0,0,LEGITIMATE,TOL-SETTLEMENT,2025-04-05T00:00:00Z,
rcn-00728,RUN-2025-04-05-01,FEE_VS_RATE_CARD,core.payments,PAY-0175,core.gateway_fees,FEE-0175,MATCHED,1.2,1.2,0.0,0,0,LEGITIMATE,TOL-FEE,2025-04-05T00:00:00Z,
rcn-00729,RUN-2025-04-05-01,BANK_VS_SETTLEMENT,core.settlements,SET-0175,core.bank_transactions,BNK-0175,MATCHED,297.58,297.58,0.0,0,0,LEGITIMATE,TOL-BANK,2025-04-05T00:00:00Z,
rcn-00730,RUN-2025-04-05-01,PAYMENT_VS_ORDER,core.orders,ORD-176,core.payments,PAY-0176,MATCHED,3508.4,3508.4,0.0,0,0,LEGITIMATE,TOL-PAYMENT,2025-04-05T00:00:00Z,
rcn-00731,RUN-2025-04-05-01,SETTLEMENT_VS_PAYMENT,core.payments,PAY-0176,core.settlements,SET-0176,MISMATCH,1776.5,1742.84,33.66,0,33.66,LEAKAGE,TOL-SETTLEMENT,2025-04-05T00:00:00Z,LEAKAGE on SETTLEMENT_VS_PAYMENT
rcn-00732,RUN-2025-04-05-01,FEE_VS_RATE_CARD,core.payments,PAY-0176,core.gateway_fees,FEE-0176,MATCHED,70.17,70.17,0.0,0,0,LEGITIMATE,TOL-FEE,2025-04-05T00:00:00Z,
rcn-00733,RUN-2025-04-05-01,BANK_VS_SETTLEMENT,core.settlements,SET-0176,core.bank_transactions,BNK-0176,MATCHED,1742.84,1742.84,0.0,0,0,LEGITIMATE,TOL-BANK,2025-04-05T00:00:00Z,
rcn-00734,RUN-2025-04-05-01,REFUND_VS_PAYMENT,core.payments,PAY-0176,core.refunds,REF-0176,MATCHED,1682.76,1682.76,0.0,0,0,LEGITIMATE,TOL-REFUND,2025-04-05T00:00:00Z,
rcn-00735,RUN-2025-04-05-01,PAYMENT_VS_ORDER,core.orders,ORD-177,core.payments,PAY-0177,MATCHED,2544.86,2544.86,0.0,0,0,LEGITIMATE,TOL-PAYMENT,2025-04-05T00:00:00Z,
rcn-00736,RUN-2025-04-05-01,SETTLEMENT_VS_PAYMENT,core.payments,PAY-0177,core.settlements,SET-0177,MATCHED,2474.3,2474.3,0.0,0,0,LEGITIMATE,TOL-SETTLEMENT,2025-04-05T00:00:00Z,
rcn-00737,RUN-2025-04-05-01,FEE_VS_RATE_CARD,core.payments,PAY-0177,core.gateway_fees,FEE-0177,MATCHED,59.8,59.8,0.0,0,0,LEGITIMATE,TOL-FEE,2025-04-05T00:00:00Z,
rcn-00738,RUN-2025-04-05-01,BANK_VS_SETTLEMENT,core.settlements,SET-0177,core.bank_transactions,BNK-0177,MATCHED,2474.3,2474.3,0.0,0,0,LEGITIMATE,TOL-BANK,2025-04-05T00:00:00Z,
rcn-00739,RUN-2025-04-05-01,PAYMENT_VS_ORDER,core.orders,ORD-178,core.payments,PAY-0178,MATCHED,3660.55,3660.55,0.0,0,0,LEGITIMATE,TOL-PAYMENT,2025-04-05T00:00:00Z,
rcn-00740,RUN-2025-04-05-01,SETTLEMENT_VS_PAYMENT,core.payments,PAY-0178,core.settlements,SET-0178,MISMATCH,3578.48,3558.29,20.19,0,20.19,LEAKAGE,TOL-SETTLEMENT,2025-04-05T00:00:00Z,LEAKAGE on SETTLEMENT_VS_PAYMENT
rcn-00741,RUN-2025-04-05-01,FEE_VS_RATE_CARD,core.payments,PAY-0178,core.gateway_fees,FEE-0178,MISMATCH,69.55,89.74,-20.19,0,20.19,LEAKAGE,TOL-FEE,2025-04-05T00:00:00Z,LEAKAGE on FEE_VS_RATE_CARD
rcn-00742,RUN-2025-04-05-01,BANK_VS_SETTLEMENT,core.settlements,SET-0178,core.bank_transactions,BNK-0178,MATCHED,3558.29,3558.29,0.0,0,0,LEGITIMATE,TOL-BANK,2025-04-05T00:00:00Z,
rcn-00743,RUN-2025-04-05-01,PAYMENT_VS_ORDER,core.orders,ORD-179,core.payments,PAY-0179,MATCHED,2191.5,2191.5,0.0,0,0,LEGITIMATE,TOL-PAYMENT,2025-04-05T00:00:00Z,
rcn-00744,RUN-2025-04-05-01,SETTLEMENT_VS_PAYMENT,core.payments,PAY-0179,core.settlements,SET-0179,MISMATCH,2130.73,2011.23,119.5,0,119.5,LEAKAGE,TOL-SETTLEMENT,2025-04-05T00:00:00Z,LEAKAGE on SETTLEMENT_VS_PAYMENT
rcn-00745,RUN-2025-04-05-01,FEE_VS_RATE_CARD,core.payments,PAY-0179,core.gateway_fees,FEE-0179,MATCHED,51.5,51.5,0.0,0,0,LEGITIMATE,TOL-FEE,2025-04-05T00:00:00Z,
rcn-00746,RUN-2025-04-05-01,BANK_VS_SETTLEMENT,core.settlements,SET-0179,core.bank_transactions,BNK-0179,MATCHED,2011.23,2011.23,0.0,0,0,LEGITIMATE,TOL-BANK,2025-04-05T00:00:00Z,
rcn-00747,RUN-2025-04-05-01,PAYMENT_VS_ORDER,core.orders,ORD-180,core.payments,PAY-0180,MATCHED,330.43,330.43,0.0,0,0,LEGITIMATE,TOL-PAYMENT,2025-04-05T00:00:00Z,
rcn-00748,RUN-2025-04-05-01,SETTLEMENT_VS_PAYMENT,core.payments,PAY-0180,core.settlements,SET-0180,MATCHED,328.87,328.87,0.0,0,0,LEGITIMATE,TOL-SETTLEMENT,2025-04-05T00:00:00Z,
rcn-00749,RUN-2025-04-05-01,FEE_VS_RATE_CARD,core.payments,PAY-0180,core.gateway_fees,FEE-0180,MATCHED,1.32,1.32,0.0,0,0,LEGITIMATE,TOL-FEE,2025-04-05T00:00:00Z,
rcn-00750,RUN-2025-04-05-01,BANK_VS_SETTLEMENT,core.settlements,SET-0180,core.bank_transactions,BNK-0180,MATCHED,328.87,328.87,0.0,0,0,LEGITIMATE,TOL-BANK,2025-04-05T00:00:00Z,
rcn-00751,RUN-2025-04-05-01,PAYMENT_VS_ORDER,core.orders,ORD-181,core.payments,PAY-0181,MATCHED,299.87,299.87,0.0,0,0,LEGITIMATE,TOL-PAYMENT,2025-04-05T00:00:00Z,
rcn-00752,RUN-2025-04-05-01,SETTLEMENT_VS_PAYMENT,core.payments,PAY-0181,core.settlements,SET-0181,MATCHED,293.14,293.14,0.0,0,0,LEGITIMATE,TOL-SETTLEMENT,2025-04-05T00:00:00Z,
rcn-00753,RUN-2025-04-05-01,FEE_VS_RATE_CARD,core.payments,PAY-0181,core.gateway_fees,FEE-0181,MATCHED,5.7,5.7,0.0,0,0,LEGITIMATE,TOL-FEE,2025-04-05T00:00:00Z,
rcn-00754,RUN-2025-04-05-01,BANK_VS_SETTLEMENT,core.settlements,SET-0181,core.bank_transactions,BNK-0181,MATCHED,293.14,293.14,0.0,0,0,LEGITIMATE,TOL-BANK,2025-04-05T00:00:00Z,
rcn-00755,RUN-2025-04-05-01,PAYMENT_VS_ORDER,core.orders,ORD-182,core.payments,PAY-0182,MATCHED,17112.73,17112.73,0.0,0,0,LEGITIMATE,TOL-PAYMENT,2025-04-05T00:00:00Z,
rcn-00756,RUN-2025-04-05-01,SETTLEMENT_VS_PAYMENT,core.payments,PAY-0182,core.settlements,SET-0182,MISMATCH,12194.11,11894.06,300.05,0,300.05,LEAKAGE,TOL-SETTLEMENT,2025-04-05T00:00:00Z,LEAKAGE on SETTLEMENT_VS_PAYMENT
rcn-00757,RUN-2025-04-05-01,FEE_VS_RATE_CARD,core.payments,PAY-0182,core.gateway_fees,FEE-0182,MATCHED,68.45,68.45,0.0,0,0,LEGITIMATE,TOL-FEE,2025-04-05T00:00:00Z,
rcn-00758,RUN-2025-04-05-01,BANK_VS_SETTLEMENT,core.settlements,SET-0182,core.bank_transactions,BNK-0182,MATCHED,11894.06,11894.06,0.0,0,0,LEGITIMATE,TOL-BANK,2025-04-05T00:00:00Z,
rcn-00759,RUN-2025-04-05-01,REFUND_VS_PAYMENT,core.payments,PAY-0182,core.refunds,REF-0182,MATCHED,4857.28,4857.28,0.0,0,0,LEGITIMATE,TOL-REFUND,2025-04-05T00:00:00Z,
rcn-00760,RUN-2025-04-05-01,PAYMENT_VS_ORDER,core.orders,ORD-183,core.payments,PAY-0183,MATCHED,829.96,829.96,0.0,0,0,LEGITIMATE,TOL-PAYMENT,2025-04-05T00:00:00Z,
rcn-00761,RUN-2025-04-05-01,SETTLEMENT_VS_PAYMENT,core.payments,PAY-0183,core.settlements,SET-0183,MATCHED,810.37,810.37,0.0,0,0,LEGITIMATE,TOL-SETTLEMENT,2025-04-05T00:00:00Z,
rcn-00762,RUN-2025-04-05-01,FEE_VS_RATE_CARD,core.payments,PAY-0183,core.gateway_fees,FEE-0183,MATCHED,16.6,16.6,0.0,0,0,LEGITIMATE,TOL-FEE,2025-04-05T00:00:00Z,
rcn-00763,RUN-2025-04-05-01,BANK_VS_SETTLEMENT,core.settlements,SET-0183,core.bank_transactions,BNK-0183,MATCHED,810.37,810.37,0.0,0,0,LEGITIMATE,TOL-BANK,2025-04-05T00:00:00Z,
rcn-00764,RUN-2025-04-05-01,PAYMENT_VS_ORDER,core.orders,ORD-184,core.payments,PAY-0184,MATCHED,1376.44,1376.44,0.0,0,0,LEGITIMATE,TOL-PAYMENT,2025-04-05T00:00:00Z,
rcn-00765,RUN-2025-04-05-01,SETTLEMENT_VS_PAYMENT,core.payments,PAY-0184,core.settlements,SET-0184,MATCHED,1362.28,1362.28,0.0,0,0,LEGITIMATE,TOL-SETTLEMENT,2025-04-05T00:00:00Z,
rcn-00766,RUN-2025-04-05-01,FEE_VS_RATE_CARD,core.payments,PAY-0184,core.gateway_fees,FEE-0184,MATCHED,12.0,12.0,0.0,0,0,LEGITIMATE,TOL-FEE,2025-04-05T00:00:00Z,
rcn-00767,RUN-2025-04-05-01,BANK_VS_SETTLEMENT,core.settlements,SET-0184,core.bank_transactions,BNK-0184,MATCHED,1362.28,1362.28,0.0,0,0,LEGITIMATE,TOL-BANK,2025-04-05T00:00:00Z,
rcn-00768,RUN-2025-04-05-01,PAYMENT_VS_ORDER,core.orders,ORD-185,core.payments,PAY-0185,MATCHED,3796.31,3796.31,0.0,0,0,LEGITIMATE,TOL-PAYMENT,2025-04-05T00:00:00Z,
rcn-00769,RUN-2025-04-05-01,SETTLEMENT_VS_PAYMENT,core.payments,PAY-0185,core.settlements,SET-0185,MATCHED,3706.71,3706.71,0.0,0,0,LEGITIMATE,TOL-SETTLEMENT,2025-04-05T00:00:00Z,
rcn-00770,RUN-2025-04-05-01,FEE_VS_RATE_CARD,core.payments,PAY-0185,core.gateway_fees,FEE-0185,MATCHED,75.93,75.93,0.0,0,0,LEGITIMATE,TOL-FEE,2025-04-05T00:00:00Z,
rcn-00771,RUN-2025-04-05-01,BANK_VS_SETTLEMENT,core.settlements,SET-0185,core.bank_transactions,BNK-0185,MATCHED,3706.71,3706.71,0.0,0,0,LEGITIMATE,TOL-BANK,2025-04-05T00:00:00Z,
rcn-00772,RUN-2025-04-05-01,PAYMENT_VS_ORDER,core.orders,ORD-186,core.payments,PAY-0186,MATCHED,1153.56,1153.56,0.0,0,0,LEGITIMATE,TOL-PAYMENT,2025-04-05T00:00:00Z,
rcn-00773,RUN-2025-04-05-01,SETTLEMENT_VS_PAYMENT,core.payments,PAY-0186,core.settlements,SET-0186,MATCHED,735.92,735.92,0.0,0,0,LEGITIMATE,TOL-SETTLEMENT,2025-04-05T00:00:00Z,
rcn-00774,RUN-2025-04-05-01,FEE_VS_RATE_CARD,core.payments,PAY-0186,core.gateway_fees,FEE-0186,MATCHED,23.07,23.07,0.0,0,0,LEGITIMATE,TOL-FEE,2025-04-05T00:00:00Z,
rcn-00775,RUN-2025-04-05-01,BANK_VS_SETTLEMENT,core.settlements,SET-0186,core.bank_transactions,BNK-0186,MATCHED,735.92,735.92,0.0,0,0,LEGITIMATE,TOL-BANK,2025-04-05T00:00:00Z,
rcn-00776,RUN-2025-04-05-01,REFUND_VS_PAYMENT,core.payments,PAY-0186,core.refunds,REF-0186,MATCHED,398.39,398.39,0.0,0,0,LEGITIMATE,TOL-REFUND,2025-04-05T00:00:00Z,
rcn-00777,RUN-2025-04-05-01,PAYMENT_VS_ORDER,core.orders,ORD-187,core.payments,PAY-0187,MATCHED,1221.4,1221.4,0.0,0,0,LEGITIMATE,TOL-PAYMENT,2025-04-05T00:00:00Z,
rcn-00778,RUN-2025-04-05-01,SETTLEMENT_VS_PAYMENT,core.payments,PAY-0187,core.settlements,SET-0187,MATCHED,1215.63,1215.63,0.0,0,0,LEGITIMATE,TOL-SETTLEMENT,2025-04-05T00:00:00Z,
rcn-00779,RUN-2025-04-05-01,FEE_VS_RATE_CARD,core.payments,PAY-0187,core.gateway_fees,FEE-0187,MATCHED,4.89,4.89,0.0,0,0,LEGITIMATE,TOL-FEE,2025-04-05T00:00:00Z,
rcn-00780,RUN-2025-04-05-01,BANK_VS_SETTLEMENT,core.settlements,SET-0187,core.bank_transactions,BNK-0187,MATCHED,1215.63,1215.63,0.0,0,0,LEGITIMATE,TOL-BANK,2025-04-05T00:00:00Z,
rcn-00781,RUN-2025-04-05-01,PAYMENT_VS_ORDER,core.orders,ORD-188,core.payments,PAY-0188,MATCHED,299.0,299.0,0.0,0,0,LEGITIMATE,TOL-PAYMENT,2025-04-05T00:00:00Z,
rcn-00782,RUN-2025-04-05-01,SETTLEMENT_VS_PAYMENT,core.payments,PAY-0188,core.settlements,,UNMATCHED,291.94,,,0,291.94,LEAKAGE,TOL-SETTLEMENT,2025-04-05T00:00:00Z,LEAKAGE on SETTLEMENT_VS_PAYMENT
rcn-00783,RUN-2025-04-05-01,FEE_VS_RATE_CARD,core.payments,PAY-0188,core.gateway_fees,FEE-0188,MATCHED,5.98,5.98,0.0,0,0,LEGITIMATE,TOL-FEE,2025-04-05T00:00:00Z,
rcn-00784,RUN-2025-04-05-01,PAYMENT_VS_ORDER,core.orders,ORD-189,core.payments,PAY-0189,MATCHED,2136.58,2136.58,0.0,0,0,LEGITIMATE,TOL-PAYMENT,2025-04-05T00:00:00Z,
rcn-00785,RUN-2025-04-05-01,SETTLEMENT_VS_PAYMENT,core.payments,PAY-0189,core.settlements,SET-0189,MATCHED,2086.16,2086.16,0.0,0,0,LEGITIMATE,TOL-SETTLEMENT,2025-04-05T00:00:00Z,
rcn-00786,RUN-2025-04-05-01,FEE_VS_RATE_CARD,core.payments,PAY-0189,core.gateway_fees,FEE-0189,MATCHED,42.73,42.73,0.0,0,0,LEGITIMATE,TOL-FEE,2025-04-05T00:00:00Z,
rcn-00787,RUN-2025-04-05-01,BANK_VS_SETTLEMENT,core.settlements,SET-0189,core.bank_transactions,BNK-0189,MATCHED,2086.16,2086.16,0.0,0,0,LEGITIMATE,TOL-BANK,2025-04-05T00:00:00Z,
rcn-00788,RUN-2025-04-05-01,PAYMENT_VS_ORDER,core.orders,ORD-190,core.payments,PAY-0190,MATCHED,1383.45,1383.45,0.0,0,0,LEGITIMATE,TOL-PAYMENT,2025-04-05T00:00:00Z,
rcn-00789,RUN-2025-04-05-01,SETTLEMENT_VS_PAYMENT,core.payments,PAY-0190,core.settlements,SET-0190,MATCHED,1350.8,1350.8,0.0,0,0,LEGITIMATE,TOL-SETTLEMENT,2025-04-05T00:00:00Z,
rcn-00790,RUN-2025-04-05-01,FEE_VS_RATE_CARD,core.payments,PAY-0190,core.gateway_fees,FEE-0190,MATCHED,27.67,27.67,0.0,0,0,LEGITIMATE,TOL-FEE,2025-04-05T00:00:00Z,
rcn-00791,RUN-2025-04-05-01,BANK_VS_SETTLEMENT,core.settlements,SET-0190,core.bank_transactions,BNK-0190,MATCHED,1350.8,1350.8,0.0,0,0,LEGITIMATE,TOL-BANK,2025-04-05T00:00:00Z,
rcn-00792,RUN-2025-04-05-01,PAYMENT_VS_ORDER,core.orders,ORD-191,core.payments,PAY-0191,MATCHED,1767.57,1767.57,0.0,0,0,LEGITIMATE,TOL-PAYMENT,2025-04-05T00:00:00Z,
rcn-00793,RUN-2025-04-05-01,SETTLEMENT_VS_PAYMENT,core.payments,PAY-0191,core.settlements,SET-0191,MATCHED,1313.79,1313.79,0.0,0,0,LEGITIMATE,TOL-SETTLEMENT,2025-04-05T00:00:00Z,
rcn-00794,RUN-2025-04-05-01,FEE_VS_RATE_CARD,core.payments,PAY-0191,core.gateway_fees,FEE-0191,MATCHED,12.0,12.0,0.0,0,0,LEGITIMATE,TOL-FEE,2025-04-05T00:00:00Z,
rcn-00795,RUN-2025-04-05-01,BANK_VS_SETTLEMENT,core.settlements,SET-0191,core.bank_transactions,BNK-0191,MATCHED,1313.79,1313.79,0.0,0,0,LEGITIMATE,TOL-BANK,2025-04-05T00:00:00Z,
rcn-00796,RUN-2025-04-05-01,REFUND_VS_PAYMENT,core.payments,PAY-0191,core.refunds,REF-0191,MATCHED,442.63,442.63,0.0,0,0,LEGITIMATE,TOL-REFUND,2025-04-05T00:00:00Z,
rcn-00797,RUN-2025-04-05-01,PAYMENT_VS_ORDER,core.orders,ORD-192,core.payments,PAY-0192,MATCHED,1061.49,1061.49,0.0,0,0,LEGITIMATE,TOL-PAYMENT,2025-04-05T00:00:00Z,
rcn-00798,RUN-2025-04-05-01,SETTLEMENT_VS_PAYMENT,core.payments,PAY-0192,core.settlements,SET-0192,MATCHED,1036.44,1036.44,0.0,0,0,LEGITIMATE,TOL-SETTLEMENT,2025-04-05T00:00:00Z,
rcn-00799,RUN-2025-04-05-01,FEE_VS_RATE_CARD,core.payments,PAY-0192,core.gateway_fees,FEE-0192,MATCHED,21.23,21.23,0.0,0,0,LEGITIMATE,TOL-FEE,2025-04-05T00:00:00Z,
rcn-00800,RUN-2025-04-05-01,BANK_VS_SETTLEMENT,core.settlements,SET-0192,core.bank_transactions,BNK-0192,MATCHED,1036.44,1036.44,0.0,0,0,LEGITIMATE,TOL-BANK,2025-04-05T00:00:00Z,
rcn-00801,RUN-2025-04-05-01,PAYMENT_VS_ORDER,core.orders,ORD-193,core.payments,PAY-0193,MATCHED,692.17,692.17,0.0,0,0,LEGITIMATE,TOL-PAYMENT,2025-04-05T00:00:00Z,
rcn-00802,RUN-2025-04-05-01,SETTLEMENT_VS_PAYMENT,core.payments,PAY-0193,core.settlements,SET-0193,MATCHED,676.65,676.65,0.0,0,0,LEGITIMATE,TOL-SETTLEMENT,2025-04-05T00:00:00Z,
rcn-00803,RUN-2025-04-05-01,FEE_VS_RATE_CARD,core.payments,PAY-0193,core.gateway_fees,FEE-0193,MATCHED,13.15,13.15,0.0,0,0,LEGITIMATE,TOL-FEE,2025-04-05T00:00:00Z,
rcn-00804,RUN-2025-04-05-01,BANK_VS_SETTLEMENT,core.settlements,SET-0193,core.bank_transactions,BNK-0193,MATCHED,676.65,676.65,0.0,0,0,LEGITIMATE,TOL-BANK,2025-04-05T00:00:00Z,
rcn-00805,RUN-2025-04-05-01,PAYMENT_VS_ORDER,core.orders,ORD-194,core.payments,PAY-0194,MATCHED,597.27,597.27,0.0,0,0,LEGITIMATE,TOL-PAYMENT,2025-04-05T00:00:00Z,
rcn-00806,RUN-2025-04-05-01,SETTLEMENT_VS_PAYMENT,core.payments,PAY-0194,core.settlements,SET-0194,MATCHED,594.45,594.45,0.0,0,0,LEGITIMATE,TOL-SETTLEMENT,2025-04-05T00:00:00Z,
rcn-00807,RUN-2025-04-05-01,FEE_VS_RATE_CARD,core.payments,PAY-0194,core.gateway_fees,FEE-0194,MATCHED,2.39,2.39,0.0,0,0,LEGITIMATE,TOL-FEE,2025-04-05T00:00:00Z,
rcn-00808,RUN-2025-04-05-01,BANK_VS_SETTLEMENT,core.settlements,SET-0194,core.bank_transactions,BNK-0194,MATCHED,594.45,594.45,0.0,0,0,LEGITIMATE,TOL-BANK,2025-04-05T00:00:00Z,
rcn-00809,RUN-2025-04-05-01,PAYMENT_VS_ORDER,core.orders,ORD-195,core.payments,PAY-0195,MATCHED,595.53,595.53,0.0,0,0,LEGITIMATE,TOL-PAYMENT,2025-04-05T00:00:00Z,
rcn-00810,RUN-2025-04-05-01,SETTLEMENT_VS_PAYMENT,core.payments,PAY-0195,core.settlements,SET-0195,MATCHED,581.48,581.48,0.0,0,0,LEGITIMATE,TOL-SETTLEMENT,2025-04-05T00:00:00Z,
rcn-00811,RUN-2025-04-05-01,FEE_VS_RATE_CARD,core.payments,PAY-0195,core.gateway_fees,FEE-0195,MATCHED,11.91,11.91,0.0,0,0,LEGITIMATE,TOL-FEE,2025-04-05T00:00:00Z,
rcn-00812,RUN-2025-04-05-01,BANK_VS_SETTLEMENT,core.settlements,SET-0195,core.bank_transactions,BNK-0195,MATCHED,581.48,581.48,0.0,0,0,LEGITIMATE,TOL-BANK,2025-04-05T00:00:00Z,
rcn-00813,RUN-2025-04-05-01,PAYMENT_VS_ORDER,core.orders,ORD-196,core.payments,PAY-0196,MATCHED,565.93,565.93,0.0,0,0,LEGITIMATE,TOL-PAYMENT,2025-04-05T00:00:00Z,
rcn-00814,RUN-2025-04-05-01,SETTLEMENT_VS_PAYMENT,core.payments,PAY-0196,core.settlements,,UNMATCHED,550.24,,,0,550.24,LEAKAGE,TOL-SETTLEMENT,2025-04-05T00:00:00Z,LEAKAGE on SETTLEMENT_VS_PAYMENT
rcn-00815,RUN-2025-04-05-01,FEE_VS_RATE_CARD,core.payments,PAY-0196,core.gateway_fees,FEE-0196,MATCHED,13.3,13.3,0.0,0,0,LEGITIMATE,TOL-FEE,2025-04-05T00:00:00Z,
rcn-00816,RUN-2025-04-05-01,PAYMENT_VS_ORDER,core.orders,ORD-197,core.payments,PAY-0197,MATCHED,5567.62,5567.62,0.0,0,0,LEGITIMATE,TOL-PAYMENT,2025-04-05T00:00:00Z,
rcn-00817,RUN-2025-04-05-01,SETTLEMENT_VS_PAYMENT,core.payments,PAY-0197,core.settlements,SET-0197,MATCHED,5541.34,5541.34,0.0,0,0,LEGITIMATE,TOL-SETTLEMENT,2025-04-05T00:00:00Z,
rcn-00818,RUN-2025-04-05-01,FEE_VS_RATE_CARD,core.payments,PAY-0197,core.gateway_fees,FEE-0197,MATCHED,22.27,22.27,0.0,0,0,LEGITIMATE,TOL-FEE,2025-04-05T00:00:00Z,
rcn-00819,RUN-2025-04-05-01,BANK_VS_SETTLEMENT,core.settlements,SET-0197,core.bank_transactions,BNK-0197,MATCHED,5541.34,5541.34,0.0,0,0,LEGITIMATE,TOL-BANK,2025-04-05T00:00:00Z,
rcn-00820,RUN-2025-04-05-01,PAYMENT_VS_ORDER,core.orders,ORD-198,core.payments,PAY-0198,MATCHED,354.87,354.87,0.0,0,0,LEGITIMATE,TOL-PAYMENT,2025-04-05T00:00:00Z,
rcn-00821,RUN-2025-04-05-01,SETTLEMENT_VS_PAYMENT,core.payments,PAY-0198,core.settlements,SET-0198,MATCHED,353.19,353.19,0.0,0,0,LEGITIMATE,TOL-SETTLEMENT,2025-04-05T00:00:00Z,
rcn-00822,RUN-2025-04-05-01,FEE_VS_RATE_CARD,core.payments,PAY-0198,core.gateway_fees,FEE-0198,MATCHED,1.42,1.42,0.0,0,0,LEGITIMATE,TOL-FEE,2025-04-05T00:00:00Z,
rcn-00823,RUN-2025-04-05-01,BANK_VS_SETTLEMENT,core.settlements,SET-0198,core.bank_transactions,BNK-0198,MATCHED,353.19,353.19,0.0,0,0,LEGITIMATE,TOL-BANK,2025-04-05T00:00:00Z,
rcn-00824,RUN-2025-04-05-01,PAYMENT_VS_ORDER,core.orders,ORD-199,core.payments,PAY-0199,MATCHED,981.13,981.13,0.0,0,0,LEGITIMATE,TOL-PAYMENT,2025-04-05T00:00:00Z,
rcn-00825,RUN-2025-04-05-01,SETTLEMENT_VS_PAYMENT,core.payments,PAY-0199,core.settlements,SET-0199,MATCHED,976.5,976.5,0.0,0,0,LEGITIMATE,TOL-SETTLEMENT,2025-04-05T00:00:00Z,
rcn-00826,RUN-2025-04-05-01,FEE_VS_RATE_CARD,core.payments,PAY-0199,core.gateway_fees,FEE-0199,MATCHED,3.92,3.92,0.0,0,0,LEGITIMATE,TOL-FEE,2025-04-05T00:00:00Z,
rcn-00827,RUN-2025-04-05-01,BANK_VS_SETTLEMENT,core.settlements,SET-0199,core.bank_transactions,BNK-0199,MATCHED,976.5,976.5,0.0,0,0,LEGITIMATE,TOL-BANK,2025-04-05T00:00:00Z,
rcn-00828,RUN-2025-04-05-01,PAYMENT_VS_ORDER,core.orders,ORD-200,core.payments,PAY-0200,MATCHED,6238.53,6238.53,0.0,0,0,LEGITIMATE,TOL-PAYMENT,2025-04-05T00:00:00Z,
rcn-00829,RUN-2025-04-05-01,SETTLEMENT_VS_PAYMENT,core.payments,PAY-0200,core.settlements,SET-0200,MATCHED,6091.3,6091.3,0.0,0,0,LEGITIMATE,TOL-SETTLEMENT,2025-04-05T00:00:00Z,
rcn-00830,RUN-2025-04-05-01,FEE_VS_RATE_CARD,core.payments,PAY-0200,core.gateway_fees,FEE-0200,MATCHED,124.77,124.77,0.0,0,0,LEGITIMATE,TOL-FEE,2025-04-05T00:00:00Z,
rcn-00831,RUN-2025-04-05-01,BANK_VS_SETTLEMENT,core.settlements,SET-0200,core.bank_transactions,BNK-0200,MATCHED,6091.3,6091.3,0.0,0,0,LEGITIMATE,TOL-BANK,2025-04-05T00:00:00Z,
rcn-00832,RUN-2025-04-05-01,PAYMENT_VS_ORDER,core.orders,ORD-201,core.payments,PAY-0201,MATCHED,321.17,321.17,0.0,0,0,LEGITIMATE,TOL-PAYMENT,2025-04-05T00:00:00Z,
rcn-00833,RUN-2025-04-05-01,SETTLEMENT_VS_PAYMENT,core.payments,PAY-0201,core.settlements,SET-0201,MISMATCH,239.72,232.14,7.58,0,7.58,LEAKAGE,TOL-SETTLEMENT,2025-04-05T00:00:00Z,LEAKAGE on SETTLEMENT_VS_PAYMENT
rcn-00834,RUN-2025-04-05-01,FEE_VS_RATE_CARD,core.payments,PAY-0201,core.gateway_fees,FEE-0201,MISMATCH,6.42,12.84,-6.42,0,6.42,LEAKAGE,TOL-FEE,2025-04-05T00:00:00Z,LEAKAGE on FEE_VS_RATE_CARD
rcn-00835,RUN-2025-04-05-01,BANK_VS_SETTLEMENT,core.settlements,SET-0201,core.bank_transactions,BNK-0201,MATCHED,232.14,232.14,0.0,0,0,LEGITIMATE,TOL-BANK,2025-04-05T00:00:00Z,
rcn-00836,RUN-2025-04-05-01,REFUND_VS_PAYMENT,core.payments,PAY-0201,core.refunds,REF-0201,MATCHED,75.38,75.38,0.0,0,0,LEGITIMATE,TOL-REFUND,2025-04-05T00:00:00Z,
rcn-00837,RUN-2025-04-05-01,PAYMENT_VS_ORDER,core.orders,ORD-202,core.payments,PAY-0202,MATCHED,1839.35,1839.35,0.0,0,0,LEGITIMATE,TOL-PAYMENT,2025-04-05T00:00:00Z,
rcn-00838,RUN-2025-04-05-01,SETTLEMENT_VS_PAYMENT,core.payments,PAY-0202,core.settlements,SET-0202,MATCHED,1830.67,1830.67,0.0,0,0,LEGITIMATE,TOL-SETTLEMENT,2025-04-05T00:00:00Z,
rcn-00839,RUN-2025-04-05-01,FEE_VS_RATE_CARD,core.payments,PAY-0202,core.gateway_fees,FEE-0202,MATCHED,7.36,7.36,0.0,0,0,LEGITIMATE,TOL-FEE,2025-04-05T00:00:00Z,
rcn-00840,RUN-2025-04-05-01,BANK_VS_SETTLEMENT,core.settlements,SET-0202,core.bank_transactions,BNK-0202,MATCHED,1830.67,1830.67,0.0,0,0,LEGITIMATE,TOL-BANK,2025-04-05T00:00:00Z,
rcn-00841,RUN-2025-04-05-01,PAYMENT_VS_ORDER,core.orders,ORD-203,core.payments,PAY-0203,MATCHED,433.24,433.24,0.0,0,0,LEGITIMATE,TOL-PAYMENT,2025-04-05T00:00:00Z,
rcn-00842,RUN-2025-04-05-01,SETTLEMENT_VS_PAYMENT,core.payments,PAY-0203,core.settlements,SET-0203,MATCHED,423.02,423.02,0.0,0,0,LEGITIMATE,TOL-SETTLEMENT,2025-04-05T00:00:00Z,
rcn-00843,RUN-2025-04-05-01,FEE_VS_RATE_CARD,core.payments,PAY-0203,core.gateway_fees,FEE-0203,MATCHED,8.66,8.66,0.0,0,0,LEGITIMATE,TOL-FEE,2025-04-05T00:00:00Z,
rcn-00844,RUN-2025-04-05-01,BANK_VS_SETTLEMENT,core.settlements,SET-0203,core.bank_transactions,BNK-0203,MATCHED,423.02,423.02,0.0,0,0,LEGITIMATE,TOL-BANK,2025-04-05T00:00:00Z,
rcn-00845,RUN-2025-04-05-01,PAYMENT_VS_ORDER,core.orders,ORD-204,core.payments,PAY-0204,MATCHED,364.58,364.58,0.0,0,0,LEGITIMATE,TOL-PAYMENT,2025-04-05T00:00:00Z,
rcn-00846,RUN-2025-04-05-01,SETTLEMENT_VS_PAYMENT,core.payments,PAY-0204,core.settlements,SET-0204,MATCHED,355.98,355.98,0.0,0,0,LEGITIMATE,TOL-SETTLEMENT,2025-04-05T00:00:00Z,
rcn-00847,RUN-2025-04-05-01,FEE_VS_RATE_CARD,core.payments,PAY-0204,core.gateway_fees,FEE-0204,MATCHED,7.29,7.29,0.0,0,0,LEGITIMATE,TOL-FEE,2025-04-05T00:00:00Z,
rcn-00848,RUN-2025-04-05-01,BANK_VS_SETTLEMENT,core.settlements,SET-0204,core.bank_transactions,BNK-0204,MATCHED,355.98,355.98,0.0,0,0,LEGITIMATE,TOL-BANK,2025-04-05T00:00:00Z,
rcn-00849,RUN-2025-04-05-01,PAYMENT_VS_ORDER,core.orders,ORD-205,core.payments,PAY-0205,MATCHED,621.16,621.16,0.0,0,0,LEGITIMATE,TOL-PAYMENT,2025-04-05T00:00:00Z,
rcn-00850,RUN-2025-04-05-01,SETTLEMENT_VS_PAYMENT,core.payments,PAY-0205,core.settlements,SET-0205,MATCHED,606.5,606.5,0.0,0,0,LEGITIMATE,TOL-SETTLEMENT,2025-04-05T00:00:00Z,
rcn-00851,RUN-2025-04-05-01,FEE_VS_RATE_CARD,core.payments,PAY-0205,core.gateway_fees,FEE-0205,MATCHED,12.42,12.42,0.0,0,0,LEGITIMATE,TOL-FEE,2025-04-05T00:00:00Z,
rcn-00852,RUN-2025-04-05-01,BANK_VS_SETTLEMENT,core.settlements,SET-0205,core.bank_transactions,BNK-0205,MATCHED,606.5,606.5,0.0,0,0,LEGITIMATE,TOL-BANK,2025-04-05T00:00:00Z,
rcn-00853,RUN-2025-04-05-01,PAYMENT_VS_ORDER,core.orders,ORD-206,core.payments,PAY-0206,MATCHED,642.0,642.0,0.0,0,0,LEGITIMATE,TOL-PAYMENT,2025-04-05T00:00:00Z,
rcn-00854,RUN-2025-04-05-01,SETTLEMENT_VS_PAYMENT,core.payments,PAY-0206,core.settlements,SET-0206,MATCHED,627.6,627.6,0.0,0,0,LEGITIMATE,TOL-SETTLEMENT,2025-04-05T00:00:00Z,
rcn-00855,RUN-2025-04-05-01,FEE_VS_RATE_CARD,core.payments,PAY-0206,core.gateway_fees,FEE-0206,MATCHED,12.2,12.2,0.0,0,0,LEGITIMATE,TOL-FEE,2025-04-05T00:00:00Z,
rcn-00856,RUN-2025-04-05-01,BANK_VS_SETTLEMENT,core.settlements,SET-0206,core.bank_transactions,BNK-0206,MATCHED,627.6,627.6,0.0,0,0,LEGITIMATE,TOL-BANK,2025-04-05T00:00:00Z,
rcn-00857,RUN-2025-04-05-01,PAYMENT_VS_ORDER,core.orders,ORD-207,core.payments,PAY-0207,MATCHED,1129.96,1129.96,0.0,0,0,LEGITIMATE,TOL-PAYMENT,2025-04-05T00:00:00Z,
rcn-00858,RUN-2025-04-05-01,SETTLEMENT_VS_PAYMENT,core.payments,PAY-0207,core.settlements,SET-0207,MATCHED,1103.29,1103.29,0.0,0,0,LEGITIMATE,TOL-SETTLEMENT,2025-04-05T00:00:00Z,
rcn-00859,RUN-2025-04-05-01,FEE_VS_RATE_CARD,core.payments,PAY-0207,core.gateway_fees,FEE-0207,MATCHED,22.6,22.6,0.0,0,0,LEGITIMATE,TOL-FEE,2025-04-05T00:00:00Z,
rcn-00860,RUN-2025-04-05-01,BANK_VS_SETTLEMENT,core.settlements,SET-0207,core.bank_transactions,BNK-0207,MATCHED,1103.29,1103.29,0.0,0,0,LEGITIMATE,TOL-BANK,2025-04-05T00:00:00Z,
rcn-00861,RUN-2025-04-05-01,PAYMENT_VS_ORDER,core.orders,ORD-208,core.payments,PAY-0208,MATCHED,531.72,531.72,0.0,0,0,LEGITIMATE,TOL-PAYMENT,2025-04-05T00:00:00Z,
rcn-00862,RUN-2025-04-05-01,SETTLEMENT_VS_PAYMENT,core.payments,PAY-0208,core.settlements,SET-0208,MATCHED,519.18,519.18,0.0,0,0,LEGITIMATE,TOL-SETTLEMENT,2025-04-05T00:00:00Z,
rcn-00863,RUN-2025-04-05-01,FEE_VS_RATE_CARD,core.payments,PAY-0208,core.gateway_fees,FEE-0208,MATCHED,10.63,10.63,0.0,0,0,LEGITIMATE,TOL-FEE,2025-04-05T00:00:00Z,
rcn-00864,RUN-2025-04-05-01,BANK_VS_SETTLEMENT,core.settlements,SET-0208,core.bank_transactions,BNK-0208,MATCHED,519.18,519.18,0.0,0,0,LEGITIMATE,TOL-BANK,2025-04-05T00:00:00Z,
rcn-00865,RUN-2025-04-05-01,PAYMENT_VS_ORDER,core.orders,ORD-209,core.payments,PAY-0209,MATCHED,6707.46,6707.46,0.0,0,0,LEGITIMATE,TOL-PAYMENT,2025-04-05T00:00:00Z,
rcn-00866,RUN-2025-04-05-01,SETTLEMENT_VS_PAYMENT,core.payments,PAY-0209,core.settlements,SET-0209,MISMATCH,6549.16,6419.57,129.59,0,129.59,LEAKAGE,TOL-SETTLEMENT,2025-04-05T00:00:00Z,LEAKAGE on SETTLEMENT_VS_PAYMENT
rcn-00867,RUN-2025-04-05-01,FEE_VS_RATE_CARD,core.payments,PAY-0209,core.gateway_fees,FEE-0209,MATCHED,134.15,134.15,0.0,0,0,LEGITIMATE,TOL-FEE,2025-04-05T00:00:00Z,
rcn-00868,RUN-2025-04-05-01,BANK_VS_SETTLEMENT,core.settlements,SET-0209,core.bank_transactions,BNK-0209,MATCHED,6419.57,6419.57,0.0,0,0,LEGITIMATE,TOL-BANK,2025-04-05T00:00:00Z,
rcn-00869,RUN-2025-04-05-01,PAYMENT_VS_ORDER,core.orders,ORD-210,core.payments,PAY-0210,MATCHED,10718.16,10718.16,0.0,0,0,LEGITIMATE,TOL-PAYMENT,2025-04-05T00:00:00Z,
rcn-00870,RUN-2025-04-05-01,SETTLEMENT_VS_PAYMENT,core.payments,PAY-0210,core.settlements,SET-0210,MATCHED,10420.94,10420.94,0.0,0,0,LEGITIMATE,TOL-SETTLEMENT,2025-04-05T00:00:00Z,
rcn-00871,RUN-2025-04-05-01,FEE_VS_RATE_CARD,core.payments,PAY-0210,core.gateway_fees,FEE-0210,MATCHED,251.88,251.88,0.0,0,0,LEGITIMATE,TOL-FEE,2025-04-05T00:00:00Z,
rcn-00872,RUN-2025-04-05-01,BANK_VS_SETTLEMENT,core.settlements,SET-0210,core.bank_transactions,BNK-0210,MATCHED,10420.94,10420.94,0.0,0,0,LEGITIMATE,TOL-BANK,2025-04-05T00:00:00Z,
rcn-00873,RUN-2025-04-05-01,PAYMENT_VS_ORDER,core.orders,ORD-211,core.payments,PAY-0211,MATCHED,299.0,299.0,0.0,0,0,LEGITIMATE,TOL-PAYMENT,2025-04-05T00:00:00Z,
rcn-00874,RUN-2025-04-05-01,SETTLEMENT_VS_PAYMENT,core.payments,PAY-0211,core.settlements,SET-0211,MATCHED,291.94,291.94,0.0,0,0,LEGITIMATE,TOL-SETTLEMENT,2025-04-05T00:00:00Z,
rcn-00875,RUN-2025-04-05-01,FEE_VS_RATE_CARD,core.payments,PAY-0211,core.gateway_fees,FEE-0211,MATCHED,5.98,5.98,0.0,0,0,LEGITIMATE,TOL-FEE,2025-04-05T00:00:00Z,
rcn-00876,RUN-2025-04-05-01,BANK_VS_SETTLEMENT,core.settlements,SET-0211,core.bank_transactions,BNK-0211,MATCHED,291.94,291.94,0.0,0,0,LEGITIMATE,TOL-BANK,2025-04-05T00:00:00Z,
rcn-00877,RUN-2025-04-05-01,PAYMENT_VS_ORDER,core.orders,ORD-212,core.payments,PAY-0212,MATCHED,371.15,371.15,0.0,0,0,LEGITIMATE,TOL-PAYMENT,2025-04-05T00:00:00Z,
rcn-00878,RUN-2025-04-05-01,SETTLEMENT_VS_PAYMENT,core.payments,PAY-0212,core.settlements,SET-0212,MATCHED,362.39,362.39,0.0,0,0,LEGITIMATE,TOL-SETTLEMENT,2025-04-05T00:00:00Z,
rcn-00879,RUN-2025-04-05-01,FEE_VS_RATE_CARD,core.payments,PAY-0212,core.gateway_fees,FEE-0212,MATCHED,7.42,7.42,0.0,0,0,LEGITIMATE,TOL-FEE,2025-04-05T00:00:00Z,
rcn-00880,RUN-2025-04-05-01,BANK_VS_SETTLEMENT,core.settlements,SET-0212,core.bank_transactions,BNK-0212,MATCHED,362.39,362.39,0.0,0,0,LEGITIMATE,TOL-BANK,2025-04-05T00:00:00Z,
rcn-00881,RUN-2025-04-05-01,PAYMENT_VS_ORDER,core.orders,ORD-213,core.payments,PAY-0213,MATCHED,857.35,857.35,0.0,0,0,LEGITIMATE,TOL-PAYMENT,2025-04-05T00:00:00Z,
rcn-00882,RUN-2025-04-05-01,SETTLEMENT_VS_PAYMENT,core.payments,PAY-0213,core.settlements,SET-0213,MATCHED,837.11,837.11,0.0,0,0,LEGITIMATE,TOL-SETTLEMENT,2025-04-05T00:00:00Z,
rcn-00883,RUN-2025-04-05-01,FEE_VS_RATE_CARD,core.payments,PAY-0213,core.gateway_fees,FEE-0213,MATCHED,17.15,17.15,0.0,0,0,LEGITIMATE,TOL-FEE,2025-04-05T00:00:00Z,
rcn-00884,RUN-2025-04-05-01,BANK_VS_SETTLEMENT,core.settlements,SET-0213,core.bank_transactions,BNK-0213,MATCHED,837.11,837.11,0.0,0,0,LEGITIMATE,TOL-BANK,2025-04-05T00:00:00Z,
rcn-00885,RUN-2025-04-05-01,PAYMENT_VS_ORDER,core.orders,ORD-214,core.payments,PAY-0214,MATCHED,1730.38,1730.38,0.0,0,0,LEGITIMATE,TOL-PAYMENT,2025-04-05T00:00:00Z,
rcn-00886,RUN-2025-04-05-01,SETTLEMENT_VS_PAYMENT,core.payments,PAY-0214,core.settlements,SET-0214,MATCHED,1716.22,1716.22,0.0,0,0,LEGITIMATE,TOL-SETTLEMENT,2025-04-05T00:00:00Z,
rcn-00887,RUN-2025-04-05-01,FEE_VS_RATE_CARD,core.payments,PAY-0214,core.gateway_fees,FEE-0214,MATCHED,12.0,12.0,0.0,0,0,LEGITIMATE,TOL-FEE,2025-04-05T00:00:00Z,
rcn-00888,RUN-2025-04-05-01,BANK_VS_SETTLEMENT,core.settlements,SET-0214,core.bank_transactions,BNK-0214,MATCHED,1716.22,1716.22,0.0,0,0,LEGITIMATE,TOL-BANK,2025-04-05T00:00:00Z,
rcn-00889,RUN-2025-04-05-01,PAYMENT_VS_ORDER,core.orders,ORD-215,core.payments,PAY-0215,MATCHED,941.47,941.47,0.0,0,0,LEGITIMATE,TOL-PAYMENT,2025-04-05T00:00:00Z,
rcn-00890,RUN-2025-04-05-01,SETTLEMENT_VS_PAYMENT,core.payments,PAY-0215,core.settlements,SET-0215,MATCHED,937.02,937.02,0.0,0,0,LEGITIMATE,TOL-SETTLEMENT,2025-04-05T00:00:00Z,
rcn-00891,RUN-2025-04-05-01,FEE_VS_RATE_CARD,core.payments,PAY-0215,core.gateway_fees,FEE-0215,MATCHED,3.77,3.77,0.0,0,0,LEGITIMATE,TOL-FEE,2025-04-05T00:00:00Z,
rcn-00892,RUN-2025-04-05-01,BANK_VS_SETTLEMENT,core.settlements,SET-0215,core.bank_transactions,BNK-0215,MATCHED,937.02,937.02,0.0,0,0,LEGITIMATE,TOL-BANK,2025-04-05T00:00:00Z,
rcn-00893,RUN-2025-04-05-01,PAYMENT_VS_ORDER,core.orders,ORD-216,core.payments,PAY-0216,MATCHED,3356.8,3356.8,0.0,0,0,LEGITIMATE,TOL-PAYMENT,2025-04-05T00:00:00Z,
rcn-00894,RUN-2025-04-05-01,SETTLEMENT_VS_PAYMENT,core.payments,PAY-0216,core.settlements,SET-0216,MATCHED,3342.64,3342.64,0.0,0,0,LEGITIMATE,TOL-SETTLEMENT,2025-04-05T00:00:00Z,
rcn-00895,RUN-2025-04-05-01,FEE_VS_RATE_CARD,core.payments,PAY-0216,core.gateway_fees,FEE-0216,MATCHED,12.0,12.0,0.0,0,0,LEGITIMATE,TOL-FEE,2025-04-05T00:00:00Z,
rcn-00896,RUN-2025-04-05-01,BANK_VS_SETTLEMENT,core.settlements,SET-0216,core.bank_transactions,BNK-0216,MATCHED,3342.64,3342.64,0.0,0,0,LEGITIMATE,TOL-BANK,2025-04-05T00:00:00Z,
rcn-00897,RUN-2025-04-05-01,PAYMENT_VS_ORDER,core.orders,ORD-217,core.payments,PAY-0217,MATCHED,3448.38,3448.38,0.0,0,0,LEGITIMATE,TOL-PAYMENT,2025-04-05T00:00:00Z,
rcn-00898,RUN-2025-04-05-01,SETTLEMENT_VS_PAYMENT,core.payments,PAY-0217,core.settlements,SET-0217,MATCHED,3432.11,3432.11,0.0,0,0,LEGITIMATE,TOL-SETTLEMENT,2025-04-05T00:00:00Z,
rcn-00899,RUN-2025-04-05-01,FEE_VS_RATE_CARD,core.payments,PAY-0217,core.gateway_fees,FEE-0217,MATCHED,13.79,13.79,0.0,0,0,LEGITIMATE,TOL-FEE,2025-04-05T00:00:00Z,
rcn-00900,RUN-2025-04-05-01,BANK_VS_SETTLEMENT,core.settlements,SET-0217,core.bank_transactions,BNK-0217,MATCHED,3432.11,3432.11,0.0,0,0,LEGITIMATE,TOL-BANK,2025-04-05T00:00:00Z,
rcn-00901,RUN-2025-04-05-01,PAYMENT_VS_ORDER,core.orders,ORD-218,core.payments,PAY-0218,MATCHED,658.74,658.74,0.0,0,0,LEGITIMATE,TOL-PAYMENT,2025-04-05T00:00:00Z,
rcn-00902,RUN-2025-04-05-01,SETTLEMENT_VS_PAYMENT,core.payments,PAY-0218,core.settlements,SET-0218,MATCHED,640.47,640.47,0.0,0,0,LEGITIMATE,TOL-SETTLEMENT,2025-04-05T00:00:00Z,
rcn-00903,RUN-2025-04-05-01,FEE_VS_RATE_CARD,core.payments,PAY-0218,core.gateway_fees,FEE-0218,MATCHED,15.48,15.48,0.0,0,0,LEGITIMATE,TOL-FEE,2025-04-05T00:00:00Z,
rcn-00904,RUN-2025-04-05-01,BANK_VS_SETTLEMENT,core.settlements,SET-0218,core.bank_transactions,BNK-0218,MATCHED,640.47,640.47,0.0,0,0,LEGITIMATE,TOL-BANK,2025-04-05T00:00:00Z,
rcn-00905,RUN-2025-04-05-01,PAYMENT_VS_ORDER,core.orders,ORD-219,core.payments,PAY-0219,MATCHED,1012.62,1012.62,0.0,0,0,LEGITIMATE,TOL-PAYMENT,2025-04-05T00:00:00Z,
rcn-00906,RUN-2025-04-05-01,SETTLEMENT_VS_PAYMENT,core.payments,PAY-0219,core.settlements,SET-0219,MATCHED,1007.84,1006.0,1.84,0,0,LEGITIMATE,TOL-SETTLEMENT,2025-04-05T00:00:00Z,
rcn-00907,RUN-2025-04-05-01,FEE_VS_RATE_CARD,core.payments,PAY-0219,core.gateway_fees,FEE-0219,MISMATCH,4.05,5.89,-1.84,0,1.84,LEAKAGE,TOL-FEE,2025-04-05T00:00:00Z,LEAKAGE on FEE_VS_RATE_CARD
rcn-00908,RUN-2025-04-05-01,BANK_VS_SETTLEMENT,core.settlements,SET-0219,core.bank_transactions,BNK-0219,MATCHED,1006.0,1006.0,0.0,0,0,LEGITIMATE,TOL-BANK,2025-04-05T00:00:00Z,
rcn-00909,RUN-2025-04-05-01,PAYMENT_VS_ORDER,core.orders,ORD-220,core.payments,PAY-0220,MATCHED,1469.68,1469.68,0.0,0,0,LEGITIMATE,TOL-PAYMENT,2025-04-05T00:00:00Z,
rcn-00910,RUN-2025-04-05-01,SETTLEMENT_VS_PAYMENT,core.payments,PAY-0220,core.settlements,SET-0220,MATCHED,1435.0,1435.0,0.0,0,0,LEGITIMATE,TOL-SETTLEMENT,2025-04-05T00:00:00Z,
rcn-00911,RUN-2025-04-05-01,FEE_VS_RATE_CARD,core.payments,PAY-0220,core.gateway_fees,FEE-0220,MATCHED,29.39,29.39,0.0,0,0,LEGITIMATE,TOL-FEE,2025-04-05T00:00:00Z,
rcn-00912,RUN-2025-04-05-01,BANK_VS_SETTLEMENT,core.settlements,SET-0220,core.bank_transactions,BNK-0220,MATCHED,1435.0,1435.0,0.0,0,0,LEGITIMATE,TOL-BANK,2025-04-05T00:00:00Z,
rcn-00913,RUN-2025-04-05-01,PAYMENT_VS_ORDER,core.orders,ORD-221,core.payments,PAY-0221,MATCHED,647.55,647.55,0.0,0,0,LEGITIMATE,TOL-PAYMENT,2025-04-05T00:00:00Z,
rcn-00914,RUN-2025-04-05-01,SETTLEMENT_VS_PAYMENT,core.payments,PAY-0221,core.settlements,SET-0221,MATCHED,633.39,633.39,0.0,0,0,LEGITIMATE,TOL-SETTLEMENT,2025-04-05T00:00:00Z,
rcn-00915,RUN-2025-04-05-01,FEE_VS_RATE_CARD,core.payments,PAY-0221,core.gateway_fees,FEE-0221,MATCHED,12.0,12.0,0.0,0,0,LEGITIMATE,TOL-FEE,2025-04-05T00:00:00Z,
rcn-00916,RUN-2025-04-05-01,BANK_VS_SETTLEMENT,core.settlements,SET-0221,core.bank_transactions,BNK-0221,MATCHED,633.39,633.39,0.0,0,0,LEGITIMATE,TOL-BANK,2025-04-05T00:00:00Z,
rcn-00917,RUN-2025-04-05-01,PAYMENT_VS_ORDER,core.orders,ORD-222,core.payments,PAY-0222,MATCHED,3344.39,3344.39,0.0,0,0,LEGITIMATE,TOL-PAYMENT,2025-04-05T00:00:00Z,
rcn-00918,RUN-2025-04-05-01,SETTLEMENT_VS_PAYMENT,core.payments,PAY-0222,core.settlements,SET-0222,MATCHED,3269.41,3269.41,0.0,0,0,LEGITIMATE,TOL-SETTLEMENT,2025-04-05T00:00:00Z,
rcn-00919,RUN-2025-04-05-01,FEE_VS_RATE_CARD,core.payments,PAY-0222,core.gateway_fees,FEE-0222,MATCHED,63.54,63.54,0.0,0,0,LEGITIMATE,TOL-FEE,2025-04-05T00:00:00Z,
rcn-00920,RUN-2025-04-05-01,BANK_VS_SETTLEMENT,core.settlements,SET-0222,core.bank_transactions,BNK-0222,MATCHED,3269.41,3269.41,0.0,0,0,LEGITIMATE,TOL-BANK,2025-04-05T00:00:00Z,
rcn-00921,RUN-2025-04-05-01,PAYMENT_VS_ORDER,core.orders,ORD-223,core.payments,PAY-0223,MATCHED,299.0,299.0,0.0,0,0,LEGITIMATE,TOL-PAYMENT,2025-04-05T00:00:00Z,
rcn-00922,RUN-2025-04-05-01,SETTLEMENT_VS_PAYMENT,core.payments,PAY-0223,core.settlements,SET-0223,MATCHED,297.58,297.58,0.0,0,0,LEGITIMATE,TOL-SETTLEMENT,2025-04-05T00:00:00Z,
rcn-00923,RUN-2025-04-05-01,FEE_VS_RATE_CARD,core.payments,PAY-0223,core.gateway_fees,FEE-0223,MATCHED,1.2,1.2,0.0,0,0,LEGITIMATE,TOL-FEE,2025-04-05T00:00:00Z,
rcn-00924,RUN-2025-04-05-01,BANK_VS_SETTLEMENT,core.settlements,SET-0223,core.bank_transactions,BNK-0223,MATCHED,297.58,297.58,0.0,0,0,LEGITIMATE,TOL-BANK,2025-04-05T00:00:00Z,
rcn-00925,RUN-2025-04-05-01,PAYMENT_VS_ORDER,core.orders,ORD-224,core.payments,PAY-0224,MATCHED,577.63,577.63,0.0,0,0,LEGITIMATE,TOL-PAYMENT,2025-04-05T00:00:00Z,
rcn-00926,RUN-2025-04-05-01,SETTLEMENT_VS_PAYMENT,core.payments,PAY-0224,core.settlements,SET-0224,MATCHED,373.09,373.09,0.0,0,0,LEGITIMATE,TOL-SETTLEMENT,2025-04-05T00:00:00Z,
rcn-00927,RUN-2025-04-05-01,FEE_VS_RATE_CARD,core.payments,PAY-0224,core.gateway_fees,FEE-0224,MATCHED,11.55,11.55,0.0,0,0,LEGITIMATE,TOL-FEE,2025-04-05T00:00:00Z,
rcn-00928,RUN-2025-04-05-01,BANK_VS_SETTLEMENT,core.settlements,SET-0224,core.bank_transactions,BNK-0224,MATCHED,373.09,373.09,0.0,0,0,LEGITIMATE,TOL-BANK,2025-04-05T00:00:00Z,
rcn-00929,RUN-2025-04-05-01,REFUND_VS_PAYMENT,core.payments,PAY-0224,core.refunds,REF-0224,MATCHED,194.81,194.81,0.0,0,0,LEGITIMATE,TOL-REFUND,2025-04-05T00:00:00Z,
rcn-00930,RUN-2025-04-05-01,PAYMENT_VS_ORDER,core.orders,ORD-225,core.payments,PAY-0225,MATCHED,4049.31,4049.31,0.0,0,0,LEGITIMATE,TOL-PAYMENT,2025-04-05T00:00:00Z,
rcn-00931,RUN-2025-04-05-01,SETTLEMENT_VS_PAYMENT,core.payments,PAY-0225,core.settlements,SET-0225,MATCHED,4030.19,4030.19,0.0,0,0,LEGITIMATE,TOL-SETTLEMENT,2025-04-05T00:00:00Z,
rcn-00932,RUN-2025-04-05-01,FEE_VS_RATE_CARD,core.payments,PAY-0225,core.gateway_fees,FEE-0225,MATCHED,16.2,16.2,0.0,0,0,LEGITIMATE,TOL-FEE,2025-04-05T00:00:00Z,
rcn-00933,RUN-2025-04-05-01,BANK_VS_SETTLEMENT,core.settlements,SET-0225,core.bank_transactions,BNK-0225,MATCHED,4030.19,4030.19,0.0,0,0,LEGITIMATE,TOL-BANK,2025-04-05T00:00:00Z,
rcn-00934,RUN-2025-04-05-01,PAYMENT_VS_ORDER,core.orders,ORD-226,core.payments,PAY-0226,MATCHED,3340.9,3340.9,0.0,0,0,LEGITIMATE,TOL-PAYMENT,2025-04-05T00:00:00Z,
rcn-00935,RUN-2025-04-05-01,SETTLEMENT_VS_PAYMENT,core.payments,PAY-0226,core.settlements,SET-0226,MATCHED,3325.14,3325.14,0.0,0,0,LEGITIMATE,TOL-SETTLEMENT,2025-04-05T00:00:00Z,
rcn-00936,RUN-2025-04-05-01,FEE_VS_RATE_CARD,core.payments,PAY-0226,core.gateway_fees,FEE-0226,MATCHED,13.36,13.36,0.0,0,0,LEGITIMATE,TOL-FEE,2025-04-05T00:00:00Z,
rcn-00937,RUN-2025-04-05-01,BANK_VS_SETTLEMENT,core.settlements,SET-0226,core.bank_transactions,BNK-0226,MATCHED,3325.14,3325.14,0.0,0,0,LEGITIMATE,TOL-BANK,2025-04-05T00:00:00Z,
rcn-00938,RUN-2025-04-05-01,PAYMENT_VS_ORDER,core.orders,ORD-227,core.payments,PAY-0227,MATCHED,1466.06,1466.06,0.0,0,0,LEGITIMATE,TOL-PAYMENT,2025-04-05T00:00:00Z,
rcn-00939,RUN-2025-04-05-01,SETTLEMENT_VS_PAYMENT,core.payments,PAY-0227,core.settlements,SET-0227,MATCHED,1459.15,1459.15,0.0,0,0,LEGITIMATE,TOL-SETTLEMENT,2025-04-05T00:00:00Z,
rcn-00940,RUN-2025-04-05-01,FEE_VS_RATE_CARD,core.payments,PAY-0227,core.gateway_fees,FEE-0227,MATCHED,5.86,5.86,0.0,0,0,LEGITIMATE,TOL-FEE,2025-04-05T00:00:00Z,
rcn-00941,RUN-2025-04-05-01,BANK_VS_SETTLEMENT,core.settlements,SET-0227,core.bank_transactions,BNK-0227,MATCHED,1459.15,1459.15,0.0,0,0,LEGITIMATE,TOL-BANK,2025-04-05T00:00:00Z,
rcn-00942,RUN-2025-04-05-01,PAYMENT_VS_ORDER,core.orders,ORD-228,core.payments,PAY-0228,MATCHED,442.41,442.41,0.0,0,0,LEGITIMATE,TOL-PAYMENT,2025-04-05T00:00:00Z,
rcn-00943,RUN-2025-04-05-01,SETTLEMENT_VS_PAYMENT,core.payments,PAY-0228,core.settlements,SET-0228,MATCHED,431.97,431.97,0.0,0,0,LEGITIMATE,TOL-SETTLEMENT,2025-04-05T00:00:00Z,
rcn-00944,RUN-2025-04-05-01,FEE_VS_RATE_CARD,core.payments,PAY-0228,core.gateway_fees,FEE-0228,MATCHED,8.85,8.85,0.0,0,0,LEGITIMATE,TOL-FEE,2025-04-05T00:00:00Z,
rcn-00945,RUN-2025-04-05-01,BANK_VS_SETTLEMENT,core.settlements,SET-0228,core.bank_transactions,BNK-0228,MATCHED,431.97,431.97,0.0,0,0,LEGITIMATE,TOL-BANK,2025-04-05T00:00:00Z,
rcn-00946,RUN-2025-04-05-01,PAYMENT_VS_ORDER,core.orders,ORD-229,core.payments,PAY-0229,MATCHED,761.56,761.56,0.0,0,0,LEGITIMATE,TOL-PAYMENT,2025-04-05T00:00:00Z,
rcn-00947,RUN-2025-04-05-01,SETTLEMENT_VS_PAYMENT,core.payments,PAY-0229,core.settlements,SET-0229,MATCHED,740.44,740.44,0.0,0,0,LEGITIMATE,TOL-SETTLEMENT,2025-04-05T00:00:00Z,
rcn-00948,RUN-2025-04-05-01,FEE_VS_RATE_CARD,core.payments,PAY-0229,core.gateway_fees,FEE-0229,MATCHED,17.9,17.9,0.0,0,0,LEGITIMATE,TOL-FEE,2025-04-05T00:00:00Z,
rcn-00949,RUN-2025-04-05-01,BANK_VS_SETTLEMENT,core.settlements,SET-0229,core.bank_transactions,BNK-0229,MATCHED,740.44,740.44,0.0,0,0,LEGITIMATE,TOL-BANK,2025-04-05T00:00:00Z,
rcn-00950,RUN-2025-04-05-01,PAYMENT_VS_ORDER,core.orders,ORD-230,core.payments,PAY-0230,MATCHED,741.79,741.79,0.0,0,0,LEGITIMATE,TOL-PAYMENT,2025-04-05T00:00:00Z,
rcn-00951,RUN-2025-04-05-01,SETTLEMENT_VS_PAYMENT,core.payments,PAY-0230,core.settlements,SET-0230,MATCHED,725.16,725.16,0.0,0,0,LEGITIMATE,TOL-SETTLEMENT,2025-04-05T00:00:00Z,
rcn-00952,RUN-2025-04-05-01,FEE_VS_RATE_CARD,core.payments,PAY-0230,core.gateway_fees,FEE-0230,MATCHED,14.09,14.09,0.0,0,0,LEGITIMATE,TOL-FEE,2025-04-05T00:00:00Z,
rcn-00953,RUN-2025-04-05-01,BANK_VS_SETTLEMENT,core.settlements,SET-0230,core.bank_transactions,BNK-0230,MATCHED,725.16,725.16,0.0,0,0,LEGITIMATE,TOL-BANK,2025-04-05T00:00:00Z,
rcn-00954,RUN-2025-04-05-01,PAYMENT_VS_ORDER,core.orders,ORD-231,core.payments,PAY-0231,MATCHED,1283.29,1283.29,0.0,0,0,LEGITIMATE,TOL-PAYMENT,2025-04-05T00:00:00Z,
rcn-00955,RUN-2025-04-05-01,SETTLEMENT_VS_PAYMENT,core.payments,PAY-0231,core.settlements,,UNMATCHED,1253.0,,,0,1253.0,LEAKAGE,TOL-SETTLEMENT,2025-04-05T00:00:00Z,LEAKAGE on SETTLEMENT_VS_PAYMENT
rcn-00956,RUN-2025-04-05-01,FEE_VS_RATE_CARD,core.payments,PAY-0231,core.gateway_fees,FEE-0231,MATCHED,25.67,25.67,0.0,0,0,LEGITIMATE,TOL-FEE,2025-04-05T00:00:00Z,
rcn-00957,RUN-2025-04-05-01,PAYMENT_VS_ORDER,core.orders,ORD-232,core.payments,PAY-0232,MATCHED,299.0,299.0,0.0,0,0,LEGITIMATE,TOL-PAYMENT,2025-04-05T00:00:00Z,
rcn-00958,RUN-2025-04-05-01,SETTLEMENT_VS_PAYMENT,core.payments,PAY-0232,core.settlements,SET-0232,MATCHED,297.58,297.58,0.0,0,0,LEGITIMATE,TOL-SETTLEMENT,2025-04-05T00:00:00Z,
rcn-00959,RUN-2025-04-05-01,FEE_VS_RATE_CARD,core.payments,PAY-0232,core.gateway_fees,FEE-0232,MATCHED,1.2,1.2,0.0,0,0,LEGITIMATE,TOL-FEE,2025-04-05T00:00:00Z,
rcn-00960,RUN-2025-04-05-01,BANK_VS_SETTLEMENT,core.settlements,SET-0232,core.bank_transactions,BNK-0232,MATCHED,297.58,297.58,0.0,0,0,LEGITIMATE,TOL-BANK,2025-04-05T00:00:00Z,
rcn-00961,RUN-2025-04-05-01,PAYMENT_VS_ORDER,core.orders,ORD-233,core.payments,PAY-0233,MATCHED,642.77,642.77,0.0,0,0,LEGITIMATE,TOL-PAYMENT,2025-04-05T00:00:00Z,
rcn-00962,RUN-2025-04-05-01,SETTLEMENT_VS_PAYMENT,core.payments,PAY-0233,core.settlements,SET-0233,MATCHED,639.74,639.74,0.0,0,0,LEGITIMATE,TOL-SETTLEMENT,2025-04-05T00:00:00Z,
rcn-00963,RUN-2025-04-05-01,FEE_VS_RATE_CARD,core.payments,PAY-0233,core.gateway_fees,FEE-0233,MATCHED,2.57,2.57,0.0,0,0,LEGITIMATE,TOL-FEE,2025-04-05T00:00:00Z,
rcn-00964,RUN-2025-04-05-01,BANK_VS_SETTLEMENT,core.settlements,SET-0233,core.bank_transactions,BNK-0233,MATCHED,639.74,639.74,0.0,0,0,LEGITIMATE,TOL-BANK,2025-04-05T00:00:00Z,
rcn-00965,RUN-2025-04-05-01,PAYMENT_VS_ORDER,core.orders,ORD-234,core.payments,PAY-0234,MATCHED,1929.77,1929.77,0.0,0,0,LEGITIMATE,TOL-PAYMENT,2025-04-05T00:00:00Z,
rcn-00966,RUN-2025-04-05-01,SETTLEMENT_VS_PAYMENT,core.payments,PAY-0234,core.settlements,SET-0234,MATCHED,1884.22,1884.22,0.0,0,0,LEGITIMATE,TOL-SETTLEMENT,2025-04-05T00:00:00Z,
rcn-00967,RUN-2025-04-05-01,FEE_VS_RATE_CARD,core.payments,PAY-0234,core.gateway_fees,FEE-0234,MATCHED,38.6,38.6,0.0,0,0,LEGITIMATE,TOL-FEE,2025-04-05T00:00:00Z,
rcn-00968,RUN-2025-04-05-01,BANK_VS_SETTLEMENT,core.settlements,SET-0234,core.bank_transactions,BNK-0234,MATCHED,1884.22,1884.22,0.0,0,0,LEGITIMATE,TOL-BANK,2025-04-05T00:00:00Z,
rcn-00969,RUN-2025-04-05-01,PAYMENT_VS_ORDER,core.orders,ORD-235,core.payments,PAY-0235,MATCHED,1133.66,1133.66,0.0,0,0,LEGITIMATE,TOL-PAYMENT,2025-04-05T00:00:00Z,
rcn-00970,RUN-2025-04-05-01,SETTLEMENT_VS_PAYMENT,core.payments,PAY-0235,core.settlements,SET-0235,MATCHED,1106.91,1106.91,0.0,0,0,LEGITIMATE,TOL-SETTLEMENT,2025-04-05T00:00:00Z,
rcn-00971,RUN-2025-04-05-01,FEE_VS_RATE_CARD,core.payments,PAY-0235,core.gateway_fees,FEE-0235,MATCHED,22.67,22.67,0.0,0,0,LEGITIMATE,TOL-FEE,2025-04-05T00:00:00Z,
rcn-00972,RUN-2025-04-05-01,BANK_VS_SETTLEMENT,core.settlements,SET-0235,core.bank_transactions,BNK-0235,MATCHED,1106.91,1106.91,0.0,0,0,LEGITIMATE,TOL-BANK,2025-04-05T00:00:00Z,
rcn-00973,RUN-2025-04-05-01,PAYMENT_VS_ORDER,core.orders,ORD-237,core.payments,PAY-0237,MATCHED,3549.94,3549.94,0.0,0,0,LEGITIMATE,TOL-PAYMENT,2025-04-05T00:00:00Z,
rcn-00974,RUN-2025-04-05-01,SETTLEMENT_VS_PAYMENT,core.payments,PAY-0237,core.settlements,SET-0237,MATCHED,3466.16,3466.16,0.0,0,0,LEGITIMATE,TOL-SETTLEMENT,2025-04-05T00:00:00Z,
rcn-00975,RUN-2025-04-05-01,FEE_VS_RATE_CARD,core.payments,PAY-0237,core.gateway_fees,FEE-0237,MATCHED,71.0,71.0,0.0,0,0,LEGITIMATE,TOL-FEE,2025-04-05T00:00:00Z,
rcn-00976,RUN-2025-04-05-01,BANK_VS_SETTLEMENT,core.settlements,SET-0237,core.bank_transactions,BNK-0237,MATCHED,3466.16,3466.16,0.0,0,0,LEGITIMATE,TOL-BANK,2025-04-05T00:00:00Z,
rcn-00977,RUN-2025-04-05-01,PAYMENT_VS_ORDER,core.orders,ORD-238,core.payments,PAY-0238,MATCHED,1592.88,1592.88,0.0,0,0,LEGITIMATE,TOL-PAYMENT,2025-04-05T00:00:00Z,
rcn-00978,RUN-2025-04-05-01,SETTLEMENT_VS_PAYMENT,core.payments,PAY-0238,core.settlements,,UNMATCHED,1237.65,,,0,1237.65,LEAKAGE,TOL-SETTLEMENT,2025-04-05T00:00:00Z,LEAKAGE on SETTLEMENT_VS_PAYMENT
rcn-00979,RUN-2025-04-05-01,FEE_VS_RATE_CARD,core.payments,PAY-0238,core.gateway_fees,FEE-0238,MATCHED,31.86,31.86,0.0,0,0,LEGITIMATE,TOL-FEE,2025-04-05T00:00:00Z,
rcn-00980,RUN-2025-04-05-01,REFUND_VS_PAYMENT,core.payments,PAY-0238,core.refunds,REF-0238,MATCHED,324.12,324.12,0.0,0,0,LEGITIMATE,TOL-REFUND,2025-04-05T00:00:00Z,
rcn-00981,RUN-2025-04-05-01,PAYMENT_VS_ORDER,core.orders,ORD-239,core.payments,PAY-0239,MATCHED,1148.66,1148.66,0.0,0,0,LEGITIMATE,TOL-PAYMENT,2025-04-05T00:00:00Z,
rcn-00982,RUN-2025-04-05-01,SETTLEMENT_VS_PAYMENT,core.payments,PAY-0239,core.settlements,SET-0239,MATCHED,1121.56,1121.56,0.0,0,0,LEGITIMATE,TOL-SETTLEMENT,2025-04-05T00:00:00Z,
rcn-00983,RUN-2025-04-05-01,FEE_VS_RATE_CARD,core.payments,PAY-0239,core.gateway_fees,FEE-0239,MATCHED,22.97,22.97,0.0,0,0,LEGITIMATE,TOL-FEE,2025-04-05T00:00:00Z,
rcn-00984,RUN-2025-04-05-01,BANK_VS_SETTLEMENT,core.settlements,SET-0239,core.bank_transactions,BNK-0239,MATCHED,1121.56,1121.56,0.0,0,0,LEGITIMATE,TOL-BANK,2025-04-05T00:00:00Z,
rcn-00985,RUN-2025-04-05-01,PAYMENT_VS_ORDER,core.orders,ORD-240,core.payments,PAY-0240,MATCHED,809.84,809.84,0.0,0,0,LEGITIMATE,TOL-PAYMENT,2025-04-05T00:00:00Z,
rcn-00986,RUN-2025-04-05-01,SETTLEMENT_VS_PAYMENT,core.payments,PAY-0240,core.settlements,SET-0240,MATCHED,806.02,806.02,0.0,0,0,LEGITIMATE,TOL-SETTLEMENT,2025-04-05T00:00:00Z,
rcn-00987,RUN-2025-04-05-01,FEE_VS_RATE_CARD,core.payments,PAY-0240,core.gateway_fees,FEE-0240,MATCHED,3.24,3.24,0.0,0,0,LEGITIMATE,TOL-FEE,2025-04-05T00:00:00Z,
rcn-00988,RUN-2025-04-05-01,BANK_VS_SETTLEMENT,core.settlements,SET-0240,core.bank_transactions,BNK-0240,MATCHED,806.02,806.02,0.0,0,0,LEGITIMATE,TOL-BANK,2025-04-05T00:00:00Z,
rcn-00989,RUN-2025-04-05-01,PAYMENT_VS_ORDER,core.orders,ORD-241,core.payments,PAY-0241,MATCHED,4486.58,4486.58,0.0,0,0,LEGITIMATE,TOL-PAYMENT,2025-04-05T00:00:00Z,
rcn-00990,RUN-2025-04-05-01,SETTLEMENT_VS_PAYMENT,core.payments,PAY-0241,core.settlements,SET-0241,MATCHED,4380.7,4380.7,0.0,0,0,LEGITIMATE,TOL-SETTLEMENT,2025-04-05T00:00:00Z,
rcn-00991,RUN-2025-04-05-01,FEE_VS_RATE_CARD,core.payments,PAY-0241,core.gateway_fees,FEE-0241,MATCHED,89.73,89.73,0.0,0,0,LEGITIMATE,TOL-FEE,2025-04-05T00:00:00Z,
rcn-00992,RUN-2025-04-05-01,BANK_VS_SETTLEMENT,core.settlements,SET-0241,core.bank_transactions,BNK-0241,MATCHED,4380.7,4380.7,0.0,0,0,LEGITIMATE,TOL-BANK,2025-04-05T00:00:00Z,
rcn-00993,RUN-2025-04-05-01,PAYMENT_VS_ORDER,core.orders,ORD-242,core.payments,PAY-0242,MATCHED,1345.14,1345.14,0.0,0,0,LEGITIMATE,TOL-PAYMENT,2025-04-05T00:00:00Z,
rcn-00994,RUN-2025-04-05-01,SETTLEMENT_VS_PAYMENT,core.payments,PAY-0242,core.settlements,SET-0242,MATCHED,1338.79,1338.79,0.0,0,0,LEGITIMATE,TOL-SETTLEMENT,2025-04-05T00:00:00Z,
rcn-00995,RUN-2025-04-05-01,FEE_VS_RATE_CARD,core.payments,PAY-0242,core.gateway_fees,FEE-0242,MATCHED,5.38,5.38,0.0,0,0,LEGITIMATE,TOL-FEE,2025-04-05T00:00:00Z,
rcn-00996,RUN-2025-04-05-01,BANK_VS_SETTLEMENT,core.settlements,SET-0242,core.bank_transactions,BNK-0242,MATCHED,1338.79,1338.79,0.0,0,0,LEGITIMATE,TOL-BANK,2025-04-05T00:00:00Z,
rcn-00997,RUN-2025-04-05-01,PAYMENT_VS_ORDER,core.orders,ORD-243,core.payments,PAY-0243,MATCHED,2476.9,2476.9,0.0,0,0,LEGITIMATE,TOL-PAYMENT,2025-04-05T00:00:00Z,
rcn-00998,RUN-2025-04-05-01,SETTLEMENT_VS_PAYMENT,core.payments,PAY-0243,core.settlements,SET-0243,MATCHED,2465.21,2465.21,0.0,0,0,LEGITIMATE,TOL-SETTLEMENT,2025-04-05T00:00:00Z,
rcn-00999,RUN-2025-04-05-01,FEE_VS_RATE_CARD,core.payments,PAY-0243,core.gateway_fees,FEE-0243,MATCHED,9.91,9.91,0.0,0,0,LEGITIMATE,TOL-FEE,2025-04-05T00:00:00Z,
rcn-01000,RUN-2025-04-05-01,BANK_VS_SETTLEMENT,core.settlements,SET-0243,core.bank_transactions,BNK-0243,MATCHED,2465.21,2465.21,0.0,0,0,LEGITIMATE,TOL-BANK,2025-04-05T00:00:00Z,
rcn-01001,RUN-2025-04-05-01,PAYMENT_VS_ORDER,core.orders,ORD-244,core.payments,PAY-0244,MATCHED,299.0,299.0,0.0,0,0,LEGITIMATE,TOL-PAYMENT,2025-04-05T00:00:00Z,
rcn-01002,RUN-2025-04-05-01,SETTLEMENT_VS_PAYMENT,core.payments,PAY-0244,core.settlements,SET-0244,MATCHED,221.51,221.51,0.0,0,0,LEGITIMATE,TOL-SETTLEMENT,2025-04-05T00:00:00Z,
rcn-01003,RUN-2025-04-05-01,FEE_VS_RATE_CARD,core.payments,PAY-0244,core.gateway_fees,FEE-0244,MATCHED,1.2,1.2,0.0,0,0,LEGITIMATE,TOL-FEE,2025-04-05T00:00:00Z,
rcn-01004,RUN-2025-04-05-01,BANK_VS_SETTLEMENT,core.settlements,SET-0244,core.bank_transactions,BNK-0244,MATCHED,221.51,221.51,0.0,0,0,LEGITIMATE,TOL-BANK,2025-04-05T00:00:00Z,
rcn-01005,RUN-2025-04-05-01,REFUND_VS_PAYMENT,core.payments,PAY-0244,core.refunds,REF-0244,MATCHED,76.38,76.38,0.0,0,0,LEGITIMATE,TOL-REFUND,2025-04-05T00:00:00Z,
rcn-01006,RUN-2025-04-05-01,PAYMENT_VS_ORDER,core.orders,ORD-245,core.payments,PAY-0245,MATCHED,345.56,345.56,0.0,0,0,LEGITIMATE,TOL-PAYMENT,2025-04-05T00:00:00Z,
rcn-01007,RUN-2025-04-05-01,SETTLEMENT_VS_PAYMENT,core.payments,PAY-0245,core.settlements,SET-0245,MATCHED,337.81,337.81,0.0,0,0,LEGITIMATE,TOL-SETTLEMENT,2025-04-05T00:00:00Z,
rcn-01008,RUN-2025-04-05-01,FEE_VS_RATE_CARD,core.payments,PAY-0245,core.gateway_fees,FEE-0245,MATCHED,6.57,6.57,0.0,0,0,LEGITIMATE,TOL-FEE,2025-04-05T00:00:00Z,
rcn-01009,RUN-2025-04-05-01,BANK_VS_SETTLEMENT,core.settlements,SET-0245,core.bank_transactions,BNK-0245,MATCHED,337.81,337.81,0.0,0,0,LEGITIMATE,TOL-BANK,2025-04-05T00:00:00Z,
rcn-01010,RUN-2025-04-05-01,PAYMENT_VS_ORDER,core.orders,ORD-246,core.payments,PAY-0246,MATCHED,460.87,460.87,0.0,0,0,LEGITIMATE,TOL-PAYMENT,2025-04-05T00:00:00Z,
rcn-01011,RUN-2025-04-05-01,SETTLEMENT_VS_PAYMENT,core.payments,PAY-0246,core.settlements,SET-0246,MATCHED,458.7,458.7,0.0,0,0,LEGITIMATE,TOL-SETTLEMENT,2025-04-05T00:00:00Z,
rcn-01012,RUN-2025-04-05-01,FEE_VS_RATE_CARD,core.payments,PAY-0246,core.gateway_fees,FEE-0246,MATCHED,1.84,1.84,0.0,0,0,LEGITIMATE,TOL-FEE,2025-04-05T00:00:00Z,
rcn-01013,RUN-2025-04-05-01,BANK_VS_SETTLEMENT,core.settlements,SET-0246,core.bank_transactions,BNK-0246,MATCHED,458.7,458.7,0.0,0,0,LEGITIMATE,TOL-BANK,2025-04-05T00:00:00Z,
rcn-01014,RUN-2025-04-05-01,PAYMENT_VS_ORDER,core.orders,ORD-247,core.payments,PAY-0247,MATCHED,991.36,991.36,0.0,0,0,LEGITIMATE,TOL-PAYMENT,2025-04-05T00:00:00Z,
rcn-01015,RUN-2025-04-05-01,SETTLEMENT_VS_PAYMENT,core.payments,PAY-0247,core.settlements,SET-0247,MATCHED,969.13,969.13,0.0,0,0,LEGITIMATE,TOL-SETTLEMENT,2025-04-05T00:00:00Z,
rcn-01016,RUN-2025-04-05-01,FEE_VS_RATE_CARD,core.payments,PAY-0247,core.gateway_fees,FEE-0247,MATCHED,18.84,18.84,0.0,0,0,LEGITIMATE,TOL-FEE,2025-04-05T00:00:00Z,
rcn-01017,RUN-2025-04-05-01,BANK_VS_SETTLEMENT,core.settlements,SET-0247,core.bank_transactions,BNK-0247,MATCHED,969.13,969.13,0.0,0,0,LEGITIMATE,TOL-BANK,2025-04-05T00:00:00Z,
rcn-01018,RUN-2025-04-05-01,PAYMENT_VS_ORDER,core.orders,ORD-248,core.payments,PAY-0248,MATCHED,299.0,299.0,0.0,0,0,LEGITIMATE,TOL-PAYMENT,2025-04-05T00:00:00Z,
rcn-01019,RUN-2025-04-05-01,SETTLEMENT_VS_PAYMENT,core.payments,PAY-0248,core.settlements,SET-0248,MATCHED,297.58,297.12,0.46,0,0,LEGITIMATE,TOL-SETTLEMENT,2025-04-05T00:00:00Z,
rcn-01020,RUN-2025-04-05-01,FEE_VS_RATE_CARD,core.payments,PAY-0248,core.gateway_fees,FEE-0248,MATCHED,1.2,1.66,-0.46,0,0,LEGITIMATE,TOL-FEE,2025-04-05T00:00:00Z,
rcn-01021,RUN-2025-04-05-01,BANK_VS_SETTLEMENT,core.settlements,SET-0248,core.bank_transactions,BNK-0248,MATCHED,297.12,297.12,0.0,0,0,LEGITIMATE,TOL-BANK,2025-04-05T00:00:00Z,
rcn-01022,RUN-2025-04-05-01,PAYMENT_VS_ORDER,core.orders,ORD-249,core.payments,PAY-0249,MATCHED,10358.33,10358.33,0.0,0,0,LEGITIMATE,TOL-PAYMENT,2025-04-05T00:00:00Z,
rcn-01023,RUN-2025-04-05-01,SETTLEMENT_VS_PAYMENT,core.payments,PAY-0249,core.settlements,SET-0249,MATCHED,10113.87,10113.87,0.0,0,0,LEGITIMATE,TOL-SETTLEMENT,2025-04-05T00:00:00Z,
rcn-01024,RUN-2025-04-05-01,FEE_VS_RATE_CARD,core.payments,PAY-0249,core.gateway_fees,FEE-0249,MATCHED,207.17,207.17,0.0,0,0,LEGITIMATE,TOL-FEE,2025-04-05T00:00:00Z,
rcn-01025,RUN-2025-04-05-01,BANK_VS_SETTLEMENT,core.settlements,SET-0249,core.bank_transactions,BNK-0249,MATCHED,10113.87,10113.87,0.0,0,0,LEGITIMATE,TOL-BANK,2025-04-05T00:00:00Z,
rcn-01026,RUN-2025-04-05-01,PAYMENT_VS_ORDER,core.orders,ORD-250,core.payments,PAY-0250,MATCHED,540.51,540.51,0.0,0,0,LEGITIMATE,TOL-PAYMENT,2025-04-05T00:00:00Z,
rcn-01027,RUN-2025-04-05-01,SETTLEMENT_VS_PAYMENT,core.payments,PAY-0250,core.settlements,SET-0250,MATCHED,527.75,527.75,0.0,0,0,LEGITIMATE,TOL-SETTLEMENT,2025-04-05T00:00:00Z,
rcn-01028,RUN-2025-04-05-01,FEE_VS_RATE_CARD,core.payments,PAY-0250,core.gateway_fees,FEE-0250,MATCHED,10.81,10.81,0.0,0,0,LEGITIMATE,TOL-FEE,2025-04-05T00:00:00Z,
rcn-01029,RUN-2025-04-05-01,BANK_VS_SETTLEMENT,core.settlements,SET-0250,core.bank_transactions,BNK-0250,MATCHED,527.75,527.75,0.0,0,0,LEGITIMATE,TOL-BANK,2025-04-05T00:00:00Z,
rcn-01030,RUN-2025-04-05-01,PAYMENT_VS_ORDER,core.orders,ORD-251,core.payments,PAY-0251,MATCHED,299.0,299.0,0.0,0,0,LEGITIMATE,TOL-PAYMENT,2025-04-05T00:00:00Z,
rcn-01031,RUN-2025-04-05-01,SETTLEMENT_VS_PAYMENT,core.payments,PAY-0251,core.settlements,SET-0251,MATCHED,297.58,297.58,0.0,0,0,LEGITIMATE,TOL-SETTLEMENT,2025-04-05T00:00:00Z,
rcn-01032,RUN-2025-04-05-01,FEE_VS_RATE_CARD,core.payments,PAY-0251,core.gateway_fees,FEE-0251,MATCHED,1.2,1.2,0.0,0,0,LEGITIMATE,TOL-FEE,2025-04-05T00:00:00Z,
rcn-01033,RUN-2025-04-05-01,BANK_VS_SETTLEMENT,core.settlements,SET-0251,core.bank_transactions,BNK-0251,MATCHED,297.58,297.58,0.0,0,0,LEGITIMATE,TOL-BANK,2025-04-05T00:00:00Z,
rcn-01034,RUN-2025-04-05-01,PAYMENT_VS_ORDER,core.orders,ORD-252,core.payments,PAY-0252,MATCHED,2395.24,2395.24,0.0,0,0,LEGITIMATE,TOL-PAYMENT,2025-04-05T00:00:00Z,
rcn-01035,RUN-2025-04-05-01,SETTLEMENT_VS_PAYMENT,core.payments,PAY-0252,core.settlements,SET-0252,MATCHED,2338.72,2338.72,0.0,0,0,LEGITIMATE,TOL-SETTLEMENT,2025-04-05T00:00:00Z,
rcn-01036,RUN-2025-04-05-01,FEE_VS_RATE_CARD,core.payments,PAY-0252,core.gateway_fees,FEE-0252,MATCHED,47.9,47.9,0.0,0,0,LEGITIMATE,TOL-FEE,2025-04-05T00:00:00Z,
rcn-01037,RUN-2025-04-05-01,BANK_VS_SETTLEMENT,core.settlements,SET-0252,core.bank_transactions,BNK-0252,MATCHED,2338.72,2338.72,0.0,0,0,LEGITIMATE,TOL-BANK,2025-04-05T00:00:00Z,
rcn-01038,RUN-2025-04-05-01,PAYMENT_VS_ORDER,core.orders,ORD-253,core.payments,PAY-0253,MATCHED,882.11,882.11,0.0,0,0,LEGITIMATE,TOL-PAYMENT,2025-04-05T00:00:00Z,
rcn-01039,RUN-2025-04-05-01,SETTLEMENT_VS_PAYMENT,core.payments,PAY-0253,core.settlements,SET-0253,MATCHED,861.29,861.29,0.0,0,0,LEGITIMATE,TOL-SETTLEMENT,2025-04-05T00:00:00Z,
rcn-01040,RUN-2025-04-05-01,FEE_VS_RATE_CARD,core.payments,PAY-0253,core.gateway_fees,FEE-0253,MATCHED,17.64,17.64,0.0,0,0,LEGITIMATE,TOL-FEE,2025-04-05T00:00:00Z,
rcn-01041,RUN-2025-04-05-01,BANK_VS_SETTLEMENT,core.settlements,SET-0253,core.bank_transactions,BNK-0253,MATCHED,861.29,861.29,0.0,0,0,LEGITIMATE,TOL-BANK,2025-04-05T00:00:00Z,
rcn-01042,RUN-2025-04-05-01,PAYMENT_VS_ORDER,core.orders,ORD-254,core.payments,PAY-0254,MATCHED,5475.94,5475.94,0.0,0,0,LEGITIMATE,TOL-PAYMENT,2025-04-05T00:00:00Z,
rcn-01043,RUN-2025-04-05-01,SETTLEMENT_VS_PAYMENT,core.payments,PAY-0254,core.settlements,SET-0254,MATCHED,5346.71,5346.71,0.0,0,0,LEGITIMATE,TOL-SETTLEMENT,2025-04-05T00:00:00Z,
rcn-01044,RUN-2025-04-05-01,FEE_VS_RATE_CARD,core.payments,PAY-0254,core.gateway_fees,FEE-0254,MATCHED,109.52,109.52,0.0,0,0,LEGITIMATE,TOL-FEE,2025-04-05T00:00:00Z,
rcn-01045,RUN-2025-04-05-01,BANK_VS_SETTLEMENT,core.settlements,SET-0254,core.bank_transactions,BNK-0254,MATCHED,5346.71,5346.71,0.0,0,0,LEGITIMATE,TOL-BANK,2025-04-05T00:00:00Z,
rcn-01046,RUN-2025-04-05-01,PAYMENT_VS_ORDER,core.orders,ORD-255,core.payments,PAY-0255,MATCHED,2385.41,2385.41,0.0,0,0,LEGITIMATE,TOL-PAYMENT,2025-04-05T00:00:00Z,
rcn-01047,RUN-2025-04-05-01,SETTLEMENT_VS_PAYMENT,core.payments,PAY-0255,core.settlements,SET-0255,MATCHED,2374.15,2374.15,0.0,0,0,LEGITIMATE,TOL-SETTLEMENT,2025-04-05T00:00:00Z,
rcn-01048,RUN-2025-04-05-01,FEE_VS_RATE_CARD,core.payments,PAY-0255,core.gateway_fees,FEE-0255,MATCHED,9.54,9.54,0.0,0,0,LEGITIMATE,TOL-FEE,2025-04-05T00:00:00Z,
rcn-01049,RUN-2025-04-05-01,BANK_VS_SETTLEMENT,core.settlements,SET-0255,core.bank_transactions,BNK-0255,MATCHED,2374.15,2374.15,0.0,0,0,LEGITIMATE,TOL-BANK,2025-04-05T00:00:00Z,
rcn-01050,RUN-2025-04-05-01,PAYMENT_VS_ORDER,core.orders,ORD-256,core.payments,PAY-0256,MATCHED,2327.23,2327.23,0.0,0,0,LEGITIMATE,TOL-PAYMENT,2025-04-05T00:00:00Z,
rcn-01051,RUN-2025-04-05-01,SETTLEMENT_VS_PAYMENT,core.payments,PAY-0256,core.settlements,SET-0256,MATCHED,2272.31,2272.31,0.0,0,0,LEGITIMATE,TOL-SETTLEMENT,2025-04-05T00:00:00Z,
rcn-01052,RUN-2025-04-05-01,FEE_VS_RATE_CARD,core.payments,PAY-0256,core.gateway_fees,FEE-0256,MATCHED,46.54,46.54,0.0,0,0,LEGITIMATE,TOL-FEE,2025-04-05T00:00:00Z,
rcn-01053,RUN-2025-04-05-01,BANK_VS_SETTLEMENT,core.settlements,SET-0256,core.bank_transactions,BNK-0256,MATCHED,2272.31,2272.31,0.0,0,0,LEGITIMATE,TOL-BANK,2025-04-05T00:00:00Z,
rcn-01054,RUN-2025-04-05-01,PAYMENT_VS_ORDER,core.orders,ORD-257,core.payments,PAY-0257,MATCHED,299.0,299.0,0.0,0,0,LEGITIMATE,TOL-PAYMENT,2025-04-05T00:00:00Z,
rcn-01055,RUN-2025-04-05-01,SETTLEMENT_VS_PAYMENT,core.payments,PAY-0257,core.settlements,SET-0257,MATCHED,291.94,291.94,0.0,0,0,LEGITIMATE,TOL-SETTLEMENT,2025-04-05T00:00:00Z,
rcn-01056,RUN-2025-04-05-01,FEE_VS_RATE_CARD,core.payments,PAY-0257,core.gateway_fees,FEE-0257,MATCHED,5.98,5.98,0.0,0,0,LEGITIMATE,TOL-FEE,2025-04-05T00:00:00Z,
rcn-01057,RUN-2025-04-05-01,BANK_VS_SETTLEMENT,core.settlements,SET-0257,core.bank_transactions,BNK-0257,MATCHED,291.94,291.94,0.0,0,0,LEGITIMATE,TOL-BANK,2025-04-05T00:00:00Z,
rcn-01058,RUN-2025-04-05-01,PAYMENT_VS_ORDER,core.orders,ORD-258,core.payments,PAY-0258,MATCHED,874.05,874.05,0.0,0,0,LEGITIMATE,TOL-PAYMENT,2025-04-05T00:00:00Z,
rcn-01059,RUN-2025-04-05-01,SETTLEMENT_VS_PAYMENT,core.payments,PAY-0258,core.settlements,SET-0258,MATCHED,472.23,470.63,1.6,0,0,LEGITIMATE,TOL-SETTLEMENT,2025-04-05T00:00:00Z,
rcn-01060,RUN-2025-04-05-01,FEE_VS_RATE_CARD,core.payments,PAY-0258,core.gateway_fees,FEE-0258,MATCHED,3.5,3.5,0.0,0,0,LEGITIMATE,TOL-FEE,2025-04-05T00:00:00Z,
rcn-01061,RUN-2025-04-05-01,BANK_VS_SETTLEMENT,core.settlements,SET-0258,core.bank_transactions,BNK-0258,MATCHED,470.63,470.63,0.0,0,0,LEGITIMATE,TOL-BANK,2025-04-05T00:00:00Z,
rcn-01062,RUN-2025-04-05-01,REFUND_VS_PAYMENT,core.payments,PAY-0258,core.refunds,REF-0258,MATCHED,399.29,399.29,0.0,0,0,LEGITIMATE,TOL-REFUND,2025-04-05T00:00:00Z,
rcn-01063,RUN-2025-04-05-01,PAYMENT_VS_ORDER,core.orders,ORD-259,core.payments,PAY-0259,MATCHED,1521.63,1521.63,0.0,0,0,LEGITIMATE,TOL-PAYMENT,2025-04-05T00:00:00Z,
rcn-01064,RUN-2025-04-05-01,SETTLEMENT_VS_PAYMENT,core.payments,PAY-0259,core.settlements,SET-0259,MATCHED,1507.47,1507.47,0.0,0,0,LEGITIMATE,TOL-SETTLEMENT,2025-04-05T00:00:00Z,
rcn-01065,RUN-2025-04-05-01,FEE_VS_RATE_CARD,core.payments,PAY-0259,core.gateway_fees,FEE-0259,MATCHED,12.0,12.0,0.0,0,0,LEGITIMATE,TOL-FEE,2025-04-05T00:00:00Z,
rcn-01066,RUN-2025-04-05-01,BANK_VS_SETTLEMENT,core.settlements,SET-0259,core.bank_transactions,BNK-0259,MATCHED,1507.47,1507.47,0.0,0,0,LEGITIMATE,TOL-BANK,2025-04-05T00:00:00Z,
rcn-01067,RUN-2025-04-05-01,PAYMENT_VS_ORDER,core.orders,ORD-260,core.payments,PAY-0260,MATCHED,1174.2,1174.2,0.0,0,0,LEGITIMATE,TOL-PAYMENT,2025-04-05T00:00:00Z,
rcn-01068,RUN-2025-04-05-01,SETTLEMENT_VS_PAYMENT,core.payments,PAY-0260,core.settlements,SET-0260,MATCHED,1146.49,1146.49,0.0,0,0,LEGITIMATE,TOL-SETTLEMENT,2025-04-05T00:00:00Z,
rcn-01069,RUN-2025-04-05-01,FEE_VS_RATE_CARD,core.payments,PAY-0260,core.gateway_fees,FEE-0260,MATCHED,23.48,23.48,0.0,0,0,LEGITIMATE,TOL-FEE,2025-04-05T00:00:00Z,
rcn-01070,RUN-2025-04-05-01,BANK_VS_SETTLEMENT,core.settlements,SET-0260,core.bank_transactions,BNK-0260,MATCHED,1146.49,1146.49,0.0,0,0,LEGITIMATE,TOL-BANK,2025-04-05T00:00:00Z,
rcn-01071,RUN-2025-04-05-01,PAYMENT_VS_ORDER,core.orders,ORD-261,core.payments,PAY-0261,MATCHED,1634.81,1634.81,0.0,0,0,LEGITIMATE,TOL-PAYMENT,2025-04-05T00:00:00Z,
rcn-01072,RUN-2025-04-05-01,SETTLEMENT_VS_PAYMENT,core.payments,PAY-0261,core.settlements,SET-0261,MATCHED,1598.16,1598.16,0.0,0,0,LEGITIMATE,TOL-SETTLEMENT,2025-04-05T00:00:00Z,
rcn-01073,RUN-2025-04-05-01,FEE_VS_RATE_CARD,core.payments,PAY-0261,core.gateway_fees,FEE-0261,MATCHED,31.06,31.06,0.0,0,0,LEGITIMATE,TOL-FEE,2025-04-05T00:00:00Z,
rcn-01074,RUN-2025-04-05-01,BANK_VS_SETTLEMENT,core.settlements,SET-0261,core.bank_transactions,BNK-0261,MATCHED,1598.16,1598.16,0.0,0,0,LEGITIMATE,TOL-BANK,2025-04-05T00:00:00Z,
rcn-01075,RUN-2025-04-05-01,PAYMENT_VS_ORDER,core.orders,ORD-262,core.payments,PAY-0262,MATCHED,4647.07,4647.07,0.0,0,0,LEGITIMATE,TOL-PAYMENT,2025-04-05T00:00:00Z,
rcn-01076,RUN-2025-04-05-01,SETTLEMENT_VS_PAYMENT,core.payments,PAY-0262,core.settlements,SET-0262,MATCHED,4537.4,4537.4,0.0,0,0,LEGITIMATE,TOL-SETTLEMENT,2025-04-05T00:00:00Z,
rcn-01077,RUN-2025-04-05-01,FEE_VS_RATE_CARD,core.payments,PAY-0262,core.gateway_fees,FEE-0262,MATCHED,92.94,92.94,0.0,0,0,LEGITIMATE,TOL-FEE,2025-04-05T00:00:00Z,
rcn-01078,RUN-2025-04-05-01,BANK_VS_SETTLEMENT,core.settlements,SET-0262,core.bank_transactions,BNK-0262,MATCHED,4537.4,4537.4,0.0,0,0,LEGITIMATE,TOL-BANK,2025-04-05T00:00:00Z,
rcn-01079,RUN-2025-04-05-01,PAYMENT_VS_ORDER,core.orders,ORD-263,core.payments,PAY-0263,MATCHED,444.49,444.49,0.0,0,0,LEGITIMATE,TOL-PAYMENT,2025-04-05T00:00:00Z,
rcn-01080,RUN-2025-04-05-01,SETTLEMENT_VS_PAYMENT,core.payments,PAY-0263,core.settlements,SET-0263,MATCHED,434.0,434.0,0.0,0,0,LEGITIMATE,TOL-SETTLEMENT,2025-04-05T00:00:00Z,
rcn-01081,RUN-2025-04-05-01,FEE_VS_RATE_CARD,core.payments,PAY-0263,core.gateway_fees,FEE-0263,MATCHED,8.89,8.89,0.0,0,0,LEGITIMATE,TOL-FEE,2025-04-05T00:00:00Z,
rcn-01082,RUN-2025-04-05-01,BANK_VS_SETTLEMENT,core.settlements,SET-0263,core.bank_transactions,BNK-0263,MATCHED,434.0,434.0,0.0,0,0,LEGITIMATE,TOL-BANK,2025-04-05T00:00:00Z,
rcn-01083,RUN-2025-04-05-01,PAYMENT_VS_ORDER,core.orders,ORD-264,core.payments,PAY-0264,MATCHED,333.63,333.63,0.0,0,0,LEGITIMATE,TOL-PAYMENT,2025-04-05T00:00:00Z,
rcn-01084,RUN-2025-04-05-01,SETTLEMENT_VS_PAYMENT,core.payments,PAY-0264,core.settlements,SET-0264,MATCHED,162.74,162.74,0.0,0,0,LEGITIMATE,TOL-SETTLEMENT,2025-04-05T00:00:00Z,
rcn-01085,RUN-2025-04-05-01,FEE_VS_RATE_CARD,core.payments,PAY-0264,core.gateway_fees,FEE-0264,MATCHED,6.67,6.67,0.0,0,0,LEGITIMATE,TOL-FEE,2025-04-05T00:00:00Z,
rcn-01086,RUN-2025-04-05-01,BANK_VS_SETTLEMENT,core.settlements,SET-0264,core.bank_transactions,BNK-0264,MATCHED,162.74,162.74,0.0,0,0,LEGITIMATE,TOL-BANK,2025-04-05T00:00:00Z,
rcn-01087,RUN-2025-04-05-01,REFUND_VS_PAYMENT,core.payments,PAY-0264,core.refunds,REF-0264,MATCHED,166.35,166.35,0.0,0,0,LEGITIMATE,TOL-REFUND,2025-04-05T00:00:00Z,
rcn-01088,RUN-2025-04-05-01,PAYMENT_VS_ORDER,core.orders,ORD-265,core.payments,PAY-0265,MATCHED,1239.22,1239.22,0.0,0,0,LEGITIMATE,TOL-PAYMENT,2025-04-05T00:00:00Z,
rcn-01089,RUN-2025-04-05-01,SETTLEMENT_VS_PAYMENT,core.payments,PAY-0265,core.settlements,SET-0265,MATCHED,1204.86,1204.86,0.0,0,0,LEGITIMATE,TOL-SETTLEMENT,2025-04-05T00:00:00Z,
rcn-01090,RUN-2025-04-05-01,FEE_VS_RATE_CARD,core.payments,PAY-0265,core.gateway_fees,FEE-0265,MATCHED,29.12,29.12,0.0,0,0,LEGITIMATE,TOL-FEE,2025-04-05T00:00:00Z,
rcn-01091,RUN-2025-04-05-01,BANK_VS_SETTLEMENT,core.settlements,SET-0265,core.bank_transactions,BNK-0265,MATCHED,1204.86,1204.86,0.0,0,0,LEGITIMATE,TOL-BANK,2025-04-05T00:00:00Z,
rcn-01092,RUN-2025-04-05-01,PAYMENT_VS_ORDER,core.orders,ORD-266,core.payments,PAY-0266,MATCHED,513.33,513.33,0.0,0,0,LEGITIMATE,TOL-PAYMENT,2025-04-05T00:00:00Z,
rcn-01093,RUN-2025-04-05-01,SETTLEMENT_VS_PAYMENT,core.payments,PAY-0266,core.settlements,SET-0266,MATCHED,501.21,501.21,0.0,0,0,LEGITIMATE,TOL-SETTLEMENT,2025-04-05T00:00:00Z,
rcn-01094,RUN-2025-04-05-01,FEE_VS_RATE_CARD,core.payments,PAY-0266,core.gateway_fees,FEE-0266,MATCHED,10.27,10.27,0.0,0,0,LEGITIMATE,TOL-FEE,2025-04-05T00:00:00Z,
rcn-01095,RUN-2025-04-05-01,BANK_VS_SETTLEMENT,core.settlements,SET-0266,core.bank_transactions,BNK-0266,MATCHED,501.21,501.21,0.0,0,0,LEGITIMATE,TOL-BANK,2025-04-05T00:00:00Z,
rcn-01096,RUN-2025-04-05-01,PAYMENT_VS_ORDER,core.orders,ORD-267,core.payments,PAY-0267,MATCHED,299.0,299.0,0.0,0,0,LEGITIMATE,TOL-PAYMENT,2025-04-05T00:00:00Z,
rcn-01097,RUN-2025-04-05-01,SETTLEMENT_VS_PAYMENT,core.payments,PAY-0267,core.settlements,SET-0267,MATCHED,291.94,291.94,0.0,0,0,LEGITIMATE,TOL-SETTLEMENT,2025-04-05T00:00:00Z,
rcn-01098,RUN-2025-04-05-01,FEE_VS_RATE_CARD,core.payments,PAY-0267,core.gateway_fees,FEE-0267,MATCHED,5.98,5.98,0.0,0,0,LEGITIMATE,TOL-FEE,2025-04-05T00:00:00Z,
rcn-01099,RUN-2025-04-05-01,BANK_VS_SETTLEMENT,core.settlements,SET-0267,core.bank_transactions,BNK-0267,MATCHED,291.94,291.94,0.0,0,0,LEGITIMATE,TOL-BANK,2025-04-05T00:00:00Z,
rcn-01100,RUN-2025-04-05-01,PAYMENT_VS_ORDER,core.orders,ORD-268,core.payments,PAY-0268,MATCHED,2983.39,2983.39,0.0,0,0,LEGITIMATE,TOL-PAYMENT,2025-04-05T00:00:00Z,
rcn-01101,RUN-2025-04-05-01,SETTLEMENT_VS_PAYMENT,core.payments,PAY-0268,core.settlements,SET-0268,MISMATCH,2912.98,2806.79,106.19,0,106.19,LEAKAGE,TOL-SETTLEMENT,2025-04-05T00:00:00Z,LEAKAGE on SETTLEMENT_VS_PAYMENT
rcn-01102,RUN-2025-04-05-01,FEE_VS_RATE_CARD,core.payments,PAY-0268,core.gateway_fees,FEE-0268,MATCHED,59.67,59.67,0.0,0,0,LEGITIMATE,TOL-FEE,2025-04-05T00:00:00Z,
rcn-01103,RUN-2025-04-05-01,BANK_VS_SETTLEMENT,core.settlements,SET-0268,core.bank_transactions,BNK-0268,MATCHED,2806.79,2806.79,0.0,0,0,LEGITIMATE,TOL-BANK,2025-04-05T00:00:00Z,
rcn-01104,RUN-2025-04-05-01,PAYMENT_VS_ORDER,core.orders,ORD-269,core.payments,PAY-0269,MATCHED,340.7,340.7,0.0,0,0,LEGITIMATE,TOL-PAYMENT,2025-04-05T00:00:00Z,
rcn-01105,RUN-2025-04-05-01,SETTLEMENT_VS_PAYMENT,core.payments,PAY-0269,core.settlements,SET-0269,MISMATCH,229.54,227.44,2.1,0,2.1,LEAKAGE,TOL-SETTLEMENT,2025-04-05T00:00:00Z,LEAKAGE on SETTLEMENT_VS_PAYMENT
rcn-01106,RUN-2025-04-05-01,FEE_VS_RATE_CARD,core.payments,PAY-0269,core.gateway_fees,FEE-0269,MATCHED,6.81,6.81,0.0,0,0,LEGITIMATE,TOL-FEE,2025-04-05T00:00:00Z,
rcn-01107,RUN-2025-04-05-01,BANK_VS_SETTLEMENT,core.settlements,SET-0269,core.bank_transactions,BNK-0269,MATCHED,227.44,227.44,0.0,0,0,LEGITIMATE,TOL-BANK,2025-04-05T00:00:00Z,
rcn-01108,RUN-2025-04-05-01,REFUND_VS_PAYMENT,core.payments,PAY-0269,core.refunds,REF-0269,MATCHED,105.22,105.22,0.0,0,0,LEGITIMATE,TOL-REFUND,2025-04-05T00:00:00Z,
rcn-01109,RUN-2025-04-05-01,PAYMENT_VS_ORDER,core.orders,ORD-270,core.payments,PAY-0270,MATCHED,2451.31,2451.31,0.0,0,0,LEGITIMATE,TOL-PAYMENT,2025-04-05T00:00:00Z,
rcn-01110,RUN-2025-04-05-01,SETTLEMENT_VS_PAYMENT,core.payments,PAY-0270,core.settlements,SET-0270,MATCHED,2393.45,2393.45,0.0,0,0,LEGITIMATE,TOL-SETTLEMENT,2025-04-05T00:00:00Z,
rcn-01111,RUN-2025-04-05-01,FEE_VS_RATE_CARD,core.payments,PAY-0270,core.gateway_fees,FEE-0270,MATCHED,49.03,49.03,0.0,0,0,LEGITIMATE,TOL-FEE,2025-04-05T00:00:00Z,
rcn-01112,RUN-2025-04-05-01,BANK_VS_SETTLEMENT,core.settlements,SET-0270,core.bank_transactions,BNK-0270,MATCHED,2393.45,2393.45,0.0,0,0,LEGITIMATE,TOL-BANK,2025-04-05T00:00:00Z,
rcn-01113,RUN-2025-04-05-01,PAYMENT_VS_ORDER,core.orders,ORD-271,core.payments,PAY-0271,MATCHED,1151.69,1151.69,0.0,0,0,LEGITIMATE,TOL-PAYMENT,2025-04-05T00:00:00Z,
rcn-01114,RUN-2025-04-05-01,SETTLEMENT_VS_PAYMENT,core.payments,PAY-0271,core.settlements,SET-0271,MATCHED,770.57,770.57,0.0,0,0,LEGITIMATE,TOL-SETTLEMENT,2025-04-05T00:00:00Z,
rcn-01115,RUN-2025-04-05-01,FEE_VS_RATE_CARD,core.payments,PAY-0271,core.gateway_fees,FEE-0271,MATCHED,23.03,23.03,0.0,0,0,LEGITIMATE,TOL-FEE,2025-04-05T00:00:00Z,
rcn-01116,RUN-2025-04-05-01,BANK_VS_SETTLEMENT,core.settlements,SET-0271,core.bank_transactions,BNK-0271,MATCHED,770.57,770.57,0.0,0,0,LEGITIMATE,TOL-BANK,2025-04-05T00:00:00Z,
rcn-01117,RUN-2025-04-05-01,REFUND_VS_PAYMENT,core.payments,PAY-0271,core.refunds,REF-0271,MATCHED,361.16,361.16,0.0,0,0,LEGITIMATE,TOL-REFUND,2025-04-05T00:00:00Z,
rcn-01118,RUN-2025-04-05-01,PAYMENT_VS_ORDER,core.orders,ORD-272,core.payments,PAY-0272,MATCHED,739.28,739.28,0.0,0,0,LEGITIMATE,TOL-PAYMENT,2025-04-05T00:00:00Z,
rcn-01119,RUN-2025-04-05-01,SETTLEMENT_VS_PAYMENT,core.payments,PAY-0272,core.settlements,SET-0272,MATCHED,735.79,735.79,0.0,0,0,LEGITIMATE,TOL-SETTLEMENT,2025-04-05T00:00:00Z,
rcn-01120,RUN-2025-04-05-01,FEE_VS_RATE_CARD,core.payments,PAY-0272,core.gateway_fees,FEE-0272,MATCHED,2.96,2.96,0.0,0,0,LEGITIMATE,TOL-FEE,2025-04-05T00:00:00Z,
rcn-01121,RUN-2025-04-05-01,BANK_VS_SETTLEMENT,core.settlements,SET-0272,core.bank_transactions,BNK-0272,MATCHED,735.79,735.79,0.0,0,0,LEGITIMATE,TOL-BANK,2025-04-05T00:00:00Z,
rcn-01122,RUN-2025-04-05-01,PAYMENT_VS_ORDER,core.orders,ORD-273,core.payments,PAY-0273,MATCHED,1888.78,1888.78,0.0,0,0,LEGITIMATE,TOL-PAYMENT,2025-04-05T00:00:00Z,
rcn-01123,RUN-2025-04-05-01,SETTLEMENT_VS_PAYMENT,core.payments,PAY-0273,core.settlements,SET-0273,MISMATCH,1879.86,1876.41,3.45,0,3.45,LEAKAGE,TOL-SETTLEMENT,2025-04-05T00:00:00Z,LEAKAGE on SETTLEMENT_VS_PAYMENT
rcn-01124,RUN-2025-04-05-01,FEE_VS_RATE_CARD,core.payments,PAY-0273,core.gateway_fees,FEE-0273,MISMATCH,7.56,11.01,-3.45,0,3.45,LEAKAGE,TOL-FEE,2025-04-05T00:00:00Z,LEAKAGE on FEE_VS_RATE_CARD
rcn-01125,RUN-2025-04-05-01,BANK_VS_SETTLEMENT,core.settlements,SET-0273,core.bank_transactions,BNK-0273,MATCHED,1876.41,1876.41,0.0,0,0,LEGITIMATE,TOL-BANK,2025-04-05T00:00:00Z,
rcn-01126,RUN-2025-04-05-01,PAYMENT_VS_ORDER,core.orders,ORD-274,core.payments,PAY-0274,MATCHED,1299.5,1299.5,0.0,0,0,LEGITIMATE,TOL-PAYMENT,2025-04-05T00:00:00Z,
rcn-01127,RUN-2025-04-05-01,SETTLEMENT_VS_PAYMENT,core.payments,PAY-0274,core.settlements,SET-0274,MATCHED,1268.83,1268.83,0.0,0,0,LEGITIMATE,TOL-SETTLEMENT,2025-04-05T00:00:00Z,
rcn-01128,RUN-2025-04-05-01,FEE_VS_RATE_CARD,core.payments,PAY-0274,core.gateway_fees,FEE-0274,MATCHED,25.99,25.99,0.0,0,0,LEGITIMATE,TOL-FEE,2025-04-05T00:00:00Z,
rcn-01129,RUN-2025-04-05-01,BANK_VS_SETTLEMENT,core.settlements,SET-0274,core.bank_transactions,BNK-0274,MATCHED,1268.83,1268.83,0.0,0,0,LEGITIMATE,TOL-BANK,2025-04-05T00:00:00Z,
rcn-01130,RUN-2025-04-05-01,PAYMENT_VS_ORDER,core.orders,ORD-275,core.payments,PAY-0275,MATCHED,299.0,299.0,0.0,0,0,LEGITIMATE,TOL-PAYMENT,2025-04-05T00:00:00Z,
rcn-01131,RUN-2025-04-05-01,SETTLEMENT_VS_PAYMENT,core.payments,PAY-0275,core.settlements,SET-0275,MATCHED,297.58,297.27,0.31,0,0,LEGITIMATE,TOL-SETTLEMENT,2025-04-05T00:00:00Z,
rcn-01132,RUN-2025-04-05-01,FEE_VS_RATE_CARD,core.payments,PAY-0275,core.gateway_fees,FEE-0275,MATCHED,1.2,1.51,-0.31,0,0,LEGITIMATE,TOL-FEE,2025-04-05T00:00:00Z,
rcn-01133,RUN-2025-04-05-01,BANK_VS_SETTLEMENT,core.settlements,SET-0275,core.bank_transactions,BNK-0275,MATCHED,297.27,297.27,0.0,0,0,LEGITIMATE,TOL-BANK,2025-04-05T00:00:00Z,
rcn-01134,RUN-2025-04-05-01,PAYMENT_VS_ORDER,core.orders,ORD-276,core.payments,PAY-0276,MATCHED,844.74,844.74,0.0,0,0,LEGITIMATE,TOL-PAYMENT,2025-04-05T00:00:00Z,
rcn-01135,RUN-2025-04-05-01,SETTLEMENT_VS_PAYMENT,core.payments,PAY-0276,core.settlements,SET-0276,MATCHED,840.75,840.75,0.0,0,0,LEGITIMATE,TOL-SETTLEMENT,2025-04-05T00:00:00Z,
rcn-01136,RUN-2025-04-05-01,FEE_VS_RATE_CARD,core.payments,PAY-0276,core.gateway_fees,FEE-0276,MATCHED,3.38,3.38,0.0,0,0,LEGITIMATE,TOL-FEE,2025-04-05T00:00:00Z,
rcn-01137,RUN-2025-04-05-01,BANK_VS_SETTLEMENT,core.settlements,SET-0276,core.bank_transactions,BNK-0276,MATCHED,840.75,840.75,0.0,0,0,LEGITIMATE,TOL-BANK,2025-04-05T00:00:00Z,
rcn-01138,RUN-2025-04-05-01,PAYMENT_VS_ORDER,core.orders,ORD-277,core.payments,PAY-0277,MATCHED,853.89,853.89,0.0,0,0,LEGITIMATE,TOL-PAYMENT,2025-04-05T00:00:00Z,
rcn-01139,RUN-2025-04-05-01,SETTLEMENT_VS_PAYMENT,core.payments,PAY-0277,core.settlements,SET-0277,MATCHED,849.85,849.85,0.0,0,0,LEGITIMATE,TOL-SETTLEMENT,2025-04-05T00:00:00Z,
rcn-01140,RUN-2025-04-05-01,FEE_VS_RATE_CARD,core.payments,PAY-0277,core.gateway_fees,FEE-0277,MATCHED,3.42,3.42,0.0,0,0,LEGITIMATE,TOL-FEE,2025-04-05T00:00:00Z,
rcn-01141,RUN-2025-04-05-01,BANK_VS_SETTLEMENT,core.settlements,SET-0277,core.bank_transactions,BNK-0277,MATCHED,849.85,849.85,0.0,0,0,LEGITIMATE,TOL-BANK,2025-04-05T00:00:00Z,
rcn-01142,RUN-2025-04-05-01,PAYMENT_VS_ORDER,core.orders,ORD-278,core.payments,PAY-0278,MATCHED,1438.1,1438.1,0.0,0,0,LEGITIMATE,TOL-PAYMENT,2025-04-05T00:00:00Z,
rcn-01143,RUN-2025-04-05-01,SETTLEMENT_VS_PAYMENT,core.payments,PAY-0278,core.settlements,SET-0278,MATCHED,840.34,840.34,0.0,0,0,LEGITIMATE,TOL-SETTLEMENT,2025-04-05T00:00:00Z,
rcn-01144,RUN-2025-04-05-01,FEE_VS_RATE_CARD,core.payments,PAY-0278,core.gateway_fees,FEE-0278,MATCHED,33.8,33.8,0.0,0,0,LEGITIMATE,TOL-FEE,2025-04-05T00:00:00Z,
rcn-01145,RUN-2025-04-05-01,BANK_VS_SETTLEMENT,core.settlements,SET-0278,core.bank_transactions,BNK-0278,MATCHED,840.34,840.34,0.0,0,0,LEGITIMATE,TOL-BANK,2025-04-05T00:00:00Z,
rcn-01146,RUN-2025-04-05-01,REFUND_VS_PAYMENT,core.payments,PAY-0278,core.refunds,REF-0278,MATCHED,571.31,571.31,0.0,0,0,LEGITIMATE,TOL-REFUND,2025-04-05T00:00:00Z,
rcn-01147,RUN-2025-04-05-01,PAYMENT_VS_ORDER,core.orders,ORD-279,core.payments,PAY-0279,MATCHED,2473.51,2473.51,0.0,0,0,LEGITIMATE,TOL-PAYMENT,2025-04-05T00:00:00Z,
rcn-01148,RUN-2025-04-05-01,SETTLEMENT_VS_PAYMENT,core.payments,PAY-0279,core.settlements,SET-0279,MATCHED,2461.84,2461.84,0.0,0,0,LEGITIMATE,TOL-SETTLEMENT,2025-04-05T00:00:00Z,
rcn-01149,RUN-2025-04-05-01,FEE_VS_RATE_CARD,core.payments,PAY-0279,core.gateway_fees,FEE-0279,MATCHED,9.89,9.89,0.0,0,0,LEGITIMATE,TOL-FEE,2025-04-05T00:00:00Z,
rcn-01150,RUN-2025-04-05-01,BANK_VS_SETTLEMENT,core.settlements,SET-0279,core.bank_transactions,BNK-0279,MATCHED,2461.84,2461.84,0.0,0,0,LEGITIMATE,TOL-BANK,2025-04-05T00:00:00Z,
rcn-01151,RUN-2025-04-05-01,PAYMENT_VS_ORDER,core.orders,ORD-280,core.payments,PAY-0280,MATCHED,605.11,605.11,0.0,0,0,LEGITIMATE,TOL-PAYMENT,2025-04-05T00:00:00Z,
rcn-01152,RUN-2025-04-05-01,SETTLEMENT_VS_PAYMENT,core.payments,PAY-0280,core.settlements,SET-0280,MISMATCH,590.83,584.84,5.99,0,5.99,LEAKAGE,TOL-SETTLEMENT,2025-04-05T00:00:00Z,LEAKAGE on SETTLEMENT_VS_PAYMENT
rcn-01153,RUN-2025-04-05-01,FEE_VS_RATE_CARD,core.payments,PAY-0280,core.gateway_fees,FEE-0280,MISMATCH,12.1,18.09,-5.99,0,5.99,LEAKAGE,TOL-FEE,2025-04-05T00:00:00Z,LEAKAGE on FEE_VS_RATE_CARD
rcn-01154,RUN-2025-04-05-01,BANK_VS_SETTLEMENT,core.settlements,SET-0280,core.bank_transactions,BNK-0280,MATCHED,584.84,584.84,0.0,0,0,LEGITIMATE,TOL-BANK,2025-04-05T00:00:00Z,
rcn-01155,RUN-2025-04-05-01,PAYMENT_VS_ORDER,core.orders,ORD-282,core.payments,PAY-0282,MATCHED,5543.45,5543.45,0.0,0,0,LEGITIMATE,TOL-PAYMENT,2025-04-05T00:00:00Z,
rcn-01156,RUN-2025-04-05-01,SETTLEMENT_VS_PAYMENT,core.payments,PAY-0282,core.settlements,SET-0282,MISMATCH,5412.62,5120.0,292.62,0,292.62,LEAKAGE,TOL-SETTLEMENT,2025-04-05T00:00:00Z,LEAKAGE on SETTLEMENT_VS_PAYMENT
rcn-01157,RUN-2025-04-05-01,FEE_VS_RATE_CARD,core.payments,PAY-0282,core.gateway_fees,FEE-0282,MATCHED,110.87,110.87,0.0,0,0,LEGITIMATE,TOL-FEE,2025-04-05T00:00:00Z,
rcn-01158,RUN-2025-04-05-01,BANK_VS_SETTLEMENT,core.settlements,SET-0282,core.bank_transactions,BNK-0282,MATCHED,5120.0,5120.0,0.0,0,0,LEGITIMATE,TOL-BANK,2025-04-05T00:00:00Z,
rcn-01159,RUN-2025-04-05-01,PAYMENT_VS_ORDER,core.orders,ORD-283,core.payments,PAY-0283,MATCHED,1165.54,1165.54,0.0,0,0,LEGITIMATE,TOL-PAYMENT,2025-04-05T00:00:00Z,
rcn-01160,RUN-2025-04-05-01,SETTLEMENT_VS_PAYMENT,core.payments,PAY-0283,core.settlements,SET-0283,MATCHED,1139.4,1139.4,0.0,0,0,LEGITIMATE,TOL-SETTLEMENT,2025-04-05T00:00:00Z,
rcn-01161,RUN-2025-04-05-01,FEE_VS_RATE_CARD,core.payments,PAY-0283,core.gateway_fees,FEE-0283,MATCHED,22.15,22.15,0.0,0,0,LEGITIMATE,TOL-FEE,2025-04-05T00:00:00Z,
rcn-01162,RUN-2025-04-05-01,BANK_VS_SETTLEMENT,core.settlements,SET-0283,core.bank_transactions,BNK-0283,MATCHED,1139.4,1139.4,0.0,0,0,LEGITIMATE,TOL-BANK,2025-04-05T00:00:00Z,
rcn-01163,RUN-2025-04-05-01,PAYMENT_VS_ORDER,core.orders,ORD-284,core.payments,PAY-0284,MATCHED,549.02,549.02,0.0,0,0,LEGITIMATE,TOL-PAYMENT,2025-04-05T00:00:00Z,
rcn-01164,RUN-2025-04-05-01,SETTLEMENT_VS_PAYMENT,core.payments,PAY-0284,core.settlements,SET-0284,MATCHED,534.86,534.86,0.0,0,0,LEGITIMATE,TOL-SETTLEMENT,2025-04-05T00:00:00Z,
rcn-01165,RUN-2025-04-05-01,FEE_VS_RATE_CARD,core.payments,PAY-0284,core.gateway_fees,FEE-0284,MATCHED,12.0,12.0,0.0,0,0,LEGITIMATE,TOL-FEE,2025-04-05T00:00:00Z,
rcn-01166,RUN-2025-04-05-01,BANK_VS_SETTLEMENT,core.settlements,SET-0284,core.bank_transactions,BNK-0284,MATCHED,534.86,534.86,0.0,0,0,LEGITIMATE,TOL-BANK,2025-04-05T00:00:00Z,
rcn-01167,RUN-2025-04-05-01,PAYMENT_VS_ORDER,core.orders,ORD-285,core.payments,PAY-0285,MATCHED,299.0,299.0,0.0,0,0,LEGITIMATE,TOL-PAYMENT,2025-04-05T00:00:00Z,
rcn-01168,RUN-2025-04-05-01,SETTLEMENT_VS_PAYMENT,core.payments,PAY-0285,core.settlements,SET-0285,MATCHED,297.58,297.58,0.0,0,0,LEGITIMATE,TOL-SETTLEMENT,2025-04-05T00:00:00Z,
rcn-01169,RUN-2025-04-05-01,FEE_VS_RATE_CARD,core.payments,PAY-0285,core.gateway_fees,FEE-0285,MATCHED,1.2,1.2,0.0,0,0,LEGITIMATE,TOL-FEE,2025-04-05T00:00:00Z,
rcn-01170,RUN-2025-04-05-01,BANK_VS_SETTLEMENT,core.settlements,SET-0285,core.bank_transactions,BNK-0285,MATCHED,297.58,297.58,0.0,0,0,LEGITIMATE,TOL-BANK,2025-04-05T00:00:00Z,
rcn-01171,RUN-2025-04-05-01,PAYMENT_VS_ORDER,core.orders,ORD-286,core.payments,PAY-0286,MATCHED,7756.25,7756.25,0.0,0,0,LEGITIMATE,TOL-PAYMENT,2025-04-05T00:00:00Z,
rcn-01172,RUN-2025-04-05-01,SETTLEMENT_VS_PAYMENT,core.payments,PAY-0286,core.settlements,SET-0286,MATCHED,7742.09,7742.09,0.0,0,0,LEGITIMATE,TOL-SETTLEMENT,2025-04-05T00:00:00Z,
rcn-01173,RUN-2025-04-05-01,FEE_VS_RATE_CARD,core.payments,PAY-0286,core.gateway_fees,FEE-0286,MATCHED,12.0,12.0,0.0,0,0,LEGITIMATE,TOL-FEE,2025-04-05T00:00:00Z,
rcn-01174,RUN-2025-04-05-01,BANK_VS_SETTLEMENT,core.settlements,SET-0286,core.bank_transactions,BNK-0286,MATCHED,7742.09,7742.09,0.0,0,0,LEGITIMATE,TOL-BANK,2025-04-05T00:00:00Z,
rcn-01175,RUN-2025-04-05-01,PAYMENT_VS_ORDER,core.orders,ORD-288,core.payments,PAY-0288,MATCHED,1625.21,1625.21,0.0,0,0,LEGITIMATE,TOL-PAYMENT,2025-04-05T00:00:00Z,
rcn-01176,RUN-2025-04-05-01,SETTLEMENT_VS_PAYMENT,core.payments,PAY-0288,core.settlements,SET-0288,MISMATCH,1586.86,1568.85,18.01,0,18.01,LEAKAGE,TOL-SETTLEMENT,2025-04-05T00:00:00Z,LEAKAGE on SETTLEMENT_VS_PAYMENT
rcn-01177,RUN-2025-04-05-01,FEE_VS_RATE_CARD,core.payments,PAY-0288,core.gateway_fees,FEE-0288,MISMATCH,32.5,50.51,-18.01,0,18.01,LEAKAGE,TOL-FEE,2025-04-05T00:00:00Z,LEAKAGE on FEE_VS_RATE_CARD
rcn-01178,RUN-2025-04-05-01,BANK_VS_SETTLEMENT,core.settlements,SET-0288,core.bank_transactions,BNK-0288,MATCHED,1568.85,1568.85,0.0,0,0,LEGITIMATE,TOL-BANK,2025-04-05T00:00:00Z,
rcn-01179,RUN-2025-04-05-01,PAYMENT_VS_ORDER,core.orders,ORD-289,core.payments,PAY-0289,MATCHED,2931.63,2931.63,0.0,0,0,LEGITIMATE,TOL-PAYMENT,2025-04-05T00:00:00Z,
rcn-01180,RUN-2025-04-05-01,SETTLEMENT_VS_PAYMENT,core.payments,PAY-0289,core.settlements,SET-0289,MATCHED,2862.45,2862.45,0.0,0,0,LEGITIMATE,TOL-SETTLEMENT,2025-04-05T00:00:00Z,
rcn-01181,RUN-2025-04-05-01,FEE_VS_RATE_CARD,core.payments,PAY-0289,core.gateway_fees,FEE-0289,MATCHED,58.63,58.63,0.0,0,0,LEGITIMATE,TOL-FEE,2025-04-05T00:00:00Z,
rcn-01182,RUN-2025-04-05-01,BANK_VS_SETTLEMENT,core.settlements,SET-0289,core.bank_transactions,BNK-0289,MATCHED,2862.45,2862.45,0.0,0,0,LEGITIMATE,TOL-BANK,2025-04-05T00:00:00Z,
rcn-01183,RUN-2025-04-05-01,PAYMENT_VS_ORDER,core.orders,ORD-290,core.payments,PAY-0290,MATCHED,1050.25,1050.25,0.0,0,0,LEGITIMATE,TOL-PAYMENT,2025-04-05T00:00:00Z,
rcn-01184,RUN-2025-04-05-01,SETTLEMENT_VS_PAYMENT,core.payments,PAY-0290,core.settlements,SET-0290,MATCHED,611.38,611.38,0.0,0,0,LEGITIMATE,TOL-SETTLEMENT,2025-04-05T00:00:00Z,
rcn-01185,RUN-2025-04-05-01,FEE_VS_RATE_CARD,core.payments,PAY-0290,core.gateway_fees,FEE-0290,MATCHED,19.95,19.95,0.0,0,0,LEGITIMATE,TOL-FEE,2025-04-05T00:00:00Z,
rcn-01186,RUN-2025-04-05-01,BANK_VS_SETTLEMENT,core.settlements,SET-0290,core.bank_transactions,BNK-0290,MATCHED,611.38,611.38,0.0,0,0,LEGITIMATE,TOL-BANK,2025-04-05T00:00:00Z,
rcn-01187,RUN-2025-04-05-01,REFUND_VS_PAYMENT,core.payments,PAY-0290,core.refunds,REF-0290,MATCHED,423.37,423.37,0.0,0,0,LEGITIMATE,TOL-REFUND,2025-04-05T00:00:00Z,
rcn-01188,RUN-2025-04-05-01,PAYMENT_VS_ORDER,core.orders,ORD-291,core.payments,PAY-0291,MATCHED,1238.13,1238.13,0.0,0,0,LEGITIMATE,TOL-PAYMENT,2025-04-05T00:00:00Z,
rcn-01189,RUN-2025-04-05-01,SETTLEMENT_VS_PAYMENT,core.payments,PAY-0291,core.settlements,SET-0291,MISMATCH,1208.91,1202.65,6.26,0,6.26,LEAKAGE,TOL-SETTLEMENT,2025-04-05T00:00:00Z,LEAKAGE on SETTLEMENT_VS_PAYMENT
rcn-01190,RUN-2025-04-05-01,FEE_VS_RATE_CARD,core.payments,PAY-0291,core.gateway_fees,FEE-0291,MISMATCH,24.76,31.02,-6.26,0,6.26,LEAKAGE,TOL-FEE,2025-04-05T00:00:00Z,LEAKAGE on FEE_VS_RATE_CARD
rcn-01191,RUN-2025-04-05-01,BANK_VS_SETTLEMENT,core.settlements,SET-0291,core.bank_transactions,BNK-0291,MATCHED,1202.65,1202.65,0.0,0,0,LEGITIMATE,TOL-BANK,2025-04-05T00:00:00Z,
rcn-01192,RUN-2025-04-05-01,PAYMENT_VS_ORDER,core.orders,ORD-292,core.payments,PAY-0292,MATCHED,2071.21,2071.21,0.0,0,0,LEGITIMATE,TOL-PAYMENT,2025-04-05T00:00:00Z,
rcn-01193,RUN-2025-04-05-01,SETTLEMENT_VS_PAYMENT,core.payments,PAY-0292,core.settlements,SET-0292,MATCHED,2022.33,2022.33,0.0,0,0,LEGITIMATE,TOL-SETTLEMENT,2025-04-05T00:00:00Z,
rcn-01194,RUN-2025-04-05-01,FEE_VS_RATE_CARD,core.payments,PAY-0292,core.gateway_fees,FEE-0292,MATCHED,41.42,41.42,0.0,0,0,LEGITIMATE,TOL-FEE,2025-04-05T00:00:00Z,
rcn-01195,RUN-2025-04-05-01,BANK_VS_SETTLEMENT,core.settlements,SET-0292,core.bank_transactions,BNK-0292,MATCHED,2022.33,2022.33,0.0,0,0,LEGITIMATE,TOL-BANK,2025-04-05T00:00:00Z,
rcn-01196,RUN-2025-04-05-01,PAYMENT_VS_ORDER,core.orders,ORD-293,core.payments,PAY-0293,MATCHED,480.04,480.04,0.0,0,0,LEGITIMATE,TOL-PAYMENT,2025-04-05T00:00:00Z,
rcn-01197,RUN-2025-04-05-01,SETTLEMENT_VS_PAYMENT,core.payments,PAY-0293,core.settlements,SET-0293,MATCHED,469.28,469.28,0.0,0,0,LEGITIMATE,TOL-SETTLEMENT,2025-04-05T00:00:00Z,
rcn-01198,RUN-2025-04-05-01,FEE_VS_RATE_CARD,core.payments,PAY-0293,core.gateway_fees,FEE-0293,MATCHED,9.12,9.12,0.0,0,0,LEGITIMATE,TOL-FEE,2025-04-05T00:00:00Z,
rcn-01199,RUN-2025-04-05-01,BANK_VS_SETTLEMENT,core.settlements,SET-0293,core.bank_transactions,BNK-0293,MATCHED,469.28,469.28,0.0,0,0,LEGITIMATE,TOL-BANK,2025-04-05T00:00:00Z,
rcn-01200,RUN-2025-04-05-01,PAYMENT_VS_ORDER,core.orders,ORD-294,core.payments,PAY-0294,MATCHED,318.24,318.24,0.0,0,0,LEGITIMATE,TOL-PAYMENT,2025-04-05T00:00:00Z,
rcn-01201,RUN-2025-04-05-01,SETTLEMENT_VS_PAYMENT,core.payments,PAY-0294,core.settlements,,UNMATCHED,310.74,,,0,310.74,LEAKAGE,TOL-SETTLEMENT,2025-04-05T00:00:00Z,LEAKAGE on SETTLEMENT_VS_PAYMENT
rcn-01202,RUN-2025-04-05-01,FEE_VS_RATE_CARD,core.payments,PAY-0294,core.gateway_fees,FEE-0294,MATCHED,6.36,6.36,0.0,0,0,LEGITIMATE,TOL-FEE,2025-04-05T00:00:00Z,
rcn-01203,RUN-2025-04-05-01,PAYMENT_VS_ORDER,core.orders,ORD-295,core.payments,PAY-0295,MATCHED,1162.92,1162.92,0.0,0,0,LEGITIMATE,TOL-PAYMENT,2025-04-05T00:00:00Z,
rcn-01204,RUN-2025-04-05-01,SETTLEMENT_VS_PAYMENT,core.payments,PAY-0295,core.settlements,SET-0295,MATCHED,769.88,769.88,0.0,0,0,LEGITIMATE,TOL-SETTLEMENT,2025-04-05T00:00:00Z,
rcn-01205,RUN-2025-04-05-01,FEE_VS_RATE_CARD,core.payments,PAY-0295,core.gateway_fees,FEE-0295,MATCHED,4.65,4.65,0.0,0,0,LEGITIMATE,TOL-FEE,2025-04-05T00:00:00Z,
rcn-01206,RUN-2025-04-05-01,BANK_VS_SETTLEMENT,core.settlements,SET-0295,core.bank_transactions,BNK-0295,MATCHED,769.88,769.88,0.0,0,0,LEGITIMATE,TOL-BANK,2025-04-05T00:00:00Z,
rcn-01207,RUN-2025-04-05-01,REFUND_VS_PAYMENT,core.payments,PAY-0295,core.refunds,REF-0295,MATCHED,389.11,389.11,0.0,0,0,LEGITIMATE,TOL-REFUND,2025-04-05T00:00:00Z,
rcn-01208,RUN-2025-04-05-01,PAYMENT_VS_ORDER,core.orders,ORD-296,core.payments,PAY-0296,MATCHED,317.35,317.35,0.0,0,0,LEGITIMATE,TOL-PAYMENT,2025-04-05T00:00:00Z,
rcn-01209,RUN-2025-04-05-01,SETTLEMENT_VS_PAYMENT,core.payments,PAY-0296,core.settlements,SET-0296,MATCHED,309.86,309.86,0.0,0,0,LEGITIMATE,TOL-SETTLEMENT,2025-04-05T00:00:00Z,
rcn-01210,RUN-2025-04-05-01,FEE_VS_RATE_CARD,core.payments,PAY-0296,core.gateway_fees,FEE-0296,MATCHED,6.35,6.35,0.0,0,0,LEGITIMATE,TOL-FEE,2025-04-05T00:00:00Z,
rcn-01211,RUN-2025-04-05-01,BANK_VS_SETTLEMENT,core.settlements,SET-0296,core.bank_transactions,BNK-0296,MATCHED,309.86,309.86,0.0,0,0,LEGITIMATE,TOL-BANK,2025-04-05T00:00:00Z,
rcn-01212,RUN-2025-04-05-01,PAYMENT_VS_ORDER,core.orders,ORD-297,core.payments,PAY-0297,MATCHED,467.91,467.91,0.0,0,0,LEGITIMATE,TOL-PAYMENT,2025-04-05T00:00:00Z,
rcn-01213,RUN-2025-04-05-01,SETTLEMENT_VS_PAYMENT,core.payments,PAY-0297,core.settlements,SET-0297,MATCHED,454.93,454.93,0.0,0,0,LEGITIMATE,TOL-SETTLEMENT,2025-04-05T00:00:00Z,
rcn-01214,RUN-2025-04-05-01,FEE_VS_RATE_CARD,core.payments,PAY-0297,core.gateway_fees,FEE-0297,MATCHED,11.0,11.0,0.0,0,0,LEGITIMATE,TOL-FEE,2025-04-05T00:00:00Z,
rcn-01215,RUN-2025-04-05-01,BANK_VS_SETTLEMENT,core.settlements,SET-0297,core.bank_transactions,BNK-0297,MATCHED,454.93,454.93,0.0,0,0,LEGITIMATE,TOL-BANK,2025-04-05T00:00:00Z,
rcn-01216,RUN-2025-04-05-01,PAYMENT_VS_ORDER,core.orders,ORD-298,core.payments,PAY-0298,MATCHED,749.79,749.79,0.0,0,0,LEGITIMATE,TOL-PAYMENT,2025-04-05T00:00:00Z,
rcn-01217,RUN-2025-04-05-01,SETTLEMENT_VS_PAYMENT,core.payments,PAY-0298,core.settlements,SET-0298,MATCHED,746.25,746.25,0.0,0,0,LEGITIMATE,TOL-SETTLEMENT,2025-04-05T00:00:00Z,
rcn-01218,RUN-2025-04-05-01,FEE_VS_RATE_CARD,core.payments,PAY-0298,core.gateway_fees,FEE-0298,MATCHED,3.0,3.0,0.0,0,0,LEGITIMATE,TOL-FEE,2025-04-05T00:00:00Z,
rcn-01219,RUN-2025-04-05-01,BANK_VS_SETTLEMENT,core.settlements,SET-0298,core.bank_transactions,BNK-0298,MATCHED,746.25,746.25,0.0,0,0,LEGITIMATE,TOL-BANK,2025-04-05T00:00:00Z,
rcn-01220,RUN-2025-04-05-01,PAYMENT_VS_ORDER,core.orders,ORD-299,core.payments,PAY-0299,MATCHED,674.48,674.48,0.0,0,0,LEGITIMATE,TOL-PAYMENT,2025-04-05T00:00:00Z,
rcn-01221,RUN-2025-04-05-01,SETTLEMENT_VS_PAYMENT,core.payments,PAY-0299,core.settlements,SET-0299,MATCHED,470.17,470.17,0.0,0,0,LEGITIMATE,TOL-SETTLEMENT,2025-04-05T00:00:00Z,
rcn-01222,RUN-2025-04-05-01,FEE_VS_RATE_CARD,core.payments,PAY-0299,core.gateway_fees,FEE-0299,MATCHED,12.0,12.0,0.0,0,0,LEGITIMATE,TOL-FEE,2025-04-05T00:00:00Z,
rcn-01223,RUN-2025-04-05-01,BANK_VS_SETTLEMENT,core.settlements,SET-0299,core.bank_transactions,BNK-0299,MATCHED,470.17,470.17,0.0,0,0,LEGITIMATE,TOL-BANK,2025-04-05T00:00:00Z,
rcn-01224,RUN-2025-04-05-01,REFUND_VS_PAYMENT,core.payments,PAY-0299,core.refunds,REF-0299,MATCHED,193.59,193.59,0.0,0,0,LEGITIMATE,TOL-REFUND,2025-04-05T00:00:00Z,
rcn-01225,RUN-2025-04-05-01,PAYMENT_VS_ORDER,core.orders,ORD-300,core.payments,PAY-0300,MATCHED,2013.69,2013.69,0.0,0,0,LEGITIMATE,TOL-PAYMENT,2025-04-05T00:00:00Z,
rcn-01226,RUN-2025-04-05-01,SETTLEMENT_VS_PAYMENT,core.payments,PAY-0300,core.settlements,SET-0300,MATCHED,1966.17,1966.17,0.0,0,0,LEGITIMATE,TOL-SETTLEMENT,2025-04-05T00:00:00Z,
rcn-01227,RUN-2025-04-05-01,FEE_VS_RATE_CARD,core.payments,PAY-0300,core.gateway_fees,FEE-0300,MATCHED,40.27,40.27,0.0,0,0,LEGITIMATE,TOL-FEE,2025-04-05T00:00:00Z,
rcn-01228,RUN-2025-04-05-01,BANK_VS_SETTLEMENT,core.settlements,SET-0300,core.bank_transactions,BNK-0300,MATCHED,1966.17,1966.17,0.0,0,0,LEGITIMATE,TOL-BANK,2025-04-05T00:00:00Z,
rcn-01229,RUN-2025-04-05-01,PAYMENT_VS_ORDER,core.orders,ORD-301,core.payments,PAY-0301,MATCHED,4628.79,4628.79,0.0,0,0,LEGITIMATE,TOL-PAYMENT,2025-04-05T00:00:00Z,
rcn-01230,RUN-2025-04-05-01,SETTLEMENT_VS_PAYMENT,core.payments,PAY-0301,core.settlements,SET-0301,MISMATCH,2488.61,2447.16,41.45,0,41.45,LEAKAGE,TOL-SETTLEMENT,2025-04-05T00:00:00Z,LEAKAGE on SETTLEMENT_VS_PAYMENT
rcn-01231,RUN-2025-04-05-01,FEE_VS_RATE_CARD,core.payments,PAY-0301,core.gateway_fees,FEE-0301,MATCHED,92.58,92.58,0.0,0,0,LEGITIMATE,TOL-FEE,2025-04-05T00:00:00Z,
rcn-01232,RUN-2025-04-05-01,BANK_VS_SETTLEMENT,core.settlements,SET-0301,core.bank_transactions,BNK-0301,MATCHED,2447.16,2447.16,0.0,0,0,LEGITIMATE,TOL-BANK,2025-04-05T00:00:00Z,
rcn-01233,RUN-2025-04-05-01,REFUND_VS_PAYMENT,core.payments,PAY-0301,core.refunds,REF-0301,MATCHED,2072.39,2072.39,0.0,0,0,LEGITIMATE,TOL-REFUND,2025-04-05T00:00:00Z,
rcn-01234,RUN-2025-04-05-01,PAYMENT_VS_ORDER,core.orders,ORD-302,core.payments,PAY-0302,MATCHED,830.83,830.83,0.0,0,0,LEGITIMATE,TOL-PAYMENT,2025-04-05T00:00:00Z,
rcn-01235,RUN-2025-04-05-01,SETTLEMENT_VS_PAYMENT,core.payments,PAY-0302,core.settlements,SET-0302,MATCHED,811.22,811.22,0.0,0,0,LEGITIMATE,TOL-SETTLEMENT,2025-04-05T00:00:00Z,
rcn-01236,RUN-2025-04-05-01,FEE_VS_RATE_CARD,core.payments,PAY-0302,core.gateway_fees,FEE-0302,MATCHED,16.62,16.62,0.0,0,0,LEGITIMATE,TOL-FEE,2025-04-05T00:00:00Z,
rcn-01237,RUN-2025-04-05-01,BANK_VS_SETTLEMENT,core.settlements,SET-0302,core.bank_transactions,BNK-0302,MATCHED,811.22,811.22,0.0,0,0,LEGITIMATE,TOL-BANK,2025-04-05T00:00:00Z,
rcn-01238,RUN-2025-04-05-01,PAYMENT_VS_ORDER,core.orders,ORD-303,core.payments,PAY-0303,MATCHED,1401.6,1401.6,0.0,0,0,LEGITIMATE,TOL-PAYMENT,2025-04-05T00:00:00Z,
rcn-01239,RUN-2025-04-05-01,SETTLEMENT_VS_PAYMENT,core.payments,PAY-0303,core.settlements,SET-0303,MATCHED,1368.52,1368.52,0.0,0,0,LEGITIMATE,TOL-SETTLEMENT,2025-04-05T00:00:00Z,
rcn-01240,RUN-2025-04-05-01,FEE_VS_RATE_CARD,core.payments,PAY-0303,core.gateway_fees,FEE-0303,MATCHED,28.03,28.03,0.0,0,0,LEGITIMATE,TOL-FEE,2025-04-05T00:00:00Z,
rcn-01241,RUN-2025-04-05-01,BANK_VS_SETTLEMENT,core.settlements,SET-0303,core.bank_transactions,BNK-0303,MATCHED,1368.52,1368.52,0.0,0,0,LEGITIMATE,TOL-BANK,2025-04-05T00:00:00Z,
rcn-01242,RUN-2025-04-05-01,PAYMENT_VS_ORDER,core.orders,ORD-304,core.payments,PAY-0304,MATCHED,544.58,544.58,0.0,0,0,LEGITIMATE,TOL-PAYMENT,2025-04-05T00:00:00Z,
rcn-01243,RUN-2025-04-05-01,SETTLEMENT_VS_PAYMENT,core.payments,PAY-0304,core.settlements,SET-0304,MISMATCH,531.73,527.4,4.33,0,4.33,LEAKAGE,TOL-SETTLEMENT,2025-04-05T00:00:00Z,LEAKAGE on SETTLEMENT_VS_PAYMENT
rcn-01244,RUN-2025-04-05-01,FEE_VS_RATE_CARD,core.payments,PAY-0304,core.gateway_fees,FEE-0304,MISMATCH,10.89,15.22,-4.33,0,4.33,LEAKAGE,TOL-FEE,2025-04-05T00:00:00Z,LEAKAGE on FEE_VS_RATE_CARD
rcn-01245,RUN-2025-04-05-01,BANK_VS_SETTLEMENT,core.settlements,SET-0304,core.bank_transactions,BNK-0304,MATCHED,527.4,527.4,0.0,0,0,LEGITIMATE,TOL-BANK,2025-04-05T00:00:00Z,
rcn-01246,RUN-2025-04-05-01,PAYMENT_VS_ORDER,core.orders,ORD-305,core.payments,PAY-0305,MATCHED,420.72,420.72,0.0,0,0,LEGITIMATE,TOL-PAYMENT,2025-04-05T00:00:00Z,
rcn-01247,RUN-2025-04-05-01,SETTLEMENT_VS_PAYMENT,core.payments,PAY-0305,core.settlements,SET-0305,MATCHED,411.29,411.29,0.0,0,0,LEGITIMATE,TOL-SETTLEMENT,2025-04-05T00:00:00Z,
rcn-01248,RUN-2025-04-05-01,FEE_VS_RATE_CARD,core.payments,PAY-0305,core.gateway_fees,FEE-0305,MATCHED,7.99,7.99,0.0,0,0,LEGITIMATE,TOL-FEE,2025-04-05T00:00:00Z,
rcn-01249,RUN-2025-04-05-01,BANK_VS_SETTLEMENT,core.settlements,SET-0305,core.bank_transactions,BNK-0305,MATCHED,411.29,411.29,0.0,0,0,LEGITIMATE,TOL-BANK,2025-04-05T00:00:00Z,
rcn-01250,RUN-2025-04-05-01,PAYMENT_VS_ORDER,core.orders,ORD-306,core.payments,PAY-0306,MATCHED,299.0,299.0,0.0,0,0,LEGITIMATE,TOL-PAYMENT,2025-04-05T00:00:00Z,
rcn-01251,RUN-2025-04-05-01,SETTLEMENT_VS_PAYMENT,core.payments,PAY-0306,core.settlements,SET-0306,MATCHED,291.94,291.94,0.0,0,0,LEGITIMATE,TOL-SETTLEMENT,2025-04-05T00:00:00Z,
rcn-01252,RUN-2025-04-05-01,FEE_VS_RATE_CARD,core.payments,PAY-0306,core.gateway_fees,FEE-0306,MATCHED,5.98,5.98,0.0,0,0,LEGITIMATE,TOL-FEE,2025-04-05T00:00:00Z,
rcn-01253,RUN-2025-04-05-01,BANK_VS_SETTLEMENT,core.settlements,SET-0306,core.bank_transactions,BNK-0306,MATCHED,291.94,291.94,0.0,0,0,LEGITIMATE,TOL-BANK,2025-04-05T00:00:00Z,
rcn-01254,RUN-2025-04-05-01,PAYMENT_VS_ORDER,core.orders,ORD-307,core.payments,PAY-0307,MATCHED,2421.77,2421.77,0.0,0,0,LEGITIMATE,TOL-PAYMENT,2025-04-05T00:00:00Z,
rcn-01255,RUN-2025-04-05-01,SETTLEMENT_VS_PAYMENT,core.payments,PAY-0307,core.settlements,SET-0307,MATCHED,2407.61,2407.61,0.0,0,0,LEGITIMATE,TOL-SETTLEMENT,2025-04-05T00:00:00Z,
rcn-01256,RUN-2025-04-05-01,FEE_VS_RATE_CARD,core.payments,PAY-0307,core.gateway_fees,FEE-0307,MATCHED,12.0,12.0,0.0,0,0,LEGITIMATE,TOL-FEE,2025-04-05T00:00:00Z,
rcn-01257,RUN-2025-04-05-01,BANK_VS_SETTLEMENT,core.settlements,SET-0307,core.bank_transactions,BNK-0307,MATCHED,2407.61,2407.61,0.0,0,0,LEGITIMATE,TOL-BANK,2025-04-05T00:00:00Z,
rcn-01258,RUN-2025-04-05-01,PAYMENT_VS_ORDER,core.orders,ORD-308,core.payments,PAY-0308,MATCHED,299.0,299.0,0.0,0,0,LEGITIMATE,TOL-PAYMENT,2025-04-05T00:00:00Z,
rcn-01259,RUN-2025-04-05-01,SETTLEMENT_VS_PAYMENT,core.payments,PAY-0308,core.settlements,SET-0308,MATCHED,291.94,291.94,0.0,0,0,LEGITIMATE,TOL-SETTLEMENT,2025-04-05T00:00:00Z,
rcn-01260,RUN-2025-04-05-01,FEE_VS_RATE_CARD,core.payments,PAY-0308,core.gateway_fees,FEE-0308,MATCHED,5.98,5.98,0.0,0,0,LEGITIMATE,TOL-FEE,2025-04-05T00:00:00Z,
rcn-01261,RUN-2025-04-05-01,BANK_VS_SETTLEMENT,core.settlements,SET-0308,core.bank_transactions,BNK-0308,MATCHED,291.94,291.94,0.0,0,0,LEGITIMATE,TOL-BANK,2025-04-05T00:00:00Z,
rcn-01262,RUN-2025-04-05-01,PAYMENT_VS_ORDER,core.orders,ORD-309,core.payments,PAY-0309,MATCHED,693.34,693.34,0.0,0,0,LEGITIMATE,TOL-PAYMENT,2025-04-05T00:00:00Z,
rcn-01263,RUN-2025-04-05-01,SETTLEMENT_VS_PAYMENT,core.payments,PAY-0309,core.settlements,SET-0309,MATCHED,679.18,679.18,0.0,0,0,LEGITIMATE,TOL-SETTLEMENT,2025-04-05T00:00:00Z,
rcn-01264,RUN-2025-04-05-01,FEE_VS_RATE_CARD,core.payments,PAY-0309,core.gateway_fees,FEE-0309,MATCHED,12.0,12.0,0.0,0,0,LEGITIMATE,TOL-FEE,2025-04-05T00:00:00Z,
rcn-01265,RUN-2025-04-05-01,BANK_VS_SETTLEMENT,core.settlements,SET-0309,core.bank_transactions,BNK-0309,MATCHED,679.18,679.18,0.0,0,0,LEGITIMATE,TOL-BANK,2025-04-05T00:00:00Z,
rcn-01266,RUN-2025-04-05-01,PAYMENT_VS_ORDER,core.orders,ORD-310,core.payments,PAY-0310,MATCHED,1402.65,1402.65,0.0,0,0,LEGITIMATE,TOL-PAYMENT,2025-04-05T00:00:00Z,
rcn-01267,RUN-2025-04-05-01,SETTLEMENT_VS_PAYMENT,core.payments,PAY-0310,core.settlements,SET-0310,MATCHED,1396.03,1396.03,0.0,0,0,LEGITIMATE,TOL-SETTLEMENT,2025-04-05T00:00:00Z,
rcn-01268,RUN-2025-04-05-01,FEE_VS_RATE_CARD,core.payments,PAY-0310,core.gateway_fees,FEE-0310,MATCHED,5.61,5.61,0.0,0,0,LEGITIMATE,TOL-FEE,2025-04-05T00:00:00Z,
rcn-01269,RUN-2025-04-05-01,BANK_VS_SETTLEMENT,core.settlements,SET-0310,core.bank_transactions,BNK-0310,MATCHED,1396.03,1396.03,0.0,0,0,LEGITIMATE,TOL-BANK,2025-04-05T00:00:00Z,
rcn-01270,RUN-2025-04-05-01,PAYMENT_VS_ORDER,core.orders,ORD-311,core.payments,PAY-0311,MATCHED,419.1,419.1,0.0,0,0,LEGITIMATE,TOL-PAYMENT,2025-04-05T00:00:00Z,
rcn-01271,RUN-2025-04-05-01,SETTLEMENT_VS_PAYMENT,core.payments,PAY-0311,core.settlements,SET-0311,MATCHED,409.21,409.21,0.0,0,0,LEGITIMATE,TOL-SETTLEMENT,2025-04-05T00:00:00Z,
rcn-01272,RUN-2025-04-05-01,FEE_VS_RATE_CARD,core.payments,PAY-0311,core.gateway_fees,FEE-0311,MATCHED,8.38,8.38,0.0,0,0,LEGITIMATE,TOL-FEE,2025-04-05T00:00:00Z,
rcn-01273,RUN-2025-04-05-01,BANK_VS_SETTLEMENT,core.settlements,SET-0311,core.bank_transactions,BNK-0311,MATCHED,409.21,409.21,0.0,0,0,LEGITIMATE,TOL-BANK,2025-04-05T00:00:00Z,
rcn-01274,RUN-2025-04-05-01,PAYMENT_VS_ORDER,core.orders,ORD-312,core.payments,PAY-0312,MATCHED,1058.78,1058.78,0.0,0,0,LEGITIMATE,TOL-PAYMENT,2025-04-05T00:00:00Z,
rcn-01275,RUN-2025-04-05-01,SETTLEMENT_VS_PAYMENT,core.payments,PAY-0312,core.settlements,SET-0312,MATCHED,1053.78,1053.78,0.0,0,0,LEGITIMATE,TOL-SETTLEMENT,2025-04-05T00:00:00Z,
rcn-01276,RUN-2025-04-05-01,FEE_VS_RATE_CARD,core.payments,PAY-0312,core.gateway_fees,FEE-0312,MATCHED,4.24,4.24,0.0,0,0,LEGITIMATE,TOL-FEE,2025-04-05T00:00:00Z,
rcn-01277,RUN-2025-04-05-01,BANK_VS_SETTLEMENT,core.settlements,SET-0312,core.bank_transactions,BNK-0312,MATCHED,1053.78,1053.78,0.0,0,0,LEGITIMATE,TOL-BANK,2025-04-05T00:00:00Z,
rcn-01278,RUN-2025-04-05-01,PAYMENT_VS_ORDER,core.orders,ORD-313,core.payments,PAY-0313,MATCHED,299.0,299.0,0.0,0,0,LEGITIMATE,TOL-PAYMENT,2025-04-05T00:00:00Z,
rcn-01279,RUN-2025-04-05-01,SETTLEMENT_VS_PAYMENT,core.payments,PAY-0313,core.settlements,SET-0313,MATCHED,175.16,175.16,0.0,0,0,LEGITIMATE,TOL-SETTLEMENT,2025-04-05T00:00:00Z,
rcn-01280,RUN-2025-04-05-01,FEE_VS_RATE_CARD,core.payments,PAY-0313,core.gateway_fees,FEE-0313,MATCHED,3.59,3.59,0.0,0,0,LEGITIMATE,TOL-FEE,2025-04-05T00:00:00Z,
rcn-01281,RUN-2025-04-05-01,BANK_VS_SETTLEMENT,core.settlements,SET-0313,core.bank_transactions,BNK-0313,MATCHED,175.16,175.16,0.0,0,0,LEGITIMATE,TOL-BANK,2025-04-05T00:00:00Z,
rcn-01282,RUN-2025-04-05-01,SETTLEMENT_VS_PAYMENT,core.payments,PAY-0313-2,core.settlements,SET-0313-2,MATCHED,116.78,116.78,0.0,0,0,LEGITIMATE,TOL-SETTLEMENT,2025-04-05T00:00:00Z,
rcn-01283,RUN-2025-04-05-01,FEE_VS_RATE_CARD,core.payments,PAY-0313-2,core.gateway_fees,FEE-0313-2,MATCHED,2.39,2.39,0.0,0,0,LEGITIMATE,TOL-FEE,2025-04-05T00:00:00Z,
rcn-01284,RUN-2025-04-05-01,BANK_VS_SETTLEMENT,core.settlements,SET-0313-2,core.bank_transactions,BNK-0313-2,MATCHED,116.78,116.78,0.0,0,0,LEGITIMATE,TOL-BANK,2025-04-05T00:00:00Z,
rcn-01285,RUN-2025-04-05-01,PAYMENT_VS_ORDER,core.orders,ORD-314,core.payments,PAY-0314,MATCHED,2146.21,2146.21,0.0,0,0,LEGITIMATE,TOL-PAYMENT,2025-04-05T00:00:00Z,
rcn-01286,RUN-2025-04-05-01,SETTLEMENT_VS_PAYMENT,core.payments,PAY-0314,core.settlements,SET-0314,MATCHED,2136.09,2136.09,0.0,0,0,LEGITIMATE,TOL-SETTLEMENT,2025-04-05T00:00:00Z,
rcn-01287,RUN-2025-04-05-01,FEE_VS_RATE_CARD,core.payments,PAY-0314,core.gateway_fees,FEE-0314,MATCHED,8.58,8.58,0.0,0,0,LEGITIMATE,TOL-FEE,2025-04-05T00:00:00Z,
rcn-01288,RUN-2025-04-05-01,BANK_VS_SETTLEMENT,core.settlements,SET-0314,core.bank_transactions,BNK-0314,MATCHED,2136.09,2136.09,0.0,0,0,LEGITIMATE,TOL-BANK,2025-04-05T00:00:00Z,
rcn-01289,RUN-2025-04-05-01,PAYMENT_VS_ORDER,core.orders,ORD-315,core.payments,PAY-0315,MATCHED,1579.76,1579.76,0.0,0,0,LEGITIMATE,TOL-PAYMENT,2025-04-05T00:00:00Z,
rcn-01290,RUN-2025-04-05-01,SETTLEMENT_VS_PAYMENT,core.payments,PAY-0315,core.settlements,SET-0315,MATCHED,1542.47,1542.47,0.0,0,0,LEGITIMATE,TOL-SETTLEMENT,2025-04-05T00:00:00Z,
rcn-01291,RUN-2025-04-05-01,FEE_VS_RATE_CARD,core.payments,PAY-0315,core.gateway_fees,FEE-0315,MATCHED,31.6,31.6,0.0,0,0,LEGITIMATE,TOL-FEE,2025-04-05T00:00:00Z,
rcn-01292,RUN-2025-04-05-01,BANK_VS_SETTLEMENT,core.settlements,SET-0315,core.bank_transactions,BNK-0315,MATCHED,1542.47,1542.47,0.0,0,0,LEGITIMATE,TOL-BANK,2025-04-05T00:00:00Z,
rcn-01293,RUN-2025-04-05-01,PAYMENT_VS_ORDER,core.orders,ORD-316,core.payments,PAY-0316,MATCHED,6913.31,6913.31,0.0,0,0,LEGITIMATE,TOL-PAYMENT,2025-04-05T00:00:00Z,
rcn-01294,RUN-2025-04-05-01,SETTLEMENT_VS_PAYMENT,core.payments,PAY-0316,core.settlements,SET-0316,MISMATCH,5258.16,5082.38,175.78,0,175.78,LEAKAGE,TOL-SETTLEMENT,2025-04-05T00:00:00Z,LEAKAGE on SETTLEMENT_VS_PAYMENT
rcn-01295,RUN-2025-04-05-01,FEE_VS_RATE_CARD,core.payments,PAY-0316,core.gateway_fees,FEE-0316,MATCHED,27.65,27.65,0.0,0,0,LEGITIMATE,TOL-FEE,2025-04-05T00:00:00Z,
rcn-01296,RUN-2025-04-05-01,BANK_VS_SETTLEMENT,core.settlements,SET-0316,core.bank_transactions,BNK-0316,MATCHED,5082.38,5082.38,0.0,0,0,LEGITIMATE,TOL-BANK,2025-04-05T00:00:00Z,
rcn-01297,RUN-2025-04-05-01,REFUND_VS_PAYMENT,core.payments,PAY-0316,core.refunds,REF-0316,MATCHED,1629.04,1629.04,0.0,0,0,LEGITIMATE,TOL-REFUND,2025-04-05T00:00:00Z,
rcn-01298,RUN-2025-04-05-01,PAYMENT_VS_ORDER,core.orders,ORD-317,core.payments,PAY-0317,MATCHED,765.8,765.8,0.0,0,0,LEGITIMATE,TOL-PAYMENT,2025-04-05T00:00:00Z,
rcn-01299,RUN-2025-04-05-01,SETTLEMENT_VS_PAYMENT,core.payments,PAY-0317,core.settlements,SET-0317,MATCHED,762.19,762.19,0.0,0,0,LEGITIMATE,TOL-SETTLEMENT,2025-04-05T00:00:00Z,
rcn-01300,RUN-2025-04-05-01,FEE_VS_RATE_CARD,core.payments,PAY-0317,core.gateway_fees,FEE-0317,MATCHED,3.06,3.06,0.0,0,0,LEGITIMATE,TOL-FEE,2025-04-05T00:00:00Z,
rcn-01301,RUN-2025-04-05-01,BANK_VS_SETTLEMENT,core.settlements,SET-0317,core.bank_transactions,BNK-0317,MATCHED,762.19,762.19,0.0,0,0,LEGITIMATE,TOL-BANK,2025-04-05T00:00:00Z,
rcn-01302,RUN-2025-04-05-01,PAYMENT_VS_ORDER,core.orders,ORD-318,core.payments,PAY-0318,MATCHED,2491.67,2491.67,0.0,0,0,LEGITIMATE,TOL-PAYMENT,2025-04-05T00:00:00Z,
rcn-01303,RUN-2025-04-05-01,SETTLEMENT_VS_PAYMENT,core.payments,PAY-0318,core.settlements,SET-0318,MATCHED,2432.87,2432.87,0.0,0,0,LEGITIMATE,TOL-SETTLEMENT,2025-04-05T00:00:00Z,
rcn-01304,RUN-2025-04-05-01,FEE_VS_RATE_CARD,core.payments,PAY-0318,core.gateway_fees,FEE-0318,MATCHED,49.83,49.83,0.0,0,0,LEGITIMATE,TOL-FEE,2025-04-05T00:00:00Z,
rcn-01305,RUN-2025-04-05-01,BANK_VS_SETTLEMENT,core.settlements,SET-0318,core.bank_transactions,BNK-0318,MATCHED,2432.87,2432.87,0.0,0,0,LEGITIMATE,TOL-BANK,2025-04-05T00:00:00Z,
rcn-01306,RUN-2025-04-05-01,PAYMENT_VS_ORDER,core.orders,ORD-319,core.payments,PAY-0319,MATCHED,299.0,299.0,0.0,0,0,LEGITIMATE,TOL-PAYMENT,2025-04-05T00:00:00Z,
rcn-01307,RUN-2025-04-05-01,SETTLEMENT_VS_PAYMENT,core.payments,PAY-0319,core.settlements,SET-0319,MATCHED,297.58,297.58,0.0,0,0,LEGITIMATE,TOL-SETTLEMENT,2025-04-05T00:00:00Z,
rcn-01308,RUN-2025-04-05-01,FEE_VS_RATE_CARD,core.payments,PAY-0319,core.gateway_fees,FEE-0319,MATCHED,1.2,1.2,0.0,0,0,LEGITIMATE,TOL-FEE,2025-04-05T00:00:00Z,
rcn-01309,RUN-2025-04-05-01,BANK_VS_SETTLEMENT,core.settlements,SET-0319,core.bank_transactions,BNK-0319,MATCHED,297.58,297.58,0.0,0,0,LEGITIMATE,TOL-BANK,2025-04-05T00:00:00Z,
rcn-01310,RUN-2025-04-05-01,PAYMENT_VS_ORDER,core.orders,ORD-320,core.payments,PAY-0320,MATCHED,1873.43,1873.43,0.0,0,0,LEGITIMATE,TOL-PAYMENT,2025-04-05T00:00:00Z,
rcn-01311,RUN-2025-04-05-01,SETTLEMENT_VS_PAYMENT,core.payments,PAY-0320,core.settlements,SET-0320,MATCHED,1829.22,1829.22,0.0,0,0,LEGITIMATE,TOL-SETTLEMENT,2025-04-05T00:00:00Z,
rcn-01312,RUN-2025-04-05-01,FEE_VS_RATE_CARD,core.payments,PAY-0320,core.gateway_fees,FEE-0320,MATCHED,37.47,37.47,0.0,0,0,LEGITIMATE,TOL-FEE,2025-04-05T00:00:00Z,
rcn-01313,RUN-2025-04-05-01,BANK_VS_SETTLEMENT,core.settlements,SET-0320,core.bank_transactions,BNK-0320,MATCHED,1829.22,1829.22,0.0,0,0,LEGITIMATE,TOL-BANK,2025-04-05T00:00:00Z,
rcn-01314,RUN-2025-04-05-01,PAYMENT_VS_ORDER,core.orders,ORD-321,core.payments,PAY-0321,MATCHED,299.0,299.0,0.0,0,0,LEGITIMATE,TOL-PAYMENT,2025-04-05T00:00:00Z,
rcn-01315,RUN-2025-04-05-01,SETTLEMENT_VS_PAYMENT,core.payments,PAY-0321,core.settlements,SET-0321,MATCHED,284.84,284.84,0.0,0,0,LEGITIMATE,TOL-SETTLEMENT,2025-04-05T00:00:00Z,
rcn-01316,RUN-2025-04-05-01,FEE_VS_RATE_CARD,core.payments,PAY-0321,core.gateway_fees,FEE-0321,MATCHED,12.0,12.0,0.0,0,0,LEGITIMATE,TOL-FEE,2025-04-05T00:00:00Z,
rcn-01317,RUN-2025-04-05-01,BANK_VS_SETTLEMENT,core.settlements,SET-0321,core.bank_transactions,BNK-0321,MATCHED,284.84,284.84,0.0,0,0,LEGITIMATE,TOL-BANK,2025-04-05T00:00:00Z,
rcn-01318,RUN-2025-04-05-01,PAYMENT_VS_ORDER,core.orders,ORD-322,core.payments,PAY-0322,MATCHED,936.97,936.97,0.0,0,0,LEGITIMATE,TOL-PAYMENT,2025-04-05T00:00:00Z,
rcn-01319,RUN-2025-04-05-01,SETTLEMENT_VS_PAYMENT,core.payments,PAY-0322,core.settlements,SET-0322,MATCHED,932.55,932.55,0.0,0,0,LEGITIMATE,TOL-SETTLEMENT,2025-04-05T00:00:00Z,
rcn-01320,RUN-2025-04-05-01,FEE_VS_RATE_CARD,core.payments,PAY-0322,core.gateway_fees,FEE-0322,MATCHED,3.75,3.75,0.0,0,0,LEGITIMATE,TOL-FEE,2025-04-05T00:00:00Z,
rcn-01321,RUN-2025-04-05-01,BANK_VS_SETTLEMENT,core.settlements,SET-0322,core.bank_transactions,BNK-0322,MATCHED,932.55,932.55,0.0,0,0,LEGITIMATE,TOL-BANK,2025-04-05T00:00:00Z,
rcn-01322,RUN-2025-04-05-01,PAYMENT_VS_ORDER,core.orders,ORD-323,core.payments,PAY-0323,MATCHED,1052.6,1052.6,0.0,0,0,LEGITIMATE,TOL-PAYMENT,2025-04-05T00:00:00Z,
rcn-01323,RUN-2025-04-05-01,SETTLEMENT_VS_PAYMENT,core.payments,PAY-0323,core.settlements,SET-0323,MATCHED,1047.63,1047.63,0.0,0,0,LEGITIMATE,TOL-SETTLEMENT,2025-04-05T00:00:00Z,
rcn-01324,RUN-2025-04-05-01,FEE_VS_RATE_CARD,core.payments,PAY-0323,core.gateway_fees,FEE-0323,MATCHED,4.21,4.21,0.0,0,0,LEGITIMATE,TOL-FEE,2025-04-05T00:00:00Z,
rcn-01325,RUN-2025-04-05-01,BANK_VS_SETTLEMENT,core.settlements,SET-0323,core.bank_transactions,BNK-0323,MATCHED,1047.63,1047.63,0.0,0,0,LEGITIMATE,TOL-BANK,2025-04-05T00:00:00Z,
rcn-01326,RUN-2025-04-05-01,PAYMENT_VS_ORDER,core.orders,ORD-324,core.payments,PAY-0324,MATCHED,430.55,430.55,0.0,0,0,LEGITIMATE,TOL-PAYMENT,2025-04-05T00:00:00Z,
rcn-01327,RUN-2025-04-05-01,SETTLEMENT_VS_PAYMENT,core.payments,PAY-0324,core.settlements,SET-0324,MATCHED,420.39,420.39,0.0,0,0,LEGITIMATE,TOL-SETTLEMENT,2025-04-05T00:00:00Z,
rcn-01328,RUN-2025-04-05-01,FEE_VS_RATE_CARD,core.payments,PAY-0324,core.gateway_fees,FEE-0324,MATCHED,8.61,8.61,0.0,0,0,LEGITIMATE,TOL-FEE,2025-04-05T00:00:00Z,
rcn-01329,RUN-2025-04-05-01,BANK_VS_SETTLEMENT,core.settlements,SET-0324,core.bank_transactions,BNK-0324,MATCHED,420.39,420.39,0.0,0,0,LEGITIMATE,TOL-BANK,2025-04-05T00:00:00Z,
rcn-01330,RUN-2025-04-05-01,PAYMENT_VS_ORDER,core.orders,ORD-325,core.payments,PAY-0325,MATCHED,812.61,812.61,0.0,0,0,LEGITIMATE,TOL-PAYMENT,2025-04-05T00:00:00Z,
rcn-01331,RUN-2025-04-05-01,SETTLEMENT_VS_PAYMENT,core.payments,PAY-0325,core.settlements,SET-0325,MATCHED,808.78,808.78,0.0,0,0,LEGITIMATE,TOL-SETTLEMENT,2025-04-05T00:00:00Z,
rcn-01332,RUN-2025-04-05-01,FEE_VS_RATE_CARD,core.payments,PAY-0325,core.gateway_fees,FEE-0325,MATCHED,3.25,3.25,0.0,0,0,LEGITIMATE,TOL-FEE,2025-04-05T00:00:00Z,
rcn-01333,RUN-2025-04-05-01,BANK_VS_SETTLEMENT,core.settlements,SET-0325,core.bank_transactions,BNK-0325,MATCHED,808.78,808.78,0.0,0,0,LEGITIMATE,TOL-BANK,2025-04-05T00:00:00Z,
rcn-01334,RUN-2025-04-05-01,PAYMENT_VS_ORDER,core.orders,ORD-326,core.payments,PAY-0326,MATCHED,299.0,299.0,0.0,0,0,LEGITIMATE,TOL-PAYMENT,2025-04-05T00:00:00Z,
rcn-01335,RUN-2025-04-05-01,SETTLEMENT_VS_PAYMENT,core.payments,PAY-0326,core.settlements,SET-0326,MATCHED,145.94,145.94,0.0,0,0,LEGITIMATE,TOL-SETTLEMENT,2025-04-05T00:00:00Z,
rcn-01336,RUN-2025-04-05-01,FEE_VS_RATE_CARD,core.payments,PAY-0326,core.gateway_fees,FEE-0326,MATCHED,5.98,5.98,0.0,0,0,LEGITIMATE,TOL-FEE,2025-04-05T00:00:00Z,
rcn-01337,RUN-2025-04-05-01,BANK_VS_SETTLEMENT,core.settlements,SET-0326,core.bank_transactions,BNK-0326,MATCHED,145.94,145.94,0.0,0,0,LEGITIMATE,TOL-BANK,2025-04-05T00:00:00Z,
rcn-01338,RUN-2025-04-05-01,REFUND_VS_PAYMENT,core.payments,PAY-0326,core.refunds,REF-0326,MATCHED,148.98,148.98,0.0,0,0,LEGITIMATE,TOL-REFUND,2025-04-05T00:00:00Z,
rcn-01339,RUN-2025-04-05-01,PAYMENT_VS_ORDER,core.orders,ORD-327,core.payments,PAY-0327,MATCHED,629.1,629.1,0.0,0,0,LEGITIMATE,TOL-PAYMENT,2025-04-05T00:00:00Z,
rcn-01340,RUN-2025-04-05-01,SETTLEMENT_VS_PAYMENT,core.payments,PAY-0327,core.settlements,SET-0327,MATCHED,614.26,614.26,0.0,0,0,LEGITIMATE,TOL-SETTLEMENT,2025-04-05T00:00:00Z,
rcn-01341,RUN-2025-04-05-01,FEE_VS_RATE_CARD,core.payments,PAY-0327,core.gateway_fees,FEE-0327,MATCHED,12.58,12.58,0.0,0,0,LEGITIMATE,TOL-FEE,2025-04-05T00:00:00Z,
rcn-01342,RUN-2025-04-05-01,BANK_VS_SETTLEMENT,core.settlements,SET-0327,core.bank_transactions,BNK-0327,MATCHED,614.26,614.26,0.0,0,0,LEGITIMATE,TOL-BANK,2025-04-05T00:00:00Z,
rcn-01343,RUN-2025-04-05-01,PAYMENT_VS_ORDER,core.orders,ORD-328,core.payments,PAY-0328,MATCHED,488.44,488.44,0.0,0,0,LEGITIMATE,TOL-PAYMENT,2025-04-05T00:00:00Z,
rcn-01344,RUN-2025-04-05-01,SETTLEMENT_VS_PAYMENT,core.payments,PAY-0328,core.settlements,SET-0328,MATCHED,476.91,476.91,0.0,0,0,LEGITIMATE,TOL-SETTLEMENT,2025-04-05T00:00:00Z,
rcn-01345,RUN-2025-04-05-01,FEE_VS_RATE_CARD,core.payments,PAY-0328,core.gateway_fees,FEE-0328,MATCHED,9.77,9.77,0.0,0,0,LEGITIMATE,TOL-FEE,2025-04-05T00:00:00Z,
rcn-01346,RUN-2025-04-05-01,BANK_VS_SETTLEMENT,core.settlements,SET-0328,core.bank_transactions,BNK-0328,MATCHED,476.91,476.91,0.0,0,0,LEGITIMATE,TOL-BANK,2025-04-05T00:00:00Z,
rcn-01347,RUN-2025-04-05-01,PAYMENT_VS_ORDER,core.orders,ORD-329,core.payments,PAY-0329,MATCHED,537.45,537.45,0.0,0,0,LEGITIMATE,TOL-PAYMENT,2025-04-05T00:00:00Z,
rcn-01348,RUN-2025-04-05-01,SETTLEMENT_VS_PAYMENT,core.payments,PAY-0329,core.settlements,SET-0329,MATCHED,534.91,534.91,0.0,0,0,LEGITIMATE,TOL-SETTLEMENT,2025-04-05T00:00:00Z,
rcn-01349,RUN-2025-04-05-01,FEE_VS_RATE_CARD,core.payments,PAY-0329,core.gateway_fees,FEE-0329,MATCHED,2.15,2.15,0.0,0,0,LEGITIMATE,TOL-FEE,2025-04-05T00:00:00Z,
rcn-01350,RUN-2025-04-05-01,BANK_VS_SETTLEMENT,core.settlements,SET-0329,core.bank_transactions,BNK-0329,MATCHED,534.91,534.91,0.0,0,0,LEGITIMATE,TOL-BANK,2025-04-05T00:00:00Z,
rcn-01351,RUN-2025-04-05-01,PAYMENT_VS_ORDER,core.orders,ORD-330,core.payments,PAY-0330,MATCHED,558.3,558.3,0.0,0,0,LEGITIMATE,TOL-PAYMENT,2025-04-05T00:00:00Z,
rcn-01352,RUN-2025-04-05-01,SETTLEMENT_VS_PAYMENT,core.payments,PAY-0330,core.settlements,SET-0330,MATCHED,555.67,554.61,1.06,0,0,LEGITIMATE,TOL-SETTLEMENT,2025-04-05T00:00:00Z,
rcn-01353,RUN-2025-04-05-01,FEE_VS_RATE_CARD,core.payments,PAY-0330,core.gateway_fees,FEE-0330,MISMATCH,2.23,3.29,-1.06,0,1.06,LEAKAGE,TOL-FEE,2025-04-05T00:00:00Z,LEAKAGE on FEE_VS_RATE_CARD
rcn-01354,RUN-2025-04-05-01,BANK_VS_SETTLEMENT,core.settlements,SET-0330,core.bank_transactions,BNK-0330,MATCHED,554.61,554.61,0.0,0,0,LEGITIMATE,TOL-BANK,2025-04-05T00:00:00Z,
rcn-01355,RUN-2025-04-05-01,PAYMENT_VS_ORDER,core.orders,ORD-331,core.payments,PAY-0331,MATCHED,3884.01,3884.01,0.0,0,0,LEGITIMATE,TOL-PAYMENT,2025-04-05T00:00:00Z,
rcn-01356,RUN-2025-04-05-01,SETTLEMENT_VS_PAYMENT,core.payments,PAY-0331,core.settlements,SET-0331,MATCHED,3865.67,3865.67,0.0,0,0,LEGITIMATE,TOL-SETTLEMENT,2025-04-05T00:00:00Z,
rcn-01357,RUN-2025-04-05-01,FEE_VS_RATE_CARD,core.payments,PAY-0331,core.gateway_fees,FEE-0331,MATCHED,15.54,15.54,0.0,0,0,LEGITIMATE,TOL-FEE,2025-04-05T00:00:00Z,
rcn-01358,RUN-2025-04-05-01,BANK_VS_SETTLEMENT,core.settlements,SET-0331,core.bank_transactions,BNK-0331,MATCHED,3865.67,3865.67,0.0,0,0,LEGITIMATE,TOL-BANK,2025-04-05T00:00:00Z,
rcn-01359,RUN-2025-04-05-01,PAYMENT_VS_ORDER,core.orders,ORD-332,core.payments,PAY-0332,MATCHED,594.21,594.21,0.0,0,0,LEGITIMATE,TOL-PAYMENT,2025-04-05T00:00:00Z,
rcn-01360,RUN-2025-04-05-01,SETTLEMENT_VS_PAYMENT,core.payments,PAY-0332,core.settlements,SET-0332,MATCHED,580.19,580.19,0.0,0,0,LEGITIMATE,TOL-SETTLEMENT,2025-04-05T00:00:00Z,
rcn-01361,RUN-2025-04-05-01,FEE_VS_RATE_CARD,core.payments,PAY-0332,core.gateway_fees,FEE-0332,MATCHED,11.88,11.88,0.0,0,0,LEGITIMATE,TOL-FEE,2025-04-05T00:00:00Z,
rcn-01362,RUN-2025-04-05-01,BANK_VS_SETTLEMENT,core.settlements,SET-0332,core.bank_transactions,BNK-0332,MATCHED,580.19,580.19,0.0,0,0,LEGITIMATE,TOL-BANK,2025-04-05T00:00:00Z,
rcn-01363,RUN-2025-04-05-01,PAYMENT_VS_ORDER,core.orders,ORD-333,core.payments,PAY-0333,MATCHED,2048.37,2048.37,0.0,0,0,LEGITIMATE,TOL-PAYMENT,2025-04-05T00:00:00Z,
rcn-01364,RUN-2025-04-05-01,SETTLEMENT_VS_PAYMENT,core.payments,PAY-0333,core.settlements,SET-0333,MATCHED,2038.71,2038.71,0.0,0,0,LEGITIMATE,TOL-SETTLEMENT,2025-04-05T00:00:00Z,
rcn-01365,RUN-2025-04-05-01,FEE_VS_RATE_CARD,core.payments,PAY-0333,core.gateway_fees,FEE-0333,MATCHED,8.19,8.19,0.0,0,0,LEGITIMATE,TOL-FEE,2025-04-05T00:00:00Z,
rcn-01366,RUN-2025-04-05-01,BANK_VS_SETTLEMENT,core.settlements,SET-0333,core.bank_transactions,BNK-0333,MATCHED,2038.71,2038.71,0.0,0,0,LEGITIMATE,TOL-BANK,2025-04-05T00:00:00Z,
rcn-01367,RUN-2025-04-05-01,PAYMENT_VS_ORDER,core.orders,ORD-334,core.payments,PAY-0334,MATCHED,5594.98,5594.98,0.0,0,0,LEGITIMATE,TOL-PAYMENT,2025-04-05T00:00:00Z,
rcn-01368,RUN-2025-04-05-01,SETTLEMENT_VS_PAYMENT,core.payments,PAY-0334,core.settlements,SET-0334,MATCHED,5462.94,5462.94,0.0,0,0,LEGITIMATE,TOL-SETTLEMENT,2025-04-05T00:00:00Z,
rcn-01369,RUN-2025-04-05-01,FEE_VS_RATE_CARD,core.payments,PAY-0334,core.gateway_fees,FEE-0334,MATCHED,111.9,111.9,0.0,0,0,LEGITIMATE,TOL-FEE,2025-04-05T00:00:00Z,
rcn-01370,RUN-2025-04-05-01,BANK_VS_SETTLEMENT,core.settlements,SET-0334,core.bank_transactions,BNK-0334,MATCHED,5462.94,5462.94,0.0,0,0,LEGITIMATE,TOL-BANK,2025-04-05T00:00:00Z,
rcn-01371,RUN-2025-04-05-01,PAYMENT_VS_ORDER,core.orders,ORD-335,core.payments,PAY-0335,MATCHED,6927.62,6927.62,0.0,0,0,LEGITIMATE,TOL-PAYMENT,2025-04-05T00:00:00Z,
rcn-01372,RUN-2025-04-05-01,SETTLEMENT_VS_PAYMENT,core.payments,PAY-0335,core.settlements,SET-0335,MATCHED,6913.46,6913.46,0.0,0,0,LEGITIMATE,TOL-SETTLEMENT,2025-04-05T00:00:00Z,
rcn-01373,RUN-2025-04-05-01,FEE_VS_RATE_CARD,core.payments,PAY-0335,core.gateway_fees,FEE-0335,MATCHED,12.0,12.0,0.0,0,0,LEGITIMATE,TOL-FEE,2025-04-05T00:00:00Z,
rcn-01374,RUN-2025-04-05-01,BANK_VS_SETTLEMENT,core.settlements,SET-0335,core.bank_transactions,BNK-0335,MATCHED,6913.46,6913.46,0.0,0,0,LEGITIMATE,TOL-BANK,2025-04-05T00:00:00Z,
rcn-01375,RUN-2025-04-05-01,PAYMENT_VS_ORDER,core.orders,ORD-336,core.payments,PAY-0336,MATCHED,365.79,365.79,0.0,0,0,LEGITIMATE,TOL-PAYMENT,2025-04-05T00:00:00Z,
rcn-01376,RUN-2025-04-05-01,SETTLEMENT_VS_PAYMENT,core.payments,PAY-0336,core.settlements,SET-0336,MATCHED,357.15,357.15,0.0,0,0,LEGITIMATE,TOL-SETTLEMENT,2025-04-05T00:00:00Z,
rcn-01377,RUN-2025-04-05-01,FEE_VS_RATE_CARD,core.payments,PAY-0336,core.gateway_fees,FEE-0336,MATCHED,7.32,7.32,0.0,0,0,LEGITIMATE,TOL-FEE,2025-04-05T00:00:00Z,
rcn-01378,RUN-2025-04-05-01,BANK_VS_SETTLEMENT,core.settlements,SET-0336,core.bank_transactions,BNK-0336,MATCHED,357.15,357.15,0.0,0,0,LEGITIMATE,TOL-BANK,2025-04-05T00:00:00Z,
rcn-01379,RUN-2025-04-05-01,PAYMENT_VS_ORDER,core.orders,ORD-337,core.payments,PAY-0337,MATCHED,1389.38,1389.38,0.0,0,0,LEGITIMATE,TOL-PAYMENT,2025-04-05T00:00:00Z,
rcn-01380,RUN-2025-04-05-01,SETTLEMENT_VS_PAYMENT,core.payments,PAY-0337,core.settlements,SET-0337,MATCHED,1356.59,1356.59,0.0,0,0,LEGITIMATE,TOL-SETTLEMENT,2025-04-05T00:00:00Z,
rcn-01381,RUN-2025-04-05-01,FEE_VS_RATE_CARD,core.payments,PAY-0337,core.gateway_fees,FEE-0337,MATCHED,27.79,27.79,0.0,0,0,LEGITIMATE,TOL-FEE,2025-04-05T00:00:00Z,
rcn-01382,RUN-2025-04-05-01,BANK_VS_SETTLEMENT,core.settlements,SET-0337,core.bank_transactions,BNK-0337,MATCHED,1356.59,1356.59,0.0,0,0,LEGITIMATE,TOL-BANK,2025-04-05T00:00:00Z,
rcn-01383,RUN-2025-04-05-01,PAYMENT_VS_ORDER,core.orders,ORD-338,core.payments,PAY-0338,MATCHED,1335.26,1335.26,0.0,0,0,LEGITIMATE,TOL-PAYMENT,2025-04-05T00:00:00Z,
rcn-01384,RUN-2025-04-05-01,SETTLEMENT_VS_PAYMENT,core.payments,PAY-0338,core.settlements,SET-0338,MATCHED,1328.96,1328.96,0.0,0,0,LEGITIMATE,TOL-SETTLEMENT,2025-04-05T00:00:00Z,
rcn-01385,RUN-2025-04-05-01,FEE_VS_RATE_CARD,core.payments,PAY-0338,core.gateway_fees,FEE-0338,MATCHED,5.34,5.34,0.0,0,0,LEGITIMATE,TOL-FEE,2025-04-05T00:00:00Z,
rcn-01386,RUN-2025-04-05-01,BANK_VS_SETTLEMENT,core.settlements,SET-0338,core.bank_transactions,BNK-0338,MATCHED,1328.96,1328.96,0.0,0,0,LEGITIMATE,TOL-BANK,2025-04-05T00:00:00Z,
rcn-01387,RUN-2025-04-05-01,PAYMENT_VS_ORDER,core.orders,ORD-339,core.payments,PAY-0339,MATCHED,5445.47,5445.47,0.0,0,0,LEGITIMATE,TOL-PAYMENT,2025-04-05T00:00:00Z,
rcn-01388,RUN-2025-04-05-01,SETTLEMENT_VS_PAYMENT,core.payments,PAY-0339,core.settlements,SET-0339,MATCHED,5431.31,5431.31,0.0,0,0,LEGITIMATE,TOL-SETTLEMENT,2025-04-05T00:00:00Z,
rcn-01389,RUN-2025-04-05-01,FEE_VS_RATE_CARD,core.payments,PAY-0339,core.gateway_fees,FEE-0339,MATCHED,12.0,12.0,0.0,0,0,LEGITIMATE,TOL-FEE,2025-04-05T00:00:00Z,
rcn-01390,RUN-2025-04-05-01,BANK_VS_SETTLEMENT,core.settlements,SET-0339,core.bank_transactions,BNK-0339,MATCHED,5431.31,5431.31,0.0,0,0,LEGITIMATE,TOL-BANK,2025-04-05T00:00:00Z,
rcn-01391,RUN-2025-04-05-01,PAYMENT_VS_ORDER,core.orders,ORD-340,core.payments,PAY-0340,MATCHED,5957.66,5957.66,0.0,0,0,LEGITIMATE,TOL-PAYMENT,2025-04-05T00:00:00Z,
rcn-01392,RUN-2025-04-05-01,SETTLEMENT_VS_PAYMENT,core.payments,PAY-0340,core.settlements,SET-0340,MATCHED,5817.06,5817.06,0.0,0,0,LEGITIMATE,TOL-SETTLEMENT,2025-04-05T00:00:00Z,
rcn-01393,RUN-2025-04-05-01,FEE_VS_RATE_CARD,core.payments,PAY-0340,core.gateway_fees,FEE-0340,MATCHED,119.15,119.15,0.0,0,0,LEGITIMATE,TOL-FEE,2025-04-05T00:00:00Z,
rcn-01394,RUN-2025-04-05-01,BANK_VS_SETTLEMENT,core.settlements,SET-0340,core.bank_transactions,BNK-0340,MATCHED,5817.06,5817.06,0.0,0,0,LEGITIMATE,TOL-BANK,2025-04-05T00:00:00Z,
rcn-01395,RUN-2025-04-05-01,PAYMENT_VS_ORDER,core.orders,ORD-341,core.payments,PAY-0341,MATCHED,2172.63,2172.63,0.0,0,0,LEGITIMATE,TOL-PAYMENT,2025-04-05T00:00:00Z,
rcn-01396,RUN-2025-04-05-01,SETTLEMENT_VS_PAYMENT,core.payments,PAY-0341,core.settlements,SET-0341,MATCHED,2162.38,2162.38,0.0,0,0,LEGITIMATE,TOL-SETTLEMENT,2025-04-05T00:00:00Z,
rcn-01397,RUN-2025-04-05-01,FEE_VS_RATE_CARD,core.payments,PAY-0341,core.gateway_fees,FEE-0341,MATCHED,8.69,8.69,0.0,0,0,LEGITIMATE,TOL-FEE,2025-04-05T00:00:00Z,
rcn-01398,RUN-2025-04-05-01,BANK_VS_SETTLEMENT,core.settlements,SET-0341,core.bank_transactions,BNK-0341,MATCHED,2162.38,2162.38,0.0,0,0,LEGITIMATE,TOL-BANK,2025-04-05T00:00:00Z,
rcn-01399,RUN-2025-04-05-01,PAYMENT_VS_ORDER,core.orders,ORD-342,core.payments,PAY-0342,MATCHED,656.29,656.29,0.0,0,0,LEGITIMATE,TOL-PAYMENT,2025-04-05T00:00:00Z,
rcn-01400,RUN-2025-04-05-01,SETTLEMENT_VS_PAYMENT,core.payments,PAY-0342,core.settlements,SET-0342,MATCHED,640.8,640.8,0.0,0,0,LEGITIMATE,TOL-SETTLEMENT,2025-04-05T00:00:00Z,
rcn-01401,RUN-2025-04-05-01,FEE_VS_RATE_CARD,core.payments,PAY-0342,core.gateway_fees,FEE-0342,MATCHED,13.13,13.13,0.0,0,0,LEGITIMATE,TOL-FEE,2025-04-05T00:00:00Z,
rcn-01402,RUN-2025-04-05-01,BANK_VS_SETTLEMENT,core.settlements,SET-0342,core.bank_transactions,BNK-0342,MATCHED,640.8,640.8,0.0,0,0,LEGITIMATE,TOL-BANK,2025-04-05T00:00:00Z,
rcn-01403,RUN-2025-04-05-01,PAYMENT_VS_ORDER,core.orders,ORD-343,core.payments,PAY-0343,MATCHED,1850.08,1850.08,0.0,0,0,LEGITIMATE,TOL-PAYMENT,2025-04-05T00:00:00Z,
rcn-01404,RUN-2025-04-05-01,SETTLEMENT_VS_PAYMENT,core.payments,PAY-0343,core.settlements,SET-0343,MATCHED,1835.92,1835.92,0.0,0,0,LEGITIMATE,TOL-SETTLEMENT,2025-04-05T00:00:00Z,
rcn-01405,RUN-2025-04-05-01,FEE_VS_RATE_CARD,core.payments,PAY-0343,core.gateway_fees,FEE-0343,MATCHED,12.0,12.0,0.0,0,0,LEGITIMATE,TOL-FEE,2025-04-05T00:00:00Z,
rcn-01406,RUN-2025-04-05-01,BANK_VS_SETTLEMENT,core.settlements,SET-0343,core.bank_transactions,BNK-0343,MATCHED,1835.92,1835.92,0.0,0,0,LEGITIMATE,TOL-BANK,2025-04-05T00:00:00Z,
rcn-01407,RUN-2025-04-05-01,PAYMENT_VS_ORDER,core.orders,ORD-344,core.payments,PAY-0344,MATCHED,440.53,440.53,0.0,0,0,LEGITIMATE,TOL-PAYMENT,2025-04-05T00:00:00Z,
rcn-01408,RUN-2025-04-05-01,SETTLEMENT_VS_PAYMENT,core.payments,PAY-0344,core.settlements,SET-0344,MATCHED,430.13,430.13,0.0,0,0,LEGITIMATE,TOL-SETTLEMENT,2025-04-05T00:00:00Z,
rcn-01409,RUN-2025-04-05-01,FEE_VS_RATE_CARD,core.payments,PAY-0344,core.gateway_fees,FEE-0344,MATCHED,8.81,8.81,0.0,0,0,LEGITIMATE,TOL-FEE,2025-04-05T00:00:00Z,
rcn-01410,RUN-2025-04-05-01,BANK_VS_SETTLEMENT,core.settlements,SET-0344,core.bank_transactions,BNK-0344,MATCHED,430.13,430.13,0.0,0,0,LEGITIMATE,TOL-BANK,2025-04-05T00:00:00Z,
rcn-01411,RUN-2025-04-05-01,PAYMENT_VS_ORDER,core.orders,ORD-345,core.payments,PAY-0345,MATCHED,2095.91,2095.91,0.0,0,0,LEGITIMATE,TOL-PAYMENT,2025-04-05T00:00:00Z,
rcn-01412,RUN-2025-04-05-01,SETTLEMENT_VS_PAYMENT,core.payments,PAY-0345,core.settlements,SET-0345,MISMATCH,2081.75,2046.33,35.42,0,35.42,LEAKAGE,TOL-SETTLEMENT,2025-04-05T00:00:00Z,LEAKAGE on SETTLEMENT_VS_PAYMENT
rcn-01413,RUN-2025-04-05-01,FEE_VS_RATE_CARD,core.payments,PAY-0345,core.gateway_fees,FEE-0345,MATCHED,12.0,12.0,0.0,0,0,LEGITIMATE,TOL-FEE,2025-04-05T00:00:00Z,
rcn-01414,RUN-2025-04-05-01,BANK_VS_SETTLEMENT,core.settlements,SET-0345,core.bank_transactions,BNK-0345,MATCHED,2046.33,2046.33,0.0,0,0,LEGITIMATE,TOL-BANK,2025-04-05T00:00:00Z,
rcn-01415,RUN-2025-04-05-01,PAYMENT_VS_ORDER,core.orders,ORD-346,core.payments,PAY-0346,MATCHED,2108.51,2108.51,0.0,0,0,LEGITIMATE,TOL-PAYMENT,2025-04-05T00:00:00Z,
rcn-01416,RUN-2025-04-05-01,SETTLEMENT_VS_PAYMENT,core.payments,PAY-0346,core.settlements,,UNMATCHED,2058.75,,,0,2058.75,LEAKAGE,TOL-SETTLEMENT,2025-04-05T00:00:00Z,LEAKAGE on SETTLEMENT_VS_PAYMENT
rcn-01417,RUN-2025-04-05-01,FEE_VS_RATE_CARD,core.payments,PAY-0346,core.gateway_fees,FEE-0346,MATCHED,42.17,42.17,0.0,0,0,LEGITIMATE,TOL-FEE,2025-04-05T00:00:00Z,
rcn-01418,RUN-2025-04-05-01,PAYMENT_VS_ORDER,core.orders,ORD-347,core.payments,PAY-0347,MATCHED,5835.83,5835.83,0.0,0,0,LEGITIMATE,TOL-PAYMENT,2025-04-05T00:00:00Z,
rcn-01419,RUN-2025-04-05-01,SETTLEMENT_VS_PAYMENT,core.payments,PAY-0347,core.settlements,SET-0347,MISMATCH,5808.29,5378.94,429.35,0,429.35,LEAKAGE,TOL-SETTLEMENT,2025-04-05T00:00:00Z,LEAKAGE on SETTLEMENT_VS_PAYMENT
rcn-01420,RUN-2025-04-05-01,FEE_VS_RATE_CARD,core.payments,PAY-0347,core.gateway_fees,FEE-0347,MATCHED,23.34,23.34,0.0,0,0,LEGITIMATE,TOL-FEE,2025-04-05T00:00:00Z,
rcn-01421,RUN-2025-04-05-01,BANK_VS_SETTLEMENT,core.settlements,SET-0347,core.bank_transactions,BNK-0347,MATCHED,5378.94,5378.94,0.0,0,0,LEGITIMATE,TOL-BANK,2025-04-05T00:00:00Z,
rcn-01422,RUN-2025-04-05-01,PAYMENT_VS_ORDER,core.orders,ORD-348,core.payments,PAY-0348,MATCHED,1440.78,1440.78,0.0,0,0,LEGITIMATE,TOL-PAYMENT,2025-04-05T00:00:00Z,
rcn-01423,RUN-2025-04-05-01,SETTLEMENT_VS_PAYMENT,core.payments,PAY-0348,core.settlements,SET-0348,MATCHED,1406.77,1406.77,0.0,0,0,LEGITIMATE,TOL-SETTLEMENT,2025-04-05T00:00:00Z,
rcn-01424,RUN-2025-04-05-01,FEE_VS_RATE_CARD,core.payments,PAY-0348,core.gateway_fees,FEE-0348,MATCHED,28.82,28.82,0.0,0,0,LEGITIMATE,TOL-FEE,2025-04-05T00:00:00Z,
rcn-01425,RUN-2025-04-05-01,BANK_VS_SETTLEMENT,core.settlements,SET-0348,core.bank_transactions,BNK-0348,MATCHED,1406.77,1406.77,0.0,0,0,LEGITIMATE,TOL-BANK,2025-04-05T00:00:00Z,
rcn-01426,RUN-2025-04-05-01,PAYMENT_VS_ORDER,core.orders,ORD-349,core.payments,PAY-0349,MATCHED,458.9,458.9,0.0,0,0,LEGITIMATE,TOL-PAYMENT,2025-04-05T00:00:00Z,
rcn-01427,RUN-2025-04-05-01,SETTLEMENT_VS_PAYMENT,core.payments,PAY-0349,core.settlements,SET-0349,MATCHED,448.07,448.07,0.0,0,0,LEGITIMATE,TOL-SETTLEMENT,2025-04-05T00:00:00Z,
rcn-01428,RUN-2025-04-05-01,FEE_VS_RATE_CARD,core.payments,PAY-0349,core.gateway_fees,FEE-0349,MATCHED,9.18,9.18,0.0,0,0,LEGITIMATE,TOL-FEE,2025-04-05T00:00:00Z,
rcn-01429,RUN-2025-04-05-01,BANK_VS_SETTLEMENT,core.settlements,SET-0349,core.bank_transactions,BNK-0349,MATCHED,448.07,448.07,0.0,0,0,LEGITIMATE,TOL-BANK,2025-04-05T00:00:00Z,
rcn-01430,RUN-2025-04-05-01,PAYMENT_VS_ORDER,core.orders,ORD-350,core.payments,PAY-0350,MATCHED,1571.88,1571.88,0.0,0,0,LEGITIMATE,TOL-PAYMENT,2025-04-05T00:00:00Z,
rcn-01431,RUN-2025-04-05-01,SETTLEMENT_VS_PAYMENT,core.payments,PAY-0350,core.settlements,SET-0350,MATCHED,1528.29,1528.29,0.0,0,0,LEGITIMATE,TOL-SETTLEMENT,2025-04-05T00:00:00Z,
rcn-01432,RUN-2025-04-05-01,FEE_VS_RATE_CARD,core.payments,PAY-0350,core.gateway_fees,FEE-0350,MATCHED,36.94,36.94,0.0,0,0,LEGITIMATE,TOL-FEE,2025-04-05T00:00:00Z,
rcn-01433,RUN-2025-04-05-01,BANK_VS_SETTLEMENT,core.settlements,SET-0350,core.bank_transactions,BNK-0350,MATCHED,1528.29,1528.29,0.0,0,0,LEGITIMATE,TOL-BANK,2025-04-05T00:00:00Z,
rcn-01434,RUN-2025-04-05-01,PAYMENT_VS_ORDER,core.orders,ORD-351,core.payments,PAY-0351,MATCHED,299.0,299.0,0.0,0,0,LEGITIMATE,TOL-PAYMENT,2025-04-05T00:00:00Z,
rcn-01435,RUN-2025-04-05-01,SETTLEMENT_VS_PAYMENT,core.payments,PAY-0351,core.settlements,SET-0351,MATCHED,291.94,291.94,0.0,0,0,LEGITIMATE,TOL-SETTLEMENT,2025-04-05T00:00:00Z,
rcn-01436,RUN-2025-04-05-01,FEE_VS_RATE_CARD,core.payments,PAY-0351,core.gateway_fees,FEE-0351,MATCHED,5.98,5.98,0.0,0,0,LEGITIMATE,TOL-FEE,2025-04-05T00:00:00Z,
rcn-01437,RUN-2025-04-05-01,BANK_VS_SETTLEMENT,core.settlements,SET-0351,core.bank_transactions,BNK-0351,MATCHED,291.94,291.94,0.0,0,0,LEGITIMATE,TOL-BANK,2025-04-05T00:00:00Z,
rcn-01438,RUN-2025-04-05-01,PAYMENT_VS_ORDER,core.orders,ORD-352,core.payments,PAY-0352,MATCHED,878.09,878.09,0.0,0,0,LEGITIMATE,TOL-PAYMENT,2025-04-05T00:00:00Z,
rcn-01439,RUN-2025-04-05-01,SETTLEMENT_VS_PAYMENT,core.payments,PAY-0352,core.settlements,SET-0352,MATCHED,863.93,863.93,0.0,0,0,LEGITIMATE,TOL-SETTLEMENT,2025-04-05T00:00:00Z,
rcn-01440,RUN-2025-04-05-01,FEE_VS_RATE_CARD,core.payments,PAY-0352,core.gateway_fees,FEE-0352,MATCHED,12.0,12.0,0.0,0,0,LEGITIMATE,TOL-FEE,2025-04-05T00:00:00Z,
rcn-01441,RUN-2025-04-05-01,BANK_VS_SETTLEMENT,core.settlements,SET-0352,core.bank_transactions,BNK-0352,MATCHED,863.93,863.93,0.0,0,0,LEGITIMATE,TOL-BANK,2025-04-05T00:00:00Z,
rcn-01442,RUN-2025-04-05-01,PAYMENT_VS_ORDER,core.orders,ORD-353,core.payments,PAY-0353,MATCHED,2475.4,2475.4,0.0,0,0,LEGITIMATE,TOL-PAYMENT,2025-04-05T00:00:00Z,
rcn-01443,RUN-2025-04-05-01,SETTLEMENT_VS_PAYMENT,core.payments,PAY-0353,core.settlements,SET-0353,MATCHED,2416.98,2416.98,0.0,0,0,LEGITIMATE,TOL-SETTLEMENT,2025-04-05T00:00:00Z,
rcn-01444,RUN-2025-04-05-01,FEE_VS_RATE_CARD,core.payments,PAY-0353,core.gateway_fees,FEE-0353,MATCHED,49.51,49.51,0.0,0,0,LEGITIMATE,TOL-FEE,2025-04-05T00:00:00Z,
rcn-01445,RUN-2025-04-05-01,BANK_VS_SETTLEMENT,core.settlements,SET-0353,core.bank_transactions,BNK-0353,MATCHED,2416.98,2416.98,0.0,0,0,LEGITIMATE,TOL-BANK,2025-04-05T00:00:00Z,
rcn-01446,RUN-2025-04-05-01,PAYMENT_VS_ORDER,core.orders,ORD-354,core.payments,PAY-0354,MATCHED,6978.56,6978.56,0.0,0,0,LEGITIMATE,TOL-PAYMENT,2025-04-05T00:00:00Z,
rcn-01447,RUN-2025-04-05-01,SETTLEMENT_VS_PAYMENT,core.payments,PAY-0354,core.settlements,SET-0354,MATCHED,6822.1,6822.1,0.0,0,0,LEGITIMATE,TOL-SETTLEMENT,2025-04-05T00:00:00Z,
rcn-01448,RUN-2025-04-05-01,FEE_VS_RATE_CARD,core.payments,PAY-0354,core.gateway_fees,FEE-0354,MATCHED,132.59,132.59,0.0,0,0,LEGITIMATE,TOL-FEE,2025-04-05T00:00:00Z,
rcn-01449,RUN-2025-04-05-01,BANK_VS_SETTLEMENT,core.settlements,SET-0354,core.bank_transactions,BNK-0354,MATCHED,6822.1,6822.1,0.0,0,0,LEGITIMATE,TOL-BANK,2025-04-05T00:00:00Z,
rcn-01450,RUN-2025-04-05-01,PAYMENT_VS_ORDER,core.orders,ORD-355,core.payments,PAY-0355,MATCHED,11777.28,11777.28,0.0,0,0,LEGITIMATE,TOL-PAYMENT,2025-04-05T00:00:00Z,
rcn-01451,RUN-2025-04-05-01,SETTLEMENT_VS_PAYMENT,core.payments,PAY-0355,core.settlements,SET-0355,MATCHED,11721.69,11721.69,0.0,0,0,LEGITIMATE,TOL-SETTLEMENT,2025-04-05T00:00:00Z,
rcn-01452,RUN-2025-04-05-01,FEE_VS_RATE_CARD,core.payments,PAY-0355,core.gateway_fees,FEE-0355,MATCHED,47.11,47.11,0.0,0,0,LEGITIMATE,TOL-FEE,2025-04-05T00:00:00Z,
rcn-01453,RUN-2025-04-05-01,BANK_VS_SETTLEMENT,core.settlements,SET-0355,core.bank_transactions,BNK-0355,MATCHED,11721.69,11721.69,0.0,0,0,LEGITIMATE,TOL-BANK,2025-04-05T00:00:00Z,
rcn-01454,RUN-2025-04-05-01,PAYMENT_VS_ORDER,core.orders,ORD-356,core.payments,PAY-0356,MATCHED,3502.12,3502.12,0.0,0,0,LEGITIMATE,TOL-PAYMENT,2025-04-05T00:00:00Z,
rcn-01455,RUN-2025-04-05-01,SETTLEMENT_VS_PAYMENT,core.payments,PAY-0356,core.settlements,SET-0356,MATCHED,3419.47,3419.47,0.0,0,0,LEGITIMATE,TOL-SETTLEMENT,2025-04-05T00:00:00Z,
rcn-01456,RUN-2025-04-05-01,FEE_VS_RATE_CARD,core.payments,PAY-0356,core.gateway_fees,FEE-0356,MATCHED,70.04,70.04,0.0,0,0,LEGITIMATE,TOL-FEE,2025-04-05T00:00:00Z,
rcn-01457,RUN-2025-04-05-01,BANK_VS_SETTLEMENT,core.settlements,SET-0356,core.bank_transactions,BNK-0356,MATCHED,3419.47,3419.47,0.0,0,0,LEGITIMATE,TOL-BANK,2025-04-05T00:00:00Z,
rcn-01458,RUN-2025-04-05-01,PAYMENT_VS_ORDER,core.orders,ORD-358,core.payments,PAY-0358,MATCHED,1626.85,1626.85,0.0,0,0,LEGITIMATE,TOL-PAYMENT,2025-04-05T00:00:00Z,
rcn-01459,RUN-2025-04-05-01,SETTLEMENT_VS_PAYMENT,core.payments,PAY-0358,core.settlements,SET-0358,MATCHED,1590.38,1590.38,0.0,0,0,LEGITIMATE,TOL-SETTLEMENT,2025-04-05T00:00:00Z,
rcn-01460,RUN-2025-04-05-01,FEE_VS_RATE_CARD,core.payments,PAY-0358,core.gateway_fees,FEE-0358,MATCHED,30.91,30.91,0.0,0,0,LEGITIMATE,TOL-FEE,2025-04-05T00:00:00Z,
rcn-01461,RUN-2025-04-05-01,BANK_VS_SETTLEMENT,core.settlements,SET-0358,core.bank_transactions,BNK-0358,MATCHED,1590.38,1590.38,0.0,0,0,LEGITIMATE,TOL-BANK,2025-04-05T00:00:00Z,
rcn-01462,RUN-2025-04-05-01,PAYMENT_VS_ORDER,core.orders,ORD-359,core.payments,PAY-0359,MATCHED,836.38,836.38,0.0,0,0,LEGITIMATE,TOL-PAYMENT,2025-04-05T00:00:00Z,
rcn-01463,RUN-2025-04-05-01,SETTLEMENT_VS_PAYMENT,core.payments,PAY-0359,core.settlements,SET-0359,MATCHED,817.63,817.63,0.0,0,0,LEGITIMATE,TOL-SETTLEMENT,2025-04-05T00:00:00Z,
rcn-01464,RUN-2025-04-05-01,FEE_VS_RATE_CARD,core.payments,PAY-0359,core.gateway_fees,FEE-0359,MATCHED,15.89,15.89,0.0,0,0,LEGITIMATE,TOL-FEE,2025-04-05T00:00:00Z,
rcn-01465,RUN-2025-04-05-01,BANK_VS_SETTLEMENT,core.settlements,SET-0359,core.bank_transactions,BNK-0359,MATCHED,817.63,817.63,0.0,0,0,LEGITIMATE,TOL-BANK,2025-04-05T00:00:00Z,
rcn-01466,RUN-2025-04-05-01,PAYMENT_VS_ORDER,core.orders,ORD-360,core.payments,PAY-0360,MATCHED,2511.83,2511.83,0.0,0,0,LEGITIMATE,TOL-PAYMENT,2025-04-05T00:00:00Z,
rcn-01467,RUN-2025-04-05-01,SETTLEMENT_VS_PAYMENT,core.payments,PAY-0360,core.settlements,SET-0360,MATCHED,2452.55,2452.55,0.0,0,0,LEGITIMATE,TOL-SETTLEMENT,2025-04-05T00:00:00Z,
rcn-01468,RUN-2025-04-05-01,FEE_VS_RATE_CARD,core.payments,PAY-0360,core.gateway_fees,FEE-0360,MATCHED,50.24,50.24,0.0,0,0,LEGITIMATE,TOL-FEE,2025-04-05T00:00:00Z,
rcn-01469,RUN-2025-04-05-01,BANK_VS_SETTLEMENT,core.settlements,SET-0360,core.bank_transactions,BNK-0360,MATCHED,2452.55,2452.55,0.0,0,0,LEGITIMATE,TOL-BANK,2025-04-05T00:00:00Z,
rcn-01470,RUN-2025-04-05-01,PAYMENT_VS_ORDER,core.orders,ORD-361,core.payments,PAY-0361,MATCHED,1048.27,1048.27,0.0,0,0,LEGITIMATE,TOL-PAYMENT,2025-04-05T00:00:00Z,
rcn-01471,RUN-2025-04-05-01,SETTLEMENT_VS_PAYMENT,core.payments,PAY-0361,core.settlements,SET-0361,MATCHED,1043.33,1043.33,0.0,0,0,LEGITIMATE,TOL-SETTLEMENT,2025-04-05T00:00:00Z,
rcn-01472,RUN-2025-04-05-01,FEE_VS_RATE_CARD,core.payments,PAY-0361,core.gateway_fees,FEE-0361,MATCHED,4.19,4.19,0.0,0,0,LEGITIMATE,TOL-FEE,2025-04-05T00:00:00Z,
rcn-01473,RUN-2025-04-05-01,BANK_VS_SETTLEMENT,core.settlements,SET-0361,core.bank_transactions,BNK-0361,MATCHED,1043.33,1043.33,0.0,0,0,LEGITIMATE,TOL-BANK,2025-04-05T00:00:00Z,
rcn-01474,RUN-2025-04-05-01,PAYMENT_VS_ORDER,core.orders,ORD-362,core.payments,PAY-0362,MATCHED,7551.59,7551.59,0.0,0,0,LEGITIMATE,TOL-PAYMENT,2025-04-05T00:00:00Z,
rcn-01475,RUN-2025-04-05-01,SETTLEMENT_VS_PAYMENT,core.payments,PAY-0362,core.settlements,SET-0362,MATCHED,7373.37,7373.37,0.0,0,0,LEGITIMATE,TOL-SETTLEMENT,2025-04-05T00:00:00Z,
rcn-01476,RUN-2025-04-05-01,FEE_VS_RATE_CARD,core.payments,PAY-0362,core.gateway_fees,FEE-0362,MATCHED,151.03,151.03,0.0,0,0,LEGITIMATE,TOL-FEE,2025-04-05T00:00:00Z,
rcn-01477,RUN-2025-04-05-01,BANK_VS_SETTLEMENT,core.settlements,SET-0362,core.bank_transactions,BNK-0362,MATCHED,7373.37,7373.37,0.0,0,0,LEGITIMATE,TOL-BANK,2025-04-05T00:00:00Z,
rcn-01478,RUN-2025-04-05-01,PAYMENT_VS_ORDER,core.orders,ORD-363,core.payments,PAY-0363,MATCHED,1044.16,1044.16,0.0,0,0,LEGITIMATE,TOL-PAYMENT,2025-04-05T00:00:00Z,
rcn-01479,RUN-2025-04-05-01,SETTLEMENT_VS_PAYMENT,core.payments,PAY-0363,core.settlements,SET-0363,MATCHED,817.0,817.0,0.0,0,0,LEGITIMATE,TOL-SETTLEMENT,2025-04-05T00:00:00Z,
rcn-01480,RUN-2025-04-05-01,FEE_VS_RATE_CARD,core.payments,PAY-0363,core.gateway_fees,FEE-0363,MATCHED,4.18,4.18,0.0,0,0,LEGITIMATE,TOL-FEE,2025-04-05T00:00:00Z,
rcn-01481,RUN-2025-04-05-01,BANK_VS_SETTLEMENT,core.settlements,SET-0363,core.bank_transactions,BNK-0363,MATCHED,817.0,817.0,0.0,0,0,LEGITIMATE,TOL-BANK,2025-04-05T00:00:00Z,
rcn-01482,RUN-2025-04-05-01,REFUND_VS_PAYMENT,core.payments,PAY-0363,core.refunds,REF-0363,MATCHED,223.12,223.12,0.0,0,0,LEGITIMATE,TOL-REFUND,2025-04-05T00:00:00Z,
rcn-01483,RUN-2025-04-05-01,PAYMENT_VS_ORDER,core.orders,ORD-364,core.payments,PAY-0364,MATCHED,782.6,782.6,0.0,0,0,LEGITIMATE,TOL-PAYMENT,2025-04-05T00:00:00Z,
rcn-01484,RUN-2025-04-05-01,SETTLEMENT_VS_PAYMENT,core.payments,PAY-0364,core.settlements,SET-0364,MATCHED,764.13,764.13,0.0,0,0,LEGITIMATE,TOL-SETTLEMENT,2025-04-05T00:00:00Z,
rcn-01485,RUN-2025-04-05-01,FEE_VS_RATE_CARD,core.payments,PAY-0364,core.gateway_fees,FEE-0364,MATCHED,15.65,15.65,0.0,0,0,LEGITIMATE,TOL-FEE,2025-04-05T00:00:00Z,
rcn-01486,RUN-2025-04-05-01,BANK_VS_SETTLEMENT,core.settlements,SET-0364,core.bank_transactions,BNK-0364,MATCHED,764.13,764.13,0.0,0,0,LEGITIMATE,TOL-BANK,2025-04-05T00:00:00Z,
rcn-01487,RUN-2025-04-05-01,PAYMENT_VS_ORDER,core.orders,ORD-366,core.payments,PAY-0366,MATCHED,3230.4,3230.4,0.0,0,0,LEGITIMATE,TOL-PAYMENT,2025-04-05T00:00:00Z,
rcn-01488,RUN-2025-04-05-01,SETTLEMENT_VS_PAYMENT,core.payments,PAY-0366,core.settlements,SET-0366,MATCHED,3154.16,3154.16,0.0,0,0,LEGITIMATE,TOL-SETTLEMENT,2025-04-05T00:00:00Z,
rcn-01489,RUN-2025-04-05-01,FEE_VS_RATE_CARD,core.payments,PAY-0366,core.gateway_fees,FEE-0366,MATCHED,64.61,64.61,0.0,0,0,LEGITIMATE,TOL-FEE,2025-04-05T00:00:00Z,
rcn-01490,RUN-2025-04-05-01,BANK_VS_SETTLEMENT,core.settlements,SET-0366,core.bank_transactions,BNK-0366,MATCHED,3154.16,3154.16,0.0,0,0,LEGITIMATE,TOL-BANK,2025-04-05T00:00:00Z,
rcn-01491,RUN-2025-04-05-01,PAYMENT_VS_ORDER,core.orders,ORD-367,core.payments,PAY-0367,MATCHED,963.41,963.41,0.0,0,0,LEGITIMATE,TOL-PAYMENT,2025-04-05T00:00:00Z,
rcn-01492,RUN-2025-04-05-01,SETTLEMENT_VS_PAYMENT,core.payments,PAY-0367,core.settlements,SET-0367,MATCHED,958.87,958.87,0.0,0,0,LEGITIMATE,TOL-SETTLEMENT,2025-04-05T00:00:00Z,
rcn-01493,RUN-2025-04-05-01,FEE_VS_RATE_CARD,core.payments,PAY-0367,core.gateway_fees,FEE-0367,MATCHED,3.85,3.85,0.0,0,0,LEGITIMATE,TOL-FEE,2025-04-05T00:00:00Z,
rcn-01494,RUN-2025-04-05-01,BANK_VS_SETTLEMENT,core.settlements,SET-0367,core.bank_transactions,BNK-0367,MATCHED,958.87,958.87,0.0,0,0,LEGITIMATE,TOL-BANK,2025-04-05T00:00:00Z,
rcn-01495,RUN-2025-04-05-01,PAYMENT_VS_ORDER,core.orders,ORD-368,core.payments,PAY-0368,MATCHED,1429.4,1429.4,0.0,0,0,LEGITIMATE,TOL-PAYMENT,2025-04-05T00:00:00Z,
rcn-01496,RUN-2025-04-05-01,SETTLEMENT_VS_PAYMENT,core.payments,PAY-0368,core.settlements,SET-0368,MATCHED,1415.24,1415.24,0.0,0,0,LEGITIMATE,TOL-SETTLEMENT,2025-04-05T00:00:00Z,
rcn-01497,RUN-2025-04-05-01,FEE_VS_RATE_CARD,core.payments,PAY-0368,core.gateway_fees,FEE-0368,MATCHED,12.0,12.0,0.0,0,0,LEGITIMATE,TOL-FEE,2025-04-05T00:00:00Z,
rcn-01498,RUN-2025-04-05-01,BANK_VS_SETTLEMENT,core.settlements,SET-0368,core.bank_transactions,BNK-0368,MATCHED,1415.24,1415.24,0.0,0,0,LEGITIMATE,TOL-BANK,2025-04-05T00:00:00Z,
rcn-01499,RUN-2025-04-05-01,PAYMENT_VS_ORDER,core.orders,ORD-369,core.payments,PAY-0369,MATCHED,306.33,306.33,0.0,0,0,LEGITIMATE,TOL-PAYMENT,2025-04-05T00:00:00Z,
rcn-01500,RUN-2025-04-05-01,SETTLEMENT_VS_PAYMENT,core.payments,PAY-0369,core.settlements,SET-0369,MATCHED,292.17,292.17,0.0,0,0,LEGITIMATE,TOL-SETTLEMENT,2025-04-05T00:00:00Z,
rcn-01501,RUN-2025-04-05-01,FEE_VS_RATE_CARD,core.payments,PAY-0369,core.gateway_fees,FEE-0369,MATCHED,12.0,12.0,0.0,0,0,LEGITIMATE,TOL-FEE,2025-04-05T00:00:00Z,
rcn-01502,RUN-2025-04-05-01,BANK_VS_SETTLEMENT,core.settlements,SET-0369,core.bank_transactions,BNK-0369,MATCHED,292.17,292.17,0.0,0,0,LEGITIMATE,TOL-BANK,2025-04-05T00:00:00Z,
rcn-01503,RUN-2025-04-05-01,PAYMENT_VS_ORDER,core.orders,ORD-370,core.payments,PAY-0370,MATCHED,2643.62,2643.62,0.0,0,0,LEGITIMATE,TOL-PAYMENT,2025-04-05T00:00:00Z,
rcn-01504,RUN-2025-04-05-01,SETTLEMENT_VS_PAYMENT,core.payments,PAY-0370,core.settlements,SET-0370,MATCHED,2631.15,2631.15,0.0,0,0,LEGITIMATE,TOL-SETTLEMENT,2025-04-05T00:00:00Z,
rcn-01505,RUN-2025-04-05-01,FEE_VS_RATE_CARD,core.payments,PAY-0370,core.gateway_fees,FEE-0370,MATCHED,10.57,10.57,0.0,0,0,LEGITIMATE,TOL-FEE,2025-04-05T00:00:00Z,
rcn-01506,RUN-2025-04-05-01,BANK_VS_SETTLEMENT,core.settlements,SET-0370,core.bank_transactions,BNK-0370,MATCHED,2631.15,2631.15,0.0,0,0,LEGITIMATE,TOL-BANK,2025-04-05T00:00:00Z,
rcn-01507,RUN-2025-04-05-01,PAYMENT_VS_ORDER,core.orders,ORD-371,core.payments,PAY-0371,MATCHED,2578.83,2578.83,0.0,0,0,LEGITIMATE,TOL-PAYMENT,2025-04-05T00:00:00Z,
rcn-01508,RUN-2025-04-05-01,SETTLEMENT_VS_PAYMENT,core.payments,PAY-0371,core.settlements,SET-0371,MATCHED,2564.67,2564.67,0.0,0,0,LEGITIMATE,TOL-SETTLEMENT,2025-04-05T00:00:00Z,
rcn-01509,RUN-2025-04-05-01,FEE_VS_RATE_CARD,core.payments,PAY-0371,core.gateway_fees,FEE-0371,MATCHED,12.0,12.0,0.0,0,0,LEGITIMATE,TOL-FEE,2025-04-05T00:00:00Z,
rcn-01510,RUN-2025-04-05-01,BANK_VS_SETTLEMENT,core.settlements,SET-0371,core.bank_transactions,BNK-0371,MATCHED,2564.67,2564.67,0.0,0,0,LEGITIMATE,TOL-BANK,2025-04-05T00:00:00Z,
rcn-01511,RUN-2025-04-05-01,PAYMENT_VS_ORDER,core.orders,ORD-372,core.payments,PAY-0372,MATCHED,745.1,745.1,0.0,0,0,LEGITIMATE,TOL-PAYMENT,2025-04-05T00:00:00Z,
rcn-01512,RUN-2025-04-05-01,SETTLEMENT_VS_PAYMENT,core.payments,PAY-0372,core.settlements,SET-0372,MATCHED,741.58,741.58,0.0,0,0,LEGITIMATE,TOL-SETTLEMENT,2025-04-05T00:00:00Z,
rcn-01513,RUN-2025-04-05-01,FEE_VS_RATE_CARD,core.payments,PAY-0372,core.gateway_fees,FEE-0372,MATCHED,2.98,2.98,0.0,0,0,LEGITIMATE,TOL-FEE,2025-04-05T00:00:00Z,
rcn-01514,RUN-2025-04-05-01,BANK_VS_SETTLEMENT,core.settlements,SET-0372,core.bank_transactions,BNK-0372,MATCHED,741.58,741.58,0.0,0,0,LEGITIMATE,TOL-BANK,2025-04-05T00:00:00Z,
rcn-01515,RUN-2025-04-05-01,PAYMENT_VS_ORDER,core.orders,ORD-373,core.payments,PAY-0373,MATCHED,299.0,299.0,0.0,0,0,LEGITIMATE,TOL-PAYMENT,2025-04-05T00:00:00Z,
rcn-01516,RUN-2025-04-05-01,SETTLEMENT_VS_PAYMENT,core.payments,PAY-0373,core.settlements,SET-0373,MATCHED,291.94,291.94,0.0,0,0,LEGITIMATE,TOL-SETTLEMENT,2025-04-05T00:00:00Z,
rcn-01517,RUN-2025-04-05-01,FEE_VS_RATE_CARD,core.payments,PAY-0373,core.gateway_fees,FEE-0373,MATCHED,5.98,5.98,0.0,0,0,LEGITIMATE,TOL-FEE,2025-04-05T00:00:00Z,
rcn-01518,RUN-2025-04-05-01,BANK_VS_SETTLEMENT,core.settlements,SET-0373,core.bank_transactions,BNK-0373,MATCHED,291.94,291.94,0.0,0,0,LEGITIMATE,TOL-BANK,2025-04-05T00:00:00Z,
rcn-01519,RUN-2025-04-05-01,PAYMENT_VS_ORDER,core.orders,ORD-374,core.payments,PAY-0374,MATCHED,299.0,299.0,0.0,0,0,LEGITIMATE,TOL-PAYMENT,2025-04-05T00:00:00Z,
rcn-01520,RUN-2025-04-05-01,SETTLEMENT_VS_PAYMENT,core.payments,PAY-0374,core.settlements,SET-0374,MATCHED,292.3,292.3,0.0,0,0,LEGITIMATE,TOL-SETTLEMENT,2025-04-05T00:00:00Z,
rcn-01521,RUN-2025-04-05-01,FEE_VS_RATE_CARD,core.payments,PAY-0374,core.gateway_fees,FEE-0374,MATCHED,5.68,5.68,0.0,0,0,LEGITIMATE,TOL-FEE,2025-04-05T00:00:00Z,
rcn-01522,RUN-2025-04-05-01,BANK_VS_SETTLEMENT,core.settlements,SET-0374,core.bank_transactions,BNK-0374,MATCHED,292.3,292.3,0.0,0,0,LEGITIMATE,TOL-BANK,2025-04-05T00:00:00Z,
rcn-01523,RUN-2025-04-05-01,PAYMENT_VS_ORDER,core.orders,ORD-375,core.payments,PAY-0375,MATCHED,1335.64,1335.64,0.0,0,0,LEGITIMATE,TOL-PAYMENT,2025-04-05T00:00:00Z,
rcn-01524,RUN-2025-04-05-01,SETTLEMENT_VS_PAYMENT,core.payments,PAY-0375,core.settlements,SET-0375,MATCHED,1305.69,1305.69,0.0,0,0,LEGITIMATE,TOL-SETTLEMENT,2025-04-05T00:00:00Z,
rcn-01525,RUN-2025-04-05-01,FEE_VS_RATE_CARD,core.payments,PAY-0375,core.gateway_fees,FEE-0375,MATCHED,25.38,25.38,0.0,0,0,LEGITIMATE,TOL-FEE,2025-04-05T00:00:00Z,
rcn-01526,RUN-2025-04-05-01,BANK_VS_SETTLEMENT,core.settlements,SET-0375,core.bank_transactions,BNK-0375,MATCHED,1305.69,1305.69,0.0,0,0,LEGITIMATE,TOL-BANK,2025-04-05T00:00:00Z,
rcn-01527,RUN-2025-04-05-01,PAYMENT_VS_ORDER,core.orders,ORD-376,core.payments,PAY-0376,MATCHED,1290.31,1290.31,0.0,0,0,LEGITIMATE,TOL-PAYMENT,2025-04-05T00:00:00Z,
rcn-01528,RUN-2025-04-05-01,SETTLEMENT_VS_PAYMENT,core.payments,PAY-0376,core.settlements,SET-0376,MATCHED,1284.22,1284.22,0.0,0,0,LEGITIMATE,TOL-SETTLEMENT,2025-04-05T00:00:00Z,
rcn-01529,RUN-2025-04-05-01,FEE_VS_RATE_CARD,core.payments,PAY-0376,core.gateway_fees,FEE-0376,MATCHED,5.16,5.16,0.0,0,0,LEGITIMATE,TOL-FEE,2025-04-05T00:00:00Z,
rcn-01530,RUN-2025-04-05-01,BANK_VS_SETTLEMENT,core.settlements,SET-0376,core.bank_transactions,BNK-0376,MATCHED,1284.22,1284.22,0.0,0,0,LEGITIMATE,TOL-BANK,2025-04-05T00:00:00Z,
rcn-01531,RUN-2025-04-05-01,PAYMENT_VS_ORDER,core.orders,ORD-377,core.payments,PAY-0377,MATCHED,1135.84,1135.84,0.0,0,0,LEGITIMATE,TOL-PAYMENT,2025-04-05T00:00:00Z,
rcn-01532,RUN-2025-04-05-01,SETTLEMENT_VS_PAYMENT,core.payments,PAY-0377,core.settlements,SET-0377,MATCHED,1109.03,1109.03,0.0,0,0,LEGITIMATE,TOL-SETTLEMENT,2025-04-05T00:00:00Z,
rcn-01533,RUN-2025-04-05-01,FEE_VS_RATE_CARD,core.payments,PAY-0377,core.gateway_fees,FEE-0377,MATCHED,22.72,22.72,0.0,0,0,LEGITIMATE,TOL-FEE,2025-04-05T00:00:00Z,
rcn-01534,RUN-2025-04-05-01,BANK_VS_SETTLEMENT,core.settlements,SET-0377,core.bank_transactions,BNK-0377,MATCHED,1109.03,1109.03,0.0,0,0,LEGITIMATE,TOL-BANK,2025-04-05T00:00:00Z,
rcn-01535,RUN-2025-04-05-01,PAYMENT_VS_ORDER,core.orders,ORD-378,core.payments,PAY-0378,MATCHED,299.0,299.0,0.0,0,0,LEGITIMATE,TOL-PAYMENT,2025-04-05T00:00:00Z,
rcn-01536,RUN-2025-04-05-01,SETTLEMENT_VS_PAYMENT,core.payments,PAY-0378,core.settlements,SET-0378,MATCHED,291.94,291.94,0.0,0,0,LEGITIMATE,TOL-SETTLEMENT,2025-04-05T00:00:00Z,
rcn-01537,RUN-2025-04-05-01,FEE_VS_RATE_CARD,core.payments,PAY-0378,core.gateway_fees,FEE-0378,MATCHED,5.98,5.98,0.0,0,0,LEGITIMATE,TOL-FEE,2025-04-05T00:00:00Z,
rcn-01538,RUN-2025-04-05-01,BANK_VS_SETTLEMENT,core.settlements,SET-0378,core.bank_transactions,BNK-0378,MATCHED,291.94,291.94,0.0,0,0,LEGITIMATE,TOL-BANK,2025-04-05T00:00:00Z,
rcn-01539,RUN-2025-04-05-01,PAYMENT_VS_ORDER,core.orders,ORD-379,core.payments,PAY-0379,MATCHED,1128.47,1128.47,0.0,0,0,LEGITIMATE,TOL-PAYMENT,2025-04-05T00:00:00Z,
rcn-01540,RUN-2025-04-05-01,SETTLEMENT_VS_PAYMENT,core.payments,PAY-0379,core.settlements,SET-0379,MATCHED,1101.84,1101.84,0.0,0,0,LEGITIMATE,TOL-SETTLEMENT,2025-04-05T00:00:00Z,
rcn-01541,RUN-2025-04-05-01,FEE_VS_RATE_CARD,core.payments,PAY-0379,core.gateway_fees,FEE-0379,MATCHED,22.57,22.57,0.0,0,0,LEGITIMATE,TOL-FEE,2025-04-05T00:00:00Z,
rcn-01542,RUN-2025-04-05-01,BANK_VS_SETTLEMENT,core.settlements,SET-0379,core.bank_transactions,BNK-0379,MATCHED,1101.84,1101.84,0.0,0,0,LEGITIMATE,TOL-BANK,2025-04-05T00:00:00Z,
rcn-01543,RUN-2025-04-05-01,PAYMENT_VS_ORDER,core.orders,ORD-380,core.payments,PAY-0380,MATCHED,4745.54,4745.54,0.0,0,0,LEGITIMATE,TOL-PAYMENT,2025-04-05T00:00:00Z,
rcn-01544,RUN-2025-04-05-01,SETTLEMENT_VS_PAYMENT,core.payments,PAY-0380,core.settlements,SET-0380,MATCHED,4633.55,4633.55,0.0,0,0,LEGITIMATE,TOL-SETTLEMENT,2025-04-05T00:00:00Z,
rcn-01545,RUN-2025-04-05-01,FEE_VS_RATE_CARD,core.payments,PAY-0380,core.gateway_fees,FEE-0380,MATCHED,94.91,94.91,0.0,0,0,LEGITIMATE,TOL-FEE,2025-04-05T00:00:00Z,
rcn-01546,RUN-2025-04-05-01,BANK_VS_SETTLEMENT,core.settlements,SET-0380,core.bank_transactions,BNK-0380,MATCHED,4633.55,4633.55,0.0,0,0,LEGITIMATE,TOL-BANK,2025-04-05T00:00:00Z,
rcn-01547,RUN-2025-04-05-01,PAYMENT_VS_ORDER,core.orders,ORD-381,core.payments,PAY-0381,MATCHED,16334.57,16334.57,0.0,0,0,LEGITIMATE,TOL-PAYMENT,2025-04-05T00:00:00Z,
rcn-01548,RUN-2025-04-05-01,SETTLEMENT_VS_PAYMENT,core.payments,PAY-0381,core.settlements,SET-0381,MISMATCH,9637.66,9520.97,116.69,0,116.69,LEAKAGE,TOL-SETTLEMENT,2025-04-05T00:00:00Z,LEAKAGE on SETTLEMENT_VS_PAYMENT
rcn-01549,RUN-2025-04-05-01,FEE_VS_RATE_CARD,core.payments,PAY-0381,core.gateway_fees,FEE-0381,MISMATCH,326.69,443.38,-116.69,0,116.69,LEAKAGE,TOL-FEE,2025-04-05T00:00:00Z,LEAKAGE on FEE_VS_RATE_CARD
rcn-01550,RUN-2025-04-05-01,BANK_VS_SETTLEMENT,core.settlements,SET-0381,core.bank_transactions,BNK-0381,MATCHED,9520.97,9520.97,0.0,0,0,LEGITIMATE,TOL-BANK,2025-04-05T00:00:00Z,
rcn-01551,RUN-2025-04-05-01,REFUND_VS_PAYMENT,core.payments,PAY-0381,core.refunds,REF-0381,MATCHED,6440.22,6440.22,0.0,0,0,LEGITIMATE,TOL-REFUND,2025-04-05T00:00:00Z,
rcn-01552,RUN-2025-04-05-01,PAYMENT_VS_ORDER,core.orders,ORD-382,core.payments,PAY-0382,MATCHED,299.0,299.0,0.0,0,0,LEGITIMATE,TOL-PAYMENT,2025-04-05T00:00:00Z,
rcn-01553,RUN-2025-04-05-01,SETTLEMENT_VS_PAYMENT,core.payments,PAY-0382,core.settlements,SET-0382,MATCHED,173.15,173.15,0.0,0,0,LEGITIMATE,TOL-SETTLEMENT,2025-04-05T00:00:00Z,
rcn-01554,RUN-2025-04-05-01,FEE_VS_RATE_CARD,core.payments,PAY-0382,core.gateway_fees,FEE-0382,MATCHED,5.68,5.68,0.0,0,0,LEGITIMATE,TOL-FEE,2025-04-05T00:00:00Z,
rcn-01555,RUN-2025-04-05-01,BANK_VS_SETTLEMENT,core.settlements,SET-0382,core.bank_transactions,BNK-0382,MATCHED,173.15,173.15,0.0,0,0,LEGITIMATE,TOL-BANK,2025-04-05T00:00:00Z,
rcn-01556,RUN-2025-04-05-01,REFUND_VS_PAYMENT,core.payments,PAY-0382,core.refunds,REF-0382,MATCHED,121.46,121.46,0.0,0,0,LEGITIMATE,TOL-REFUND,2025-04-05T00:00:00Z,
rcn-01557,RUN-2025-04-05-01,PAYMENT_VS_ORDER,core.orders,ORD-383,core.payments,PAY-0383,MATCHED,1799.68,1799.68,0.0,0,0,LEGITIMATE,TOL-PAYMENT,2025-04-05T00:00:00Z,
rcn-01558,RUN-2025-04-05-01,SETTLEMENT_VS_PAYMENT,core.payments,PAY-0383,core.settlements,SET-0383,MATCHED,1791.18,1791.18,0.0,0,0,LEGITIMATE,TOL-SETTLEMENT,2025-04-05T00:00:00Z,
rcn-01559,RUN-2025-04-05-01,FEE_VS_RATE_CARD,core.payments,PAY-0383,core.gateway_fees,FEE-0383,MATCHED,7.2,7.2,0.0,0,0,LEGITIMATE,TOL-FEE,2025-04-05T00:00:00Z,
rcn-01560,RUN-2025-04-05-01,BANK_VS_SETTLEMENT,core.settlements,SET-0383,core.bank_transactions,BNK-0383,MATCHED,1791.18,1791.18,0.0,0,0,LEGITIMATE,TOL-BANK,2025-04-05T00:00:00Z,
rcn-01561,RUN-2025-04-05-01,PAYMENT_VS_ORDER,core.orders,ORD-384,core.payments,PAY-0384,MATCHED,6086.44,6086.44,0.0,0,0,LEGITIMATE,TOL-PAYMENT,2025-04-05T00:00:00Z,
rcn-01562,RUN-2025-04-05-01,SETTLEMENT_VS_PAYMENT,core.payments,PAY-0384,core.settlements,SET-0384,MATCHED,5942.8,5942.8,0.0,0,0,LEGITIMATE,TOL-SETTLEMENT,2025-04-05T00:00:00Z,
rcn-01563,RUN-2025-04-05-01,FEE_VS_RATE_CARD,core.payments,PAY-0384,core.gateway_fees,FEE-0384,MATCHED,121.73,121.73,0.0,0,0,LEGITIMATE,TOL-FEE,2025-04-05T00:00:00Z,
rcn-01564,RUN-2025-04-05-01,BANK_VS_SETTLEMENT,core.settlements,SET-0384,core.bank_transactions,BNK-0384,MATCHED,5942.8,5942.8,0.0,0,0,LEGITIMATE,TOL-BANK,2025-04-05T00:00:00Z,
rcn-01565,RUN-2025-04-05-01,PAYMENT_VS_ORDER,core.orders,ORD-385,core.payments,PAY-0385,MATCHED,2351.78,2351.78,0.0,0,0,LEGITIMATE,TOL-PAYMENT,2025-04-05T00:00:00Z,
rcn-01566,RUN-2025-04-05-01,SETTLEMENT_VS_PAYMENT,core.payments,PAY-0385,core.settlements,SET-0385,MATCHED,1418.19,1418.19,0.0,0,0,LEGITIMATE,TOL-SETTLEMENT,2025-04-05T00:00:00Z,
rcn-01567,RUN-2025-04-05-01,FEE_VS_RATE_CARD,core.payments,PAY-0385,core.gateway_fees,FEE-0385,MATCHED,47.04,47.04,0.0,0,0,LEGITIMATE,TOL-FEE,2025-04-05T00:00:00Z,
rcn-01568,RUN-2025-04-05-01,BANK_VS_SETTLEMENT,core.settlements,SET-0385,core.bank_transactions,BNK-0385,MATCHED,1418.19,1418.19,0.0,0,0,LEGITIMATE,TOL-BANK,2025-04-05T00:00:00Z,
rcn-01569,RUN-2025-04-05-01,REFUND_VS_PAYMENT,core.payments,PAY-0385,core.refunds,REF-0385,MATCHED,896.0,896.0,0.0,0,0,LEGITIMATE,TOL-REFUND,2025-04-05T00:00:00Z,
rcn-01570,RUN-2025-04-05-01,PAYMENT_VS_ORDER,core.orders,ORD-386,core.payments,PAY-0386,MATCHED,1735.42,1735.42,0.0,0,0,LEGITIMATE,TOL-PAYMENT,2025-04-05T00:00:00Z,
rcn-01571,RUN-2025-04-05-01,SETTLEMENT_VS_PAYMENT,core.payments,PAY-0386,core.settlements,SET-0386,MATCHED,1687.3,1687.3,0.0,0,0,LEGITIMATE,TOL-SETTLEMENT,2025-04-05T00:00:00Z,
rcn-01572,RUN-2025-04-05-01,FEE_VS_RATE_CARD,core.payments,PAY-0386,core.gateway_fees,FEE-0386,MATCHED,40.78,40.78,0.0,0,0,LEGITIMATE,TOL-FEE,2025-04-05T00:00:00Z,
rcn-01573,RUN-2025-04-05-01,BANK_VS_SETTLEMENT,core.settlements,SET-0386,core.bank_transactions,BNK-0386,MATCHED,1687.3,1687.3,0.0,0,0,LEGITIMATE,TOL-BANK,2025-04-05T00:00:00Z,
rcn-01574,RUN-2025-04-05-01,PAYMENT_VS_ORDER,core.orders,ORD-387,core.payments,PAY-0387,MATCHED,1330.9,1330.9,0.0,0,0,LEGITIMATE,TOL-PAYMENT,2025-04-05T00:00:00Z,
rcn-01575,RUN-2025-04-05-01,SETTLEMENT_VS_PAYMENT,core.payments,PAY-0387,core.settlements,SET-0387,MATCHED,1324.62,1324.62,0.0,0,0,LEGITIMATE,TOL-SETTLEMENT,2025-04-05T00:00:00Z,
rcn-01576,RUN-2025-04-05-01,FEE_VS_RATE_CARD,core.payments,PAY-0387,core.gateway_fees,FEE-0387,MATCHED,5.32,5.32,0.0,0,0,LEGITIMATE,TOL-FEE,2025-04-05T00:00:00Z,
rcn-01577,RUN-2025-04-05-01,BANK_VS_SETTLEMENT,core.settlements,SET-0387,core.bank_transactions,,UNMATCHED,1324.62,,,0,1324.62,LEAKAGE,TOL-BANK,2025-04-05T00:00:00Z,LEAKAGE on BANK_VS_SETTLEMENT
rcn-01578,RUN-2025-04-05-01,PAYMENT_VS_ORDER,core.orders,ORD-388,core.payments,PAY-0388,MATCHED,1568.07,1568.07,0.0,0,0,LEGITIMATE,TOL-PAYMENT,2025-04-05T00:00:00Z,
rcn-01579,RUN-2025-04-05-01,SETTLEMENT_VS_PAYMENT,core.payments,PAY-0388,core.settlements,SET-0388,MISMATCH,1219.04,1212.96,6.08,0,6.08,LEAKAGE,TOL-SETTLEMENT,2025-04-05T00:00:00Z,LEAKAGE on SETTLEMENT_VS_PAYMENT
rcn-01580,RUN-2025-04-05-01,FEE_VS_RATE_CARD,core.payments,PAY-0388,core.gateway_fees,FEE-0388,MATCHED,29.79,29.79,0.0,0,0,LEGITIMATE,TOL-FEE,2025-04-05T00:00:00Z,
rcn-01581,RUN-2025-04-05-01,BANK_VS_SETTLEMENT,core.settlements,SET-0388,core.bank_transactions,BNK-0388,MATCHED,1212.96,1212.96,0.0,0,0,LEGITIMATE,TOL-BANK,2025-04-05T00:00:00Z,
rcn-01582,RUN-2025-04-05-01,REFUND_VS_PAYMENT,core.payments,PAY-0388,core.refunds,REF-0388,MATCHED,319.96,319.96,0.0,0,0,LEGITIMATE,TOL-REFUND,2025-04-05T00:00:00Z,
rcn-01583,RUN-2025-04-05-01,PAYMENT_VS_ORDER,core.orders,ORD-389,core.payments,PAY-0389,MATCHED,460.34,460.34,0.0,0,0,LEGITIMATE,TOL-PAYMENT,2025-04-05T00:00:00Z,
rcn-01584,RUN-2025-04-05-01,SETTLEMENT_VS_PAYMENT,core.payments,PAY-0389,core.settlements,SET-0389,MATCHED,449.47,449.47,0.0,0,0,LEGITIMATE,TOL-SETTLEMENT,2025-04-05T00:00:00Z,
rcn-01585,RUN-2025-04-05-01,FEE_VS_RATE_CARD,core.payments,PAY-0389,core.gateway_fees,FEE-0389,MATCHED,9.21,9.21,0.0,0,0,LEGITIMATE,TOL-FEE,2025-04-05T00:00:00Z,
rcn-01586,RUN-2025-04-05-01,BANK_VS_SETTLEMENT,core.settlements,SET-0389,core.bank_transactions,BNK-0389,MATCHED,449.47,449.47,0.0,0,0,LEGITIMATE,TOL-BANK,2025-04-05T00:00:00Z,
rcn-01587,RUN-2025-04-05-01,PAYMENT_VS_ORDER,core.orders,ORD-390,core.payments,PAY-0390,MATCHED,3326.47,3326.47,0.0,0,0,LEGITIMATE,TOL-PAYMENT,2025-04-05T00:00:00Z,
rcn-01588,RUN-2025-04-05-01,SETTLEMENT_VS_PAYMENT,core.payments,PAY-0390,core.settlements,SET-0390,MATCHED,3247.96,3247.96,0.0,0,0,LEGITIMATE,TOL-SETTLEMENT,2025-04-05T00:00:00Z,
rcn-01589,RUN-2025-04-05-01,FEE_VS_RATE_CARD,core.payments,PAY-0390,core.gateway_fees,FEE-0390,MATCHED,66.53,66.53,0.0,0,0,LEGITIMATE,TOL-FEE,2025-04-05T00:00:00Z,
rcn-01590,RUN-2025-04-05-01,BANK_VS_SETTLEMENT,core.settlements,SET-0390,core.bank_transactions,BNK-0390,MATCHED,3247.96,3247.96,0.0,0,0,LEGITIMATE,TOL-BANK,2025-04-05T00:00:00Z,
rcn-01591,RUN-2025-04-05-01,PAYMENT_VS_ORDER,core.orders,ORD-391,core.payments,PAY-0391,MATCHED,641.48,641.48,0.0,0,0,LEGITIMATE,TOL-PAYMENT,2025-04-05T00:00:00Z,
rcn-01592,RUN-2025-04-05-01,SETTLEMENT_VS_PAYMENT,core.payments,PAY-0391,core.settlements,SET-0391,MISMATCH,626.34,621.04,5.3,0,5.3,LEAKAGE,TOL-SETTLEMENT,2025-04-05T00:00:00Z,LEAKAGE on SETTLEMENT_VS_PAYMENT
rcn-01593,RUN-2025-04-05-01,FEE_VS_RATE_CARD,core.payments,PAY-0391,core.gateway_fees,FEE-0391,MISMATCH,12.83,18.13,-5.3,0,5.3,LEAKAGE,TOL-FEE,2025-04-05T00:00:00Z,LEAKAGE on FEE_VS_RATE_CARD
rcn-01594,RUN-2025-04-05-01,BANK_VS_SETTLEMENT,core.settlements,SET-0391,core.bank_transactions,BNK-0391,MATCHED,621.04,621.04,0.0,0,0,LEGITIMATE,TOL-BANK,2025-04-05T00:00:00Z,
rcn-01595,RUN-2025-04-05-01,PAYMENT_VS_ORDER,core.orders,ORD-392,core.payments,PAY-0392,MATCHED,299.0,299.0,0.0,0,0,LEGITIMATE,TOL-PAYMENT,2025-04-05T00:00:00Z,
rcn-01596,RUN-2025-04-05-01,SETTLEMENT_VS_PAYMENT,core.payments,PAY-0392,core.settlements,SET-0392,MATCHED,176.19,176.19,0.0,0,0,LEGITIMATE,TOL-SETTLEMENT,2025-04-05T00:00:00Z,
rcn-01597,RUN-2025-04-05-01,FEE_VS_RATE_CARD,core.payments,PAY-0392,core.gateway_fees,FEE-0392,MATCHED,1.2,1.2,0.0,0,0,LEGITIMATE,TOL-FEE,2025-04-05T00:00:00Z,
rcn-01598,RUN-2025-04-05-01,BANK_VS_SETTLEMENT,core.settlements,SET-0392,core.bank_transactions,BNK-0392,MATCHED,176.19,176.19,0.0,0,0,LEGITIMATE,TOL-BANK,2025-04-05T00:00:00Z,
rcn-01599,RUN-2025-04-05-01,REFUND_VS_PAYMENT,core.payments,PAY-0392,core.refunds,REF-0392,MATCHED,121.88,121.88,0.0,0,0,LEGITIMATE,TOL-REFUND,2025-04-05T00:00:00Z,
rcn-01600,RUN-2025-04-05-01,PAYMENT_VS_ORDER,core.orders,ORD-393,core.payments,PAY-0393,MATCHED,299.0,299.0,0.0,0,0,LEGITIMATE,TOL-PAYMENT,2025-04-05T00:00:00Z,
rcn-01601,RUN-2025-04-05-01,SETTLEMENT_VS_PAYMENT,core.payments,PAY-0393,core.settlements,SET-0393,MATCHED,284.84,284.84,0.0,0,0,LEGITIMATE,TOL-SETTLEMENT,2025-04-05T00:00:00Z,
rcn-01602,RUN-2025-04-05-01,FEE_VS_RATE_CARD,core.payments,PAY-0393,core.gateway_fees,FEE-0393,MATCHED,12.0,12.0,0.0,0,0,LEGITIMATE,TOL-FEE,2025-04-05T00:00:00Z,
rcn-01603,RUN-2025-04-05-01,BANK_VS_SETTLEMENT,core.settlements,SET-0393,core.bank_transactions,BNK-0393,MATCHED,284.84,284.84,0.0,0,0,LEGITIMATE,TOL-BANK,2025-04-05T00:00:00Z,
rcn-01604,RUN-2025-04-05-01,PAYMENT_VS_ORDER,core.orders,ORD-394,core.payments,PAY-0394,MATCHED,1211.32,1211.32,0.0,0,0,LEGITIMATE,TOL-PAYMENT,2025-04-05T00:00:00Z,
rcn-01605,RUN-2025-04-05-01,SETTLEMENT_VS_PAYMENT,core.payments,PAY-0394,core.settlements,SET-0394,MATCHED,1182.73,1182.73,0.0,0,0,LEGITIMATE,TOL-SETTLEMENT,2025-04-05T00:00:00Z,
rcn-01606,RUN-2025-04-05-01,FEE_VS_RATE_CARD,core.payments,PAY-0394,core.gateway_fees,FEE-0394,MATCHED,24.23,24.23,0.0,0,0,LEGITIMATE,TOL-FEE,2025-04-05T00:00:00Z,
rcn-01607,RUN-2025-04-05-01,BANK_VS_SETTLEMENT,core.settlements,SET-0394,core.bank_transactions,BNK-0394,MATCHED,1182.73,1182.73,0.0,0,0,LEGITIMATE,TOL-BANK,2025-04-05T00:00:00Z,
rcn-01608,RUN-2025-04-05-01,PAYMENT_VS_ORDER,core.orders,ORD-395,core.payments,PAY-0395,MATCHED,1944.64,1944.64,0.0,0,0,LEGITIMATE,TOL-PAYMENT,2025-04-05T00:00:00Z,
rcn-01609,RUN-2025-04-05-01,SETTLEMENT_VS_PAYMENT,core.payments,PAY-0395,core.settlements,SET-0395,MATCHED,1930.48,1930.48,0.0,0,0,LEGITIMATE,TOL-SETTLEMENT,2025-04-05T00:00:00Z,
rcn-01610,RUN-2025-04-05-01,FEE_VS_RATE_CARD,core.payments,PAY-0395,core.gateway_fees,FEE-0395,MATCHED,12.0,12.0,0.0,0,0,LEGITIMATE,TOL-FEE,2025-04-05T00:00:00Z,
rcn-01611,RUN-2025-04-05-01,BANK_VS_SETTLEMENT,core.settlements,SET-0395,core.bank_transactions,BNK-0395,MATCHED,1930.48,1930.48,0.0,0,0,LEGITIMATE,TOL-BANK,2025-04-05T00:00:00Z,
rcn-01612,RUN-2025-04-05-01,PAYMENT_VS_ORDER,core.orders,ORD-396,core.payments,PAY-0396,MATCHED,2025.15,2025.15,0.0,0,0,LEGITIMATE,TOL-PAYMENT,2025-04-05T00:00:00Z,
rcn-01613,RUN-2025-04-05-01,SETTLEMENT_VS_PAYMENT,core.payments,PAY-0396,core.settlements,SET-0396,MATCHED,2015.59,2015.59,0.0,0,0,LEGITIMATE,TOL-SETTLEMENT,2025-04-05T00:00:00Z,
rcn-01614,RUN-2025-04-05-01,FEE_VS_RATE_CARD,core.payments,PAY-0396,core.gateway_fees,FEE-0396,MATCHED,8.1,8.1,0.0,0,0,LEGITIMATE,TOL-FEE,2025-04-05T00:00:00Z,
rcn-01615,RUN-2025-04-05-01,BANK_VS_SETTLEMENT,core.settlements,SET-0396,core.bank_transactions,BNK-0396,MATCHED,2015.59,2015.59,0.0,0,0,LEGITIMATE,TOL-BANK,2025-04-05T00:00:00Z,
rcn-01616,RUN-2025-04-05-01,PAYMENT_VS_ORDER,core.orders,ORD-398,core.payments,PAY-0398,MATCHED,469.73,469.73,0.0,0,0,LEGITIMATE,TOL-PAYMENT,2025-04-05T00:00:00Z,
rcn-01617,RUN-2025-04-05-01,SETTLEMENT_VS_PAYMENT,core.payments,PAY-0398,core.settlements,SET-0398,MATCHED,458.65,458.65,0.0,0,0,LEGITIMATE,TOL-SETTLEMENT,2025-04-05T00:00:00Z,
rcn-01618,RUN-2025-04-05-01,FEE_VS_RATE_CARD,core.payments,PAY-0398,core.gateway_fees,FEE-0398,MATCHED,9.39,9.39,0.0,0,0,LEGITIMATE,TOL-FEE,2025-04-05T00:00:00Z,
rcn-01619,RUN-2025-04-05-01,BANK_VS_SETTLEMENT,core.settlements,SET-0398,core.bank_transactions,BNK-0398,MATCHED,458.65,458.65,0.0,0,0,LEGITIMATE,TOL-BANK,2025-04-05T00:00:00Z,
rcn-01620,RUN-2025-04-05-01,PAYMENT_VS_ORDER,core.orders,ORD-399,core.payments,PAY-0399,MATCHED,434.67,434.67,0.0,0,0,LEGITIMATE,TOL-PAYMENT,2025-04-05T00:00:00Z,
rcn-01621,RUN-2025-04-05-01,SETTLEMENT_VS_PAYMENT,core.payments,PAY-0399,core.settlements,SET-0399,MATCHED,332.82,332.82,0.0,0,0,LEGITIMATE,TOL-SETTLEMENT,2025-04-05T00:00:00Z,
rcn-01622,RUN-2025-04-05-01,FEE_VS_RATE_CARD,core.payments,PAY-0399,core.gateway_fees,FEE-0399,MATCHED,1.74,1.74,0.0,0,0,LEGITIMATE,TOL-FEE,2025-04-05T00:00:00Z,
rcn-01623,RUN-2025-04-05-01,BANK_VS_SETTLEMENT,core.settlements,SET-0399,core.bank_transactions,BNK-0399,MATCHED,332.82,332.82,0.0,0,0,LEGITIMATE,TOL-BANK,2025-04-05T00:00:00Z,
rcn-01624,RUN-2025-04-05-01,REFUND_VS_PAYMENT,core.payments,PAY-0399,core.refunds,REF-0399,MATCHED,100.2,100.2,0.0,0,0,LEGITIMATE,TOL-REFUND,2025-04-05T00:00:00Z,
rcn-01625,RUN-2025-04-05-01,PAYMENT_VS_ORDER,core.orders,ORD-400,core.payments,PAY-0400,MATCHED,4881.59,4881.59,0.0,0,0,LEGITIMATE,TOL-PAYMENT,2025-04-05T00:00:00Z,
rcn-01626,RUN-2025-04-05-01,SETTLEMENT_VS_PAYMENT,core.payments,PAY-0400,core.settlements,SET-0400,MATCHED,4858.54,4858.54,0.0,0,0,LEGITIMATE,TOL-SETTLEMENT,2025-04-05T00:00:00Z,
rcn-01627,RUN-2025-04-05-01,FEE_VS_RATE_CARD,core.payments,PAY-0400,core.gateway_fees,FEE-0400,MATCHED,19.53,19.53,0.0,0,0,LEGITIMATE,TOL-FEE,2025-04-05T00:00:00Z,
rcn-01628,RUN-2025-04-05-01,BANK_VS_SETTLEMENT,core.settlements,SET-0400,core.bank_transactions,BNK-0400,MATCHED,4858.54,4858.54,0.0,0,0,LEGITIMATE,TOL-BANK,2025-04-05T00:00:00Z,
rcn-01629,RUN-2025-04-05-01,PAYMENT_VS_ORDER,core.orders,ORD-401,core.payments,PAY-0401,MATCHED,3191.4,3191.4,0.0,0,0,LEGITIMATE,TOL-PAYMENT,2025-04-05T00:00:00Z,
rcn-01630,RUN-2025-04-05-01,SETTLEMENT_VS_PAYMENT,core.payments,PAY-0401,core.settlements,SET-0401,MATCHED,3176.33,3176.33,0.0,0,0,LEGITIMATE,TOL-SETTLEMENT,2025-04-05T00:00:00Z,
rcn-01631,RUN-2025-04-05-01,FEE_VS_RATE_CARD,core.payments,PAY-0401,core.gateway_fees,FEE-0401,MATCHED,12.77,12.77,0.0,0,0,LEGITIMATE,TOL-FEE,2025-04-05T00:00:00Z,
rcn-01632,RUN-2025-04-05-01,BANK_VS_SETTLEMENT,core.settlements,SET-0401,core.bank_transactions,BNK-0401,MATCHED,3176.33,3176.33,0.0,0,0,LEGITIMATE,TOL-BANK,2025-04-05T00:00:00Z,
rcn-01633,RUN-2025-04-05-01,PAYMENT_VS_ORDER,core.orders,ORD-402,core.payments,PAY-0402,MATCHED,299.0,299.0,0.0,0,0,LEGITIMATE,TOL-PAYMENT,2025-04-05T00:00:00Z,
rcn-01634,RUN-2025-04-05-01,SETTLEMENT_VS_PAYMENT,core.payments,PAY-0402,core.settlements,SET-0402,MATCHED,284.84,284.84,0.0,0,0,LEGITIMATE,TOL-SETTLEMENT,2025-04-05T00:00:00Z,
rcn-01635,RUN-2025-04-05-01,FEE_VS_RATE_CARD,core.payments,PAY-0402,core.gateway_fees,FEE-0402,MATCHED,12.0,12.0,0.0,0,0,LEGITIMATE,TOL-FEE,2025-04-05T00:00:00Z,
rcn-01636,RUN-2025-04-05-01,BANK_VS_SETTLEMENT,core.settlements,SET-0402,core.bank_transactions,BNK-0402,MATCHED,284.84,284.84,0.0,0,0,LEGITIMATE,TOL-BANK,2025-04-05T00:00:00Z,
rcn-01637,RUN-2025-04-05-01,PAYMENT_VS_ORDER,core.orders,ORD-403,core.payments,PAY-0403,MATCHED,586.72,586.72,0.0,0,0,LEGITIMATE,TOL-PAYMENT,2025-04-05T00:00:00Z,
rcn-01638,RUN-2025-04-05-01,SETTLEMENT_VS_PAYMENT,core.payments,PAY-0403,core.settlements,SET-0403,MISMATCH,572.88,559.69,13.19,0,13.19,LEAKAGE,TOL-SETTLEMENT,2025-04-05T00:00:00Z,LEAKAGE on SETTLEMENT_VS_PAYMENT
rcn-01639,RUN-2025-04-05-01,FEE_VS_RATE_CARD,core.payments,PAY-0403,core.gateway_fees,FEE-0403,MATCHED,11.73,11.73,0.0,0,0,LEGITIMATE,TOL-FEE,2025-04-05T00:00:00Z,
rcn-01640,RUN-2025-04-05-01,BANK_VS_SETTLEMENT,core.settlements,SET-0403,core.bank_transactions,BNK-0403,MATCHED,559.69,559.69,0.0,0,0,LEGITIMATE,TOL-BANK,2025-04-05T00:00:00Z,
rcn-01641,RUN-2025-04-05-01,PAYMENT_VS_ORDER,core.orders,ORD-404,core.payments,PAY-0404,MATCHED,620.89,620.89,0.0,0,0,LEGITIMATE,TOL-PAYMENT,2025-04-05T00:00:00Z,
rcn-01642,RUN-2025-04-05-01,SETTLEMENT_VS_PAYMENT,core.payments,PAY-0404,core.settlements,SET-0404,MISMATCH,606.73,592.57,14.16,0,14.16,LEAKAGE,TOL-SETTLEMENT,2025-04-05T00:00:00Z,LEAKAGE on SETTLEMENT_VS_PAYMENT
rcn-01643,RUN-2025-04-05-01,FEE_VS_RATE_CARD,core.payments,PAY-0404,core.gateway_fees,FEE-0404,MISMATCH,12.0,24.0,-12.0,0,12.0,LEAKAGE,TOL-FEE,2025-04-05T00:00:00Z,LEAKAGE on FEE_VS_RATE_CARD
rcn-01644,RUN-2025-04-05-01,BANK_VS_SETTLEMENT,core.settlements,SET-0404,core.bank_transactions,BNK-0404,MATCHED,592.57,592.57,0.0,0,0,LEGITIMATE,TOL-BANK,2025-04-05T00:00:00Z,
rcn-01645,RUN-2025-04-05-01,PAYMENT_VS_ORDER,core.orders,ORD-405,core.payments,PAY-0405,MATCHED,963.56,963.56,0.0,0,0,LEGITIMATE,TOL-PAYMENT,2025-04-05T00:00:00Z,
rcn-01646,RUN-2025-04-05-01,SETTLEMENT_VS_PAYMENT,core.payments,PAY-0405,core.settlements,SET-0405,MISMATCH,528.48,520.07,8.41,0,8.41,LEAKAGE,TOL-SETTLEMENT,2025-04-05T00:00:00Z,LEAKAGE on SETTLEMENT_VS_PAYMENT
rcn-01647,RUN-2025-04-05-01,FEE_VS_RATE_CARD,core.payments,PAY-0405,core.gateway_fees,FEE-0405,MATCHED,19.27,19.27,0.0,0,0,LEGITIMATE,TOL-FEE,2025-04-05T00:00:00Z,
rcn-01648,RUN-2025-04-05-01,BANK_VS_SETTLEMENT,core.settlements,SET-0405,core.bank_transactions,BNK-0405,MATCHED,520.07,520.07,0.0,0,0,LEGITIMATE,TOL-BANK,2025-04-05T00:00:00Z,
rcn-01649,RUN-2025-04-05-01,REFUND_VS_PAYMENT,core.payments,PAY-0405,core.refunds,REF-0405,MATCHED,420.75,420.75,0.0,0,0,LEGITIMATE,TOL-REFUND,2025-04-05T00:00:00Z,
rcn-01650,RUN-2025-04-05-01,PAYMENT_VS_ORDER,core.orders,ORD-406,core.payments,PAY-0406,MATCHED,513.73,513.73,0.0,0,0,LEGITIMATE,TOL-PAYMENT,2025-04-05T00:00:00Z,
rcn-01651,RUN-2025-04-05-01,SETTLEMENT_VS_PAYMENT,core.payments,PAY-0406,core.settlements,SET-0406,MATCHED,499.49,499.49,0.0,0,0,LEGITIMATE,TOL-SETTLEMENT,2025-04-05T00:00:00Z,
rcn-01652,RUN-2025-04-05-01,FEE_VS_RATE_CARD,core.payments,PAY-0406,core.gateway_fees,FEE-0406,MATCHED,12.07,12.07,0.0,0,0,LEGITIMATE,TOL-FEE,2025-04-05T00:00:00Z,
rcn-01653,RUN-2025-04-05-01,BANK_VS_SETTLEMENT,core.settlements,SET-0406,core.bank_transactions,BNK-0406,MATCHED,499.49,499.49,0.0,0,0,LEGITIMATE,TOL-BANK,2025-04-05T00:00:00Z,
rcn-01654,RUN-2025-04-05-01,PAYMENT_VS_ORDER,core.orders,ORD-407,core.payments,PAY-0407,MATCHED,333.21,333.21,0.0,0,0,LEGITIMATE,TOL-PAYMENT,2025-04-05T00:00:00Z,
rcn-01655,RUN-2025-04-05-01,SETTLEMENT_VS_PAYMENT,core.payments,PAY-0407,core.settlements,SET-0407,MATCHED,325.35,325.35,0.0,0,0,LEGITIMATE,TOL-SETTLEMENT,2025-04-05T00:00:00Z,
rcn-01656,RUN-2025-04-05-01,FEE_VS_RATE_CARD,core.payments,PAY-0407,core.gateway_fees,FEE-0407,MATCHED,6.66,6.66,0.0,0,0,LEGITIMATE,TOL-FEE,2025-04-05T00:00:00Z,
rcn-01657,RUN-2025-04-05-01,BANK_VS_SETTLEMENT,core.settlements,SET-0407,core.bank_transactions,BNK-0407,MATCHED,325.35,325.35,0.0,0,0,LEGITIMATE,TOL-BANK,2025-04-05T00:00:00Z,
rcn-01658,RUN-2025-04-05-01,PAYMENT_VS_ORDER,core.orders,ORD-408,core.payments,PAY-0408,MATCHED,781.91,781.91,0.0,0,0,LEGITIMATE,TOL-PAYMENT,2025-04-05T00:00:00Z,
rcn-01659,RUN-2025-04-05-01,SETTLEMENT_VS_PAYMENT,core.payments,PAY-0408,core.settlements,SET-0408,MATCHED,767.75,767.75,0.0,0,0,LEGITIMATE,TOL-SETTLEMENT,2025-04-05T00:00:00Z,
rcn-01660,RUN-2025-04-05-01,FEE_VS_RATE_CARD,core.payments,PAY-0408,core.gateway_fees,FEE-0408,MATCHED,12.0,12.0,0.0,0,0,LEGITIMATE,TOL-FEE,2025-04-05T00:00:00Z,
rcn-01661,RUN-2025-04-05-01,BANK_VS_SETTLEMENT,core.settlements,SET-0408,core.bank_transactions,BNK-0408,MATCHED,767.75,767.75,0.0,0,0,LEGITIMATE,TOL-BANK,2025-04-05T00:00:00Z,
rcn-01662,RUN-2025-04-05-01,PAYMENT_VS_ORDER,core.orders,ORD-409,core.payments,PAY-0409,MATCHED,1693.35,1693.35,0.0,0,0,LEGITIMATE,TOL-PAYMENT,2025-04-05T00:00:00Z,
rcn-01663,RUN-2025-04-05-01,SETTLEMENT_VS_PAYMENT,core.payments,PAY-0409,core.settlements,SET-0409,MATCHED,1653.38,1653.38,0.0,0,0,LEGITIMATE,TOL-SETTLEMENT,2025-04-05T00:00:00Z,
rcn-01664,RUN-2025-04-05-01,FEE_VS_RATE_CARD,core.payments,PAY-0409,core.gateway_fees,FEE-0409,MATCHED,33.87,33.87,0.0,0,0,LEGITIMATE,TOL-FEE,2025-04-05T00:00:00Z,
rcn-01665,RUN-2025-04-05-01,BANK_VS_SETTLEMENT,core.settlements,SET-0409,core.bank_transactions,BNK-0409,MATCHED,1653.38,1653.38,0.0,0,0,LEGITIMATE,TOL-BANK,2025-04-05T00:00:00Z,
rcn-01666,RUN-2025-04-05-01,PAYMENT_VS_ORDER,core.orders,ORD-410,core.payments,PAY-0410,MATCHED,4635.64,4635.64,0.0,0,0,LEGITIMATE,TOL-PAYMENT,2025-04-05T00:00:00Z,
rcn-01667,RUN-2025-04-05-01,SETTLEMENT_VS_PAYMENT,core.payments,PAY-0410,core.settlements,SET-0410,MATCHED,4507.09,4507.09,0.0,0,0,LEGITIMATE,TOL-SETTLEMENT,2025-04-05T00:00:00Z,
rcn-01668,RUN-2025-04-05-01,FEE_VS_RATE_CARD,core.payments,PAY-0410,core.gateway_fees,FEE-0410,MATCHED,108.94,108.94,0.0,0,0,LEGITIMATE,TOL-FEE,2025-04-05T00:00:00Z,
rcn-01669,RUN-2025-04-05-01,BANK_VS_SETTLEMENT,core.settlements,SET-0410,core.bank_transactions,BNK-0410,MATCHED,4507.09,4507.09,0.0,0,0,LEGITIMATE,TOL-BANK,2025-04-05T00:00:00Z,
rcn-01670,RUN-2025-04-05-01,PAYMENT_VS_ORDER,core.orders,ORD-412,core.payments,PAY-0412,MATCHED,589.47,589.47,0.0,0,0,LEGITIMATE,TOL-PAYMENT,2025-04-05T00:00:00Z,
rcn-01671,RUN-2025-04-05-01,SETTLEMENT_VS_PAYMENT,core.payments,PAY-0412,core.settlements,SET-0412,MATCHED,575.31,575.31,0.0,0,0,LEGITIMATE,TOL-SETTLEMENT,2025-04-05T00:00:00Z,
rcn-01672,RUN-2025-04-05-01,FEE_VS_RATE_CARD,core.payments,PAY-0412,core.gateway_fees,FEE-0412,MATCHED,12.0,12.0,0.0,0,0,LEGITIMATE,TOL-FEE,2025-04-05T00:00:00Z,
rcn-01673,RUN-2025-04-05-01,BANK_VS_SETTLEMENT,core.settlements,SET-0412,core.bank_transactions,BNK-0412,MATCHED,575.31,575.31,0.0,0,0,LEGITIMATE,TOL-BANK,2025-04-05T00:00:00Z,
rcn-01674,RUN-2025-04-05-01,PAYMENT_VS_ORDER,core.orders,ORD-413,core.payments,PAY-0413,MATCHED,2052.98,2052.98,0.0,0,0,LEGITIMATE,TOL-PAYMENT,2025-04-05T00:00:00Z,
rcn-01675,RUN-2025-04-05-01,SETTLEMENT_VS_PAYMENT,core.payments,PAY-0413,core.settlements,SET-0413,MATCHED,2043.29,2043.29,0.0,0,0,LEGITIMATE,TOL-SETTLEMENT,2025-04-05T00:00:00Z,
rcn-01676,RUN-2025-04-05-01,FEE_VS_RATE_CARD,core.payments,PAY-0413,core.gateway_fees,FEE-0413,MATCHED,8.21,8.21,0.0,0,0,LEGITIMATE,TOL-FEE,2025-04-05T00:00:00Z,
rcn-01677,RUN-2025-04-05-01,BANK_VS_SETTLEMENT,core.settlements,SET-0413,core.bank_transactions,,UNMATCHED,2043.29,,,0,2043.29,LEAKAGE,TOL-BANK,2025-04-05T00:00:00Z,LEAKAGE on BANK_VS_SETTLEMENT
rcn-01678,RUN-2025-04-05-01,PAYMENT_VS_ORDER,core.orders,ORD-414,core.payments,PAY-0414,MATCHED,299.0,299.0,0.0,0,0,LEGITIMATE,TOL-PAYMENT,2025-04-05T00:00:00Z,
rcn-01679,RUN-2025-04-05-01,SETTLEMENT_VS_PAYMENT,core.payments,PAY-0414,core.settlements,SET-0414,MATCHED,291.94,291.94,0.0,0,0,LEGITIMATE,TOL-SETTLEMENT,2025-04-05T00:00:00Z,
rcn-01680,RUN-2025-04-05-01,FEE_VS_RATE_CARD,core.payments,PAY-0414,core.gateway_fees,FEE-0414,MATCHED,5.98,5.98,0.0,0,0,LEGITIMATE,TOL-FEE,2025-04-05T00:00:00Z,
rcn-01681,RUN-2025-04-05-01,BANK_VS_SETTLEMENT,core.settlements,SET-0414,core.bank_transactions,BNK-0414,MATCHED,291.94,291.94,0.0,0,0,LEGITIMATE,TOL-BANK,2025-04-05T00:00:00Z,
rcn-01682,RUN-2025-04-05-01,PAYMENT_VS_ORDER,core.orders,ORD-415,core.payments,PAY-0415,MATCHED,2672.04,2672.04,0.0,0,0,LEGITIMATE,TOL-PAYMENT,2025-04-05T00:00:00Z,
rcn-01683,RUN-2025-04-05-01,SETTLEMENT_VS_PAYMENT,core.payments,PAY-0415,core.settlements,SET-0415,MATCHED,1567.28,1567.28,0.0,0,0,LEGITIMATE,TOL-SETTLEMENT,2025-04-05T00:00:00Z,
rcn-01684,RUN-2025-04-05-01,FEE_VS_RATE_CARD,core.payments,PAY-0415,core.gateway_fees,FEE-0415,MATCHED,30.46,30.46,0.0,0,0,LEGITIMATE,TOL-FEE,2025-04-05T00:00:00Z,
rcn-01685,RUN-2025-04-05-01,BANK_VS_SETTLEMENT,core.settlements,SET-0415,core.bank_transactions,BNK-0415,MATCHED,1567.28,1567.28,0.0,0,0,LEGITIMATE,TOL-BANK,2025-04-05T00:00:00Z,
rcn-01686,RUN-2025-04-05-01,SETTLEMENT_VS_PAYMENT,core.payments,PAY-0415-2,core.settlements,SET-0415-2,MATCHED,1044.85,1044.85,0.0,0,0,LEGITIMATE,TOL-SETTLEMENT,2025-04-05T00:00:00Z,
rcn-01687,RUN-2025-04-05-01,FEE_VS_RATE_CARD,core.payments,PAY-0415-2,core.gateway_fees,FEE-0415-2,MATCHED,20.31,20.31,0.0,0,0,LEGITIMATE,TOL-FEE,2025-04-05T00:00:00Z,
rcn-01688,RUN-2025-04-05-01,BANK_VS_SETTLEMENT,core.settlements,SET-0415-2,core.bank_transactions,BNK-0415-2,MATCHED,1044.85,1044.85,0.0,0,0,LEGITIMATE,TOL-BANK,2025-04-05T00:00:00Z,
rcn-01689,RUN-2025-04-05-01,PAYMENT_VS_ORDER,core.orders,ORD-416,core.payments,PAY-0416,MATCHED,710.62,710.62,0.0,0,0,LEGITIMATE,TOL-PAYMENT,2025-04-05T00:00:00Z,
rcn-01690,RUN-2025-04-05-01,SETTLEMENT_VS_PAYMENT,core.payments,PAY-0416,core.settlements,SET-0416,MATCHED,693.85,693.85,0.0,0,0,LEGITIMATE,TOL-SETTLEMENT,2025-04-05T00:00:00Z,
rcn-01691,RUN-2025-04-05-01,FEE_VS_RATE_CARD,core.payments,PAY-0416,core.gateway_fees,FEE-0416,MATCHED,14.21,14.21,0.0,0,0,LEGITIMATE,TOL-FEE,2025-04-05T00:00:00Z,
rcn-01692,RUN-2025-04-05-01,BANK_VS_SETTLEMENT,core.settlements,SET-0416,core.bank_transactions,BNK-0416,MATCHED,693.85,693.85,0.0,0,0,LEGITIMATE,TOL-BANK,2025-04-05T00:00:00Z,
rcn-01693,RUN-2025-04-05-01,PAYMENT_VS_ORDER,core.orders,ORD-417,core.payments,PAY-0417,MATCHED,519.33,519.33,0.0,0,0,LEGITIMATE,TOL-PAYMENT,2025-04-05T00:00:00Z,
rcn-01694,RUN-2025-04-05-01,SETTLEMENT_VS_PAYMENT,core.payments,PAY-0417,core.settlements,SET-0417,MATCHED,516.88,516.88,0.0,0,0,LEGITIMATE,TOL-SETTLEMENT,2025-04-05T00:00:00Z,
rcn-01695,RUN-2025-04-05-01,FEE_VS_RATE_CARD,core.payments,PAY-0417,core.gateway_fees,FEE-0417,MATCHED,2.08,2.08,0.0,0,0,LEGITIMATE,TOL-FEE,2025-04-05T00:00:00Z,
rcn-01696,RUN-2025-04-05-01,BANK_VS_SETTLEMENT,core.settlements,SET-0417,core.bank_transactions,BNK-0417,MATCHED,516.88,516.88,0.0,0,0,LEGITIMATE,TOL-BANK,2025-04-05T00:00:00Z,
rcn-01697,RUN-2025-04-05-01,PAYMENT_VS_ORDER,core.orders,ORD-418,core.payments,PAY-0418,MATCHED,574.46,574.46,0.0,0,0,LEGITIMATE,TOL-PAYMENT,2025-04-05T00:00:00Z,
rcn-01698,RUN-2025-04-05-01,SETTLEMENT_VS_PAYMENT,core.payments,PAY-0418,core.settlements,SET-0418,MATCHED,560.9,560.9,0.0,0,0,LEGITIMATE,TOL-SETTLEMENT,2025-04-05T00:00:00Z,
rcn-01699,RUN-2025-04-05-01,FEE_VS_RATE_CARD,core.payments,PAY-0418,core.gateway_fees,FEE-0418,MATCHED,11.49,11.49,0.0,0,0,LEGITIMATE,TOL-FEE,2025-04-05T00:00:00Z,
rcn-01700,RUN-2025-04-05-01,BANK_VS_SETTLEMENT,core.settlements,SET-0418,core.bank_transactions,BNK-0418,MATCHED,560.9,560.9,0.0,0,0,LEGITIMATE,TOL-BANK,2025-04-05T00:00:00Z,
rcn-01701,RUN-2025-04-05-01,PAYMENT_VS_ORDER,core.orders,ORD-419,core.payments,PAY-0419,MATCHED,330.1,330.1,0.0,0,0,LEGITIMATE,TOL-PAYMENT,2025-04-05T00:00:00Z,
rcn-01702,RUN-2025-04-05-01,SETTLEMENT_VS_PAYMENT,core.payments,PAY-0419,core.settlements,SET-0419,MATCHED,328.54,328.54,0.0,0,0,LEGITIMATE,TOL-SETTLEMENT,2025-04-05T00:00:00Z,
rcn-01703,RUN-2025-04-05-01,FEE_VS_RATE_CARD,core.payments,PAY-0419,core.gateway_fees,FEE-0419,MATCHED,1.32,1.32,0.0,0,0,LEGITIMATE,TOL-FEE,2025-04-05T00:00:00Z,
rcn-01704,RUN-2025-04-05-01,BANK_VS_SETTLEMENT,core.settlements,SET-0419,core.bank_transactions,BNK-0419,MATCHED,328.54,328.54,0.0,0,0,LEGITIMATE,TOL-BANK,2025-04-05T00:00:00Z,
rcn-01705,RUN-2025-04-05-01,PAYMENT_VS_ORDER,core.orders,ORD-420,core.payments,PAY-0420,MATCHED,1247.62,1247.62,0.0,0,0,LEGITIMATE,TOL-PAYMENT,2025-04-05T00:00:00Z,
rcn-01706,RUN-2025-04-05-01,SETTLEMENT_VS_PAYMENT,core.payments,PAY-0420,core.settlements,SET-0420,MATCHED,1219.65,1219.65,0.0,0,0,LEGITIMATE,TOL-SETTLEMENT,2025-04-05T00:00:00Z,
rcn-01707,RUN-2025-04-05-01,FEE_VS_RATE_CARD,core.payments,PAY-0420,core.gateway_fees,FEE-0420,MATCHED,23.7,23.7,0.0,0,0,LEGITIMATE,TOL-FEE,2025-04-05T00:00:00Z,
rcn-01708,RUN-2025-04-05-01,BANK_VS_SETTLEMENT,core.settlements,SET-0420,core.bank_transactions,BNK-0420,MATCHED,1219.65,1219.65,0.0,0,0,LEGITIMATE,TOL-BANK,2025-04-05T00:00:00Z,
rcn-01709,RUN-2025-04-05-01,PAYMENT_VS_ORDER,core.orders,ORD-421,core.payments,PAY-0421,MATCHED,2429.47,2429.47,0.0,0,0,LEGITIMATE,TOL-PAYMENT,2025-04-05T00:00:00Z,
rcn-01710,RUN-2025-04-05-01,SETTLEMENT_VS_PAYMENT,core.payments,PAY-0421,core.settlements,SET-0421,MATCHED,2372.13,2372.13,0.0,0,0,LEGITIMATE,TOL-SETTLEMENT,2025-04-05T00:00:00Z,
rcn-01711,RUN-2025-04-05-01,FEE_VS_RATE_CARD,core.payments,PAY-0421,core.gateway_fees,FEE-0421,MATCHED,48.59,48.59,0.0,0,0,LEGITIMATE,TOL-FEE,2025-04-05T00:00:00Z,
rcn-01712,RUN-2025-04-05-01,BANK_VS_SETTLEMENT,core.settlements,SET-0421,core.bank_transactions,BNK-0421,MATCHED,2372.13,2372.13,0.0,0,0,LEGITIMATE,TOL-BANK,2025-04-05T00:00:00Z,
rcn-01713,RUN-2025-04-05-01,PAYMENT_VS_ORDER,core.orders,ORD-422,core.payments,PAY-0422,MATCHED,1107.78,1107.78,0.0,0,0,LEGITIMATE,TOL-PAYMENT,2025-04-05T00:00:00Z,
rcn-01714,RUN-2025-04-05-01,SETTLEMENT_VS_PAYMENT,core.payments,PAY-0422,core.settlements,SET-0422,MATCHED,1081.63,1081.63,0.0,0,0,LEGITIMATE,TOL-SETTLEMENT,2025-04-05T00:00:00Z,
rcn-01715,RUN-2025-04-05-01,FEE_VS_RATE_CARD,core.payments,PAY-0422,core.gateway_fees,FEE-0422,MATCHED,22.16,22.16,0.0,0,0,LEGITIMATE,TOL-FEE,2025-04-05T00:00:00Z,
rcn-01716,RUN-2025-04-05-01,BANK_VS_SETTLEMENT,core.settlements,SET-0422,core.bank_transactions,BNK-0422,MATCHED,1081.63,1081.63,0.0,0,0,LEGITIMATE,TOL-BANK,2025-04-05T00:00:00Z,
rcn-01717,RUN-2025-04-05-01,PAYMENT_VS_ORDER,core.orders,ORD-423,core.payments,PAY-0423,MATCHED,299.0,299.0,0.0,0,0,LEGITIMATE,TOL-PAYMENT,2025-04-05T00:00:00Z,
rcn-01718,RUN-2025-04-05-01,SETTLEMENT_VS_PAYMENT,core.payments,PAY-0423,core.settlements,SET-0423,MATCHED,297.58,297.58,0.0,0,0,LEGITIMATE,TOL-SETTLEMENT,2025-04-05T00:00:00Z,
rcn-01719,RUN-2025-04-05-01,FEE_VS_RATE_CARD,core.payments,PAY-0423,core.gateway_fees,FEE-0423,MATCHED,1.2,1.2,0.0,0,0,LEGITIMATE,TOL-FEE,2025-04-05T00:00:00Z,
rcn-01720,RUN-2025-04-05-01,BANK_VS_SETTLEMENT,core.settlements,SET-0423,core.bank_transactions,BNK-0423,MATCHED,297.58,297.58,0.0,0,0,LEGITIMATE,TOL-BANK,2025-04-05T00:00:00Z,
rcn-01721,RUN-2025-04-05-01,PAYMENT_VS_ORDER,core.orders,ORD-424,core.payments,PAY-0424,MATCHED,299.0,299.0,0.0,0,0,LEGITIMATE,TOL-PAYMENT,2025-04-05T00:00:00Z,
rcn-01722,RUN-2025-04-05-01,SETTLEMENT_VS_PAYMENT,core.payments,PAY-0424,core.settlements,SET-0424,MATCHED,284.84,284.84,0.0,0,0,LEGITIMATE,TOL-SETTLEMENT,2025-04-05T00:00:00Z,
rcn-01723,RUN-2025-04-05-01,FEE_VS_RATE_CARD,core.payments,PAY-0424,core.gateway_fees,FEE-0424,MATCHED,12.0,12.0,0.0,0,0,LEGITIMATE,TOL-FEE,2025-04-05T00:00:00Z,
rcn-01724,RUN-2025-04-05-01,BANK_VS_SETTLEMENT,core.settlements,SET-0424,core.bank_transactions,BNK-0424,MATCHED,284.84,284.84,0.0,0,0,LEGITIMATE,TOL-BANK,2025-04-05T00:00:00Z,
rcn-01725,RUN-2025-04-05-01,PAYMENT_VS_ORDER,core.orders,ORD-425,core.payments,PAY-0425,MATCHED,6719.99,6719.99,0.0,0,0,LEGITIMATE,TOL-PAYMENT,2025-04-05T00:00:00Z,
rcn-01726,RUN-2025-04-05-01,SETTLEMENT_VS_PAYMENT,core.payments,PAY-0425,core.settlements,SET-0425,MATCHED,6705.83,6705.83,0.0,0,0,LEGITIMATE,TOL-SETTLEMENT,2025-04-05T00:00:00Z,
rcn-01727,RUN-2025-04-05-01,FEE_VS_RATE_CARD,core.payments,PAY-0425,core.gateway_fees,FEE-0425,MATCHED,12.0,12.0,0.0,0,0,LEGITIMATE,TOL-FEE,2025-04-05T00:00:00Z,
rcn-01728,RUN-2025-04-05-01,BANK_VS_SETTLEMENT,core.settlements,SET-0425,core.bank_transactions,BNK-0425,MATCHED,6705.83,6705.83,0.0,0,0,LEGITIMATE,TOL-BANK,2025-04-05T00:00:00Z,
rcn-01729,RUN-2025-04-05-01,PAYMENT_VS_ORDER,core.orders,ORD-426,core.payments,PAY-0426,MATCHED,2523.35,2523.35,0.0,0,0,LEGITIMATE,TOL-PAYMENT,2025-04-05T00:00:00Z,
rcn-01730,RUN-2025-04-05-01,SETTLEMENT_VS_PAYMENT,core.payments,PAY-0426,core.settlements,SET-0426,MATCHED,2509.19,2509.19,0.0,0,0,LEGITIMATE,TOL-SETTLEMENT,2025-04-05T00:00:00Z,
rcn-01731,RUN-2025-04-05-01,FEE_VS_RATE_CARD,core.payments,PAY-0426,core.gateway_fees,FEE-0426,MATCHED,12.0,12.0,0.0,0,0,LEGITIMATE,TOL-FEE,2025-04-05T00:00:00Z,
rcn-01732,RUN-2025-04-05-01,BANK_VS_SETTLEMENT,core.settlements,SET-0426,core.bank_transactions,BNK-0426,MATCHED,2509.19,2509.19,0.0,0,0,LEGITIMATE,TOL-BANK,2025-04-05T00:00:00Z,
rcn-01733,RUN-2025-04-05-01,PAYMENT_VS_ORDER,core.orders,ORD-427,core.payments,PAY-0427,MATCHED,2599.43,2599.43,0.0,0,0,LEGITIMATE,TOL-PAYMENT,2025-04-05T00:00:00Z,
rcn-01734,RUN-2025-04-05-01,SETTLEMENT_VS_PAYMENT,core.payments,PAY-0427,core.settlements,SET-0427,MATCHED,2538.08,2538.08,0.0,0,0,LEGITIMATE,TOL-SETTLEMENT,2025-04-05T00:00:00Z,
rcn-01735,RUN-2025-04-05-01,FEE_VS_RATE_CARD,core.payments,PAY-0427,core.gateway_fees,FEE-0427,MATCHED,51.99,51.99,0.0,0,0,LEGITIMATE,TOL-FEE,2025-04-05T00:00:00Z,
rcn-01736,RUN-2025-04-05-01,BANK_VS_SETTLEMENT,core.settlements,SET-0427,core.bank_transactions,BNK-0427,MATCHED,2538.08,2538.08,0.0,0,0,LEGITIMATE,TOL-BANK,2025-04-05T00:00:00Z,
rcn-01737,RUN-2025-04-05-01,PAYMENT_VS_ORDER,core.orders,ORD-428,core.payments,PAY-0428,MATCHED,1935.93,1935.93,0.0,0,0,LEGITIMATE,TOL-PAYMENT,2025-04-05T00:00:00Z,
rcn-01738,RUN-2025-04-05-01,SETTLEMENT_VS_PAYMENT,core.payments,PAY-0428,core.settlements,SET-0428,MISMATCH,1926.8,1904.6,22.2,0,22.2,LEAKAGE,TOL-SETTLEMENT,2025-04-05T00:00:00Z,LEAKAGE on SETTLEMENT_VS_PAYMENT
rcn-01739,RUN-2025-04-05-01,FEE_VS_RATE_CARD,core.payments,PAY-0428,core.gateway_fees,FEE-0428,MATCHED,7.74,7.74,0.0,0,0,LEGITIMATE,TOL-FEE,2025-04-05T00:00:00Z,
rcn-01740,RUN-2025-04-05-01,BANK_VS_SETTLEMENT,core.settlements,SET-0428,core.bank_transactions,BNK-0428,MATCHED,1904.6,1904.6,0.0,0,0,LEGITIMATE,TOL-BANK,2025-04-05T00:00:00Z,
rcn-01741,RUN-2025-04-05-01,PAYMENT_VS_ORDER,core.orders,ORD-429,core.payments,PAY-0429,MATCHED,4259.34,4259.34,0.0,0,0,LEGITIMATE,TOL-PAYMENT,2025-04-05T00:00:00Z,
rcn-01742,RUN-2025-04-05-01,SETTLEMENT_VS_PAYMENT,core.payments,PAY-0429,core.settlements,SET-0429,MATCHED,4239.23,4239.23,0.0,0,0,LEGITIMATE,TOL-SETTLEMENT,2025-04-05T00:00:00Z,
rcn-01743,RUN-2025-04-05-01,FEE_VS_RATE_CARD,core.payments,PAY-0429,core.gateway_fees,FEE-0429,MATCHED,17.04,17.04,0.0,0,0,LEGITIMATE,TOL-FEE,2025-04-05T00:00:00Z,
rcn-01744,RUN-2025-04-05-01,BANK_VS_SETTLEMENT,core.settlements,SET-0429,core.bank_transactions,BNK-0429,MATCHED,4239.23,4239.23,0.0,0,0,LEGITIMATE,TOL-BANK,2025-04-05T00:00:00Z,
rcn-01745,RUN-2025-04-05-01,PAYMENT_VS_ORDER,core.orders,ORD-430,core.payments,PAY-0430,MATCHED,593.8,593.8,0.0,0,0,LEGITIMATE,TOL-PAYMENT,2025-04-05T00:00:00Z,
rcn-01746,RUN-2025-04-05-01,SETTLEMENT_VS_PAYMENT,core.payments,PAY-0430,core.settlements,SET-0430,MATCHED,579.78,579.78,0.0,0,0,LEGITIMATE,TOL-SETTLEMENT,2025-04-05T00:00:00Z,
rcn-01747,RUN-2025-04-05-01,FEE_VS_RATE_CARD,core.payments,PAY-0430,core.gateway_fees,FEE-0430,MATCHED,11.88,11.88,0.0,0,0,LEGITIMATE,TOL-FEE,2025-04-05T00:00:00Z,
rcn-01748,RUN-2025-04-05-01,BANK_VS_SETTLEMENT,core.settlements,SET-0430,core.bank_transactions,BNK-0430,MATCHED,579.78,579.78,0.0,0,0,LEGITIMATE,TOL-BANK,2025-04-05T00:00:00Z,
rcn-01749,RUN-2025-04-05-01,PAYMENT_VS_ORDER,core.orders,ORD-431,core.payments,PAY-0431,MATCHED,592.65,592.65,0.0,0,0,LEGITIMATE,TOL-PAYMENT,2025-04-05T00:00:00Z,
rcn-01750,RUN-2025-04-05-01,SETTLEMENT_VS_PAYMENT,core.payments,PAY-0431,core.settlements,SET-0431,MATCHED,578.67,578.67,0.0,0,0,LEGITIMATE,TOL-SETTLEMENT,2025-04-05T00:00:00Z,
rcn-01751,RUN-2025-04-05-01,FEE_VS_RATE_CARD,core.payments,PAY-0431,core.gateway_fees,FEE-0431,MATCHED,11.85,11.85,0.0,0,0,LEGITIMATE,TOL-FEE,2025-04-05T00:00:00Z,
rcn-01752,RUN-2025-04-05-01,BANK_VS_SETTLEMENT,core.settlements,SET-0431,core.bank_transactions,BNK-0431,MATCHED,578.67,578.67,0.0,0,0,LEGITIMATE,TOL-BANK,2025-04-05T00:00:00Z,
rcn-01753,RUN-2025-04-05-01,PAYMENT_VS_ORDER,core.orders,ORD-432,core.payments,PAY-0432,MATCHED,299.0,299.0,0.0,0,0,LEGITIMATE,TOL-PAYMENT,2025-04-05T00:00:00Z,
rcn-01754,RUN-2025-04-05-01,SETTLEMENT_VS_PAYMENT,core.payments,PAY-0432,core.settlements,SET-0432,MATCHED,284.84,284.84,0.0,0,0,LEGITIMATE,TOL-SETTLEMENT,2025-04-05T00:00:00Z,
rcn-01755,RUN-2025-04-05-01,FEE_VS_RATE_CARD,core.payments,PAY-0432,core.gateway_fees,FEE-0432,MATCHED,12.0,12.0,0.0,0,0,LEGITIMATE,TOL-FEE,2025-04-05T00:00:00Z,
rcn-01756,RUN-2025-04-05-01,BANK_VS_SETTLEMENT,core.settlements,SET-0432,core.bank_transactions,BNK-0432,MATCHED,284.84,284.84,0.0,0,0,LEGITIMATE,TOL-BANK,2025-04-05T00:00:00Z,
rcn-01757,RUN-2025-04-05-01,PAYMENT_VS_ORDER,core.orders,ORD-433,core.payments,PAY-0433,MATCHED,892.36,892.36,0.0,0,0,LEGITIMATE,TOL-PAYMENT,2025-04-05T00:00:00Z,
rcn-01758,RUN-2025-04-05-01,SETTLEMENT_VS_PAYMENT,core.payments,PAY-0433,core.settlements,SET-0433,MATCHED,878.2,878.2,0.0,0,0,LEGITIMATE,TOL-SETTLEMENT,2025-04-05T00:00:00Z,
rcn-01759,RUN-2025-04-05-01,FEE_VS_RATE_CARD,core.payments,PAY-0433,core.gateway_fees,FEE-0433,MATCHED,12.0,12.0,0.0,0,0,LEGITIMATE,TOL-FEE,2025-04-05T00:00:00Z,
rcn-01760,RUN-2025-04-05-01,BANK_VS_SETTLEMENT,core.settlements,SET-0433,core.bank_transactions,BNK-0433,MATCHED,878.2,878.2,0.0,0,0,LEGITIMATE,TOL-BANK,2025-04-05T00:00:00Z,
rcn-01761,RUN-2025-04-05-01,PAYMENT_VS_ORDER,core.orders,ORD-434,core.payments,PAY-0434,MATCHED,2312.99,2312.99,0.0,0,0,LEGITIMATE,TOL-PAYMENT,2025-04-05T00:00:00Z,
rcn-01762,RUN-2025-04-05-01,SETTLEMENT_VS_PAYMENT,core.payments,PAY-0434,core.settlements,SET-0434,MATCHED,2248.85,2248.85,0.0,0,0,LEGITIMATE,TOL-SETTLEMENT,2025-04-05T00:00:00Z,
rcn-01763,RUN-2025-04-05-01,FEE_VS_RATE_CARD,core.payments,PAY-0434,core.gateway_fees,FEE-0434,MATCHED,54.36,54.36,0.0,0,0,LEGITIMATE,TOL-FEE,2025-04-05T00:00:00Z,
rcn-01764,RUN-2025-04-05-01,BANK_VS_SETTLEMENT,core.settlements,SET-0434,core.bank_transactions,BNK-0434,MATCHED,2248.85,2248.85,0.0,0,0,LEGITIMATE,TOL-BANK,2025-04-05T00:00:00Z,
rcn-01765,RUN-2025-04-05-01,PAYMENT_VS_ORDER,core.orders,ORD-435,core.payments,PAY-0435,MATCHED,2140.08,2140.08,0.0,0,0,LEGITIMATE,TOL-PAYMENT,2025-04-05T00:00:00Z,
rcn-01766,RUN-2025-04-05-01,SETTLEMENT_VS_PAYMENT,core.payments,PAY-0435,core.settlements,SET-0435,MISMATCH,2129.98,2125.42,4.56,0,4.56,LEAKAGE,TOL-SETTLEMENT,2025-04-05T00:00:00Z,LEAKAGE on SETTLEMENT_VS_PAYMENT
rcn-01767,RUN-2025-04-05-01,FEE_VS_RATE_CARD,core.payments,PAY-0435,core.gateway_fees,FEE-0435,MISMATCH,8.56,13.12,-4.56,0,4.56,LEAKAGE,TOL-FEE,2025-04-05T00:00:00Z,LEAKAGE on FEE_VS_RATE_CARD
rcn-01768,RUN-2025-04-05-01,BANK_VS_SETTLEMENT,core.settlements,SET-0435,core.bank_transactions,BNK-0435,MATCHED,2125.42,2125.42,0.0,0,0,LEGITIMATE,TOL-BANK,2025-04-05T00:00:00Z,
rcn-01769,RUN-2025-04-05-01,PAYMENT_VS_ORDER,core.orders,ORD-436,core.payments,PAY-0436,MATCHED,1623.21,1623.21,0.0,0,0,LEGITIMATE,TOL-PAYMENT,2025-04-05T00:00:00Z,
rcn-01770,RUN-2025-04-05-01,SETTLEMENT_VS_PAYMENT,core.payments,PAY-0436,core.settlements,SET-0436,MATCHED,1584.91,1584.91,0.0,0,0,LEGITIMATE,TOL-SETTLEMENT,2025-04-05T00:00:00Z,
rcn-01771,RUN-2025-04-05-01,FEE_VS_RATE_CARD,core.payments,PAY-0436,core.gateway_fees,FEE-0436,MATCHED,32.46,32.46,0.0,0,0,LEGITIMATE,TOL-FEE,2025-04-05T00:00:00Z,
rcn-01772,RUN-2025-04-05-01,BANK_VS_SETTLEMENT,core.settlements,SET-0436,core.bank_transactions,BNK-0436,MATCHED,1584.91,1584.91,0.0,0,0,LEGITIMATE,TOL-BANK,2025-04-05T00:00:00Z,
rcn-01773,RUN-2025-04-05-01,PAYMENT_VS_ORDER,core.orders,ORD-437,core.payments,PAY-0437,MATCHED,2649.57,2649.57,0.0,0,0,LEGITIMATE,TOL-PAYMENT,2025-04-05T00:00:00Z,
rcn-01774,RUN-2025-04-05-01,SETTLEMENT_VS_PAYMENT,core.payments,PAY-0437,core.settlements,SET-0437,MISMATCH,2637.06,2632.72,4.34,0,4.34,LEAKAGE,TOL-SETTLEMENT,2025-04-05T00:00:00Z,LEAKAGE on SETTLEMENT_VS_PAYMENT
rcn-01775,RUN-2025-04-05-01,FEE_VS_RATE_CARD,core.payments,PAY-0437,core.gateway_fees,FEE-0437,MISMATCH,10.6,14.94,-4.34,0,4.34,LEAKAGE,TOL-FEE,2025-04-05T00:00:00Z,LEAKAGE on FEE_VS_RATE_CARD
rcn-01776,RUN-2025-04-05-01,BANK_VS_SETTLEMENT,core.settlements,SET-0437,core.bank_transactions,BNK-0437,MATCHED,2632.72,2632.72,0.0,0,0,LEGITIMATE,TOL-BANK,2025-04-05T00:00:00Z,
rcn-01777,RUN-2025-04-05-01,PAYMENT_VS_ORDER,core.orders,ORD-438,core.payments,PAY-0438,MATCHED,299.0,299.0,0.0,0,0,LEGITIMATE,TOL-PAYMENT,2025-04-05T00:00:00Z,
rcn-01778,RUN-2025-04-05-01,SETTLEMENT_VS_PAYMENT,core.payments,PAY-0438,core.settlements,SET-0438,MISMATCH,291.94,289.24,2.7,0,2.7,LEAKAGE,TOL-SETTLEMENT,2025-04-05T00:00:00Z,LEAKAGE on SETTLEMENT_VS_PAYMENT
rcn-01779,RUN-2025-04-05-01,FEE_VS_RATE_CARD,core.payments,PAY-0438,core.gateway_fees,FEE-0438,MISMATCH,5.98,8.68,-2.7,0,2.7,LEAKAGE,TOL-FEE,2025-04-05T00:00:00Z,LEAKAGE on FEE_VS_RATE_CARD
rcn-01780,RUN-2025-04-05-01,BANK_VS_SETTLEMENT,core.settlements,SET-0438,core.bank_transactions,BNK-0438,MATCHED,289.24,289.24,0.0,0,0,LEGITIMATE,TOL-BANK,2025-04-05T00:00:00Z,
rcn-01781,RUN-2025-04-05-01,PAYMENT_VS_ORDER,core.orders,ORD-439,core.payments,PAY-0439,MATCHED,1964.58,1964.58,0.0,0,0,LEGITIMATE,TOL-PAYMENT,2025-04-05T00:00:00Z,
rcn-01782,RUN-2025-04-05-01,SETTLEMENT_VS_PAYMENT,core.payments,PAY-0439,core.settlements,SET-0439,MATCHED,1955.31,1955.31,0.0,0,0,LEGITIMATE,TOL-SETTLEMENT,2025-04-05T00:00:00Z,
rcn-01783,RUN-2025-04-05-01,FEE_VS_RATE_CARD,core.payments,PAY-0439,core.gateway_fees,FEE-0439,MATCHED,7.86,7.86,0.0,0,0,LEGITIMATE,TOL-FEE,2025-04-05T00:00:00Z,
rcn-01784,RUN-2025-04-05-01,BANK_VS_SETTLEMENT,core.settlements,SET-0439,core.bank_transactions,BNK-0439,MATCHED,1955.31,1955.31,0.0,0,0,LEGITIMATE,TOL-BANK,2025-04-05T00:00:00Z,
rcn-01785,RUN-2025-04-05-01,PAYMENT_VS_ORDER,core.orders,ORD-440,core.payments,PAY-0440,MATCHED,3409.74,3409.74,0.0,0,0,LEGITIMATE,TOL-PAYMENT,2025-04-05T00:00:00Z,
rcn-01786,RUN-2025-04-05-01,SETTLEMENT_VS_PAYMENT,core.payments,PAY-0440,core.settlements,SET-0440,MATCHED,3393.64,3393.64,0.0,0,0,LEGITIMATE,TOL-SETTLEMENT,2025-04-05T00:00:00Z,
rcn-01787,RUN-2025-04-05-01,FEE_VS_RATE_CARD,core.payments,PAY-0440,core.gateway_fees,FEE-0440,MATCHED,13.64,13.64,0.0,0,0,LEGITIMATE,TOL-FEE,2025-04-05T00:00:00Z,
rcn-01788,RUN-2025-04-05-01,BANK_VS_SETTLEMENT,core.settlements,SET-0440,core.bank_transactions,BNK-0440,MATCHED,3393.64,3393.64,0.0,0,0,LEGITIMATE,TOL-BANK,2025-04-05T00:00:00Z,
rcn-01789,RUN-2025-04-05-01,PAYMENT_VS_ORDER,core.orders,ORD-441,core.payments,PAY-0441,MATCHED,1879.57,1879.57,0.0,0,0,LEGITIMATE,TOL-PAYMENT,2025-04-05T00:00:00Z,
rcn-01790,RUN-2025-04-05-01,SETTLEMENT_VS_PAYMENT,core.payments,PAY-0441,core.settlements,SET-0441,MATCHED,1835.21,1835.21,0.0,0,0,LEGITIMATE,TOL-SETTLEMENT,2025-04-05T00:00:00Z,
rcn-01791,RUN-2025-04-05-01,FEE_VS_RATE_CARD,core.payments,PAY-0441,core.gateway_fees,FEE-0441,MATCHED,37.59,37.59,0.0,0,0,LEGITIMATE,TOL-FEE,2025-04-05T00:00:00Z,
rcn-01792,RUN-2025-04-05-01,BANK_VS_SETTLEMENT,core.settlements,SET-0441,core.bank_transactions,BNK-0441,MATCHED,1835.21,1835.21,0.0,0,0,LEGITIMATE,TOL-BANK,2025-04-05T00:00:00Z,
rcn-01793,RUN-2025-04-05-01,PAYMENT_VS_ORDER,core.orders,ORD-442,core.payments,PAY-0442,MATCHED,908.06,908.06,0.0,0,0,LEGITIMATE,TOL-PAYMENT,2025-04-05T00:00:00Z,
rcn-01794,RUN-2025-04-05-01,SETTLEMENT_VS_PAYMENT,core.payments,PAY-0442,core.settlements,SET-0442,MATCHED,886.63,886.63,0.0,0,0,LEGITIMATE,TOL-SETTLEMENT,2025-04-05T00:00:00Z,
rcn-01795,RUN-2025-04-05-01,FEE_VS_RATE_CARD,core.payments,PAY-0442,core.gateway_fees,FEE-0442,MATCHED,18.16,18.16,0.0,0,0,LEGITIMATE,TOL-FEE,2025-04-05T00:00:00Z,
rcn-01796,RUN-2025-04-05-01,BANK_VS_SETTLEMENT,core.settlements,SET-0442,core.bank_transactions,BNK-0442,MATCHED,886.63,886.63,0.0,0,0,LEGITIMATE,TOL-BANK,2025-04-05T00:00:00Z,
rcn-01797,RUN-2025-04-05-01,PAYMENT_VS_ORDER,core.orders,ORD-443,core.payments,PAY-0443,MATCHED,679.81,679.81,0.0,0,0,LEGITIMATE,TOL-PAYMENT,2025-04-05T00:00:00Z,
rcn-01798,RUN-2025-04-05-01,SETTLEMENT_VS_PAYMENT,core.payments,PAY-0443,core.settlements,SET-0443,MATCHED,535.49,535.49,0.0,0,0,LEGITIMATE,TOL-SETTLEMENT,2025-04-05T00:00:00Z,
rcn-01799,RUN-2025-04-05-01,FEE_VS_RATE_CARD,core.payments,PAY-0443,core.gateway_fees,FEE-0443,MATCHED,2.72,2.72,0.0,0,0,LEGITIMATE,TOL-FEE,2025-04-05T00:00:00Z,
rcn-01800,RUN-2025-04-05-01,BANK_VS_SETTLEMENT,core.settlements,SET-0443,core.bank_transactions,BNK-0443,MATCHED,535.49,535.49,0.0,0,0,LEGITIMATE,TOL-BANK,2025-04-05T00:00:00Z,
rcn-01801,RUN-2025-04-05-01,REFUND_VS_PAYMENT,core.payments,PAY-0443,core.refunds,REF-0443,MATCHED,141.68,141.68,0.0,0,0,LEGITIMATE,TOL-REFUND,2025-04-05T00:00:00Z,
rcn-01802,RUN-2025-04-05-01,PAYMENT_VS_ORDER,core.orders,ORD-444,core.payments,PAY-0444,MATCHED,1967.76,1967.76,0.0,0,0,LEGITIMATE,TOL-PAYMENT,2025-04-05T00:00:00Z,
rcn-01803,RUN-2025-04-05-01,SETTLEMENT_VS_PAYMENT,core.payments,PAY-0444,core.settlements,SET-0444,MATCHED,1953.6,1953.6,0.0,0,0,LEGITIMATE,TOL-SETTLEMENT,2025-04-05T00:00:00Z,
rcn-01804,RUN-2025-04-05-01,FEE_VS_RATE_CARD,core.payments,PAY-0444,core.gateway_fees,FEE-0444,MATCHED,12.0,12.0,0.0,0,0,LEGITIMATE,TOL-FEE,2025-04-05T00:00:00Z,
rcn-01805,RUN-2025-04-05-01,BANK_VS_SETTLEMENT,core.settlements,SET-0444,core.bank_transactions,BNK-0444,MATCHED,1953.6,1953.6,0.0,0,0,LEGITIMATE,TOL-BANK,2025-04-05T00:00:00Z,
rcn-01806,RUN-2025-04-05-01,PAYMENT_VS_ORDER,core.orders,ORD-445,core.payments,PAY-0445,MATCHED,639.58,639.58,0.0,0,0,LEGITIMATE,TOL-PAYMENT,2025-04-05T00:00:00Z,
rcn-01807,RUN-2025-04-05-01,SETTLEMENT_VS_PAYMENT,core.payments,PAY-0445,core.settlements,SET-0445,MATCHED,624.49,624.49,0.0,0,0,LEGITIMATE,TOL-SETTLEMENT,2025-04-05T00:00:00Z,
rcn-01808,RUN-2025-04-05-01,FEE_VS_RATE_CARD,core.payments,PAY-0445,core.gateway_fees,FEE-0445,MATCHED,12.79,12.79,0.0,0,0,LEGITIMATE,TOL-FEE,2025-04-05T00:00:00Z,
rcn-01809,RUN-2025-04-05-01,BANK_VS_SETTLEMENT,core.settlements,SET-0445,core.bank_transactions,BNK-0445,MATCHED,624.49,624.49,0.0,0,0,LEGITIMATE,TOL-BANK,2025-04-05T00:00:00Z,
rcn-01810,RUN-2025-04-05-01,PAYMENT_VS_ORDER,core.orders,ORD-446,core.payments,PAY-0446,MATCHED,769.63,769.63,0.0,0,0,LEGITIMATE,TOL-PAYMENT,2025-04-05T00:00:00Z,
rcn-01811,RUN-2025-04-05-01,SETTLEMENT_VS_PAYMENT,core.payments,PAY-0446,core.settlements,SET-0446,MATCHED,751.47,751.47,0.0,0,0,LEGITIMATE,TOL-SETTLEMENT,2025-04-05T00:00:00Z,
rcn-01812,RUN-2025-04-05-01,FEE_VS_RATE_CARD,core.payments,PAY-0446,core.gateway_fees,FEE-0446,MATCHED,15.39,15.39,0.0,0,0,LEGITIMATE,TOL-FEE,2025-04-05T00:00:00Z,
rcn-01813,RUN-2025-04-05-01,BANK_VS_SETTLEMENT,core.settlements,SET-0446,core.bank_transactions,BNK-0446,MATCHED,751.47,751.47,0.0,0,0,LEGITIMATE,TOL-BANK,2025-04-05T00:00:00Z,
rcn-01814,RUN-2025-04-05-01,PAYMENT_VS_ORDER,core.orders,ORD-447,core.payments,PAY-0447,MATCHED,762.48,762.48,0.0,0,0,LEGITIMATE,TOL-PAYMENT,2025-04-05T00:00:00Z,
rcn-01815,RUN-2025-04-05-01,SETTLEMENT_VS_PAYMENT,core.payments,PAY-0447,core.settlements,SET-0447,MATCHED,744.48,744.48,0.0,0,0,LEGITIMATE,TOL-SETTLEMENT,2025-04-05T00:00:00Z,
rcn-01816,RUN-2025-04-05-01,FEE_VS_RATE_CARD,core.payments,PAY-0447,core.gateway_fees,FEE-0447,MATCHED,15.25,15.25,0.0,0,0,LEGITIMATE,TOL-FEE,2025-04-05T00:00:00Z,
rcn-01817,RUN-2025-04-05-01,BANK_VS_SETTLEMENT,core.settlements,SET-0447,core.bank_transactions,BNK-0447,MATCHED,744.48,744.48,0.0,0,0,LEGITIMATE,TOL-BANK,2025-04-05T00:00:00Z,
rcn-01818,RUN-2025-04-05-01,PAYMENT_VS_ORDER,core.orders,ORD-448,core.payments,PAY-0448,MATCHED,734.66,734.66,0.0,0,0,LEGITIMATE,TOL-PAYMENT,2025-04-05T00:00:00Z,
rcn-01819,RUN-2025-04-05-01,SETTLEMENT_VS_PAYMENT,core.payments,PAY-0448,core.settlements,SET-0448,MATCHED,717.33,717.33,0.0,0,0,LEGITIMATE,TOL-SETTLEMENT,2025-04-05T00:00:00Z,
rcn-01820,RUN-2025-04-05-01,FEE_VS_RATE_CARD,core.payments,PAY-0448,core.gateway_fees,FEE-0448,MATCHED,14.69,14.69,0.0,0,0,LEGITIMATE,TOL-FEE,2025-04-05T00:00:00Z,
rcn-01821,RUN-2025-04-05-01,BANK_VS_SETTLEMENT,core.settlements,SET-0448,core.bank_transactions,BNK-0448,MATCHED,717.33,717.33,0.0,0,0,LEGITIMATE,TOL-BANK,2025-04-05T00:00:00Z,
rcn-01822,RUN-2025-04-05-01,PAYMENT_VS_ORDER,core.orders,ORD-449,core.payments,PAY-0449,MATCHED,414.39,414.39,0.0,0,0,LEGITIMATE,TOL-PAYMENT,2025-04-05T00:00:00Z,
rcn-01823,RUN-2025-04-05-01,SETTLEMENT_VS_PAYMENT,core.payments,PAY-0449,core.settlements,SET-0449,MATCHED,400.23,400.23,0.0,0,0,LEGITIMATE,TOL-SETTLEMENT,2025-04-05T00:00:00Z,
rcn-01824,RUN-2025-04-05-01,FEE_VS_RATE_CARD,core.payments,PAY-0449,core.gateway_fees,FEE-0449,MATCHED,12.0,12.0,0.0,0,0,LEGITIMATE,TOL-FEE,2025-04-05T00:00:00Z,
rcn-01825,RUN-2025-04-05-01,BANK_VS_SETTLEMENT,core.settlements,SET-0449,core.bank_transactions,BNK-0449,MATCHED,400.23,400.23,0.0,0,0,LEGITIMATE,TOL-BANK,2025-04-05T00:00:00Z,
rcn-01826,RUN-2025-04-05-01,PAYMENT_VS_ORDER,core.orders,ORD-450,core.payments,PAY-0450,MATCHED,1697.07,1697.07,0.0,0,0,LEGITIMATE,TOL-PAYMENT,2025-04-05T00:00:00Z,
rcn-01827,RUN-2025-04-05-01,SETTLEMENT_VS_PAYMENT,core.payments,PAY-0450,core.settlements,SET-0450,MATCHED,861.23,861.23,0.0,0,0,LEGITIMATE,TOL-SETTLEMENT,2025-04-05T00:00:00Z,
rcn-01828,RUN-2025-04-05-01,FEE_VS_RATE_CARD,core.payments,PAY-0450,core.gateway_fees,FEE-0450,MATCHED,12.0,12.0,0.0,0,0,LEGITIMATE,TOL-FEE,2025-04-05T00:00:00Z,
rcn-01829,RUN-2025-04-05-01,BANK_VS_SETTLEMENT,core.settlements,SET-0450,core.bank_transactions,BNK-0450,MATCHED,861.23,861.23,0.0,0,0,LEGITIMATE,TOL-BANK,2025-04-05T00:00:00Z,
rcn-01830,RUN-2025-04-05-01,REFUND_VS_PAYMENT,core.payments,PAY-0450,core.refunds,REF-0450,MATCHED,827.53,827.53,0.0,0,0,LEGITIMATE,TOL-REFUND,2025-04-05T00:00:00Z,
rcn-01831,RUN-2025-04-05-01,PAYMENT_VS_ORDER,core.orders,ORD-451,core.payments,PAY-0451,MATCHED,5627.57,5627.57,0.0,0,0,LEGITIMATE,TOL-PAYMENT,2025-04-05T00:00:00Z,
rcn-01832,RUN-2025-04-05-01,SETTLEMENT_VS_PAYMENT,core.payments,PAY-0451,core.settlements,SET-0451,MATCHED,2780.51,2780.51,0.0,0,0,LEGITIMATE,TOL-SETTLEMENT,2025-04-05T00:00:00Z,
rcn-01833,RUN-2025-04-05-01,FEE_VS_RATE_CARD,core.payments,PAY-0451,core.gateway_fees,FEE-0451,MATCHED,112.55,112.55,0.0,0,0,LEGITIMATE,TOL-FEE,2025-04-05T00:00:00Z,
rcn-01834,RUN-2025-04-05-01,BANK_VS_SETTLEMENT,core.settlements,SET-0451,core.bank_transactions,BNK-0451,MATCHED,2780.51,2780.51,0.0,0,0,LEGITIMATE,TOL-BANK,2025-04-05T00:00:00Z,
rcn-01835,RUN-2025-04-05-01,REFUND_VS_PAYMENT,core.payments,PAY-0451,core.refunds,REF-0451,MATCHED,2769.64,2769.64,0.0,0,0,LEGITIMATE,TOL-REFUND,2025-04-05T00:00:00Z,
rcn-01836,RUN-2025-04-05-01,PAYMENT_VS_ORDER,core.orders,ORD-452,core.payments,PAY-0452,MATCHED,2895.23,2895.23,0.0,0,0,LEGITIMATE,TOL-PAYMENT,2025-04-05T00:00:00Z,
rcn-01837,RUN-2025-04-05-01,SETTLEMENT_VS_PAYMENT,core.payments,PAY-0452,core.settlements,SET-0452,MATCHED,2826.91,2826.91,0.0,0,0,LEGITIMATE,TOL-SETTLEMENT,2025-04-05T00:00:00Z,
rcn-01838,RUN-2025-04-05-01,FEE_VS_RATE_CARD,core.payments,PAY-0452,core.gateway_fees,FEE-0452,MATCHED,57.9,57.9,0.0,0,0,LEGITIMATE,TOL-FEE,2025-04-05T00:00:00Z,
rcn-01839,RUN-2025-04-05-01,BANK_VS_SETTLEMENT,core.settlements,SET-0452,core.bank_transactions,BNK-0452,MATCHED,2826.91,2826.91,0.0,0,0,LEGITIMATE,TOL-BANK,2025-04-05T00:00:00Z,
rcn-01840,RUN-2025-04-05-01,PAYMENT_VS_ORDER,core.orders,ORD-453,core.payments,PAY-0453,MATCHED,719.53,719.53,0.0,0,0,LEGITIMATE,TOL-PAYMENT,2025-04-05T00:00:00Z,
rcn-01841,RUN-2025-04-05-01,SETTLEMENT_VS_PAYMENT,core.payments,PAY-0453,core.settlements,SET-0453,MATCHED,702.55,702.55,0.0,0,0,LEGITIMATE,TOL-SETTLEMENT,2025-04-05T00:00:00Z,
rcn-01842,RUN-2025-04-05-01,FEE_VS_RATE_CARD,core.payments,PAY-0453,core.gateway_fees,FEE-0453,MATCHED,14.39,14.39,0.0,0,0,LEGITIMATE,TOL-FEE,2025-04-05T00:00:00Z,
rcn-01843,RUN-2025-04-05-01,BANK_VS_SETTLEMENT,core.settlements,SET-0453,core.bank_transactions,BNK-0453,MATCHED,702.55,702.55,0.0,0,0,LEGITIMATE,TOL-BANK,2025-04-05T00:00:00Z,
rcn-01844,RUN-2025-04-05-01,PAYMENT_VS_ORDER,core.orders,ORD-454,core.payments,PAY-0454,MATCHED,1260.67,1260.67,0.0,0,0,LEGITIMATE,TOL-PAYMENT,2025-04-05T00:00:00Z,
rcn-01845,RUN-2025-04-05-01,SETTLEMENT_VS_PAYMENT,core.payments,PAY-0454,core.settlements,SET-0454,MATCHED,1230.92,1230.92,0.0,0,0,LEGITIMATE,TOL-SETTLEMENT,2025-04-05T00:00:00Z,
rcn-01846,RUN-2025-04-05-01,FEE_VS_RATE_CARD,core.payments,PAY-0454,core.gateway_fees,FEE-0454,MATCHED,25.21,25.21,0.0,0,0,LEGITIMATE,TOL-FEE,2025-04-05T00:00:00Z,
rcn-01847,RUN-2025-04-05-01,BANK_VS_SETTLEMENT,core.settlements,SET-0454,core.bank_transactions,BNK-0454,MATCHED,1230.92,1230.92,0.0,0,0,LEGITIMATE,TOL-BANK,2025-04-05T00:00:00Z,
rcn-01848,RUN-2025-04-05-01,PAYMENT_VS_ORDER,core.orders,ORD-455,core.payments,PAY-0455,MATCHED,2836.59,2836.59,0.0,0,0,LEGITIMATE,TOL-PAYMENT,2025-04-05T00:00:00Z,
rcn-01849,RUN-2025-04-05-01,SETTLEMENT_VS_PAYMENT,core.payments,PAY-0455,core.settlements,SET-0455,MATCHED,2769.65,2769.65,0.0,0,0,LEGITIMATE,TOL-SETTLEMENT,2025-04-05T00:00:00Z,
rcn-01850,RUN-2025-04-05-01,FEE_VS_RATE_CARD,core.payments,PAY-0455,core.gateway_fees,FEE-0455,MATCHED,56.73,56.73,0.0,0,0,LEGITIMATE,TOL-FEE,2025-04-05T00:00:00Z,
rcn-01851,RUN-2025-04-05-01,BANK_VS_SETTLEMENT,core.settlements,SET-0455,core.bank_transactions,BNK-0455,MATCHED,2769.65,2769.65,0.0,0,0,LEGITIMATE,TOL-BANK,2025-04-05T00:00:00Z,
rcn-01852,RUN-2025-04-05-01,PAYMENT_VS_ORDER,core.orders,ORD-456,core.payments,PAY-0456,MATCHED,802.33,802.33,0.0,0,0,LEGITIMATE,TOL-PAYMENT,2025-04-05T00:00:00Z,
rcn-01853,RUN-2025-04-05-01,SETTLEMENT_VS_PAYMENT,core.payments,PAY-0456,core.settlements,SET-0456,MATCHED,798.54,798.54,0.0,0,0,LEGITIMATE,TOL-SETTLEMENT,2025-04-05T00:00:00Z,
rcn-01854,RUN-2025-04-05-01,FEE_VS_RATE_CARD,core.payments,PAY-0456,core.gateway_fees,FEE-0456,MATCHED,3.21,3.21,0.0,0,0,LEGITIMATE,TOL-FEE,2025-04-05T00:00:00Z,
rcn-01855,RUN-2025-04-05-01,BANK_VS_SETTLEMENT,core.settlements,SET-0456,core.bank_transactions,BNK-0456,MATCHED,798.54,798.54,0.0,0,0,LEGITIMATE,TOL-BANK,2025-04-05T00:00:00Z,
rcn-01856,RUN-2025-04-05-01,PAYMENT_VS_ORDER,core.orders,ORD-457,core.payments,PAY-0457,MATCHED,557.75,557.75,0.0,0,0,LEGITIMATE,TOL-PAYMENT,2025-04-05T00:00:00Z,
rcn-01857,RUN-2025-04-05-01,SETTLEMENT_VS_PAYMENT,core.payments,PAY-0457,core.settlements,SET-0457,MATCHED,555.12,555.12,0.0,0,0,LEGITIMATE,TOL-SETTLEMENT,2025-04-05T00:00:00Z,
rcn-01858,RUN-2025-04-05-01,FEE_VS_RATE_CARD,core.payments,PAY-0457,core.gateway_fees,FEE-0457,MATCHED,2.23,2.23,0.0,0,0,LEGITIMATE,TOL-FEE,2025-04-05T00:00:00Z,
rcn-01859,RUN-2025-04-05-01,BANK_VS_SETTLEMENT,core.settlements,SET-0457,core.bank_transactions,BNK-0457,MATCHED,555.12,555.12,0.0,0,0,LEGITIMATE,TOL-BANK,2025-04-05T00:00:00Z,
rcn-01860,RUN-2025-04-05-01,PAYMENT_VS_ORDER,core.orders,ORD-458,core.payments,PAY-0458,MATCHED,1142.64,1142.64,0.0,0,0,LEGITIMATE,TOL-PAYMENT,2025-04-05T00:00:00Z,
rcn-01861,RUN-2025-04-05-01,SETTLEMENT_VS_PAYMENT,core.payments,PAY-0458,core.settlements,SET-0458,MISMATCH,1137.25,1091.25,46.0,0,46.0,LEAKAGE,TOL-SETTLEMENT,2025-04-05T00:00:00Z,LEAKAGE on SETTLEMENT_VS_PAYMENT
rcn-01862,RUN-2025-04-05-01,FEE_VS_RATE_CARD,core.payments,PAY-0458,core.gateway_fees,FEE-0458,MATCHED,4.57,4.57,0.0,0,0,LEGITIMATE,TOL-FEE,2025-04-05T00:00:00Z,
rcn-01863,RUN-2025-04-05-01,BANK_VS_SETTLEMENT,core.settlements,SET-0458,core.bank_transactions,BNK-0458,MATCHED,1091.25,1091.25,0.0,0,0,LEGITIMATE,TOL-BANK,2025-04-05T00:00:00Z,
rcn-01864,RUN-2025-04-05-01,PAYMENT_VS_ORDER,core.orders,ORD-459,core.payments,PAY-0459,MATCHED,299.0,299.0,0.0,0,0,LEGITIMATE,TOL-PAYMENT,2025-04-05T00:00:00Z,
rcn-01865,RUN-2025-04-05-01,SETTLEMENT_VS_PAYMENT,core.payments,PAY-0459,core.settlements,SET-0459,MATCHED,290.7,290.7,0.0,0,0,LEGITIMATE,TOL-SETTLEMENT,2025-04-05T00:00:00Z,
rcn-01866,RUN-2025-04-05-01,FEE_VS_RATE_CARD,core.payments,PAY-0459,core.gateway_fees,FEE-0459,MATCHED,7.03,7.03,0.0,0,0,LEGITIMATE,TOL-FEE,2025-04-05T00:00:00Z,
rcn-01867,RUN-2025-04-05-01,BANK_VS_SETTLEMENT,core.settlements,SET-0459,core.bank_transactions,BNK-0459,MATCHED,290.7,290.7,0.0,0,0,LEGITIMATE,TOL-BANK,2025-04-05T00:00:00Z,
rcn-01868,RUN-2025-04-05-01,PAYMENT_VS_ORDER,core.orders,ORD-460,core.payments,PAY-0460,MATCHED,342.17,342.17,0.0,0,0,LEGITIMATE,TOL-PAYMENT,2025-04-05T00:00:00Z,
rcn-01869,RUN-2025-04-05-01,SETTLEMENT_VS_PAYMENT,core.payments,PAY-0460,core.settlements,SET-0460,MISMATCH,328.01,323.33,4.68,0,4.68,LEAKAGE,TOL-SETTLEMENT,2025-04-05T00:00:00Z,LEAKAGE on SETTLEMENT_VS_PAYMENT
rcn-01870,RUN-2025-04-05-01,FEE_VS_RATE_CARD,core.payments,PAY-0460,core.gateway_fees,FEE-0460,MISMATCH,12.0,16.68,-4.68,0,4.68,LEAKAGE,TOL-FEE,2025-04-05T00:00:00Z,LEAKAGE on FEE_VS_RATE_CARD
rcn-01871,RUN-2025-04-05-01,BANK_VS_SETTLEMENT,core.settlements,SET-0460,core.bank_transactions,BNK-0460,MATCHED,323.33,323.33,0.0,0,0,LEGITIMATE,TOL-BANK,2025-04-05T00:00:00Z,
rcn-01872,RUN-2025-04-05-01,PAYMENT_VS_ORDER,core.orders,ORD-461,core.payments,PAY-0461,MATCHED,299.0,299.0,0.0,0,0,LEGITIMATE,TOL-PAYMENT,2025-04-05T00:00:00Z,
rcn-01873,RUN-2025-04-05-01,SETTLEMENT_VS_PAYMENT,core.payments,PAY-0461,core.settlements,,UNMATCHED,291.94,,,0,291.94,LEAKAGE,TOL-SETTLEMENT,2025-04-05T00:00:00Z,LEAKAGE on SETTLEMENT_VS_PAYMENT
rcn-01874,RUN-2025-04-05-01,FEE_VS_RATE_CARD,core.payments,PAY-0461,core.gateway_fees,FEE-0461,MATCHED,5.98,5.98,0.0,0,0,LEGITIMATE,TOL-FEE,2025-04-05T00:00:00Z,
rcn-01875,RUN-2025-04-05-01,PAYMENT_VS_ORDER,core.orders,ORD-462,core.payments,PAY-0462,MATCHED,307.49,307.49,0.0,0,0,LEGITIMATE,TOL-PAYMENT,2025-04-05T00:00:00Z,
rcn-01876,RUN-2025-04-05-01,SETTLEMENT_VS_PAYMENT,core.payments,PAY-0462,core.settlements,SET-0462,MATCHED,300.6,300.6,0.0,0,0,LEGITIMATE,TOL-SETTLEMENT,2025-04-05T00:00:00Z,
rcn-01877,RUN-2025-04-05-01,FEE_VS_RATE_CARD,core.payments,PAY-0462,core.gateway_fees,FEE-0462,MATCHED,5.84,5.84,0.0,0,0,LEGITIMATE,TOL-FEE,2025-04-05T00:00:00Z,
rcn-01878,RUN-2025-04-05-01,BANK_VS_SETTLEMENT,core.settlements,SET-0462,core.bank_transactions,BNK-0462,MATCHED,300.6,300.6,0.0,0,0,LEGITIMATE,TOL-BANK,2025-04-05T00:00:00Z,
rcn-01879,RUN-2025-04-05-01,PAYMENT_VS_ORDER,core.orders,ORD-464,core.payments,PAY-0464,MATCHED,1179.78,1179.78,0.0,0,0,LEGITIMATE,TOL-PAYMENT,2025-04-05T00:00:00Z,
rcn-01880,RUN-2025-04-05-01,SETTLEMENT_VS_PAYMENT,core.payments,PAY-0464,core.settlements,SET-0464,MATCHED,1174.21,1174.21,0.0,0,0,LEGITIMATE,TOL-SETTLEMENT,2025-04-05T00:00:00Z,
rcn-01881,RUN-2025-04-05-01,FEE_VS_RATE_CARD,core.payments,PAY-0464,core.gateway_fees,FEE-0464,MATCHED,4.72,4.72,0.0,0,0,LEGITIMATE,TOL-FEE,2025-04-05T00:00:00Z,
rcn-01882,RUN-2025-04-05-01,BANK_VS_SETTLEMENT,core.settlements,SET-0464,core.bank_transactions,BNK-0464,MATCHED,1174.21,1174.21,0.0,0,0,LEGITIMATE,TOL-BANK,2025-04-05T00:00:00Z,
rcn-01883,RUN-2025-04-05-01,PAYMENT_VS_ORDER,core.orders,ORD-465,core.payments,PAY-0465,MATCHED,11536.67,11536.67,0.0,0,0,LEGITIMATE,TOL-PAYMENT,2025-04-05T00:00:00Z,
rcn-01884,RUN-2025-04-05-01,SETTLEMENT_VS_PAYMENT,core.payments,PAY-0465,core.settlements,SET-0465,MISMATCH,7298.05,7281.24,16.81,0,16.81,LEAKAGE,TOL-SETTLEMENT,2025-04-05T00:00:00Z,LEAKAGE on SETTLEMENT_VS_PAYMENT
rcn-01885,RUN-2025-04-05-01,FEE_VS_RATE_CARD,core.payments,PAY-0465,core.gateway_fees,FEE-0465,MATCHED,46.15,46.15,0.0,0,0,LEGITIMATE,TOL-FEE,2025-04-05T00:00:00Z,
rcn-01886,RUN-2025-04-05-01,BANK_VS_SETTLEMENT,core.settlements,SET-0465,core.bank_transactions,BNK-0465,MATCHED,7281.24,7281.24,0.0,0,0,LEGITIMATE,TOL-BANK,2025-04-05T00:00:00Z,
rcn-01887,RUN-2025-04-05-01,REFUND_VS_PAYMENT,core.payments,PAY-0465,core.refunds,REF-0465,MATCHED,4200.97,4200.97,0.0,0,0,LEGITIMATE,TOL-REFUND,2025-04-05T00:00:00Z,
rcn-01888,RUN-2025-04-05-01,PAYMENT_VS_ORDER,core.orders,ORD-466,core.payments,PAY-0466,MATCHED,321.29,321.29,0.0,0,0,LEGITIMATE,TOL-PAYMENT,2025-04-05T00:00:00Z,
rcn-01889,RUN-2025-04-05-01,SETTLEMENT_VS_PAYMENT,core.payments,PAY-0466,core.settlements,SET-0466,MATCHED,313.7,313.7,0.0,0,0,LEGITIMATE,TOL-SETTLEMENT,2025-04-05T00:00:00Z,
rcn-01890,RUN-2025-04-05-01,FEE_VS_RATE_CARD,core.payments,PAY-0466,core.gateway_fees,FEE-0466,MATCHED,6.43,6.43,0.0,0,0,LEGITIMATE,TOL-FEE,2025-04-05T00:00:00Z,
rcn-01891,RUN-2025-04-05-01,BANK_VS_SETTLEMENT,core.settlements,SET-0466,core.bank_transactions,BNK-0466,MATCHED,313.7,313.7,0.0,0,0,LEGITIMATE,TOL-BANK,2025-04-05T00:00:00Z,
rcn-01892,RUN-2025-04-05-01,PAYMENT_VS_ORDER,core.orders,ORD-467,core.payments,PAY-0467,MATCHED,695.93,695.93,0.0,0,0,LEGITIMATE,TOL-PAYMENT,2025-04-05T00:00:00Z,
rcn-01893,RUN-2025-04-05-01,SETTLEMENT_VS_PAYMENT,core.payments,PAY-0467,core.settlements,SET-0467,MATCHED,679.5,679.5,0.0,0,0,LEGITIMATE,TOL-SETTLEMENT,2025-04-05T00:00:00Z,
rcn-01894,RUN-2025-04-05-01,FEE_VS_RATE_CARD,core.payments,PAY-0467,core.gateway_fees,FEE-0467,MATCHED,13.92,13.92,0.0,0,0,LEGITIMATE,TOL-FEE,2025-04-05T00:00:00Z,
rcn-01895,RUN-2025-04-05-01,BANK_VS_SETTLEMENT,core.settlements,SET-0467,core.bank_transactions,BNK-0467,MATCHED,679.5,679.5,0.0,0,0,LEGITIMATE,TOL-BANK,2025-04-05T00:00:00Z,
rcn-01896,RUN-2025-04-05-01,PAYMENT_VS_ORDER,core.orders,ORD-468,core.payments,PAY-0468,MATCHED,1578.19,1578.19,0.0,0,0,LEGITIMATE,TOL-PAYMENT,2025-04-05T00:00:00Z,
rcn-01897,RUN-2025-04-05-01,SETTLEMENT_VS_PAYMENT,core.payments,PAY-0468,core.settlements,SET-0468,MISMATCH,1540.95,1523.85,17.1,0,17.1,LEAKAGE,TOL-SETTLEMENT,2025-04-05T00:00:00Z,LEAKAGE on SETTLEMENT_VS_PAYMENT
rcn-01898,RUN-2025-04-05-01,FEE_VS_RATE_CARD,core.payments,PAY-0468,core.gateway_fees,FEE-0468,MISMATCH,31.56,48.66,-17.1,0,17.1,LEAKAGE,TOL-FEE,2025-04-05T00:00:00Z,LEAKAGE on FEE_VS_RATE_CARD
rcn-01899,RUN-2025-04-05-01,BANK_VS_SETTLEMENT,core.settlements,SET-0468,core.bank_transactions,BNK-0468,MATCHED,1523.85,1523.85,0.0,0,0,LEGITIMATE,TOL-BANK,2025-04-05T00:00:00Z,
rcn-01900,RUN-2025-04-05-01,PAYMENT_VS_ORDER,core.orders,ORD-469,core.payments,PAY-0469,MATCHED,671.9,671.9,0.0,0,0,LEGITIMATE,TOL-PAYMENT,2025-04-05T00:00:00Z,
rcn-01901,RUN-2025-04-05-01,SETTLEMENT_VS_PAYMENT,core.payments,PAY-0469,core.settlements,SET-0469,MISMATCH,656.83,638.65,18.18,0,18.18,LEAKAGE,TOL-SETTLEMENT,2025-04-05T00:00:00Z,LEAKAGE on SETTLEMENT_VS_PAYMENT
rcn-01902,RUN-2025-04-05-01,FEE_VS_RATE_CARD,core.payments,PAY-0469,core.gateway_fees,FEE-0469,MATCHED,12.77,12.77,0.0,0,0,LEGITIMATE,TOL-FEE,2025-04-05T00:00:00Z,
rcn-01903,RUN-2025-04-05-01,BANK_VS_SETTLEMENT,core.settlements,SET-0469,core.bank_transactions,BNK-0469,MATCHED,638.65,638.65,0.0,0,0,LEGITIMATE,TOL-BANK,2025-04-05T00:00:00Z,
rcn-01904,RUN-2025-04-05-01,PAYMENT_VS_ORDER,core.orders,ORD-470,core.payments,PAY-0470,MATCHED,299.0,299.0,0.0,0,0,LEGITIMATE,TOL-PAYMENT,2025-04-05T00:00:00Z,
rcn-01905,RUN-2025-04-05-01,SETTLEMENT_VS_PAYMENT,core.payments,PAY-0470,core.settlements,SET-0470,MATCHED,297.58,297.58,0.0,0,0,LEGITIMATE,TOL-SETTLEMENT,2025-04-05T00:00:00Z,
rcn-01906,RUN-2025-04-05-01,FEE_VS_RATE_CARD,core.payments,PAY-0470,core.gateway_fees,FEE-0470,MATCHED,1.2,1.2,0.0,0,0,LEGITIMATE,TOL-FEE,2025-04-05T00:00:00Z,
rcn-01907,RUN-2025-04-05-01,BANK_VS_SETTLEMENT,core.settlements,SET-0470,core.bank_transactions,BNK-0470,MATCHED,297.58,297.58,0.0,0,0,LEGITIMATE,TOL-BANK,2025-04-05T00:00:00Z,
rcn-01908,RUN-2025-04-05-01,PAYMENT_VS_ORDER,core.orders,ORD-471,core.payments,PAY-0471,MATCHED,1353.85,1353.85,0.0,0,0,LEGITIMATE,TOL-PAYMENT,2025-04-05T00:00:00Z,
rcn-01909,RUN-2025-04-05-01,SETTLEMENT_VS_PAYMENT,core.payments,PAY-0471,core.settlements,SET-0471,MISMATCH,1321.9,1311.59,10.31,0,10.31,LEAKAGE,TOL-SETTLEMENT,2025-04-05T00:00:00Z,LEAKAGE on SETTLEMENT_VS_PAYMENT
rcn-01910,RUN-2025-04-05-01,FEE_VS_RATE_CARD,core.payments,PAY-0471,core.gateway_fees,FEE-0471,MISMATCH,27.08,37.39,-10.31,0,10.31,LEAKAGE,TOL-FEE,2025-04-05T00:00:00Z,LEAKAGE on FEE_VS_RATE_CARD
rcn-01911,RUN-2025-04-05-01,BANK_VS_SETTLEMENT,core.settlements,SET-0471,core.bank_transactions,BNK-0471,MATCHED,1311.59,1311.59,0.0,0,0,LEGITIMATE,TOL-BANK,2025-04-05T00:00:00Z,
rcn-01912,RUN-2025-04-05-01,PAYMENT_VS_ORDER,core.orders,ORD-472,core.payments,PAY-0472,MATCHED,6685.2,6685.2,0.0,0,0,LEGITIMATE,TOL-PAYMENT,2025-04-05T00:00:00Z,
rcn-01913,RUN-2025-04-05-01,SETTLEMENT_VS_PAYMENT,core.payments,PAY-0472,core.settlements,SET-0472,MATCHED,6671.04,6671.04,0.0,0,0,LEGITIMATE,TOL-SETTLEMENT,2025-04-05T00:00:00Z,
rcn-01914,RUN-2025-04-05-01,FEE_VS_RATE_CARD,core.payments,PAY-0472,core.gateway_fees,FEE-0472,MATCHED,12.0,12.0,0.0,0,0,LEGITIMATE,TOL-FEE,2025-04-05T00:00:00Z,
rcn-01915,RUN-2025-04-05-01,BANK_VS_SETTLEMENT,core.settlements,SET-0472,core.bank_transactions,BNK-0472,MATCHED,6671.04,6671.04,0.0,0,0,LEGITIMATE,TOL-BANK,2025-04-05T00:00:00Z,
rcn-01916,RUN-2025-04-05-01,PAYMENT_VS_ORDER,core.orders,ORD-473,core.payments,PAY-0473,MATCHED,497.77,497.77,0.0,0,0,LEGITIMATE,TOL-PAYMENT,2025-04-05T00:00:00Z,
rcn-01917,RUN-2025-04-05-01,SETTLEMENT_VS_PAYMENT,core.payments,PAY-0473,core.settlements,SET-0473,MATCHED,486.02,486.02,0.0,0,0,LEGITIMATE,TOL-SETTLEMENT,2025-04-05T00:00:00Z,
rcn-01918,RUN-2025-04-05-01,FEE_VS_RATE_CARD,core.payments,PAY-0473,core.gateway_fees,FEE-0473,MATCHED,9.96,9.96,0.0,0,0,LEGITIMATE,TOL-FEE,2025-04-05T00:00:00Z,
rcn-01919,RUN-2025-04-05-01,BANK_VS_SETTLEMENT,core.settlements,SET-0473,core.bank_transactions,BNK-0473,MATCHED,486.02,486.02,0.0,0,0,LEGITIMATE,TOL-BANK,2025-04-05T00:00:00Z,
rcn-01920,RUN-2025-04-05-01,PAYMENT_VS_ORDER,core.orders,ORD-474,core.payments,PAY-0474,MATCHED,2562.15,2562.15,0.0,0,0,LEGITIMATE,TOL-PAYMENT,2025-04-05T00:00:00Z,
rcn-01921,RUN-2025-04-05-01,SETTLEMENT_VS_PAYMENT,core.payments,PAY-0474,core.settlements,SET-0474,MATCHED,1618.4,1618.4,0.0,0,0,LEGITIMATE,TOL-SETTLEMENT,2025-04-05T00:00:00Z,
rcn-01922,RUN-2025-04-05-01,FEE_VS_RATE_CARD,core.payments,PAY-0474,core.gateway_fees,FEE-0474,MATCHED,51.24,51.24,0.0,0,0,LEGITIMATE,TOL-FEE,2025-04-05T00:00:00Z,
rcn-01923,RUN-2025-04-05-01,BANK_VS_SETTLEMENT,core.settlements,SET-0474,core.bank_transactions,BNK-0474,MATCHED,1618.4,1618.4,0.0,0,0,LEGITIMATE,TOL-BANK,2025-04-05T00:00:00Z,
rcn-01924,RUN-2025-04-05-01,REFUND_VS_PAYMENT,core.payments,PAY-0474,core.refunds,REF-0474,MATCHED,901.32,901.32,0.0,0,0,LEGITIMATE,TOL-REFUND,2025-04-05T00:00:00Z,
rcn-01925,RUN-2025-04-05-01,PAYMENT_VS_ORDER,core.orders,ORD-475,core.payments,PAY-0475,MATCHED,299.0,299.0,0.0,0,0,LEGITIMATE,TOL-PAYMENT,2025-04-05T00:00:00Z,
rcn-01926,RUN-2025-04-05-01,SETTLEMENT_VS_PAYMENT,core.payments,PAY-0475,core.settlements,SET-0475,MATCHED,297.58,297.58,0.0,0,0,LEGITIMATE,TOL-SETTLEMENT,2025-04-05T00:00:00Z,
rcn-01927,RUN-2025-04-05-01,FEE_VS_RATE_CARD,core.payments,PAY-0475,core.gateway_fees,FEE-0475,MATCHED,1.2,1.2,0.0,0,0,LEGITIMATE,TOL-FEE,2025-04-05T00:00:00Z,
rcn-01928,RUN-2025-04-05-01,BANK_VS_SETTLEMENT,core.settlements,SET-0475,core.bank_transactions,BNK-0475,MATCHED,297.58,297.58,0.0,0,0,LEGITIMATE,TOL-BANK,2025-04-05T00:00:00Z,
rcn-01929,RUN-2025-04-05-01,PAYMENT_VS_ORDER,core.orders,ORD-476,core.payments,PAY-0476,MATCHED,1691.84,1691.84,0.0,0,0,LEGITIMATE,TOL-PAYMENT,2025-04-05T00:00:00Z,
rcn-01930,RUN-2025-04-05-01,SETTLEMENT_VS_PAYMENT,core.payments,PAY-0476,core.settlements,SET-0476,MISMATCH,1653.91,1615.98,37.93,0,37.93,LEAKAGE,TOL-SETTLEMENT,2025-04-05T00:00:00Z,LEAKAGE on SETTLEMENT_VS_PAYMENT
rcn-01931,RUN-2025-04-05-01,FEE_VS_RATE_CARD,core.payments,PAY-0476,core.gateway_fees,FEE-0476,MISMATCH,32.14,64.28,-32.14,0,32.14,LEAKAGE,TOL-FEE,2025-04-05T00:00:00Z,LEAKAGE on FEE_VS_RATE_CARD
rcn-01932,RUN-2025-04-05-01,BANK_VS_SETTLEMENT,core.settlements,SET-0476,core.bank_transactions,BNK-0476,MATCHED,1615.98,1615.98,0.0,0,0,LEGITIMATE,TOL-BANK,2025-04-05T00:00:00Z,
rcn-01933,RUN-2025-04-05-01,PAYMENT_VS_ORDER,core.orders,ORD-477,core.payments,PAY-0477,MATCHED,1399.32,1399.32,0.0,0,0,LEGITIMATE,TOL-PAYMENT,2025-04-05T00:00:00Z,
rcn-01934,RUN-2025-04-05-01,SETTLEMENT_VS_PAYMENT,core.payments,PAY-0477,core.settlements,SET-0477,MATCHED,1366.29,1366.29,0.0,0,0,LEGITIMATE,TOL-SETTLEMENT,2025-04-05T00:00:00Z,
rcn-01935,RUN-2025-04-05-01,FEE_VS_RATE_CARD,core.payments,PAY-0477,core.gateway_fees,FEE-0477,MATCHED,27.99,27.99,0.0,0,0,LEGITIMATE,TOL-FEE,2025-04-05T00:00:00Z,
rcn-01936,RUN-2025-04-05-01,BANK_VS_SETTLEMENT,core.settlements,SET-0477,core.bank_transactions,BNK-0477,MATCHED,1366.29,1366.29,0.0,0,0,LEGITIMATE,TOL-BANK,2025-04-05T00:00:00Z,
rcn-01937,RUN-2025-04-05-01,PAYMENT_VS_ORDER,core.orders,ORD-478,core.payments,PAY-0478,MATCHED,2089.38,2089.38,0.0,0,0,LEGITIMATE,TOL-PAYMENT,2025-04-05T00:00:00Z,
rcn-01938,RUN-2025-04-05-01,SETTLEMENT_VS_PAYMENT,core.payments,PAY-0478,core.settlements,SET-0478,MATCHED,2040.07,2040.07,0.0,0,0,LEGITIMATE,TOL-SETTLEMENT,2025-04-05T00:00:00Z,
rcn-01939,RUN-2025-04-05-01,FEE_VS_RATE_CARD,core.payments,PAY-0478,core.gateway_fees,FEE-0478,MATCHED,41.79,41.79,0.0,0,0,LEGITIMATE,TOL-FEE,2025-04-05T00:00:00Z,
rcn-01940,RUN-2025-04-05-01,BANK_VS_SETTLEMENT,core.settlements,SET-0478,core.bank_transactions,BNK-0478,MATCHED,2040.07,2040.07,0.0,0,0,LEGITIMATE,TOL-BANK,2025-04-05T00:00:00Z,
rcn-01941,RUN-2025-04-05-01,PAYMENT_VS_ORDER,core.orders,ORD-479,core.payments,PAY-0479,MATCHED,543.84,543.84,0.0,0,0,LEGITIMATE,TOL-PAYMENT,2025-04-05T00:00:00Z,
rcn-01942,RUN-2025-04-05-01,SETTLEMENT_VS_PAYMENT,core.payments,PAY-0479,core.settlements,SET-0479,MATCHED,324.75,324.75,0.0,0,0,LEGITIMATE,TOL-SETTLEMENT,2025-04-05T00:00:00Z,
rcn-01943,RUN-2025-04-05-01,FEE_VS_RATE_CARD,core.payments,PAY-0479,core.gateway_fees,FEE-0479,MATCHED,1.31,1.31,0.0,0,0,LEGITIMATE,TOL-FEE,2025-04-05T00:00:00Z,
rcn-01944,RUN-2025-04-05-01,BANK_VS_SETTLEMENT,core.settlements,SET-0479,core.bank_transactions,BNK-0479,MATCHED,324.75,324.75,0.0,0,0,LEGITIMATE,TOL-BANK,2025-04-05T00:00:00Z,
rcn-01945,RUN-2025-04-05-01,SETTLEMENT_VS_PAYMENT,core.payments,PAY-0479-2,core.settlements,SET-0479-2,MATCHED,216.51,216.51,0.0,0,0,LEGITIMATE,TOL-SETTLEMENT,2025-04-05T00:00:00Z,
rcn-01946,RUN-2025-04-05-01,FEE_VS_RATE_CARD,core.payments,PAY-0479-2,core.gateway_fees,FEE-0479-2,MATCHED,0.87,0.87,0.0,0,0,LEGITIMATE,TOL-FEE,2025-04-05T00:00:00Z,
rcn-01947,RUN-2025-04-05-01,BANK_VS_SETTLEMENT,core.settlements,SET-0479-2,core.bank_transactions,BNK-0479-2,MATCHED,216.51,216.51,0.0,0,0,LEGITIMATE,TOL-BANK,2025-04-05T00:00:00Z,
rcn-01948,RUN-2025-04-05-01,PAYMENT_VS_ORDER,core.orders,ORD-480,core.payments,PAY-0480,MATCHED,2053.15,2053.15,0.0,0,0,LEGITIMATE,TOL-PAYMENT,2025-04-05T00:00:00Z,
rcn-01949,RUN-2025-04-05-01,SETTLEMENT_VS_PAYMENT,core.payments,PAY-0480,core.settlements,SET-0480,MATCHED,1996.21,1996.21,0.0,0,0,LEGITIMATE,TOL-SETTLEMENT,2025-04-05T00:00:00Z,
rcn-01950,RUN-2025-04-05-01,FEE_VS_RATE_CARD,core.payments,PAY-0480,core.gateway_fees,FEE-0480,MATCHED,48.25,48.25,0.0,0,0,LEGITIMATE,TOL-FEE,2025-04-05T00:00:00Z,
rcn-01951,RUN-2025-04-05-01,BANK_VS_SETTLEMENT,core.settlements,SET-0480,core.bank_transactions,BNK-0480,MATCHED,1996.21,1996.21,0.0,0,0,LEGITIMATE,TOL-BANK,2025-04-05T00:00:00Z,
rcn-01952,RUN-2025-04-05-01,PAYMENT_VS_ORDER,core.orders,ORD-481,core.payments,PAY-0481,MATCHED,2426.76,2426.76,0.0,0,0,LEGITIMATE,TOL-PAYMENT,2025-04-05T00:00:00Z,
rcn-01953,RUN-2025-04-05-01,SETTLEMENT_VS_PAYMENT,core.payments,PAY-0481,core.settlements,SET-0481,MATCHED,2415.3,2415.3,0.0,0,0,LEGITIMATE,TOL-SETTLEMENT,2025-04-05T00:00:00Z,
rcn-01954,RUN-2025-04-05-01,FEE_VS_RATE_CARD,core.payments,PAY-0481,core.gateway_fees,FEE-0481,MATCHED,9.71,9.71,0.0,0,0,LEGITIMATE,TOL-FEE,2025-04-05T00:00:00Z,
rcn-01955,RUN-2025-04-05-01,BANK_VS_SETTLEMENT,core.settlements,SET-0481,core.bank_transactions,BNK-0481,MATCHED,2415.3,2415.3,0.0,0,0,LEGITIMATE,TOL-BANK,2025-04-05T00:00:00Z,
rcn-01956,RUN-2025-04-05-01,PAYMENT_VS_ORDER,core.orders,ORD-482,core.payments,PAY-0482,MATCHED,3546.43,3546.43,0.0,0,0,LEGITIMATE,TOL-PAYMENT,2025-04-05T00:00:00Z,
rcn-01957,RUN-2025-04-05-01,SETTLEMENT_VS_PAYMENT,core.payments,PAY-0482,core.settlements,SET-0482,MATCHED,3462.73,3462.73,0.0,0,0,LEGITIMATE,TOL-SETTLEMENT,2025-04-05T00:00:00Z,
rcn-01958,RUN-2025-04-05-01,FEE_VS_RATE_CARD,core.payments,PAY-0482,core.gateway_fees,FEE-0482,MATCHED,70.93,70.93,0.0,0,0,LEGITIMATE,TOL-FEE,2025-04-05T00:00:00Z,
rcn-01959,RUN-2025-04-05-01,BANK_VS_SETTLEMENT,core.settlements,SET-0482,core.bank_transactions,BNK-0482,MATCHED,3462.73,3462.73,0.0,0,0,LEGITIMATE,TOL-BANK,2025-04-05T00:00:00Z,
rcn-01960,RUN-2025-04-05-01,PAYMENT_VS_ORDER,core.orders,ORD-483,core.payments,PAY-0483,MATCHED,2898.95,2898.95,0.0,0,0,LEGITIMATE,TOL-PAYMENT,2025-04-05T00:00:00Z,
rcn-01961,RUN-2025-04-05-01,SETTLEMENT_VS_PAYMENT,core.payments,PAY-0483,core.settlements,SET-0483,MATCHED,2208.76,2208.76,0.0,0,0,LEGITIMATE,TOL-SETTLEMENT,2025-04-05T00:00:00Z,
rcn-01962,RUN-2025-04-05-01,FEE_VS_RATE_CARD,core.payments,PAY-0483,core.gateway_fees,FEE-0483,MATCHED,11.6,11.6,0.0,0,0,LEGITIMATE,TOL-FEE,2025-04-05T00:00:00Z,
rcn-01963,RUN-2025-04-05-01,BANK_VS_SETTLEMENT,core.settlements,SET-0483,core.bank_transactions,BNK-0483,MATCHED,2208.76,2208.76,0.0,0,0,LEGITIMATE,TOL-BANK,2025-04-05T00:00:00Z,
rcn-01964,RUN-2025-04-05-01,REFUND_VS_PAYMENT,core.payments,PAY-0483,core.refunds,REF-0483,MATCHED,679.22,679.22,0.0,0,0,LEGITIMATE,TOL-REFUND,2025-04-05T00:00:00Z,
rcn-01965,RUN-2025-04-05-01,PAYMENT_VS_ORDER,core.orders,ORD-484,core.payments,PAY-0484,MATCHED,1444.59,1444.59,0.0,0,0,LEGITIMATE,TOL-PAYMENT,2025-04-05T00:00:00Z,
rcn-01966,RUN-2025-04-05-01,SETTLEMENT_VS_PAYMENT,core.payments,PAY-0484,core.settlements,SET-0484,MATCHED,1404.53,1404.53,0.0,0,0,LEGITIMATE,TOL-SETTLEMENT,2025-04-05T00:00:00Z,
rcn-01967,RUN-2025-04-05-01,FEE_VS_RATE_CARD,core.payments,PAY-0484,core.gateway_fees,FEE-0484,MATCHED,33.95,33.95,0.0,0,0,LEGITIMATE,TOL-FEE,2025-04-05T00:00:00Z,
rcn-01968,RUN-2025-04-05-01,BANK_VS_SETTLEMENT,core.settlements,SET-0484,core.bank_transactions,BNK-0484,MATCHED,1404.53,1404.53,0.0,0,0,LEGITIMATE,TOL-BANK,2025-04-05T00:00:00Z,
rcn-01969,RUN-2025-04-05-01,PAYMENT_VS_ORDER,core.orders,ORD-485,core.payments,PAY-0485,MATCHED,731.77,731.77,0.0,0,0,LEGITIMATE,TOL-PAYMENT,2025-04-05T00:00:00Z,
rcn-01970,RUN-2025-04-05-01,SETTLEMENT_VS_PAYMENT,core.payments,PAY-0485,core.settlements,SET-0485,MATCHED,714.49,714.49,0.0,0,0,LEGITIMATE,TOL-SETTLEMENT,2025-04-05T00:00:00Z,
rcn-01971,RUN-2025-04-05-01,FEE_VS_RATE_CARD,core.payments,PAY-0485,core.gateway_fees,FEE-0485,MATCHED,14.64,14.64,0.0,0,0,LEGITIMATE,TOL-FEE,2025-04-05T00:00:00Z,
rcn-01972,RUN-2025-04-05-01,BANK_VS_SETTLEMENT,core.settlements,SET-0485,core.bank_transactions,BNK-0485,MATCHED,714.49,714.49,0.0,0,0,LEGITIMATE,TOL-BANK,2025-04-05T00:00:00Z,
rcn-01973,RUN-2025-04-05-01,PAYMENT_VS_ORDER,core.orders,ORD-486,core.payments,PAY-0486,MATCHED,343.82,343.82,0.0,0,0,LEGITIMATE,TOL-PAYMENT,2025-04-05T00:00:00Z,
rcn-01974,RUN-2025-04-05-01,SETTLEMENT_VS_PAYMENT,core.payments,PAY-0486,core.settlements,SET-0486,MATCHED,335.7,335.7,0.0,0,0,LEGITIMATE,TOL-SETTLEMENT,2025-04-05T00:00:00Z,
rcn-01975,RUN-2025-04-05-01,FEE_VS_RATE_CARD,core.payments,PAY-0486,core.gateway_fees,FEE-0486,MATCHED,6.88,6.88,0.0,0,0,LEGITIMATE,TOL-FEE,2025-04-05T00:00:00Z,
rcn-01976,RUN-2025-04-05-01,BANK_VS_SETTLEMENT,core.settlements,SET-0486,core.bank_transactions,BNK-0486,MATCHED,335.7,335.7,0.0,0,0,LEGITIMATE,TOL-BANK,2025-04-05T00:00:00Z,
rcn-01977,RUN-2025-04-05-01,PAYMENT_VS_ORDER,core.orders,ORD-487,core.payments,PAY-0487,MATCHED,4293.26,4293.26,0.0,0,0,LEGITIMATE,TOL-PAYMENT,2025-04-05T00:00:00Z,
rcn-01978,RUN-2025-04-05-01,SETTLEMENT_VS_PAYMENT,core.payments,PAY-0487,core.settlements,SET-0487,MATCHED,4279.1,4279.1,0.0,0,0,LEGITIMATE,TOL-SETTLEMENT,2025-04-05T00:00:00Z,
rcn-01979,RUN-2025-04-05-01,FEE_VS_RATE_CARD,core.payments,PAY-0487,core.gateway_fees,FEE-0487,MATCHED,12.0,12.0,0.0,0,0,LEGITIMATE,TOL-FEE,2025-04-05T00:00:00Z,
rcn-01980,RUN-2025-04-05-01,BANK_VS_SETTLEMENT,core.settlements,SET-0487,core.bank_transactions,BNK-0487,MATCHED,4279.1,4279.1,0.0,0,0,LEGITIMATE,TOL-BANK,2025-04-05T00:00:00Z,
rcn-01981,RUN-2025-04-05-01,PAYMENT_VS_ORDER,core.orders,ORD-488,core.payments,PAY-0488,MATCHED,522.05,522.05,0.0,0,0,LEGITIMATE,TOL-PAYMENT,2025-04-05T00:00:00Z,
rcn-01982,RUN-2025-04-05-01,SETTLEMENT_VS_PAYMENT,core.payments,PAY-0488,core.settlements,SET-0488,MATCHED,509.73,509.73,0.0,0,0,LEGITIMATE,TOL-SETTLEMENT,2025-04-05T00:00:00Z,
rcn-01983,RUN-2025-04-05-01,FEE_VS_RATE_CARD,core.payments,PAY-0488,core.gateway_fees,FEE-0488,MATCHED,10.44,10.44,0.0,0,0,LEGITIMATE,TOL-FEE,2025-04-05T00:00:00Z,
rcn-01984,RUN-2025-04-05-01,BANK_VS_SETTLEMENT,core.settlements,SET-0488,core.bank_transactions,BNK-0488,MATCHED,509.73,509.73,0.0,0,0,LEGITIMATE,TOL-BANK,2025-04-05T00:00:00Z,
rcn-01985,RUN-2025-04-05-01,PAYMENT_VS_ORDER,core.orders,ORD-489,core.payments,PAY-0489,MATCHED,410.54,410.54,0.0,0,0,LEGITIMATE,TOL-PAYMENT,2025-04-05T00:00:00Z,
rcn-01986,RUN-2025-04-05-01,SETTLEMENT_VS_PAYMENT,core.payments,PAY-0489,core.settlements,SET-0489,MATCHED,408.6,408.6,0.0,0,0,LEGITIMATE,TOL-SETTLEMENT,2025-04-05T00:00:00Z,
rcn-01987,RUN-2025-04-05-01,FEE_VS_RATE_CARD,core.payments,PAY-0489,core.gateway_fees,FEE-0489,MATCHED,1.64,1.64,0.0,0,0,LEGITIMATE,TOL-FEE,2025-04-05T00:00:00Z,
rcn-01988,RUN-2025-04-05-01,BANK_VS_SETTLEMENT,core.settlements,SET-0489,core.bank_transactions,BNK-0489,MATCHED,408.6,408.6,0.0,0,0,LEGITIMATE,TOL-BANK,2025-04-05T00:00:00Z,
rcn-01989,RUN-2025-04-05-01,PAYMENT_VS_ORDER,core.orders,ORD-490,core.payments,PAY-0490,MATCHED,1197.87,1197.87,0.0,0,0,LEGITIMATE,TOL-PAYMENT,2025-04-05T00:00:00Z,
rcn-01990,RUN-2025-04-05-01,SETTLEMENT_VS_PAYMENT,core.payments,PAY-0490,core.settlements,,UNMATCHED,1183.71,,,0,1183.71,LEAKAGE,TOL-SETTLEMENT,2025-04-05T00:00:00Z,LEAKAGE on SETTLEMENT_VS_PAYMENT
rcn-01991,RUN-2025-04-05-01,FEE_VS_RATE_CARD,core.payments,PAY-0490,core.gateway_fees,FEE-0490,MATCHED,12.0,12.0,0.0,0,0,LEGITIMATE,TOL-FEE,2025-04-05T00:00:00Z,
rcn-01992,RUN-2025-04-05-01,PAYMENT_VS_ORDER,core.orders,ORD-491,core.payments,PAY-0491,MATCHED,545.21,545.21,0.0,0,0,LEGITIMATE,TOL-PAYMENT,2025-04-05T00:00:00Z,
rcn-01993,RUN-2025-04-05-01,SETTLEMENT_VS_PAYMENT,core.payments,PAY-0491,core.settlements,SET-0491,MATCHED,542.64,542.64,0.0,0,0,LEGITIMATE,TOL-SETTLEMENT,2025-04-05T00:00:00Z,
rcn-01994,RUN-2025-04-05-01,FEE_VS_RATE_CARD,core.payments,PAY-0491,core.gateway_fees,FEE-0491,MATCHED,2.18,2.18,0.0,0,0,LEGITIMATE,TOL-FEE,2025-04-05T00:00:00Z,
rcn-01995,RUN-2025-04-05-01,BANK_VS_SETTLEMENT,core.settlements,SET-0491,core.bank_transactions,BNK-0491,MATCHED,542.64,542.64,0.0,0,0,LEGITIMATE,TOL-BANK,2025-04-05T00:00:00Z,
rcn-01996,RUN-2025-04-05-01,PAYMENT_VS_ORDER,core.orders,ORD-492,core.payments,PAY-0492,MATCHED,1964.1,1964.1,0.0,0,0,LEGITIMATE,TOL-PAYMENT,2025-04-05T00:00:00Z,
rcn-01997,RUN-2025-04-05-01,SETTLEMENT_VS_PAYMENT,core.payments,PAY-0492,core.settlements,SET-0492,MATCHED,1949.94,1949.94,0.0,0,0,LEGITIMATE,TOL-SETTLEMENT,2025-04-05T00:00:00Z,
rcn-01998,RUN-2025-04-05-01,FEE_VS_RATE_CARD,core.payments,PAY-0492,core.gateway_fees,FEE-0492,MATCHED,12.0,12.0,0.0,0,0,LEGITIMATE,TOL-FEE,2025-04-05T00:00:00Z,
rcn-01999,RUN-2025-04-05-01,BANK_VS_SETTLEMENT,core.settlements,SET-0492,core.bank_transactions,BNK-0492,MATCHED,1949.94,1949.94,0.0,0,0,LEGITIMATE,TOL-BANK,2025-04-05T00:00:00Z,
rcn-02000,RUN-2025-04-05-01,PAYMENT_VS_ORDER,core.orders,ORD-493,core.payments,PAY-0493,MATCHED,577.61,577.61,0.0,0,0,LEGITIMATE,TOL-PAYMENT,2025-04-05T00:00:00Z,
rcn-02001,RUN-2025-04-05-01,SETTLEMENT_VS_PAYMENT,core.payments,PAY-0493,core.settlements,SET-0493,MISMATCH,574.88,555.53,19.35,0,19.35,LEAKAGE,TOL-SETTLEMENT,2025-04-05T00:00:00Z,LEAKAGE on SETTLEMENT_VS_PAYMENT
rcn-02002,RUN-2025-04-05-01,FEE_VS_RATE_CARD,core.payments,PAY-0493,core.gateway_fees,FEE-0493,MATCHED,2.31,2.31,0.0,0,0,LEGITIMATE,TOL-FEE,2025-04-05T00:00:00Z,
rcn-02003,RUN-2025-04-05-01,BANK_VS_SETTLEMENT,core.settlements,SET-0493,core.bank_transactions,BNK-0493,MATCHED,555.53,555.53,0.0,0,0,LEGITIMATE,TOL-BANK,2025-04-05T00:00:00Z,
rcn-02004,RUN-2025-04-05-01,PAYMENT_VS_ORDER,core.orders,ORD-494,core.payments,PAY-0494,MATCHED,729.35,729.35,0.0,0,0,LEGITIMATE,TOL-PAYMENT,2025-04-05T00:00:00Z,
rcn-02005,RUN-2025-04-05-01,SETTLEMENT_VS_PAYMENT,core.payments,PAY-0494,core.settlements,SET-0494,MATCHED,715.19,715.19,0.0,0,0,LEGITIMATE,TOL-SETTLEMENT,2025-04-05T00:00:00Z,
rcn-02006,RUN-2025-04-05-01,FEE_VS_RATE_CARD,core.payments,PAY-0494,core.gateway_fees,FEE-0494,MATCHED,12.0,12.0,0.0,0,0,LEGITIMATE,TOL-FEE,2025-04-05T00:00:00Z,
rcn-02007,RUN-2025-04-05-01,BANK_VS_SETTLEMENT,core.settlements,SET-0494,core.bank_transactions,BNK-0494,MATCHED,715.19,715.19,0.0,0,0,LEGITIMATE,TOL-BANK,2025-04-05T00:00:00Z,
rcn-02008,RUN-2025-04-05-01,PAYMENT_VS_ORDER,core.orders,ORD-495,core.payments,PAY-0495,MATCHED,5366.6,5366.6,0.0,0,0,LEGITIMATE,TOL-PAYMENT,2025-04-05T00:00:00Z,
rcn-02009,RUN-2025-04-05-01,SETTLEMENT_VS_PAYMENT,core.payments,PAY-0495,core.settlements,SET-0495,MATCHED,5239.95,5239.95,0.0,0,0,LEGITIMATE,TOL-SETTLEMENT,2025-04-05T00:00:00Z,
rcn-02010,RUN-2025-04-05-01,FEE_VS_RATE_CARD,core.payments,PAY-0495,core.gateway_fees,FEE-0495,MATCHED,107.33,107.33,0.0,0,0,LEGITIMATE,TOL-FEE,2025-04-05T00:00:00Z,
rcn-02011,RUN-2025-04-05-01,BANK_VS_SETTLEMENT,core.settlements,SET-0495,core.bank_transactions,BNK-0495,MATCHED,5239.95,5239.95,0.0,0,0,LEGITIMATE,TOL-BANK,2025-04-05T00:00:00Z,
rcn-02012,RUN-2025-04-05-01,PAYMENT_VS_ORDER,core.orders,ORD-496,core.payments,PAY-0496,MATCHED,588.72,588.72,0.0,0,0,LEGITIMATE,TOL-PAYMENT,2025-04-05T00:00:00Z,
rcn-02013,RUN-2025-04-05-01,SETTLEMENT_VS_PAYMENT,core.payments,PAY-0496,core.settlements,SET-0496,MATCHED,585.95,585.95,0.0,0,0,LEGITIMATE,TOL-SETTLEMENT,2025-04-05T00:00:00Z,
rcn-02014,RUN-2025-04-05-01,FEE_VS_RATE_CARD,core.payments,PAY-0496,core.gateway_fees,FEE-0496,MATCHED,2.35,2.35,0.0,0,0,LEGITIMATE,TOL-FEE,2025-04-05T00:00:00Z,
rcn-02015,RUN-2025-04-05-01,BANK_VS_SETTLEMENT,core.settlements,SET-0496,core.bank_transactions,BNK-0496,MATCHED,585.95,585.95,0.0,0,0,LEGITIMATE,TOL-BANK,2025-04-05T00:00:00Z,
rcn-02016,RUN-2025-04-05-01,PAYMENT_VS_ORDER,core.orders,ORD-497,core.payments,PAY-0497,MATCHED,2415.55,2415.55,0.0,0,0,LEGITIMATE,TOL-PAYMENT,2025-04-05T00:00:00Z,
rcn-02017,RUN-2025-04-05-01,SETTLEMENT_VS_PAYMENT,core.payments,PAY-0497,core.settlements,SET-0497,MATCHED,2358.54,2358.54,0.0,0,0,LEGITIMATE,TOL-SETTLEMENT,2025-04-05T00:00:00Z,
rcn-02018,RUN-2025-04-05-01,FEE_VS_RATE_CARD,core.payments,PAY-0497,core.gateway_fees,FEE-0497,MATCHED,48.31,48.31,0.0,0,0,LEGITIMATE,TOL-FEE,2025-04-05T00:00:00Z,
rcn-02019,RUN-2025-04-05-01,BANK_VS_SETTLEMENT,core.settlements,SET-0497,core.bank_transactions,BNK-0497,MATCHED,2358.54,2358.54,0.0,0,0,LEGITIMATE,TOL-BANK,2025-04-05T00:00:00Z,
rcn-02020,RUN-2025-04-05-01,PAYMENT_VS_ORDER,core.orders,ORD-498,core.payments,PAY-0498,MATCHED,769.91,769.91,0.0,0,0,LEGITIMATE,TOL-PAYMENT,2025-04-05T00:00:00Z,
rcn-02021,RUN-2025-04-05-01,SETTLEMENT_VS_PAYMENT,core.payments,PAY-0498,core.settlements,,UNMATCHED,751.74,,,0,751.74,LEAKAGE,TOL-SETTLEMENT,2025-04-05T00:00:00Z,LEAKAGE on SETTLEMENT_VS_PAYMENT
rcn-02022,RUN-2025-04-05-01,FEE_VS_RATE_CARD,core.payments,PAY-0498,core.gateway_fees,FEE-0498,MATCHED,15.4,15.4,0.0,0,0,LEGITIMATE,TOL-FEE,2025-04-05T00:00:00Z,
rcn-02023,RUN-2025-04-05-01,PAYMENT_VS_ORDER,core.orders,ORD-499,core.payments,PAY-0499,MATCHED,1016.03,1016.03,0.0,0,0,LEGITIMATE,TOL-PAYMENT,2025-04-05T00:00:00Z,
rcn-02024,RUN-2025-04-05-01,SETTLEMENT_VS_PAYMENT,core.payments,PAY-0499,core.settlements,SET-0499,MATCHED,615.37,615.37,0.0,0,0,LEGITIMATE,TOL-SETTLEMENT,2025-04-05T00:00:00Z,
rcn-02025,RUN-2025-04-05-01,FEE_VS_RATE_CARD,core.payments,PAY-0499,core.gateway_fees,FEE-0499,MATCHED,12.0,12.0,0.0,0,0,LEGITIMATE,TOL-FEE,2025-04-05T00:00:00Z,
rcn-02026,RUN-2025-04-05-01,BANK_VS_SETTLEMENT,core.settlements,SET-0499,core.bank_transactions,BNK-0499,MATCHED,615.37,615.37,0.0,0,0,LEGITIMATE,TOL-BANK,2025-04-05T00:00:00Z,
rcn-02027,RUN-2025-04-05-01,REFUND_VS_PAYMENT,core.payments,PAY-0499,core.refunds,REF-0499,MATCHED,391.12,391.12,0.0,0,0,LEGITIMATE,TOL-REFUND,2025-04-05T00:00:00Z,
rcn-02028,RUN-2025-04-05-01,PAYMENT_VS_ORDER,core.orders,ORD-500,core.payments,PAY-0500,MATCHED,884.16,884.16,0.0,0,0,LEGITIMATE,TOL-PAYMENT,2025-04-05T00:00:00Z,
rcn-02029,RUN-2025-04-05-01,SETTLEMENT_VS_PAYMENT,core.payments,PAY-0500,core.settlements,SET-0500,MATCHED,863.3,863.3,0.0,0,0,LEGITIMATE,TOL-SETTLEMENT,2025-04-05T00:00:00Z,
rcn-02030,RUN-2025-04-05-01,FEE_VS_RATE_CARD,core.payments,PAY-0500,core.gateway_fees,FEE-0500,MATCHED,17.68,17.68,0.0,0,0,LEGITIMATE,TOL-FEE,2025-04-05T00:00:00Z,
rcn-02031,RUN-2025-04-05-01,BANK_VS_SETTLEMENT,core.settlements,SET-0500,core.bank_transactions,BNK-0500,MATCHED,863.3,863.3,0.0,0,0,LEGITIMATE,TOL-BANK,2025-04-05T00:00:00Z,
rcn-02032,RUN-2025-04-05-01,PAYMENT_VS_ORDER,core.orders,ORD-502,core.payments,PAY-0502,MATCHED,2951.92,2951.92,0.0,0,0,LEGITIMATE,TOL-PAYMENT,2025-04-05T00:00:00Z,
rcn-02033,RUN-2025-04-05-01,SETTLEMENT_VS_PAYMENT,core.payments,PAY-0502,core.settlements,SET-0502,MATCHED,2075.59,2075.59,0.0,0,0,LEGITIMATE,TOL-SETTLEMENT,2025-04-05T00:00:00Z,
rcn-02034,RUN-2025-04-05-01,FEE_VS_RATE_CARD,core.payments,PAY-0502,core.gateway_fees,FEE-0502,MATCHED,59.04,59.04,0.0,0,0,LEGITIMATE,TOL-FEE,2025-04-05T00:00:00Z,
rcn-02035,RUN-2025-04-05-01,BANK_VS_SETTLEMENT,core.settlements,SET-0502,core.bank_transactions,BNK-0502,MATCHED,2075.59,2075.59,0.0,0,0,LEGITIMATE,TOL-BANK,2025-04-05T00:00:00Z,
rcn-02036,RUN-2025-04-05-01,REFUND_VS_PAYMENT,core.payments,PAY-0502,core.refunds,REF-0502,MATCHED,823.12,823.12,0.0,0,0,LEGITIMATE,TOL-REFUND,2025-04-05T00:00:00Z,
rcn-02037,RUN-2025-04-05-01,PAYMENT_VS_ORDER,core.orders,ORD-503,core.payments,PAY-0503,MATCHED,658.85,658.85,0.0,0,0,LEGITIMATE,TOL-PAYMENT,2025-04-05T00:00:00Z,
rcn-02038,RUN-2025-04-05-01,SETTLEMENT_VS_PAYMENT,core.payments,PAY-0503,core.settlements,SET-0503,MATCHED,655.73,655.73,0.0,0,0,LEGITIMATE,TOL-SETTLEMENT,2025-04-05T00:00:00Z,
rcn-02039,RUN-2025-04-05-01,FEE_VS_RATE_CARD,core.payments,PAY-0503,core.gateway_fees,FEE-0503,MATCHED,2.64,2.64,0.0,0,0,LEGITIMATE,TOL-FEE,2025-04-05T00:00:00Z,
rcn-02040,RUN-2025-04-05-01,BANK_VS_SETTLEMENT,core.settlements,SET-0503,core.bank_transactions,BNK-0503,MATCHED,655.73,655.73,0.0,0,0,LEGITIMATE,TOL-BANK,2025-04-05T00:00:00Z,
rcn-02041,RUN-2025-04-05-01,PAYMENT_VS_ORDER,core.orders,ORD-504,core.payments,PAY-0504,MATCHED,751.13,751.13,0.0,0,0,LEGITIMATE,TOL-PAYMENT,2025-04-05T00:00:00Z,
rcn-02042,RUN-2025-04-05-01,SETTLEMENT_VS_PAYMENT,core.payments,PAY-0504,core.settlements,SET-0504,MATCHED,747.59,747.59,0.0,0,0,LEGITIMATE,TOL-SETTLEMENT,2025-04-05T00:00:00Z,
rcn-02043,RUN-2025-04-05-01,FEE_VS_RATE_CARD,core.payments,PAY-0504,core.gateway_fees,FEE-0504,MATCHED,3.0,3.0,0.0,0,0,LEGITIMATE,TOL-FEE,2025-04-05T00:00:00Z,
rcn-02044,RUN-2025-04-05-01,BANK_VS_SETTLEMENT,core.settlements,SET-0504,core.bank_transactions,BNK-0504,MATCHED,747.59,747.59,0.0,0,0,LEGITIMATE,TOL-BANK,2025-04-05T00:00:00Z,
rcn-02045,RUN-2025-04-05-01,PAYMENT_VS_ORDER,core.orders,ORD-505,core.payments,PAY-0505,MATCHED,1886.64,1886.64,0.0,0,0,LEGITIMATE,TOL-PAYMENT,2025-04-05T00:00:00Z,
rcn-02046,RUN-2025-04-05-01,SETTLEMENT_VS_PAYMENT,core.payments,PAY-0505,core.settlements,SET-0505,MATCHED,1877.73,1877.73,0.0,0,0,LEGITIMATE,TOL-SETTLEMENT,2025-04-05T00:00:00Z,
rcn-02047,RUN-2025-04-05-01,FEE_VS_RATE_CARD,core.payments,PAY-0505,core.gateway_fees,FEE-0505,MATCHED,7.55,7.55,0.0,0,0,LEGITIMATE,TOL-FEE,2025-04-05T00:00:00Z,
rcn-02048,RUN-2025-04-05-01,BANK_VS_SETTLEMENT,core.settlements,SET-0505,core.bank_transactions,BNK-0505,MATCHED,1877.73,1877.73,0.0,0,0,LEGITIMATE,TOL-BANK,2025-04-05T00:00:00Z,
rcn-02049,RUN-2025-04-05-01,PAYMENT_VS_ORDER,core.orders,ORD-506,core.payments,PAY-0506,MATCHED,1110.52,1110.52,0.0,0,0,LEGITIMATE,TOL-PAYMENT,2025-04-05T00:00:00Z,
rcn-02050,RUN-2025-04-05-01,SETTLEMENT_VS_PAYMENT,core.payments,PAY-0506,core.settlements,SET-0506,MATCHED,1084.31,1084.31,0.0,0,0,LEGITIMATE,TOL-SETTLEMENT,2025-04-05T00:00:00Z,
rcn-02051,RUN-2025-04-05-01,FEE_VS_RATE_CARD,core.payments,PAY-0506,core.gateway_fees,FEE-0506,MATCHED,22.21,22.21,0.0,0,0,LEGITIMATE,TOL-FEE,2025-04-05T00:00:00Z,
rcn-02052,RUN-2025-04-05-01,BANK_VS_SETTLEMENT,core.settlements,SET-0506,core.bank_transactions,BNK-0506,MATCHED,1084.31,1084.31,0.0,0,0,LEGITIMATE,TOL-BANK,2025-04-05T00:00:00Z,
rcn-02053,RUN-2025-04-05-01,PAYMENT_VS_ORDER,core.orders,ORD-507,core.payments,PAY-0507,MATCHED,427.34,427.34,0.0,0,0,LEGITIMATE,TOL-PAYMENT,2025-04-05T00:00:00Z,
rcn-02054,RUN-2025-04-05-01,SETTLEMENT_VS_PAYMENT,core.payments,PAY-0507,core.settlements,SET-0507,MATCHED,250.35,250.35,0.0,0,0,LEGITIMATE,TOL-SETTLEMENT,2025-04-05T00:00:00Z,
rcn-02055,RUN-2025-04-05-01,FEE_VS_RATE_CARD,core.payments,PAY-0507,core.gateway_fees,FEE-0507,MATCHED,5.13,5.13,0.0,0,0,LEGITIMATE,TOL-FEE,2025-04-05T00:00:00Z,
rcn-02056,RUN-2025-04-05-01,BANK_VS_SETTLEMENT,core.settlements,SET-0507,core.bank_transactions,BNK-0507,MATCHED,250.35,250.35,0.0,0,0,LEGITIMATE,TOL-BANK,2025-04-05T00:00:00Z,
rcn-02057,RUN-2025-04-05-01,SETTLEMENT_VS_PAYMENT,core.payments,PAY-0507-2,core.settlements,SET-0507-2,MATCHED,166.9,166.9,0.0,0,0,LEGITIMATE,TOL-SETTLEMENT,2025-04-05T00:00:00Z,
rcn-02058,RUN-2025-04-05-01,FEE_VS_RATE_CARD,core.payments,PAY-0507-2,core.gateway_fees,FEE-0507-2,MATCHED,3.42,3.42,0.0,0,0,LEGITIMATE,TOL-FEE,2025-04-05T00:00:00Z,
rcn-02059,RUN-2025-04-05-01,BANK_VS_SETTLEMENT,core.settlements,SET-0507-2,core.bank_transactions,BNK-0507-2,MATCHED,166.9,166.9,0.0,0,0,LEGITIMATE,TOL-BANK,2025-04-05T00:00:00Z,
rcn-02060,RUN-2025-04-05-01,PAYMENT_VS_ORDER,core.orders,ORD-508,core.payments,PAY-0508,MATCHED,1458.64,1458.64,0.0,0,0,LEGITIMATE,TOL-PAYMENT,2025-04-05T00:00:00Z,
rcn-02061,RUN-2025-04-05-01,SETTLEMENT_VS_PAYMENT,core.payments,PAY-0508,core.settlements,SET-0508,MATCHED,1451.76,1451.76,0.0,0,0,LEGITIMATE,TOL-SETTLEMENT,2025-04-05T00:00:00Z,
rcn-02062,RUN-2025-04-05-01,FEE_VS_RATE_CARD,core.payments,PAY-0508,core.gateway_fees,FEE-0508,MATCHED,5.83,5.83,0.0,0,0,LEGITIMATE,TOL-FEE,2025-04-05T00:00:00Z,
rcn-02063,RUN-2025-04-05-01,BANK_VS_SETTLEMENT,core.settlements,SET-0508,core.bank_transactions,BNK-0508,MATCHED,1451.76,1451.76,0.0,0,0,LEGITIMATE,TOL-BANK,2025-04-05T00:00:00Z,
rcn-02064,RUN-2025-04-05-01,PAYMENT_VS_ORDER,core.orders,ORD-509,core.payments,PAY-0509,MATCHED,1293.5,1293.5,0.0,0,0,LEGITIMATE,TOL-PAYMENT,2025-04-05T00:00:00Z,
rcn-02065,RUN-2025-04-05-01,SETTLEMENT_VS_PAYMENT,core.payments,PAY-0509,core.settlements,SET-0509,MATCHED,1262.97,1262.97,0.0,0,0,LEGITIMATE,TOL-SETTLEMENT,2025-04-05T00:00:00Z,
rcn-02066,RUN-2025-04-05-01,FEE_VS_RATE_CARD,core.payments,PAY-0509,core.gateway_fees,FEE-0509,MATCHED,25.87,25.87,0.0,0,0,LEGITIMATE,TOL-FEE,2025-04-05T00:00:00Z,
rcn-02067,RUN-2025-04-05-01,BANK_VS_SETTLEMENT,core.settlements,SET-0509,core.bank_transactions,BNK-0509,MATCHED,1262.97,1262.97,0.0,0,0,LEGITIMATE,TOL-BANK,2025-04-05T00:00:00Z,
rcn-02068,RUN-2025-04-05-01,PAYMENT_VS_ORDER,core.orders,ORD-510,core.payments,PAY-0510,MATCHED,299.0,299.0,0.0,0,0,LEGITIMATE,TOL-PAYMENT,2025-04-05T00:00:00Z,
rcn-02069,RUN-2025-04-05-01,SETTLEMENT_VS_PAYMENT,core.payments,PAY-0510,core.settlements,SET-0510,MATCHED,199.97,199.97,0.0,0,0,LEGITIMATE,TOL-SETTLEMENT,2025-04-05T00:00:00Z,
rcn-02070,RUN-2025-04-05-01,FEE_VS_RATE_CARD,core.payments,PAY-0510,core.gateway_fees,FEE-0510,MATCHED,1.2,1.2,0.0,0,0,LEGITIMATE,TOL-FEE,2025-04-05T00:00:00Z,
rcn-02071,RUN-2025-04-05-01,BANK_VS_SETTLEMENT,core.settlements,SET-0510,core.bank_transactions,BNK-0510,MATCHED,199.97,199.97,0.0,0,0,LEGITIMATE,TOL-BANK,2025-04-05T00:00:00Z,
rcn-02072,RUN-2025-04-05-01,REFUND_VS_PAYMENT,core.payments,PAY-0510,core.refunds,REF-0510,MATCHED,98.0,98.0,0.0,0,0,LEGITIMATE,TOL-REFUND,2025-04-05T00:00:00Z,
rcn-02073,RUN-2025-04-05-01,PAYMENT_VS_ORDER,core.orders,ORD-511,core.payments,PAY-0511,MATCHED,2049.19,2049.19,0.0,0,0,LEGITIMATE,TOL-PAYMENT,2025-04-05T00:00:00Z,
rcn-02074,RUN-2025-04-05-01,SETTLEMENT_VS_PAYMENT,core.payments,PAY-0511,core.settlements,SET-0511,MATCHED,2000.83,2000.83,0.0,0,0,LEGITIMATE,TOL-SETTLEMENT,2025-04-05T00:00:00Z,
rcn-02075,RUN-2025-04-05-01,FEE_VS_RATE_CARD,core.payments,PAY-0511,core.gateway_fees,FEE-0511,MATCHED,40.98,40.98,0.0,0,0,LEGITIMATE,TOL-FEE,2025-04-05T00:00:00Z,
rcn-02076,RUN-2025-04-05-01,BANK_VS_SETTLEMENT,core.settlements,SET-0511,core.bank_transactions,BNK-0511,MATCHED,2000.83,2000.83,0.0,0,0,LEGITIMATE,TOL-BANK,2025-04-05T00:00:00Z,
rcn-02077,RUN-2025-04-05-01,PAYMENT_VS_ORDER,core.orders,ORD-512,core.payments,PAY-0512,MATCHED,453.96,453.96,0.0,0,0,LEGITIMATE,TOL-PAYMENT,2025-04-05T00:00:00Z,
rcn-02078,RUN-2025-04-05-01,SETTLEMENT_VS_PAYMENT,core.payments,PAY-0512,core.settlements,SET-0512,MATCHED,451.81,451.81,0.0,0,0,LEGITIMATE,TOL-SETTLEMENT,2025-04-05T00:00:00Z,
rcn-02079,RUN-2025-04-05-01,FEE_VS_RATE_CARD,core.payments,PAY-0512,core.gateway_fees,FEE-0512,MATCHED,1.82,1.82,0.0,0,0,LEGITIMATE,TOL-FEE,2025-04-05T00:00:00Z,
rcn-02080,RUN-2025-04-05-01,BANK_VS_SETTLEMENT,core.settlements,SET-0512,core.bank_transactions,BNK-0512,MATCHED,451.81,451.81,0.0,0,0,LEGITIMATE,TOL-BANK,2025-04-05T00:00:00Z,
rcn-02081,RUN-2025-04-05-01,PAYMENT_VS_ORDER,core.orders,ORD-513,core.payments,PAY-0513,MATCHED,4147.95,4147.95,0.0,0,0,LEGITIMATE,TOL-PAYMENT,2025-04-05T00:00:00Z,
rcn-02082,RUN-2025-04-05-01,SETTLEMENT_VS_PAYMENT,core.payments,PAY-0513,core.settlements,SET-0513,MATCHED,4133.79,4133.79,0.0,0,0,LEGITIMATE,TOL-SETTLEMENT,2025-04-05T00:00:00Z,
rcn-02083,RUN-2025-04-05-01,FEE_VS_RATE_CARD,core.payments,PAY-0513,core.gateway_fees,FEE-0513,MATCHED,12.0,12.0,0.0,0,0,LEGITIMATE,TOL-FEE,2025-04-05T00:00:00Z,
rcn-02084,RUN-2025-04-05-01,BANK_VS_SETTLEMENT,core.settlements,SET-0513,core.bank_transactions,BNK-0513,MATCHED,4133.79,4133.79,0.0,0,0,LEGITIMATE,TOL-BANK,2025-04-05T00:00:00Z,
rcn-02085,RUN-2025-04-05-01,PAYMENT_VS_ORDER,core.orders,ORD-515,core.payments,PAY-0515,MATCHED,6819.37,6819.37,0.0,0,0,LEGITIMATE,TOL-PAYMENT,2025-04-05T00:00:00Z,
rcn-02086,RUN-2025-04-05-01,SETTLEMENT_VS_PAYMENT,core.payments,PAY-0515,core.settlements,SET-0515,MATCHED,6666.48,6666.48,0.0,0,0,LEGITIMATE,TOL-SETTLEMENT,2025-04-05T00:00:00Z,
rcn-02087,RUN-2025-04-05-01,FEE_VS_RATE_CARD,core.payments,PAY-0515,core.gateway_fees,FEE-0515,MATCHED,129.57,129.57,0.0,0,0,LEGITIMATE,TOL-FEE,2025-04-05T00:00:00Z,
rcn-02088,RUN-2025-04-05-01,BANK_VS_SETTLEMENT,core.settlements,SET-0515,core.bank_transactions,BNK-0515,MATCHED,6666.48,6666.48,0.0,0,0,LEGITIMATE,TOL-BANK,2025-04-05T00:00:00Z,
rcn-02089,RUN-2025-04-05-01,PAYMENT_VS_ORDER,core.orders,ORD-516,core.payments,PAY-0516,MATCHED,8545.2,8545.2,0.0,0,0,LEGITIMATE,TOL-PAYMENT,2025-04-05T00:00:00Z,
rcn-02090,RUN-2025-04-05-01,SETTLEMENT_VS_PAYMENT,core.payments,PAY-0516,core.settlements,SET-0516,MATCHED,8531.04,8531.04,0.0,0,0,LEGITIMATE,TOL-SETTLEMENT,2025-04-05T00:00:00Z,
rcn-02091,RUN-2025-04-05-01,FEE_VS_RATE_CARD,core.payments,PAY-0516,core.gateway_fees,FEE-0516,MATCHED,12.0,12.0,0.0,0,0,LEGITIMATE,TOL-FEE,2025-04-05T00:00:00Z,
rcn-02092,RUN-2025-04-05-01,BANK_VS_SETTLEMENT,core.settlements,SET-0516,core.bank_transactions,BNK-0516,MATCHED,8531.04,8531.04,0.0,0,0,LEGITIMATE,TOL-BANK,2025-04-05T00:00:00Z,
rcn-02093,RUN-2025-04-05-01,PAYMENT_VS_ORDER,core.orders,ORD-517,core.payments,PAY-0517,MATCHED,459.25,459.25,0.0,0,0,LEGITIMATE,TOL-PAYMENT,2025-04-05T00:00:00Z,
rcn-02094,RUN-2025-04-05-01,SETTLEMENT_VS_PAYMENT,core.payments,PAY-0517,core.settlements,SET-0517,MATCHED,269.05,269.05,0.0,0,0,LEGITIMATE,TOL-SETTLEMENT,2025-04-05T00:00:00Z,
rcn-02095,RUN-2025-04-05-01,FEE_VS_RATE_CARD,core.payments,PAY-0517,core.gateway_fees,FEE-0517,MATCHED,5.51,5.51,0.0,0,0,LEGITIMATE,TOL-FEE,2025-04-05T00:00:00Z,
rcn-02096,RUN-2025-04-05-01,BANK_VS_SETTLEMENT,core.settlements,SET-0517,core.bank_transactions,BNK-0517,MATCHED,269.05,269.05,0.0,0,0,LEGITIMATE,TOL-BANK,2025-04-05T00:00:00Z,
rcn-02097,RUN-2025-04-05-01,SETTLEMENT_VS_PAYMENT,core.payments,PAY-0517-2,core.settlements,SET-0517-2,MATCHED,179.37,179.37,0.0,0,0,LEGITIMATE,TOL-SETTLEMENT,2025-04-05T00:00:00Z,
rcn-02098,RUN-2025-04-05-01,FEE_VS_RATE_CARD,core.payments,PAY-0517-2,core.gateway_fees,FEE-0517-2,MATCHED,3.67,3.67,0.0,0,0,LEGITIMATE,TOL-FEE,2025-04-05T00:00:00Z,
rcn-02099,RUN-2025-04-05-01,BANK_VS_SETTLEMENT,core.settlements,SET-0517-2,core.bank_transactions,BNK-0517-2,MATCHED,179.37,179.37,0.0,0,0,LEGITIMATE,TOL-BANK,2025-04-05T00:00:00Z,
rcn-02100,RUN-2025-04-05-01,PAYMENT_VS_ORDER,core.orders,ORD-518,core.payments,PAY-0518,MATCHED,302.7,302.7,0.0,0,0,LEGITIMATE,TOL-PAYMENT,2025-04-05T00:00:00Z,
rcn-02101,RUN-2025-04-05-01,SETTLEMENT_VS_PAYMENT,core.payments,PAY-0518,core.settlements,SET-0518,MATCHED,176.81,176.81,0.0,0,0,LEGITIMATE,TOL-SETTLEMENT,2025-04-05T00:00:00Z,
rcn-02102,RUN-2025-04-05-01,FEE_VS_RATE_CARD,core.payments,PAY-0518,core.gateway_fees,FEE-0518,MATCHED,6.05,6.05,0.0,0,0,LEGITIMATE,TOL-FEE,2025-04-05T00:00:00Z,
rcn-02103,RUN-2025-04-05-01,BANK_VS_SETTLEMENT,core.settlements,SET-0518,core.bank_transactions,BNK-0518,MATCHED,176.81,176.81,0.0,0,0,LEGITIMATE,TOL-BANK,2025-04-05T00:00:00Z,
rcn-02104,RUN-2025-04-05-01,REFUND_VS_PAYMENT,core.payments,PAY-0518,core.refunds,REF-0518,MATCHED,121.17,121.17,0.0,0,0,LEGITIMATE,TOL-REFUND,2025-04-05T00:00:00Z,
rcn-02105,RUN-2025-04-05-01,PAYMENT_VS_ORDER,core.orders,ORD-519,core.payments,PAY-0519,MATCHED,1632.75,1632.75,0.0,0,0,LEGITIMATE,TOL-PAYMENT,2025-04-05T00:00:00Z,
rcn-02106,RUN-2025-04-05-01,SETTLEMENT_VS_PAYMENT,core.payments,PAY-0519,core.settlements,SET-0519,MATCHED,1596.15,1596.15,0.0,0,0,LEGITIMATE,TOL-SETTLEMENT,2025-04-05T00:00:00Z,
rcn-02107,RUN-2025-04-05-01,FEE_VS_RATE_CARD,core.payments,PAY-0519,core.gateway_fees,FEE-0519,MATCHED,31.02,31.02,0.0,0,0,LEGITIMATE,TOL-FEE,2025-04-05T00:00:00Z,
rcn-02108,RUN-2025-04-05-01,BANK_VS_SETTLEMENT,core.settlements,SET-0519,core.bank_transactions,BNK-0519,MATCHED,1596.15,1596.15,0.0,0,0,LEGITIMATE,TOL-BANK,2025-04-05T00:00:00Z,
rcn-02109,RUN-2025-04-05-01,PAYMENT_VS_ORDER,core.orders,ORD-520,core.payments,PAY-0520,MATCHED,2202.57,2202.57,0.0,0,0,LEGITIMATE,TOL-PAYMENT,2025-04-05T00:00:00Z,
rcn-02110,RUN-2025-04-05-01,SETTLEMENT_VS_PAYMENT,core.payments,PAY-0520,core.settlements,SET-0520,MATCHED,2192.17,2192.17,0.0,0,0,LEGITIMATE,TOL-SETTLEMENT,2025-04-05T00:00:00Z,
rcn-02111,RUN-2025-04-05-01,FEE_VS_RATE_CARD,core.payments,PAY-0520,core.gateway_fees,FEE-0520,MATCHED,8.81,8.81,0.0,0,0,LEGITIMATE,TOL-FEE,2025-04-05T00:00:00Z,
rcn-02112,RUN-2025-04-05-01,BANK_VS_SETTLEMENT,core.settlements,SET-0520,core.bank_transactions,BNK-0520,MATCHED,2192.17,2192.17,0.0,0,0,LEGITIMATE,TOL-BANK,2025-04-05T00:00:00Z,
rcn-02113,RUN-2025-04-05-01,PAYMENT_VS_ORDER,core.orders,ORD-521,core.payments,PAY-0521,MATCHED,7732.12,7732.12,0.0,0,0,LEGITIMATE,TOL-PAYMENT,2025-04-05T00:00:00Z,
rcn-02114,RUN-2025-04-05-01,SETTLEMENT_VS_PAYMENT,core.payments,PAY-0521,core.settlements,SET-0521,MATCHED,7695.62,7695.62,0.0,0,0,LEGITIMATE,TOL-SETTLEMENT,2025-04-05T00:00:00Z,
rcn-02115,RUN-2025-04-05-01,FEE_VS_RATE_CARD,core.payments,PAY-0521,core.gateway_fees,FEE-0521,MATCHED,30.93,30.93,0.0,0,0,LEGITIMATE,TOL-FEE,2025-04-05T00:00:00Z,
rcn-02116,RUN-2025-04-05-01,BANK_VS_SETTLEMENT,core.settlements,SET-0521,core.bank_transactions,BNK-0521,MATCHED,7695.62,7695.62,0.0,0,0,LEGITIMATE,TOL-BANK,2025-04-05T00:00:00Z,
rcn-02117,RUN-2025-04-05-01,PAYMENT_VS_ORDER,core.orders,ORD-522,core.payments,PAY-0522,MATCHED,2010.35,2010.35,0.0,0,0,LEGITIMATE,TOL-PAYMENT,2025-04-05T00:00:00Z,
rcn-02118,RUN-2025-04-05-01,SETTLEMENT_VS_PAYMENT,core.payments,PAY-0522,core.settlements,SET-0522,MATCHED,2000.86,2000.86,0.0,0,0,LEGITIMATE,TOL-SETTLEMENT,2025-04-05T00:00:00Z,
rcn-02119,RUN-2025-04-05-01,FEE_VS_RATE_CARD,core.payments,PAY-0522,core.gateway_fees,FEE-0522,MATCHED,8.04,8.04,0.0,0,0,LEGITIMATE,TOL-FEE,2025-04-05T00:00:00Z,
rcn-02120,RUN-2025-04-05-01,BANK_VS_SETTLEMENT,core.settlements,SET-0522,core.bank_transactions,BNK-0522,MATCHED,2000.86,2000.86,0.0,0,0,LEGITIMATE,TOL-BANK,2025-04-05T00:00:00Z,
rcn-02121,RUN-2025-04-05-01,PAYMENT_VS_ORDER,core.orders,ORD-523,core.payments,PAY-0523,MATCHED,2197.6,2197.6,0.0,0,0,LEGITIMATE,TOL-PAYMENT,2025-04-05T00:00:00Z,
rcn-02122,RUN-2025-04-05-01,SETTLEMENT_VS_PAYMENT,core.payments,PAY-0523,core.settlements,SET-0523,MATCHED,2136.66,2136.66,0.0,0,0,LEGITIMATE,TOL-SETTLEMENT,2025-04-05T00:00:00Z,
rcn-02123,RUN-2025-04-05-01,FEE_VS_RATE_CARD,core.payments,PAY-0523,core.gateway_fees,FEE-0523,MATCHED,51.64,51.64,0.0,0,0,LEGITIMATE,TOL-FEE,2025-04-05T00:00:00Z,
rcn-02124,RUN-2025-04-05-01,BANK_VS_SETTLEMENT,core.settlements,SET-0523,core.bank_transactions,BNK-0523,MATCHED,2136.66,2136.66,0.0,0,0,LEGITIMATE,TOL-BANK,2025-04-05T00:00:00Z,
rcn-02125,RUN-2025-04-05-01,PAYMENT_VS_ORDER,core.orders,ORD-524,core.payments,PAY-0524,MATCHED,1628.72,1628.72,0.0,0,0,LEGITIMATE,TOL-PAYMENT,2025-04-05T00:00:00Z,
rcn-02126,RUN-2025-04-05-01,SETTLEMENT_VS_PAYMENT,core.payments,PAY-0524,core.settlements,SET-0524,MATCHED,1614.56,1614.56,0.0,0,0,LEGITIMATE,TOL-SETTLEMENT,2025-04-05T00:00:00Z,
rcn-02127,RUN-2025-04-05-01,FEE_VS_RATE_CARD,core.payments,PAY-0524,core.gateway_fees,FEE-0524,MATCHED,12.0,12.0,0.0,0,0,LEGITIMATE,TOL-FEE,2025-04-05T00:00:00Z,
rcn-02128,RUN-2025-04-05-01,BANK_VS_SETTLEMENT,core.settlements,SET-0524,core.bank_transactions,BNK-0524,MATCHED,1614.56,1614.56,0.0,0,0,LEGITIMATE,TOL-BANK,2025-04-05T00:00:00Z,
rcn-02129,RUN-2025-04-05-01,PAYMENT_VS_ORDER,core.orders,ORD-525,core.payments,PAY-0525,MATCHED,1036.41,1036.41,0.0,0,0,LEGITIMATE,TOL-PAYMENT,2025-04-05T00:00:00Z,
rcn-02130,RUN-2025-04-05-01,SETTLEMENT_VS_PAYMENT,core.payments,PAY-0525,core.settlements,SET-0525,MATCHED,1031.51,1031.51,0.0,0,0,LEGITIMATE,TOL-SETTLEMENT,2025-04-05T00:00:00Z,
rcn-02131,RUN-2025-04-05-01,FEE_VS_RATE_CARD,core.payments,PAY-0525,core.gateway_fees,FEE-0525,MATCHED,4.15,4.15,0.0,0,0,LEGITIMATE,TOL-FEE,2025-04-05T00:00:00Z,
rcn-02132,RUN-2025-04-05-01,BANK_VS_SETTLEMENT,core.settlements,SET-0525,core.bank_transactions,BNK-0525,MATCHED,1031.51,1031.51,0.0,0,0,LEGITIMATE,TOL-BANK,2025-04-05T00:00:00Z,
rcn-02133,RUN-2025-04-05-01,PAYMENT_VS_ORDER,core.orders,ORD-526,core.payments,PAY-0526,MATCHED,4444.07,4444.07,0.0,0,0,LEGITIMATE,TOL-PAYMENT,2025-04-05T00:00:00Z,
rcn-02134,RUN-2025-04-05-01,SETTLEMENT_VS_PAYMENT,core.payments,PAY-0526,core.settlements,SET-0526,MATCHED,4339.19,4339.19,0.0,0,0,LEGITIMATE,TOL-SETTLEMENT,2025-04-05T00:00:00Z,
rcn-02135,RUN-2025-04-05-01,FEE_VS_RATE_CARD,core.payments,PAY-0526,core.gateway_fees,FEE-0526,MATCHED,88.88,88.88,0.0,0,0,LEGITIMATE,TOL-FEE,2025-04-05T00:00:00Z,
rcn-02136,RUN-2025-04-05-01,BANK_VS_SETTLEMENT,core.settlements,SET-0526,core.bank_transactions,BNK-0526,MATCHED,4339.19,4339.19,0.0,0,0,LEGITIMATE,TOL-BANK,2025-04-05T00:00:00Z,
rcn-02137,RUN-2025-04-05-01,PAYMENT_VS_ORDER,core.orders,ORD-527,core.payments,PAY-0527,MATCHED,597.23,597.23,0.0,0,0,LEGITIMATE,TOL-PAYMENT,2025-04-05T00:00:00Z,
rcn-02138,RUN-2025-04-05-01,SETTLEMENT_VS_PAYMENT,core.payments,PAY-0527,core.settlements,SET-0527,MATCHED,594.41,594.41,0.0,0,0,LEGITIMATE,TOL-SETTLEMENT,2025-04-05T00:00:00Z,
rcn-02139,RUN-2025-04-05-01,FEE_VS_RATE_CARD,core.payments,PAY-0527,core.gateway_fees,FEE-0527,MATCHED,2.39,2.39,0.0,0,0,LEGITIMATE,TOL-FEE,2025-04-05T00:00:00Z,
rcn-02140,RUN-2025-04-05-01,BANK_VS_SETTLEMENT,core.settlements,SET-0527,core.bank_transactions,BNK-0527,MATCHED,594.41,594.41,0.0,0,0,LEGITIMATE,TOL-BANK,2025-04-05T00:00:00Z,
rcn-02141,RUN-2025-04-05-01,PAYMENT_VS_ORDER,core.orders,ORD-528,core.payments,PAY-0528,MATCHED,550.51,550.51,0.0,0,0,LEGITIMATE,TOL-PAYMENT,2025-04-05T00:00:00Z,
rcn-02142,RUN-2025-04-05-01,SETTLEMENT_VS_PAYMENT,core.payments,PAY-0528,core.settlements,SET-0528,MATCHED,537.52,537.52,0.0,0,0,LEGITIMATE,TOL-SETTLEMENT,2025-04-05T00:00:00Z,
rcn-02143,RUN-2025-04-05-01,FEE_VS_RATE_CARD,core.payments,PAY-0528,core.gateway_fees,FEE-0528,MATCHED,11.01,11.01,0.0,0,0,LEGITIMATE,TOL-FEE,2025-04-05T00:00:00Z,
rcn-02144,RUN-2025-04-05-01,BANK_VS_SETTLEMENT,core.settlements,SET-0528,core.bank_transactions,BNK-0528,MATCHED,537.52,537.52,0.0,0,0,LEGITIMATE,TOL-BANK,2025-04-05T00:00:00Z,
rcn-02145,RUN-2025-04-05-01,PAYMENT_VS_ORDER,core.orders,ORD-530,core.payments,PAY-0530,MATCHED,299.0,299.0,0.0,0,0,LEGITIMATE,TOL-PAYMENT,2025-04-05T00:00:00Z,
rcn-02146,RUN-2025-04-05-01,SETTLEMENT_VS_PAYMENT,core.payments,PAY-0530,core.settlements,SET-0530,MATCHED,291.94,291.94,0.0,0,0,LEGITIMATE,TOL-SETTLEMENT,2025-04-05T00:00:00Z,
rcn-02147,RUN-2025-04-05-01,FEE_VS_RATE_CARD,core.payments,PAY-0530,core.gateway_fees,FEE-0530,MATCHED,5.98,5.98,0.0,0,0,LEGITIMATE,TOL-FEE,2025-04-05T00:00:00Z,
rcn-02148,RUN-2025-04-05-01,BANK_VS_SETTLEMENT,core.settlements,SET-0530,core.bank_transactions,BNK-0530,MATCHED,291.94,291.94,0.0,0,0,LEGITIMATE,TOL-BANK,2025-04-05T00:00:00Z,
rcn-02149,RUN-2025-04-05-01,PAYMENT_VS_ORDER,core.orders,ORD-531,core.payments,PAY-0531,MATCHED,299.0,299.0,0.0,0,0,LEGITIMATE,TOL-PAYMENT,2025-04-05T00:00:00Z,
rcn-02150,RUN-2025-04-05-01,SETTLEMENT_VS_PAYMENT,core.payments,PAY-0531,core.settlements,SET-0531,MATCHED,291.94,291.94,0.0,0,0,LEGITIMATE,TOL-SETTLEMENT,2025-04-05T00:00:00Z,
rcn-02151,RUN-2025-04-05-01,FEE_VS_RATE_CARD,core.payments,PAY-0531,core.gateway_fees,FEE-0531,MATCHED,5.98,5.98,0.0,0,0,LEGITIMATE,TOL-FEE,2025-04-05T00:00:00Z,
rcn-02152,RUN-2025-04-05-01,BANK_VS_SETTLEMENT,core.settlements,SET-0531,core.bank_transactions,BNK-0531,MATCHED,291.94,291.94,0.0,0,0,LEGITIMATE,TOL-BANK,2025-04-05T00:00:00Z,
rcn-02153,RUN-2025-04-05-01,PAYMENT_VS_ORDER,core.orders,ORD-532,core.payments,PAY-0532,MATCHED,2940.48,2940.48,0.0,0,0,LEGITIMATE,TOL-PAYMENT,2025-04-05T00:00:00Z,
rcn-02154,RUN-2025-04-05-01,SETTLEMENT_VS_PAYMENT,core.payments,PAY-0532,core.settlements,SET-0532,MATCHED,2871.08,2871.08,0.0,0,0,LEGITIMATE,TOL-SETTLEMENT,2025-04-05T00:00:00Z,
rcn-02155,RUN-2025-04-05-01,FEE_VS_RATE_CARD,core.payments,PAY-0532,core.gateway_fees,FEE-0532,MATCHED,58.81,58.81,0.0,0,0,LEGITIMATE,TOL-FEE,2025-04-05T00:00:00Z,
rcn-02156,RUN-2025-04-05-01,BANK_VS_SETTLEMENT,core.settlements,SET-0532,core.bank_transactions,BNK-0532,MATCHED,2871.08,2871.08,0.0,0,0,LEGITIMATE,TOL-BANK,2025-04-05T00:00:00Z,
rcn-02157,RUN-2025-04-05-01,PAYMENT_VS_ORDER,core.orders,ORD-533,core.payments,PAY-0533,MATCHED,918.43,918.43,0.0,0,0,LEGITIMATE,TOL-PAYMENT,2025-04-05T00:00:00Z,
rcn-02158,RUN-2025-04-05-01,SETTLEMENT_VS_PAYMENT,core.payments,PAY-0533,core.settlements,SET-0533,MATCHED,896.75,896.75,0.0,0,0,LEGITIMATE,TOL-SETTLEMENT,2025-04-05T00:00:00Z,
rcn-02159,RUN-2025-04-05-01,FEE_VS_RATE_CARD,core.payments,PAY-0533,core.gateway_fees,FEE-0533,MATCHED,18.37,18.37,0.0,0,0,LEGITIMATE,TOL-FEE,2025-04-05T00:00:00Z,
rcn-02160,RUN-2025-04-05-01,BANK_VS_SETTLEMENT,core.settlements,SET-0533,core.bank_transactions,BNK-0533,MATCHED,896.75,896.75,0.0,0,0,LEGITIMATE,TOL-BANK,2025-04-05T00:00:00Z,
rcn-02161,RUN-2025-04-05-01,PAYMENT_VS_ORDER,core.orders,ORD-534,core.payments,PAY-0534,MATCHED,5478.8,5478.8,0.0,0,0,LEGITIMATE,TOL-PAYMENT,2025-04-05T00:00:00Z,
rcn-02162,RUN-2025-04-05-01,SETTLEMENT_VS_PAYMENT,core.payments,PAY-0534,core.settlements,SET-0534,MATCHED,5349.5,5349.5,0.0,0,0,LEGITIMATE,TOL-SETTLEMENT,2025-04-05T00:00:00Z,
rcn-02163,RUN-2025-04-05-01,FEE_VS_RATE_CARD,core.payments,PAY-0534,core.gateway_fees,FEE-0534,MATCHED,109.58,109.58,0.0,0,0,LEGITIMATE,TOL-FEE,2025-04-05T00:00:00Z,
rcn-02164,RUN-2025-04-05-01,BANK_VS_SETTLEMENT,core.settlements,SET-0534,core.bank_transactions,BNK-0534,MATCHED,5349.5,5349.5,0.0,0,0,LEGITIMATE,TOL-BANK,2025-04-05T00:00:00Z,
rcn-02165,RUN-2025-04-05-01,PAYMENT_VS_ORDER,core.orders,ORD-535,core.payments,PAY-0535,MATCHED,847.91,847.91,0.0,0,0,LEGITIMATE,TOL-PAYMENT,2025-04-05T00:00:00Z,
rcn-02166,RUN-2025-04-05-01,SETTLEMENT_VS_PAYMENT,core.payments,PAY-0535,core.settlements,SET-0535,MATCHED,824.39,824.39,0.0,0,0,LEGITIMATE,TOL-SETTLEMENT,2025-04-05T00:00:00Z,
rcn-02167,RUN-2025-04-05-01,FEE_VS_RATE_CARD,core.payments,PAY-0535,core.gateway_fees,FEE-0535,MATCHED,19.93,19.93,0.0,0,0,LEGITIMATE,TOL-FEE,2025-04-05T00:00:00Z,
rcn-02168,RUN-2025-04-05-01,BANK_VS_SETTLEMENT,core.settlements,SET-0535,core.bank_transactions,BNK-0535,MATCHED,824.39,824.39,0.0,0,0,LEGITIMATE,TOL-BANK,2025-04-05T00:00:00Z,
rcn-02169,RUN-2025-04-05-01,PAYMENT_VS_ORDER,core.orders,ORD-536,core.payments,PAY-0536,MATCHED,2076.61,2076.61,0.0,0,0,LEGITIMATE,TOL-PAYMENT,2025-04-05T00:00:00Z,
rcn-02170,RUN-2025-04-05-01,SETTLEMENT_VS_PAYMENT,core.payments,PAY-0536,core.settlements,SET-0536,MATCHED,2027.6,2027.6,0.0,0,0,LEGITIMATE,TOL-SETTLEMENT,2025-04-05T00:00:00Z,
rcn-02171,RUN-2025-04-05-01,FEE_VS_RATE_CARD,core.payments,PAY-0536,core.gateway_fees,FEE-0536,MATCHED,41.53,41.53,0.0,0,0,LEGITIMATE,TOL-FEE,2025-04-05T00:00:00Z,
rcn-02172,RUN-2025-04-05-01,BANK_VS_SETTLEMENT,core.settlements,SET-0536,core.bank_transactions,BNK-0536,MATCHED,2027.6,2027.6,0.0,0,0,LEGITIMATE,TOL-BANK,2025-04-05T00:00:00Z,
rcn-02173,RUN-2025-04-05-01,PAYMENT_VS_ORDER,core.orders,ORD-537,core.payments,PAY-0537,MATCHED,513.93,513.93,0.0,0,0,LEGITIMATE,TOL-PAYMENT,2025-04-05T00:00:00Z,
rcn-02174,RUN-2025-04-05-01,SETTLEMENT_VS_PAYMENT,core.payments,PAY-0537,core.settlements,SET-0537,MATCHED,501.8,501.8,0.0,0,0,LEGITIMATE,TOL-SETTLEMENT,2025-04-05T00:00:00Z,
rcn-02175,RUN-2025-04-05-01,FEE_VS_RATE_CARD,core.payments,PAY-0537,core.gateway_fees,FEE-0537,MATCHED,10.28,10.28,0.0,0,0,LEGITIMATE,TOL-FEE,2025-04-05T00:00:00Z,
rcn-02176,RUN-2025-04-05-01,BANK_VS_SETTLEMENT,core.settlements,SET-0537,core.bank_transactions,BNK-0537,MATCHED,501.8,501.8,0.0,0,0,LEGITIMATE,TOL-BANK,2025-04-05T00:00:00Z,
rcn-02177,RUN-2025-04-05-01,PAYMENT_VS_ORDER,core.orders,ORD-538,core.payments,PAY-0538,MATCHED,1261.77,1261.77,0.0,0,0,LEGITIMATE,TOL-PAYMENT,2025-04-05T00:00:00Z,
rcn-02178,RUN-2025-04-05-01,SETTLEMENT_VS_PAYMENT,core.payments,PAY-0538,core.settlements,SET-0538,MATCHED,987.23,987.23,0.0,0,0,LEGITIMATE,TOL-SETTLEMENT,2025-04-05T00:00:00Z,
rcn-02179,RUN-2025-04-05-01,FEE_VS_RATE_CARD,core.payments,PAY-0538,core.gateway_fees,FEE-0538,MATCHED,12.0,12.0,0.0,0,0,LEGITIMATE,TOL-FEE,2025-04-05T00:00:00Z,
rcn-02180,RUN-2025-04-05-01,BANK_VS_SETTLEMENT,core.settlements,SET-0538,core.bank_transactions,BNK-0538,MATCHED,987.23,987.23,0.0,0,0,LEGITIMATE,TOL-BANK,2025-04-05T00:00:00Z,
rcn-02181,RUN-2025-04-05-01,REFUND_VS_PAYMENT,core.payments,PAY-0538,core.refunds,REF-0538,MATCHED,262.88,262.88,0.0,0,0,LEGITIMATE,TOL-REFUND,2025-04-05T00:00:00Z,
rcn-02182,RUN-2025-04-05-01,PAYMENT_VS_ORDER,core.orders,ORD-539,core.payments,PAY-0539,MATCHED,10451.87,10451.87,0.0,0,0,LEGITIMATE,TOL-PAYMENT,2025-04-05T00:00:00Z,
rcn-02183,RUN-2025-04-05-01,SETTLEMENT_VS_PAYMENT,core.payments,PAY-0539,core.settlements,SET-0539,MATCHED,10205.2,10205.2,0.0,0,0,LEGITIMATE,TOL-SETTLEMENT,2025-04-05T00:00:00Z,
rcn-02184,RUN-2025-04-05-01,FEE_VS_RATE_CARD,core.payments,PAY-0539,core.gateway_fees,FEE-0539,MATCHED,209.04,209.04,0.0,0,0,LEGITIMATE,TOL-FEE,2025-04-05T00:00:00Z,
rcn-02185,RUN-2025-04-05-01,BANK_VS_SETTLEMENT,core.settlements,SET-0539,core.bank_transactions,BNK-0539,MATCHED,10205.2,10205.2,0.0,0,0,LEGITIMATE,TOL-BANK,2025-04-05T00:00:00Z,
rcn-02186,RUN-2025-04-05-01,PAYMENT_VS_ORDER,core.orders,ORD-540,core.payments,PAY-0540,MATCHED,771.04,771.04,0.0,0,0,LEGITIMATE,TOL-PAYMENT,2025-04-05T00:00:00Z,
rcn-02187,RUN-2025-04-05-01,SETTLEMENT_VS_PAYMENT,core.payments,PAY-0540,core.settlements,SET-0540,MATCHED,767.41,767.41,0.0,0,0,LEGITIMATE,TOL-SETTLEMENT,2025-04-05T00:00:00Z,
rcn-02188,RUN-2025-04-05-01,FEE_VS_RATE_CARD,core.payments,PAY-0540,core.gateway_fees,FEE-0540,MATCHED,3.08,3.08,0.0,0,0,LEGITIMATE,TOL-FEE,2025-04-05T00:00:00Z,
rcn-02189,RUN-2025-04-05-01,BANK_VS_SETTLEMENT,core.settlements,SET-0540,core.bank_transactions,BNK-0540,MATCHED,767.41,767.41,0.0,0,0,LEGITIMATE,TOL-BANK,2025-04-05T00:00:00Z,
rcn-02190,RUN-2025-04-05-01,PAYMENT_VS_ORDER,core.orders,ORD-541,core.payments,PAY-0541,MATCHED,1566.69,1566.69,0.0,0,0,LEGITIMATE,TOL-PAYMENT,2025-04-05T00:00:00Z,
rcn-02191,RUN-2025-04-05-01,SETTLEMENT_VS_PAYMENT,core.payments,PAY-0541,core.settlements,SET-0541,MATCHED,1529.72,1529.72,0.0,0,0,LEGITIMATE,TOL-SETTLEMENT,2025-04-05T00:00:00Z,
rcn-02192,RUN-2025-04-05-01,FEE_VS_RATE_CARD,core.payments,PAY-0541,core.gateway_fees,FEE-0541,MATCHED,31.33,31.33,0.0,0,0,LEGITIMATE,TOL-FEE,2025-04-05T00:00:00Z,
rcn-02193,RUN-2025-04-05-01,BANK_VS_SETTLEMENT,core.settlements,SET-0541,core.bank_transactions,BNK-0541,MATCHED,1529.72,1529.72,0.0,0,0,LEGITIMATE,TOL-BANK,2025-04-05T00:00:00Z,
rcn-02194,RUN-2025-04-05-01,PAYMENT_VS_ORDER,core.orders,ORD-542,core.payments,PAY-0542,MATCHED,1095.07,1095.07,0.0,0,0,LEGITIMATE,TOL-PAYMENT,2025-04-05T00:00:00Z,
rcn-02195,RUN-2025-04-05-01,SETTLEMENT_VS_PAYMENT,core.payments,PAY-0542,core.settlements,SET-0542,MATCHED,653.94,653.94,0.0,0,0,LEGITIMATE,TOL-SETTLEMENT,2025-04-05T00:00:00Z,
rcn-02196,RUN-2025-04-05-01,FEE_VS_RATE_CARD,core.payments,PAY-0542,core.gateway_fees,FEE-0542,MATCHED,2.63,2.63,0.0,0,0,LEGITIMATE,TOL-FEE,2025-04-05T00:00:00Z,
rcn-02197,RUN-2025-04-05-01,BANK_VS_SETTLEMENT,core.settlements,SET-0542,core.bank_transactions,BNK-0542,MATCHED,653.94,653.94,0.0,0,0,LEGITIMATE,TOL-BANK,2025-04-05T00:00:00Z,
rcn-02198,RUN-2025-04-05-01,SETTLEMENT_VS_PAYMENT,core.payments,PAY-0542-2,core.settlements,SET-0542-2,MATCHED,435.96,435.96,0.0,0,0,LEGITIMATE,TOL-SETTLEMENT,2025-04-05T00:00:00Z,
rcn-02199,RUN-2025-04-05-01,FEE_VS_RATE_CARD,core.payments,PAY-0542-2,core.gateway_fees,FEE-0542-2,MATCHED,1.75,1.75,0.0,0,0,LEGITIMATE,TOL-FEE,2025-04-05T00:00:00Z,
rcn-02200,RUN-2025-04-05-01,BANK_VS_SETTLEMENT,core.settlements,SET-0542-2,core.bank_transactions,BNK-0542-2,MATCHED,435.96,435.96,0.0,0,0,LEGITIMATE,TOL-BANK,2025-04-05T00:00:00Z,
rcn-02201,RUN-2025-04-05-01,PAYMENT_VS_ORDER,core.orders,ORD-543,core.payments,PAY-0543,MATCHED,1033.32,1033.32,0.0,0,0,LEGITIMATE,TOL-PAYMENT,2025-04-05T00:00:00Z,
rcn-02202,RUN-2025-04-05-01,SETTLEMENT_VS_PAYMENT,core.payments,PAY-0543,core.settlements,SET-0543,MATCHED,1008.93,1008.93,0.0,0,0,LEGITIMATE,TOL-SETTLEMENT,2025-04-05T00:00:00Z,
rcn-02203,RUN-2025-04-05-01,FEE_VS_RATE_CARD,core.payments,PAY-0543,core.gateway_fees,FEE-0543,MATCHED,20.67,20.67,0.0,0,0,LEGITIMATE,TOL-FEE,2025-04-05T00:00:00Z,
rcn-02204,RUN-2025-04-05-01,BANK_VS_SETTLEMENT,core.settlements,SET-0543,core.bank_transactions,BNK-0543,MATCHED,1008.93,1008.93,0.0,0,0,LEGITIMATE,TOL-BANK,2025-04-05T00:00:00Z,
rcn-02205,RUN-2025-04-05-01,PAYMENT_VS_ORDER,core.orders,ORD-544,core.payments,PAY-0544,MATCHED,299.0,299.0,0.0,0,0,LEGITIMATE,TOL-PAYMENT,2025-04-05T00:00:00Z,
rcn-02206,RUN-2025-04-05-01,SETTLEMENT_VS_PAYMENT,core.payments,PAY-0544,core.settlements,SET-0544,MATCHED,297.58,297.58,0.0,0,0,LEGITIMATE,TOL-SETTLEMENT,2025-04-05T00:00:00Z,
rcn-02207,RUN-2025-04-05-01,FEE_VS_RATE_CARD,core.payments,PAY-0544,core.gateway_fees,FEE-0544,MATCHED,1.2,1.2,0.0,0,0,LEGITIMATE,TOL-FEE,2025-04-05T00:00:00Z,
rcn-02208,RUN-2025-04-05-01,BANK_VS_SETTLEMENT,core.settlements,SET-0544,core.bank_transactions,BNK-0544,MATCHED,297.58,297.58,0.0,0,0,LEGITIMATE,TOL-BANK,2025-04-05T00:00:00Z,
rcn-02209,RUN-2025-04-05-01,PAYMENT_VS_ORDER,core.orders,ORD-545,core.payments,PAY-0545,MATCHED,5177.03,5177.03,0.0,0,0,LEGITIMATE,TOL-PAYMENT,2025-04-05T00:00:00Z,
rcn-02210,RUN-2025-04-05-01,SETTLEMENT_VS_PAYMENT,core.payments,PAY-0545,core.settlements,SET-0545,MATCHED,5152.59,5152.59,0.0,0,0,LEGITIMATE,TOL-SETTLEMENT,2025-04-05T00:00:00Z,
rcn-02211,RUN-2025-04-05-01,FEE_VS_RATE_CARD,core.payments,PAY-0545,core.gateway_fees,FEE-0545,MATCHED,20.71,20.71,0.0,0,0,LEGITIMATE,TOL-FEE,2025-04-05T00:00:00Z,
rcn-02212,RUN-2025-04-05-01,BANK_VS_SETTLEMENT,core.settlements,SET-0545,core.bank_transactions,BNK-0545,MATCHED,5152.59,5152.59,0.0,0,0,LEGITIMATE,TOL-BANK,2025-04-05T00:00:00Z,
rcn-02213,RUN-2025-04-05-01,PAYMENT_VS_ORDER,core.orders,ORD-546,core.payments,PAY-0546,MATCHED,4584.07,4584.07,0.0,0,0,LEGITIMATE,TOL-PAYMENT,2025-04-05T00:00:00Z,
rcn-02214,RUN-2025-04-05-01,SETTLEMENT_VS_PAYMENT,core.payments,PAY-0546,core.settlements,SET-0546,MATCHED,4562.43,4562.43,0.0,0,0,LEGITIMATE,TOL-SETTLEMENT,2025-04-05T00:00:00Z,
rcn-02215,RUN-2025-04-05-01,FEE_VS_RATE_CARD,core.payments,PAY-0546,core.gateway_fees,FEE-0546,MATCHED,18.34,18.34,0.0,0,0,LEGITIMATE,TOL-FEE,2025-04-05T00:00:00Z,
rcn-02216,RUN-2025-04-05-01,BANK_VS_SETTLEMENT,core.settlements,SET-0546,core.bank_transactions,BNK-0546,MATCHED,4562.43,4562.43,0.0,0,0,LEGITIMATE,TOL-BANK,2025-04-05T00:00:00Z,
rcn-02217,RUN-2025-04-05-01,PAYMENT_VS_ORDER,core.orders,ORD-547,core.payments,PAY-0547,MATCHED,1483.15,1483.15,0.0,0,0,LEGITIMATE,TOL-PAYMENT,2025-04-05T00:00:00Z,
rcn-02218,RUN-2025-04-05-01,SETTLEMENT_VS_PAYMENT,core.payments,PAY-0547,core.settlements,SET-0547,MATCHED,1449.9,1449.9,0.0,0,0,LEGITIMATE,TOL-SETTLEMENT,2025-04-05T00:00:00Z,
rcn-02219,RUN-2025-04-05-01,FEE_VS_RATE_CARD,core.payments,PAY-0547,core.gateway_fees,FEE-0547,MATCHED,28.18,28.18,0.0,0,0,LEGITIMATE,TOL-FEE,2025-04-05T00:00:00Z,
rcn-02220,RUN-2025-04-05-01,BANK_VS_SETTLEMENT,core.settlements,SET-0547,core.bank_transactions,BNK-0547,MATCHED,1449.9,1449.9,0.0,0,0,LEGITIMATE,TOL-BANK,2025-04-05T00:00:00Z,
rcn-02221,RUN-2025-04-05-01,PAYMENT_VS_ORDER,core.orders,ORD-548,core.payments,PAY-0548,MATCHED,309.37,309.37,0.0,0,0,LEGITIMATE,TOL-PAYMENT,2025-04-05T00:00:00Z,
rcn-02222,RUN-2025-04-05-01,SETTLEMENT_VS_PAYMENT,core.payments,PAY-0548,core.settlements,SET-0548,MATCHED,307.91,307.91,0.0,0,0,LEGITIMATE,TOL-SETTLEMENT,2025-04-05T00:00:00Z,
rcn-02223,RUN-2025-04-05-01,FEE_VS_RATE_CARD,core.payments,PAY-0548,core.gateway_fees,FEE-0548,MATCHED,1.24,1.24,0.0,0,0,LEGITIMATE,TOL-FEE,2025-04-05T00:00:00Z,
rcn-02224,RUN-2025-04-05-01,BANK_VS_SETTLEMENT,core.settlements,SET-0548,core.bank_transactions,BNK-0548,MATCHED,307.91,307.91,0.0,0,0,LEGITIMATE,TOL-BANK,2025-04-05T00:00:00Z,
rcn-02225,RUN-2025-04-05-01,PAYMENT_VS_ORDER,core.orders,ORD-549,core.payments,PAY-0549,MATCHED,1439.38,1439.38,0.0,0,0,LEGITIMATE,TOL-PAYMENT,2025-04-05T00:00:00Z,
rcn-02226,RUN-2025-04-05-01,SETTLEMENT_VS_PAYMENT,core.payments,PAY-0549,core.settlements,SET-0549,MATCHED,1405.41,1405.41,0.0,0,0,LEGITIMATE,TOL-SETTLEMENT,2025-04-05T00:00:00Z,
rcn-02227,RUN-2025-04-05-01,FEE_VS_RATE_CARD,core.payments,PAY-0549,core.gateway_fees,FEE-0549,MATCHED,28.79,28.79,0.0,0,0,LEGITIMATE,TOL-FEE,2025-04-05T00:00:00Z,
rcn-02228,RUN-2025-04-05-01,BANK_VS_SETTLEMENT,core.settlements,SET-0549,core.bank_transactions,BNK-0549,MATCHED,1405.41,1405.41,0.0,0,0,LEGITIMATE,TOL-BANK,2025-04-05T00:00:00Z,
rcn-02229,RUN-2025-04-05-01,PAYMENT_VS_ORDER,core.orders,ORD-550,core.payments,PAY-0550,MATCHED,5040.3,5040.3,0.0,0,0,LEGITIMATE,TOL-PAYMENT,2025-04-05T00:00:00Z,
rcn-02230,RUN-2025-04-05-01,SETTLEMENT_VS_PAYMENT,core.payments,PAY-0550,core.settlements,SET-0550,MISMATCH,3918.42,3897.95,20.47,0,20.47,LEAKAGE,TOL-SETTLEMENT,2025-04-05T00:00:00Z,LEAKAGE on SETTLEMENT_VS_PAYMENT
rcn-02231,RUN-2025-04-05-01,FEE_VS_RATE_CARD,core.payments,PAY-0550,core.gateway_fees,FEE-0550,MATCHED,100.81,100.81,0.0,0,0,LEGITIMATE,TOL-FEE,2025-04-05T00:00:00Z,
rcn-02232,RUN-2025-04-05-01,BANK_VS_SETTLEMENT,core.settlements,SET-0550,core.bank_transactions,BNK-0550,MATCHED,3897.95,3897.95,0.0,0,0,LEGITIMATE,TOL-BANK,2025-04-05T00:00:00Z,
rcn-02233,RUN-2025-04-05-01,REFUND_VS_PAYMENT,core.payments,PAY-0550,core.refunds,REF-0550,MATCHED,1023.39,1023.39,0.0,0,0,LEGITIMATE,TOL-REFUND,2025-04-05T00:00:00Z,
rcn-02234,RUN-2025-04-05-01,PAYMENT_VS_ORDER,core.orders,ORD-551,core.payments,PAY-0551,MATCHED,1147.19,1147.19,0.0,0,0,LEGITIMATE,TOL-PAYMENT,2025-04-05T00:00:00Z,
rcn-02235,RUN-2025-04-05-01,SETTLEMENT_VS_PAYMENT,core.payments,PAY-0551,core.settlements,SET-0551,MATCHED,1133.03,1133.03,0.0,0,0,LEGITIMATE,TOL-SETTLEMENT,2025-04-05T00:00:00Z,
rcn-02236,RUN-2025-04-05-01,FEE_VS_RATE_CARD,core.payments,PAY-0551,core.gateway_fees,FEE-0551,MATCHED,12.0,12.0,0.0,0,0,LEGITIMATE,TOL-FEE,2025-04-05T00:00:00Z,
rcn-02237,RUN-2025-04-05-01,BANK_VS_SETTLEMENT,core.settlements,SET-0551,core.bank_transactions,BNK-0551,MATCHED,1133.03,1133.03,0.0,0,0,LEGITIMATE,TOL-BANK,2025-04-05T00:00:00Z,
rcn-02238,RUN-2025-04-05-01,PAYMENT_VS_ORDER,core.orders,ORD-552,core.payments,PAY-0552,MATCHED,1882.14,1882.14,0.0,0,0,LEGITIMATE,TOL-PAYMENT,2025-04-05T00:00:00Z,
rcn-02239,RUN-2025-04-05-01,SETTLEMENT_VS_PAYMENT,core.payments,PAY-0552,core.settlements,SET-0552,MATCHED,1837.72,1837.72,0.0,0,0,LEGITIMATE,TOL-SETTLEMENT,2025-04-05T00:00:00Z,
rcn-02240,RUN-2025-04-05-01,FEE_VS_RATE_CARD,core.payments,PAY-0552,core.gateway_fees,FEE-0552,MATCHED,37.64,37.64,0.0,0,0,LEGITIMATE,TOL-FEE,2025-04-05T00:00:00Z,
rcn-02241,RUN-2025-04-05-01,BANK_VS_SETTLEMENT,core.settlements,SET-0552,core.bank_transactions,BNK-0552,MATCHED,1837.72,1837.72,0.0,0,0,LEGITIMATE,TOL-BANK,2025-04-05T00:00:00Z,
rcn-02242,RUN-2025-04-05-01,PAYMENT_VS_ORDER,core.orders,ORD-553,core.payments,PAY-0553,MATCHED,1790.3,1790.3,0.0,0,0,LEGITIMATE,TOL-PAYMENT,2025-04-05T00:00:00Z,
rcn-02243,RUN-2025-04-05-01,SETTLEMENT_VS_PAYMENT,core.payments,PAY-0553,core.settlements,SET-0553,MATCHED,1748.04,1748.04,0.0,0,0,LEGITIMATE,TOL-SETTLEMENT,2025-04-05T00:00:00Z,
rcn-02244,RUN-2025-04-05-01,FEE_VS_RATE_CARD,core.payments,PAY-0553,core.gateway_fees,FEE-0553,MATCHED,35.81,35.81,0.0,0,0,LEGITIMATE,TOL-FEE,2025-04-05T00:00:00Z,
rcn-02245,RUN-2025-04-05-01,BANK_VS_SETTLEMENT,core.settlements,SET-0553,core.bank_transactions,BNK-0553,MATCHED,1748.04,1748.04,0.0,0,0,LEGITIMATE,TOL-BANK,2025-04-05T00:00:00Z,
rcn-02246,RUN-2025-04-05-01,PAYMENT_VS_ORDER,core.orders,ORD-554,core.payments,PAY-0554,MATCHED,2976.03,2976.03,0.0,0,0,LEGITIMATE,TOL-PAYMENT,2025-04-05T00:00:00Z,
rcn-02247,RUN-2025-04-05-01,SETTLEMENT_VS_PAYMENT,core.payments,PAY-0554,core.settlements,SET-0554,MATCHED,2905.8,2905.8,0.0,0,0,LEGITIMATE,TOL-SETTLEMENT,2025-04-05T00:00:00Z,
rcn-02248,RUN-2025-04-05-01,FEE_VS_RATE_CARD,core.payments,PAY-0554,core.gateway_fees,FEE-0554,MATCHED,59.52,59.52,0.0,0,0,LEGITIMATE,TOL-FEE,2025-04-05T00:00:00Z,
rcn-02249,RUN-2025-04-05-01,BANK_VS_SETTLEMENT,core.settlements,SET-0554,core.bank_transactions,BNK-0554,MATCHED,2905.8,2905.8,0.0,0,0,LEGITIMATE,TOL-BANK,2025-04-05T00:00:00Z,
rcn-02250,RUN-2025-04-05-01,PAYMENT_VS_ORDER,core.orders,ORD-555,core.payments,PAY-0555,MATCHED,3475.86,3475.86,0.0,0,0,LEGITIMATE,TOL-PAYMENT,2025-04-05T00:00:00Z,
rcn-02251,RUN-2025-04-05-01,SETTLEMENT_VS_PAYMENT,core.payments,PAY-0555,core.settlements,SET-0555,MATCHED,2071.36,2071.36,0.0,0,0,LEGITIMATE,TOL-SETTLEMENT,2025-04-05T00:00:00Z,
rcn-02252,RUN-2025-04-05-01,FEE_VS_RATE_CARD,core.payments,PAY-0555,core.gateway_fees,FEE-0555,MATCHED,12.0,12.0,0.0,0,0,LEGITIMATE,TOL-FEE,2025-04-05T00:00:00Z,
rcn-02253,RUN-2025-04-05-01,BANK_VS_SETTLEMENT,core.settlements,SET-0555,core.bank_transactions,BNK-0555,MATCHED,2071.36,2071.36,0.0,0,0,LEGITIMATE,TOL-BANK,2025-04-05T00:00:00Z,
rcn-02254,RUN-2025-04-05-01,SETTLEMENT_VS_PAYMENT,core.payments,PAY-0555-2,core.settlements,SET-0555-2,MATCHED,1376.18,1376.18,0.0,0,0,LEGITIMATE,TOL-SETTLEMENT,2025-04-05T00:00:00Z,
rcn-02255,RUN-2025-04-05-01,FEE_VS_RATE_CARD,core.payments,PAY-0555-2,core.gateway_fees,FEE-0555-2,MATCHED,12.0,12.0,0.0,0,0,LEGITIMATE,TOL-FEE,2025-04-05T00:00:00Z,
rcn-02256,RUN-2025-04-05-01,BANK_VS_SETTLEMENT,core.settlements,SET-0555-2,core.bank_transactions,BNK-0555-2,MATCHED,1376.18,1376.18,0.0,0,0,LEGITIMATE,TOL-BANK,2025-04-05T00:00:00Z,
rcn-02257,RUN-2025-04-05-01,PAYMENT_VS_ORDER,core.orders,ORD-557,core.payments,PAY-0557,MATCHED,3131.07,3131.07,0.0,0,0,LEGITIMATE,TOL-PAYMENT,2025-04-05T00:00:00Z,
rcn-02258,RUN-2025-04-05-01,SETTLEMENT_VS_PAYMENT,core.payments,PAY-0557,core.settlements,SET-0557,MATCHED,3057.18,3057.18,0.0,0,0,LEGITIMATE,TOL-SETTLEMENT,2025-04-05T00:00:00Z,
rcn-02259,RUN-2025-04-05-01,FEE_VS_RATE_CARD,core.payments,PAY-0557,core.gateway_fees,FEE-0557,MATCHED,62.62,62.62,0.0,0,0,LEGITIMATE,TOL-FEE,2025-04-05T00:00:00Z,
rcn-02260,RUN-2025-04-05-01,BANK_VS_SETTLEMENT,core.settlements,SET-0557,core.bank_transactions,BNK-0557,MATCHED,3057.18,3057.18,0.0,0,0,LEGITIMATE,TOL-BANK,2025-04-05T00:00:00Z,
rcn-02261,RUN-2025-04-05-01,PAYMENT_VS_ORDER,core.orders,ORD-558,core.payments,PAY-0558,MATCHED,299.0,299.0,0.0,0,0,LEGITIMATE,TOL-PAYMENT,2025-04-05T00:00:00Z,
rcn-02262,RUN-2025-04-05-01,SETTLEMENT_VS_PAYMENT,core.payments,PAY-0558,core.settlements,SET-0558,MATCHED,297.58,297.58,0.0,0,0,LEGITIMATE,TOL-SETTLEMENT,2025-04-05T00:00:00Z,
rcn-02263,RUN-2025-04-05-01,FEE_VS_RATE_CARD,core.payments,PAY-0558,core.gateway_fees,FEE-0558,MATCHED,1.2,1.2,0.0,0,0,LEGITIMATE,TOL-FEE,2025-04-05T00:00:00Z,
rcn-02264,RUN-2025-04-05-01,BANK_VS_SETTLEMENT,core.settlements,SET-0558,core.bank_transactions,BNK-0558,MATCHED,297.58,297.58,0.0,0,0,LEGITIMATE,TOL-BANK,2025-04-05T00:00:00Z,
rcn-02265,RUN-2025-04-05-01,PAYMENT_VS_ORDER,core.orders,ORD-559,core.payments,PAY-0559,MATCHED,1779.18,1779.18,0.0,0,0,LEGITIMATE,TOL-PAYMENT,2025-04-05T00:00:00Z,
rcn-02266,RUN-2025-04-05-01,SETTLEMENT_VS_PAYMENT,core.payments,PAY-0559,core.settlements,SET-0559,MATCHED,1042.32,1042.32,0.0,0,0,LEGITIMATE,TOL-SETTLEMENT,2025-04-05T00:00:00Z,
rcn-02267,RUN-2025-04-05-01,FEE_VS_RATE_CARD,core.payments,PAY-0559,core.gateway_fees,FEE-0559,MATCHED,21.35,21.35,0.0,0,0,LEGITIMATE,TOL-FEE,2025-04-05T00:00:00Z,
rcn-02268,RUN-2025-04-05-01,BANK_VS_SETTLEMENT,core.settlements,SET-0559,core.bank_transactions,BNK-0559,MATCHED,1042.32,1042.32,0.0,0,0,LEGITIMATE,TOL-BANK,2025-04-05T00:00:00Z,
rcn-02269,RUN-2025-04-05-01,SETTLEMENT_VS_PAYMENT,core.payments,PAY-0559-2,core.settlements,SET-0559-2,MATCHED,694.88,694.88,0.0,0,0,LEGITIMATE,TOL-SETTLEMENT,2025-04-05T00:00:00Z,
rcn-02270,RUN-2025-04-05-01,FEE_VS_RATE_CARD,core.payments,PAY-0559-2,core.gateway_fees,FEE-0559-2,MATCHED,14.23,14.23,0.0,0,0,LEGITIMATE,TOL-FEE,2025-04-05T00:00:00Z,
rcn-02271,RUN-2025-04-05-01,BANK_VS_SETTLEMENT,core.settlements,SET-0559-2,core.bank_transactions,BNK-0559-2,MATCHED,694.88,694.88,0.0,0,0,LEGITIMATE,TOL-BANK,2025-04-05T00:00:00Z,
rcn-02272,RUN-2025-04-05-01,PAYMENT_VS_ORDER,core.orders,ORD-560,core.payments,PAY-0560,MATCHED,299.0,299.0,0.0,0,0,LEGITIMATE,TOL-PAYMENT,2025-04-05T00:00:00Z,
rcn-02273,RUN-2025-04-05-01,SETTLEMENT_VS_PAYMENT,core.payments,PAY-0560,core.settlements,SET-0560,MATCHED,297.58,297.0,0.58,0,0,LEGITIMATE,TOL-SETTLEMENT,2025-04-05T00:00:00Z,
rcn-02274,RUN-2025-04-05-01,FEE_VS_RATE_CARD,core.payments,PAY-0560,core.gateway_fees,FEE-0560,MATCHED,1.2,1.78,-0.58,0,0,LEGITIMATE,TOL-FEE,2025-04-05T00:00:00Z,
rcn-02275,RUN-2025-04-05-01,BANK_VS_SETTLEMENT,core.settlements,SET-0560,core.bank_transactions,,UNMATCHED,297.0,,,0,297.0,LEAKAGE,TOL-BANK,2025-04-05T00:00:00Z,LEAKAGE on BANK_VS_SETTLEMENT
rcn-02276,RUN-2025-04-05-01,PAYMENT_VS_ORDER,core.orders,ORD-561,core.payments,PAY-0561,MATCHED,7467.78,7467.78,0.0,0,0,LEGITIMATE,TOL-PAYMENT,2025-04-05T00:00:00Z,
rcn-02277,RUN-2025-04-05-01,SETTLEMENT_VS_PAYMENT,core.payments,PAY-0561,core.settlements,SET-0561,MATCHED,7432.53,7432.53,0.0,0,0,LEGITIMATE,TOL-SETTLEMENT,2025-04-05T00:00:00Z,
rcn-02278,RUN-2025-04-05-01,FEE_VS_RATE_CARD,core.payments,PAY-0561,core.gateway_fees,FEE-0561,MATCHED,29.87,29.87,0.0,0,0,LEGITIMATE,TOL-FEE,2025-04-05T00:00:00Z,
rcn-02279,RUN-2025-04-05-01,BANK_VS_SETTLEMENT,core.settlements,SET-0561,core.bank_transactions,BNK-0561,MATCHED,7432.53,7432.53,0.0,0,0,LEGITIMATE,TOL-BANK,2025-04-05T00:00:00Z,
rcn-02280,RUN-2025-04-05-01,PAYMENT_VS_ORDER,core.orders,ORD-562,core.payments,PAY-0562,MATCHED,1949.79,1949.79,0.0,0,0,LEGITIMATE,TOL-PAYMENT,2025-04-05T00:00:00Z,
rcn-02281,RUN-2025-04-05-01,SETTLEMENT_VS_PAYMENT,core.payments,PAY-0562,core.settlements,SET-0562,MATCHED,1940.59,1940.59,0.0,0,0,LEGITIMATE,TOL-SETTLEMENT,2025-04-05T00:00:00Z,
rcn-02282,RUN-2025-04-05-01,FEE_VS_RATE_CARD,core.payments,PAY-0562,core.gateway_fees,FEE-0562,MATCHED,7.8,7.8,0.0,0,0,LEGITIMATE,TOL-FEE,2025-04-05T00:00:00Z,
rcn-02283,RUN-2025-04-05-01,BANK_VS_SETTLEMENT,core.settlements,SET-0562,core.bank_transactions,BNK-0562,MATCHED,1940.59,1940.59,0.0,0,0,LEGITIMATE,TOL-BANK,2025-04-05T00:00:00Z,
rcn-02284,RUN-2025-04-05-01,PAYMENT_VS_ORDER,core.orders,ORD-563,core.payments,PAY-0563,MATCHED,722.31,722.31,0.0,0,0,LEGITIMATE,TOL-PAYMENT,2025-04-05T00:00:00Z,
rcn-02285,RUN-2025-04-05-01,SETTLEMENT_VS_PAYMENT,core.payments,PAY-0563,core.settlements,SET-0563,MISMATCH,705.26,700.13,5.13,0,5.13,LEAKAGE,TOL-SETTLEMENT,2025-04-05T00:00:00Z,LEAKAGE on SETTLEMENT_VS_PAYMENT
rcn-02286,RUN-2025-04-05-01,FEE_VS_RATE_CARD,core.payments,PAY-0563,core.gateway_fees,FEE-0563,MISMATCH,14.45,19.58,-5.13,0,5.13,LEAKAGE,TOL-FEE,2025-04-05T00:00:00Z,LEAKAGE on FEE_VS_RATE_CARD
rcn-02287,RUN-2025-04-05-01,BANK_VS_SETTLEMENT,core.settlements,SET-0563,core.bank_transactions,BNK-0563,MATCHED,700.13,700.13,0.0,0,0,LEGITIMATE,TOL-BANK,2025-04-05T00:00:00Z,
rcn-02288,RUN-2025-04-05-01,PAYMENT_VS_ORDER,core.orders,ORD-564,core.payments,PAY-0564,MATCHED,299.0,299.0,0.0,0,0,LEGITIMATE,TOL-PAYMENT,2025-04-05T00:00:00Z,
rcn-02289,RUN-2025-04-05-01,SETTLEMENT_VS_PAYMENT,core.payments,PAY-0564,core.settlements,SET-0564,MATCHED,284.84,284.84,0.0,0,0,LEGITIMATE,TOL-SETTLEMENT,2025-04-05T00:00:00Z,
rcn-02290,RUN-2025-04-05-01,FEE_VS_RATE_CARD,core.payments,PAY-0564,core.gateway_fees,FEE-0564,MATCHED,12.0,12.0,0.0,0,0,LEGITIMATE,TOL-FEE,2025-04-05T00:00:00Z,
rcn-02291,RUN-2025-04-05-01,BANK_VS_SETTLEMENT,core.settlements,SET-0564,core.bank_transactions,BNK-0564,MATCHED,284.84,284.84,0.0,0,0,LEGITIMATE,TOL-BANK,2025-04-05T00:00:00Z,
rcn-02292,RUN-2025-04-05-01,PAYMENT_VS_ORDER,core.orders,ORD-565,core.payments,PAY-0565,MATCHED,1707.68,1707.68,0.0,0,0,LEGITIMATE,TOL-PAYMENT,2025-04-05T00:00:00Z,
rcn-02293,RUN-2025-04-05-01,SETTLEMENT_VS_PAYMENT,core.payments,PAY-0565,core.settlements,SET-0565,MATCHED,1667.38,1667.38,0.0,0,0,LEGITIMATE,TOL-SETTLEMENT,2025-04-05T00:00:00Z,
rcn-02294,RUN-2025-04-05-01,FEE_VS_RATE_CARD,core.payments,PAY-0565,core.gateway_fees,FEE-0565,MATCHED,34.15,34.15,0.0,0,0,LEGITIMATE,TOL-FEE,2025-04-05T00:00:00Z,
rcn-02295,RUN-2025-04-05-01,BANK_VS_SETTLEMENT,core.settlements,SET-0565,core.bank_transactions,BNK-0565,MATCHED,1667.38,1667.38,0.0,0,0,LEGITIMATE,TOL-BANK,2025-04-05T00:00:00Z,
rcn-02296,RUN-2025-04-05-01,PAYMENT_VS_ORDER,core.orders,ORD-566,core.payments,PAY-0566,MATCHED,394.76,394.76,0.0,0,0,LEGITIMATE,TOL-PAYMENT,2025-04-05T00:00:00Z,
rcn-02297,RUN-2025-04-05-01,SETTLEMENT_VS_PAYMENT,core.payments,PAY-0566,core.settlements,SET-0566,MATCHED,380.6,380.6,0.0,0,0,LEGITIMATE,TOL-SETTLEMENT,2025-04-05T00:00:00Z,
rcn-02298,RUN-2025-04-05-01,FEE_VS_RATE_CARD,core.payments,PAY-0566,core.gateway_fees,FEE-0566,MATCHED,12.0,12.0,0.0,0,0,LEGITIMATE,TOL-FEE,2025-04-05T00:00:00Z,
rcn-02299,RUN-2025-04-05-01,BANK_VS_SETTLEMENT,core.settlements,SET-0566,core.bank_transactions,BNK-0566,MATCHED,380.6,380.6,0.0,0,0,LEGITIMATE,TOL-BANK,2025-04-05T00:00:00Z,
rcn-02300,RUN-2025-04-05-01,PAYMENT_VS_ORDER,core.orders,ORD-567,core.payments,PAY-0567,MATCHED,1785.24,1785.24,0.0,0,0,LEGITIMATE,TOL-PAYMENT,2025-04-05T00:00:00Z,
rcn-02301,RUN-2025-04-05-01,SETTLEMENT_VS_PAYMENT,core.payments,PAY-0567,core.settlements,SET-0567,MATCHED,1743.11,1743.11,0.0,0,0,LEGITIMATE,TOL-SETTLEMENT,2025-04-05T00:00:00Z,
rcn-02302,RUN-2025-04-05-01,FEE_VS_RATE_CARD,core.payments,PAY-0567,core.gateway_fees,FEE-0567,MATCHED,35.7,35.7,0.0,0,0,LEGITIMATE,TOL-FEE,2025-04-05T00:00:00Z,
rcn-02303,RUN-2025-04-05-01,BANK_VS_SETTLEMENT,core.settlements,SET-0567,core.bank_transactions,BNK-0567,MATCHED,1743.11,1743.11,0.0,0,0,LEGITIMATE,TOL-BANK,2025-04-05T00:00:00Z,
rcn-02304,RUN-2025-04-05-01,PAYMENT_VS_ORDER,core.orders,ORD-568,core.payments,PAY-0568,MATCHED,1216.98,1216.98,0.0,0,0,LEGITIMATE,TOL-PAYMENT,2025-04-05T00:00:00Z,
rcn-02305,RUN-2025-04-05-01,SETTLEMENT_VS_PAYMENT,core.payments,PAY-0568,core.settlements,,UNMATCHED,788.94,,,0,788.94,LEAKAGE,TOL-SETTLEMENT,2025-04-05T00:00:00Z,LEAKAGE on SETTLEMENT_VS_PAYMENT
rcn-02306,RUN-2025-04-05-01,FEE_VS_RATE_CARD,core.payments,PAY-0568,core.gateway_fees,FEE-0568,MATCHED,24.34,24.34,0.0,0,0,LEGITIMATE,TOL-FEE,2025-04-05T00:00:00Z,
rcn-02307,RUN-2025-04-05-01,REFUND_VS_PAYMENT,core.payments,PAY-0568,core.refunds,REF-0568,MATCHED,407.47,407.47,0.0,0,0,LEGITIMATE,TOL-REFUND,2025-04-05T00:00:00Z,
rcn-02308,RUN-2025-04-05-01,PAYMENT_VS_ORDER,core.orders,ORD-569,core.payments,PAY-0569,MATCHED,1159.25,1159.25,0.0,0,0,LEGITIMATE,TOL-PAYMENT,2025-04-05T00:00:00Z,
rcn-02309,RUN-2025-04-05-01,SETTLEMENT_VS_PAYMENT,core.payments,PAY-0569,core.settlements,SET-0569,MATCHED,1145.09,1145.09,0.0,0,0,LEGITIMATE,TOL-SETTLEMENT,2025-04-05T00:00:00Z,
rcn-02310,RUN-2025-04-05-01,FEE_VS_RATE_CARD,core.payments,PAY-0569,core.gateway_fees,FEE-0569,MATCHED,12.0,12.0,0.0,0,0,LEGITIMATE,TOL-FEE,2025-04-05T00:00:00Z,
rcn-02311,RUN-2025-04-05-01,BANK_VS_SETTLEMENT,core.settlements,SET-0569,core.bank_transactions,BNK-0569,MATCHED,1145.09,1145.09,0.0,0,0,LEGITIMATE,TOL-BANK,2025-04-05T00:00:00Z,
rcn-02312,RUN-2025-04-05-01,PAYMENT_VS_ORDER,core.orders,ORD-570,core.payments,PAY-0570,MATCHED,352.0,352.0,0.0,0,0,LEGITIMATE,TOL-PAYMENT,2025-04-05T00:00:00Z,
rcn-02313,RUN-2025-04-05-01,SETTLEMENT_VS_PAYMENT,core.payments,PAY-0570,core.settlements,SET-0570,MATCHED,344.11,344.11,0.0,0,0,LEGITIMATE,TOL-SETTLEMENT,2025-04-05T00:00:00Z,
rcn-02314,RUN-2025-04-05-01,FEE_VS_RATE_CARD,core.payments,PAY-0570,core.gateway_fees,FEE-0570,MATCHED,6.69,6.69,0.0,0,0,LEGITIMATE,TOL-FEE,2025-04-05T00:00:00Z,
rcn-02315,RUN-2025-04-05-01,BANK_VS_SETTLEMENT,core.settlements,SET-0570,core.bank_transactions,BNK-0570,MATCHED,344.11,344.11,0.0,0,0,LEGITIMATE,TOL-BANK,2025-04-05T00:00:00Z,
rcn-02316,RUN-2025-04-05-01,PAYMENT_VS_ORDER,core.orders,ORD-571,core.payments,PAY-0571,MATCHED,3158.24,3158.24,0.0,0,0,LEGITIMATE,TOL-PAYMENT,2025-04-05T00:00:00Z,
rcn-02317,RUN-2025-04-05-01,SETTLEMENT_VS_PAYMENT,core.payments,PAY-0571,core.settlements,SET-0571,MATCHED,3070.66,3070.66,0.0,0,0,LEGITIMATE,TOL-SETTLEMENT,2025-04-05T00:00:00Z,
rcn-02318,RUN-2025-04-05-01,FEE_VS_RATE_CARD,core.payments,PAY-0571,core.gateway_fees,FEE-0571,MATCHED,74.22,74.22,0.0,0,0,LEGITIMATE,TOL-FEE,2025-04-05T00:00:00Z,
rcn-02319,RUN-2025-04-05-01,BANK_VS_SETTLEMENT,core.settlements,SET-0571,core.bank_transactions,BNK-0571,MATCHED,3070.66,3070.66,0.0,0,0,LEGITIMATE,TOL-BANK,2025-04-05T00:00:00Z,
rcn-02320,RUN-2025-04-05-01,PAYMENT_VS_ORDER,core.orders,ORD-572,core.payments,PAY-0572,MATCHED,944.55,944.55,0.0,0,0,LEGITIMATE,TOL-PAYMENT,2025-04-05T00:00:00Z,
rcn-02321,RUN-2025-04-05-01,SETTLEMENT_VS_PAYMENT,core.payments,PAY-0572,core.settlements,SET-0572,MATCHED,940.09,940.09,0.0,0,0,LEGITIMATE,TOL-SETTLEMENT,2025-04-05T00:00:00Z,
rcn-02322,RUN-2025-04-05-01,FEE_VS_RATE_CARD,core.payments,PAY-0572,core.gateway_fees,FEE-0572,MATCHED,3.78,3.78,0.0,0,0,LEGITIMATE,TOL-FEE,2025-04-05T00:00:00Z,
rcn-02323,RUN-2025-04-05-01,BANK_VS_SETTLEMENT,core.settlements,SET-0572,core.bank_transactions,BNK-0572,MATCHED,940.09,940.09,0.0,0,0,LEGITIMATE,TOL-BANK,2025-04-05T00:00:00Z,
rcn-02324,RUN-2025-04-05-01,PAYMENT_VS_ORDER,core.orders,ORD-573,core.payments,PAY-0573,MATCHED,2375.42,2375.42,0.0,0,0,LEGITIMATE,TOL-PAYMENT,2025-04-05T00:00:00Z,
rcn-02325,RUN-2025-04-05-01,SETTLEMENT_VS_PAYMENT,core.payments,PAY-0573,core.settlements,SET-0573,MATCHED,2322.17,2322.17,0.0,0,0,LEGITIMATE,TOL-SETTLEMENT,2025-04-05T00:00:00Z,
rcn-02326,RUN-2025-04-05-01,FEE_VS_RATE_CARD,core.payments,PAY-0573,core.gateway_fees,FEE-0573,MATCHED,45.13,45.13,0.0,0,0,LEGITIMATE,TOL-FEE,2025-04-05T00:00:00Z,
rcn-02327,RUN-2025-04-05-01,BANK_VS_SETTLEMENT,core.settlements,SET-0573,core.bank_transactions,BNK-0573,MATCHED,2322.17,2322.17,0.0,0,0,LEGITIMATE,TOL-BANK,2025-04-05T00:00:00Z,
rcn-02328,RUN-2025-04-05-01,PAYMENT_VS_ORDER,core.orders,ORD-574,core.payments,PAY-0574,MATCHED,347.14,347.14,0.0,0,0,LEGITIMATE,TOL-PAYMENT,2025-04-05T00:00:00Z,
rcn-02329,RUN-2025-04-05-01,SETTLEMENT_VS_PAYMENT,core.payments,PAY-0574,core.settlements,SET-0574,MATCHED,345.5,345.5,0.0,0,0,LEGITIMATE,TOL-SETTLEMENT,2025-04-05T00:00:00Z,
rcn-02330,RUN-2025-04-05-01,FEE_VS_RATE_CARD,core.payments,PAY-0574,core.gateway_fees,FEE-0574,MATCHED,1.39,1.39,0.0,0,0,LEGITIMATE,TOL-FEE,2025-04-05T00:00:00Z,
rcn-02331,RUN-2025-04-05-01,BANK_VS_SETTLEMENT,core.settlements,SET-0574,core.bank_transactions,BNK-0574,MATCHED,345.5,345.5,0.0,0,0,LEGITIMATE,TOL-BANK,2025-04-05T00:00:00Z,
rcn-02332,RUN-2025-04-05-01,PAYMENT_VS_ORDER,core.orders,ORD-575,core.payments,PAY-0575,MATCHED,3649.41,3649.41,0.0,0,0,LEGITIMATE,TOL-PAYMENT,2025-04-05T00:00:00Z,
rcn-02333,RUN-2025-04-05-01,SETTLEMENT_VS_PAYMENT,core.payments,PAY-0575,core.settlements,SET-0575,MATCHED,3563.28,3563.28,0.0,0,0,LEGITIMATE,TOL-SETTLEMENT,2025-04-05T00:00:00Z,
rcn-02334,RUN-2025-04-05-01,FEE_VS_RATE_CARD,core.payments,PAY-0575,core.gateway_fees,FEE-0575,MATCHED,72.99,72.99,0.0,0,0,LEGITIMATE,TOL-FEE,2025-04-05T00:00:00Z,
rcn-02335,RUN-2025-04-05-01,BANK_VS_SETTLEMENT,core.settlements,SET-0575,core.bank_transactions,BNK-0575,MATCHED,3563.28,3563.28,0.0,0,0,LEGITIMATE,TOL-BANK,2025-04-05T00:00:00Z,
rcn-02336,RUN-2025-04-05-01,PAYMENT_VS_ORDER,core.orders,ORD-576,core.payments,PAY-0576,MATCHED,812.35,812.35,0.0,0,0,LEGITIMATE,TOL-PAYMENT,2025-04-05T00:00:00Z,
rcn-02337,RUN-2025-04-05-01,SETTLEMENT_VS_PAYMENT,core.payments,PAY-0576,core.settlements,SET-0576,MATCHED,794.14,794.14,0.0,0,0,LEGITIMATE,TOL-SETTLEMENT,2025-04-05T00:00:00Z,
rcn-02338,RUN-2025-04-05-01,FEE_VS_RATE_CARD,core.payments,PAY-0576,core.gateway_fees,FEE-0576,MATCHED,15.43,15.43,0.0,0,0,LEGITIMATE,TOL-FEE,2025-04-05T00:00:00Z,
rcn-02339,RUN-2025-04-05-01,BANK_VS_SETTLEMENT,core.settlements,SET-0576,core.bank_transactions,BNK-0576,MATCHED,794.14,794.14,0.0,0,0,LEGITIMATE,TOL-BANK,2025-04-05T00:00:00Z,
rcn-02340,RUN-2025-04-05-01,PAYMENT_VS_ORDER,core.orders,ORD-577,core.payments,PAY-0577,MATCHED,1680.18,1680.18,0.0,0,0,LEGITIMATE,TOL-PAYMENT,2025-04-05T00:00:00Z,
rcn-02341,RUN-2025-04-05-01,SETTLEMENT_VS_PAYMENT,core.payments,PAY-0577,core.settlements,SET-0577,MATCHED,1640.53,1640.53,0.0,0,0,LEGITIMATE,TOL-SETTLEMENT,2025-04-05T00:00:00Z,
rcn-02342,RUN-2025-04-05-01,FEE_VS_RATE_CARD,core.payments,PAY-0577,core.gateway_fees,FEE-0577,MATCHED,33.6,33.6,0.0,0,0,LEGITIMATE,TOL-FEE,2025-04-05T00:00:00Z,
rcn-02343,RUN-2025-04-05-01,BANK_VS_SETTLEMENT,core.settlements,SET-0577,core.bank_transactions,BNK-0577,MATCHED,1640.53,1640.53,0.0,0,0,LEGITIMATE,TOL-BANK,2025-04-05T00:00:00Z,
rcn-02344,RUN-2025-04-05-01,PAYMENT_VS_ORDER,core.orders,ORD-578,core.payments,PAY-0578,MATCHED,743.49,743.49,0.0,0,0,LEGITIMATE,TOL-PAYMENT,2025-04-05T00:00:00Z,
rcn-02345,RUN-2025-04-05-01,SETTLEMENT_VS_PAYMENT,core.payments,PAY-0578,core.settlements,SET-0578,MATCHED,739.99,739.99,0.0,0,0,LEGITIMATE,TOL-SETTLEMENT,2025-04-05T00:00:00Z,
rcn-02346,RUN-2025-04-05-01,FEE_VS_RATE_CARD,core.payments,PAY-0578,core.gateway_fees,FEE-0578,MATCHED,2.97,2.97,0.0,0,0,LEGITIMATE,TOL-FEE,2025-04-05T00:00:00Z,
rcn-02347,RUN-2025-04-05-01,BANK_VS_SETTLEMENT,core.settlements,SET-0578,core.bank_transactions,BNK-0578,MATCHED,739.99,739.99,0.0,0,0,LEGITIMATE,TOL-BANK,2025-04-05T00:00:00Z,
rcn-02348,RUN-2025-04-05-01,PAYMENT_VS_ORDER,core.orders,ORD-579,core.payments,PAY-0579,MATCHED,299.0,299.0,0.0,0,0,LEGITIMATE,TOL-PAYMENT,2025-04-05T00:00:00Z,
rcn-02349,RUN-2025-04-05-01,SETTLEMENT_VS_PAYMENT,core.payments,PAY-0579,core.settlements,,UNMATCHED,291.94,,,0,291.94,LEAKAGE,TOL-SETTLEMENT,2025-04-05T00:00:00Z,LEAKAGE on SETTLEMENT_VS_PAYMENT
rcn-02350,RUN-2025-04-05-01,FEE_VS_RATE_CARD,core.payments,PAY-0579,core.gateway_fees,FEE-0579,MATCHED,5.98,5.98,0.0,0,0,LEGITIMATE,TOL-FEE,2025-04-05T00:00:00Z,
rcn-02351,RUN-2025-04-05-01,PAYMENT_VS_ORDER,core.orders,ORD-580,core.payments,PAY-0580,MATCHED,7835.03,7835.03,0.0,0,0,LEGITIMATE,TOL-PAYMENT,2025-04-05T00:00:00Z,
rcn-02352,RUN-2025-04-05-01,SETTLEMENT_VS_PAYMENT,core.payments,PAY-0580,core.settlements,SET-0580,MISMATCH,7798.05,7190.16,607.89,0,607.89,LEAKAGE,TOL-SETTLEMENT,2025-04-05T00:00:00Z,LEAKAGE on SETTLEMENT_VS_PAYMENT
rcn-02353,RUN-2025-04-05-01,FEE_VS_RATE_CARD,core.payments,PAY-0580,core.gateway_fees,FEE-0580,MATCHED,31.34,31.34,0.0,0,0,LEGITIMATE,TOL-FEE,2025-04-05T00:00:00Z,
rcn-02354,RUN-2025-04-05-01,BANK_VS_SETTLEMENT,core.settlements,SET-0580,core.bank_transactions,BNK-0580,MATCHED,7190.16,7190.16,0.0,0,0,LEGITIMATE,TOL-BANK,2025-04-05T00:00:00Z,
rcn-02355,RUN-2025-04-05-01,PAYMENT_VS_ORDER,core.orders,ORD-581,core.payments,PAY-0581,MATCHED,1365.46,1365.46,0.0,0,0,LEGITIMATE,TOL-PAYMENT,2025-04-05T00:00:00Z,
rcn-02356,RUN-2025-04-05-01,SETTLEMENT_VS_PAYMENT,core.payments,PAY-0581,core.settlements,SET-0581,MATCHED,1333.23,1333.23,0.0,0,0,LEGITIMATE,TOL-SETTLEMENT,2025-04-05T00:00:00Z,
rcn-02357,RUN-2025-04-05-01,FEE_VS_RATE_CARD,core.payments,PAY-0581,core.gateway_fees,FEE-0581,MATCHED,27.31,27.31,0.0,0,0,LEGITIMATE,TOL-FEE,2025-04-05T00:00:00Z,
rcn-02358,RUN-2025-04-05-01,BANK_VS_SETTLEMENT,core.settlements,SET-0581,core.bank_transactions,BNK-0581,MATCHED,1333.23,1333.23,0.0,0,0,LEGITIMATE,TOL-BANK,2025-04-05T00:00:00Z,
rcn-02359,RUN-2025-04-05-01,PAYMENT_VS_ORDER,core.orders,ORD-582,core.payments,PAY-0582,MATCHED,5377.03,5377.03,0.0,0,0,LEGITIMATE,TOL-PAYMENT,2025-04-05T00:00:00Z,
rcn-02360,RUN-2025-04-05-01,SETTLEMENT_VS_PAYMENT,core.payments,PAY-0582,core.settlements,SET-0582,MATCHED,5250.13,5250.13,0.0,0,0,LEGITIMATE,TOL-SETTLEMENT,2025-04-05T00:00:00Z,
rcn-02361,RUN-2025-04-05-01,FEE_VS_RATE_CARD,core.payments,PAY-0582,core.gateway_fees,FEE-0582,MATCHED,107.54,107.54,0.0,0,0,LEGITIMATE,TOL-FEE,2025-04-05T00:00:00Z,
rcn-02362,RUN-2025-04-05-01,BANK_VS_SETTLEMENT,core.settlements,SET-0582,core.bank_transactions,BNK-0582,MATCHED,5250.13,5250.13,0.0,0,0,LEGITIMATE,TOL-BANK,2025-04-05T00:00:00Z,
rcn-02363,RUN-2025-04-05-01,PAYMENT_VS_ORDER,core.orders,ORD-583,core.payments,PAY-0583,MATCHED,1130.05,1130.05,0.0,0,0,LEGITIMATE,TOL-PAYMENT,2025-04-05T00:00:00Z,
rcn-02364,RUN-2025-04-05-01,SETTLEMENT_VS_PAYMENT,core.payments,PAY-0583,core.settlements,SET-0583,MATCHED,1124.72,1124.72,0.0,0,0,LEGITIMATE,TOL-SETTLEMENT,2025-04-05T00:00:00Z,
rcn-02365,RUN-2025-04-05-01,FEE_VS_RATE_CARD,core.payments,PAY-0583,core.gateway_fees,FEE-0583,MATCHED,4.52,4.52,0.0,0,0,LEGITIMATE,TOL-FEE,2025-04-05T00:00:00Z,
rcn-02366,RUN-2025-04-05-01,BANK_VS_SETTLEMENT,core.settlements,SET-0583,core.bank_transactions,BNK-0583,MATCHED,1124.72,1124.72,0.0,0,0,LEGITIMATE,TOL-BANK,2025-04-05T00:00:00Z,
rcn-02367,RUN-2025-04-05-01,PAYMENT_VS_ORDER,core.orders,ORD-584,core.payments,PAY-0584,MATCHED,942.12,942.12,0.0,0,0,LEGITIMATE,TOL-PAYMENT,2025-04-05T00:00:00Z,
rcn-02368,RUN-2025-04-05-01,SETTLEMENT_VS_PAYMENT,core.payments,PAY-0584,core.settlements,SET-0584,MATCHED,919.89,919.89,0.0,0,0,LEGITIMATE,TOL-SETTLEMENT,2025-04-05T00:00:00Z,
rcn-02369,RUN-2025-04-05-01,FEE_VS_RATE_CARD,core.payments,PAY-0584,core.gateway_fees,FEE-0584,MATCHED,18.84,18.84,0.0,0,0,LEGITIMATE,TOL-FEE,2025-04-05T00:00:00Z,
rcn-02370,RUN-2025-04-05-01,BANK_VS_SETTLEMENT,core.settlements,SET-0584,core.bank_transactions,BNK-0584,MATCHED,919.89,919.89,0.0,0,0,LEGITIMATE,TOL-BANK,2025-04-05T00:00:00Z,
rcn-02371,RUN-2025-04-05-01,PAYMENT_VS_ORDER,core.orders,ORD-585,core.payments,PAY-0585,MATCHED,2429.58,2429.58,0.0,0,0,LEGITIMATE,TOL-PAYMENT,2025-04-05T00:00:00Z,
rcn-02372,RUN-2025-04-05-01,SETTLEMENT_VS_PAYMENT,core.payments,PAY-0585,core.settlements,SET-0585,MISMATCH,2372.24,2314.9,57.34,0,57.34,LEAKAGE,TOL-SETTLEMENT,2025-04-05T00:00:00Z,LEAKAGE on SETTLEMENT_VS_PAYMENT
rcn-02373,RUN-2025-04-05-01,FEE_VS_RATE_CARD,core.payments,PAY-0585,core.gateway_fees,FEE-0585,MISMATCH,48.59,97.18,-48.59,0,48.59,LEAKAGE,TOL-FEE,2025-04-05T00:00:00Z,LEAKAGE on FEE_VS_RATE_CARD
rcn-02374,RUN-2025-04-05-01,BANK_VS_SETTLEMENT,core.settlements,SET-0585,core.bank_transactions,BNK-0585,MATCHED,2314.9,2314.9,0.0,0,0,LEGITIMATE,TOL-BANK,2025-04-05T00:00:00Z,
rcn-02375,RUN-2025-04-05-01,PAYMENT_VS_ORDER,core.orders,ORD-586,core.payments,PAY-0586,MATCHED,563.49,563.49,0.0,0,0,LEGITIMATE,TOL-PAYMENT,2025-04-05T00:00:00Z,
rcn-02376,RUN-2025-04-05-01,SETTLEMENT_VS_PAYMENT,core.payments,PAY-0586,core.settlements,SET-0586,MATCHED,282.25,282.25,0.0,0,0,LEGITIMATE,TOL-SETTLEMENT,2025-04-05T00:00:00Z,
rcn-02377,RUN-2025-04-05-01,FEE_VS_RATE_CARD,core.payments,PAY-0586,core.gateway_fees,FEE-0586,MATCHED,2.25,2.25,0.0,0,0,LEGITIMATE,TOL-FEE,2025-04-05T00:00:00Z,
rcn-02378,RUN-2025-04-05-01,BANK_VS_SETTLEMENT,core.settlements,SET-0586,core.bank_transactions,BNK-0586,MATCHED,282.25,282.25,0.0,0,0,LEGITIMATE,TOL-BANK,2025-04-05T00:00:00Z,
rcn-02379,RUN-2025-04-05-01,REFUND_VS_PAYMENT,core.payments,PAY-0586,core.refunds,REF-0586,MATCHED,279.71,279.71,0.0,0,0,LEGITIMATE,TOL-REFUND,2025-04-05T00:00:00Z,
rcn-02380,RUN-2025-04-05-01,PAYMENT_VS_ORDER,core.orders,ORD-587,core.payments,PAY-0587,MATCHED,443.72,443.72,0.0,0,0,LEGITIMATE,TOL-PAYMENT,2025-04-05T00:00:00Z,
rcn-02381,RUN-2025-04-05-01,SETTLEMENT_VS_PAYMENT,core.payments,PAY-0587,core.settlements,SET-0587,MATCHED,433.25,433.25,0.0,0,0,LEGITIMATE,TOL-SETTLEMENT,2025-04-05T00:00:00Z,
rcn-02382,RUN-2025-04-05-01,FEE_VS_RATE_CARD,core.payments,PAY-0587,core.gateway_fees,FEE-0587,MATCHED,8.87,8.87,0.0,0,0,LEGITIMATE,TOL-FEE,2025-04-05T00:00:00Z,
rcn-02383,RUN-2025-04-05-01,BANK_VS_SETTLEMENT,core.settlements,SET-0587,core.bank_transactions,BNK-0587,MATCHED,433.25,433.25,0.0,0,0,LEGITIMATE,TOL-BANK,2025-04-05T00:00:00Z,
rcn-02384,RUN-2025-04-05-01,PAYMENT_VS_ORDER,core.orders,ORD-588,core.payments,PAY-0588,MATCHED,769.73,769.73,0.0,0,0,LEGITIMATE,TOL-PAYMENT,2025-04-05T00:00:00Z,
rcn-02385,RUN-2025-04-05-01,SETTLEMENT_VS_PAYMENT,core.payments,PAY-0588,core.settlements,SET-0588,MATCHED,766.1,766.1,0.0,0,0,LEGITIMATE,TOL-SETTLEMENT,2025-04-05T00:00:00Z,
rcn-02386,RUN-2025-04-05-01,FEE_VS_RATE_CARD,core.payments,PAY-0588,core.gateway_fees,FEE-0588,MATCHED,3.08,3.08,0.0,0,0,LEGITIMATE,TOL-FEE,2025-04-05T00:00:00Z,
rcn-02387,RUN-2025-04-05-01,BANK_VS_SETTLEMENT,core.settlements,SET-0588,core.bank_transactions,BNK-0588,MATCHED,766.1,766.1,0.0,0,0,LEGITIMATE,TOL-BANK,2025-04-05T00:00:00Z,
rcn-02388,RUN-2025-04-05-01,PAYMENT_VS_ORDER,core.orders,ORD-589,core.payments,PAY-0589,MATCHED,3188.51,3188.51,0.0,0,0,LEGITIMATE,TOL-PAYMENT,2025-04-05T00:00:00Z,
rcn-02389,RUN-2025-04-05-01,SETTLEMENT_VS_PAYMENT,core.payments,PAY-0589,core.settlements,SET-0589,MATCHED,3113.26,3113.26,0.0,0,0,LEGITIMATE,TOL-SETTLEMENT,2025-04-05T00:00:00Z,
rcn-02390,RUN-2025-04-05-01,FEE_VS_RATE_CARD,core.payments,PAY-0589,core.gateway_fees,FEE-0589,MATCHED,63.77,63.77,0.0,0,0,LEGITIMATE,TOL-FEE,2025-04-05T00:00:00Z,
rcn-02391,RUN-2025-04-05-01,BANK_VS_SETTLEMENT,core.settlements,SET-0589,core.bank_transactions,BNK-0589,MATCHED,3113.26,3113.26,0.0,0,0,LEGITIMATE,TOL-BANK,2025-04-05T00:00:00Z,
rcn-02392,RUN-2025-04-05-01,PAYMENT_VS_ORDER,core.orders,ORD-590,core.payments,PAY-0590,MATCHED,613.78,613.78,0.0,0,0,LEGITIMATE,TOL-PAYMENT,2025-04-05T00:00:00Z,
rcn-02393,RUN-2025-04-05-01,SETTLEMENT_VS_PAYMENT,core.payments,PAY-0590,core.settlements,SET-0590,MISMATCH,599.29,556.49,42.8,0,42.8,LEAKAGE,TOL-SETTLEMENT,2025-04-05T00:00:00Z,LEAKAGE on SETTLEMENT_VS_PAYMENT
rcn-02394,RUN-2025-04-05-01,FEE_VS_RATE_CARD,core.payments,PAY-0590,core.gateway_fees,FEE-0590,MATCHED,12.28,12.28,0.0,0,0,LEGITIMATE,TOL-FEE,2025-04-05T00:00:00Z,
rcn-02395,RUN-2025-04-05-01,BANK_VS_SETTLEMENT,core.settlements,SET-0590,core.bank_transactions,BNK-0590,MATCHED,556.49,556.49,0.0,0,0,LEGITIMATE,TOL-BANK,2025-04-05T00:00:00Z,
rcn-02396,RUN-2025-04-05-01,PAYMENT_VS_ORDER,core.orders,ORD-591,core.payments,PAY-0591,MATCHED,299.0,299.0,0.0,0,0,LEGITIMATE,TOL-PAYMENT,2025-04-05T00:00:00Z,
rcn-02397,RUN-2025-04-05-01,SETTLEMENT_VS_PAYMENT,core.payments,PAY-0591,core.settlements,SET-0591,MATCHED,189.92,189.92,0.0,0,0,LEGITIMATE,TOL-SETTLEMENT,2025-04-05T00:00:00Z,
rcn-02398,RUN-2025-04-05-01,FEE_VS_RATE_CARD,core.payments,PAY-0591,core.gateway_fees,FEE-0591,MATCHED,5.98,5.98,0.0,0,0,LEGITIMATE,TOL-FEE,2025-04-05T00:00:00Z,
rcn-02399,RUN-2025-04-05-01,BANK_VS_SETTLEMENT,core.settlements,SET-0591,core.bank_transactions,BNK-0591,MATCHED,189.92,189.92,0.0,0,0,LEGITIMATE,TOL-BANK,2025-04-05T00:00:00Z,
rcn-02400,RUN-2025-04-05-01,REFUND_VS_PAYMENT,core.payments,PAY-0591,core.refunds,REF-0591,MATCHED,104.1,104.1,0.0,0,0,LEGITIMATE,TOL-REFUND,2025-04-05T00:00:00Z,
rcn-02401,RUN-2025-04-05-01,PAYMENT_VS_ORDER,core.orders,ORD-592,core.payments,PAY-0592,MATCHED,299.0,299.0,0.0,0,0,LEGITIMATE,TOL-PAYMENT,2025-04-05T00:00:00Z,
rcn-02402,RUN-2025-04-05-01,SETTLEMENT_VS_PAYMENT,core.payments,PAY-0592,core.settlements,SET-0592,MATCHED,292.3,292.3,0.0,0,0,LEGITIMATE,TOL-SETTLEMENT,2025-04-05T00:00:00Z,
rcn-02403,RUN-2025-04-05-01,FEE_VS_RATE_CARD,core.payments,PAY-0592,core.gateway_fees,FEE-0592,MATCHED,5.68,5.68,0.0,0,0,LEGITIMATE,TOL-FEE,2025-04-05T00:00:00Z,
rcn-02404,RUN-2025-04-05-01,BANK_VS_SETTLEMENT,core.settlements,SET-0592,core.bank_transactions,BNK-0592,MATCHED,292.3,292.3,0.0,0,0,LEGITIMATE,TOL-BANK,2025-04-05T00:00:00Z,
rcn-02405,RUN-2025-04-05-01,PAYMENT_VS_ORDER,core.orders,ORD-593,core.payments,PAY-0593,MATCHED,6078.46,6078.46,0.0,0,0,LEGITIMATE,TOL-PAYMENT,2025-04-05T00:00:00Z,
rcn-02406,RUN-2025-04-05-01,SETTLEMENT_VS_PAYMENT,core.payments,PAY-0593,core.settlements,SET-0593,MATCHED,6049.77,6049.77,0.0,0,0,LEGITIMATE,TOL-SETTLEMENT,2025-04-05T00:00:00Z,
rcn-02407,RUN-2025-04-05-01,FEE_VS_RATE_CARD,core.payments,PAY-0593,core.gateway_fees,FEE-0593,MATCHED,24.31,24.31,0.0,0,0,LEGITIMATE,TOL-FEE,2025-04-05T00:00:00Z,
rcn-02408,RUN-2025-04-05-01,BANK_VS_SETTLEMENT,core.settlements,SET-0593,core.bank_transactions,BNK-0593,MATCHED,6049.77,6049.77,0.0,0,0,LEGITIMATE,TOL-BANK,2025-04-05T00:00:00Z,
rcn-02409,RUN-2025-04-05-01,PAYMENT_VS_ORDER,core.orders,ORD-594,core.payments,PAY-0594,MATCHED,1352.31,1352.31,0.0,0,0,LEGITIMATE,TOL-PAYMENT,2025-04-05T00:00:00Z,
rcn-02410,RUN-2025-04-05-01,SETTLEMENT_VS_PAYMENT,core.payments,PAY-0594,core.settlements,SET-0594,MATCHED,1320.39,1320.39,0.0,0,0,LEGITIMATE,TOL-SETTLEMENT,2025-04-05T00:00:00Z,
rcn-02411,RUN-2025-04-05-01,FEE_VS_RATE_CARD,core.payments,PAY-0594,core.gateway_fees,FEE-0594,MATCHED,27.05,27.05,0.0,0,0,LEGITIMATE,TOL-FEE,2025-04-05T00:00:00Z,
rcn-02412,RUN-2025-04-05-01,BANK_VS_SETTLEMENT,core.settlements,SET-0594,core.bank_transactions,BNK-0594,MATCHED,1320.39,1320.39,0.0,0,0,LEGITIMATE,TOL-BANK,2025-04-05T00:00:00Z,
rcn-02413,RUN-2025-04-05-01,PAYMENT_VS_ORDER,core.orders,ORD-595,core.payments,PAY-0595,MATCHED,1989.44,1989.44,0.0,0,0,LEGITIMATE,TOL-PAYMENT,2025-04-05T00:00:00Z,
rcn-02414,RUN-2025-04-05-01,SETTLEMENT_VS_PAYMENT,core.payments,PAY-0595,core.settlements,SET-0595,MATCHED,1942.49,1942.49,0.0,0,0,LEGITIMATE,TOL-SETTLEMENT,2025-04-05T00:00:00Z,
rcn-02415,RUN-2025-04-05-01,FEE_VS_RATE_CARD,core.payments,PAY-0595,core.gateway_fees,FEE-0595,MATCHED,39.79,39.79,0.0,0,0,LEGITIMATE,TOL-FEE,2025-04-05T00:00:00Z,
rcn-02416,RUN-2025-04-05-01,BANK_VS_SETTLEMENT,core.settlements,SET-0595,core.bank_transactions,BNK-0595,MATCHED,1942.49,1942.49,0.0,0,0,LEGITIMATE,TOL-BANK,2025-04-05T00:00:00Z,
rcn-02417,RUN-2025-04-05-01,PAYMENT_VS_ORDER,core.orders,ORD-596,core.payments,PAY-0596,MATCHED,1112.8,1112.8,0.0,0,0,LEGITIMATE,TOL-PAYMENT,2025-04-05T00:00:00Z,
rcn-02418,RUN-2025-04-05-01,SETTLEMENT_VS_PAYMENT,core.payments,PAY-0596,core.settlements,SET-0596,MATCHED,1086.53,1086.53,0.0,0,0,LEGITIMATE,TOL-SETTLEMENT,2025-04-05T00:00:00Z,
rcn-02419,RUN-2025-04-05-01,FEE_VS_RATE_CARD,core.payments,PAY-0596,core.gateway_fees,FEE-0596,MATCHED,22.26,22.26,0.0,0,0,LEGITIMATE,TOL-FEE,2025-04-05T00:00:00Z,
rcn-02420,RUN-2025-04-05-01,BANK_VS_SETTLEMENT,core.settlements,SET-0596,core.bank_transactions,BNK-0596,MATCHED,1086.53,1086.53,0.0,0,0,LEGITIMATE,TOL-BANK,2025-04-05T00:00:00Z,
rcn-02421,RUN-2025-04-05-01,PAYMENT_VS_ORDER,core.orders,ORD-597,core.payments,PAY-0597,MATCHED,4312.93,4312.93,0.0,0,0,LEGITIMATE,TOL-PAYMENT,2025-04-05T00:00:00Z,
rcn-02422,RUN-2025-04-05-01,SETTLEMENT_VS_PAYMENT,core.payments,PAY-0597,core.settlements,SET-0597,MATCHED,4193.34,4193.34,0.0,0,0,LEGITIMATE,TOL-SETTLEMENT,2025-04-05T00:00:00Z,
rcn-02423,RUN-2025-04-05-01,FEE_VS_RATE_CARD,core.payments,PAY-0597,core.gateway_fees,FEE-0597,MATCHED,101.35,101.35,0.0,0,0,LEGITIMATE,TOL-FEE,2025-04-05T00:00:00Z,
rcn-02424,RUN-2025-04-05-01,BANK_VS_SETTLEMENT,core.settlements,SET-0597,core.bank_transactions,BNK-0597,MATCHED,4193.34,4193.34,0.0,0,0,LEGITIMATE,TOL-BANK,2025-04-05T00:00:00Z,
rcn-02425,RUN-2025-04-05-01,PAYMENT_VS_ORDER,core.orders,ORD-598,core.payments,PAY-0598,MATCHED,2504.5,2504.5,0.0,0,0,LEGITIMATE,TOL-PAYMENT,2025-04-05T00:00:00Z,
rcn-02426,RUN-2025-04-05-01,SETTLEMENT_VS_PAYMENT,core.payments,PAY-0598,core.settlements,SET-0598,MATCHED,2445.39,2445.39,0.0,0,0,LEGITIMATE,TOL-SETTLEMENT,2025-04-05T00:00:00Z,
rcn-02427,RUN-2025-04-05-01,FEE_VS_RATE_CARD,core.payments,PAY-0598,core.gateway_fees,FEE-0598,MATCHED,50.09,50.09,0.0,0,0,LEGITIMATE,TOL-FEE,2025-04-05T00:00:00Z,
rcn-02428,RUN-2025-04-05-01,BANK_VS_SETTLEMENT,core.settlements,SET-0598,core.bank_transactions,BNK-0598,MATCHED,2445.39,2445.39,0.0,0,0,LEGITIMATE,TOL-BANK,2025-04-05T00:00:00Z,
rcn-02429,RUN-2025-04-05-01,PAYMENT_VS_ORDER,core.orders,ORD-599,core.payments,PAY-0599,MATCHED,570.34,570.34,0.0,0,0,LEGITIMATE,TOL-PAYMENT,2025-04-05T00:00:00Z,
rcn-02430,RUN-2025-04-05-01,SETTLEMENT_VS_PAYMENT,core.payments,PAY-0599,core.settlements,SET-0599,MATCHED,556.18,556.18,0.0,0,0,LEGITIMATE,TOL-SETTLEMENT,2025-04-05T00:00:00Z,
rcn-02431,RUN-2025-04-05-01,FEE_VS_RATE_CARD,core.payments,PAY-0599,core.gateway_fees,FEE-0599,MATCHED,12.0,12.0,0.0,0,0,LEGITIMATE,TOL-FEE,2025-04-05T00:00:00Z,
rcn-02432,RUN-2025-04-05-01,BANK_VS_SETTLEMENT,core.settlements,SET-0599,core.bank_transactions,BNK-0599,MATCHED,556.18,556.18,0.0,0,0,LEGITIMATE,TOL-BANK,2025-04-05T00:00:00Z,
rcn-02433,RUN-2025-04-05-01,PAYMENT_VS_ORDER,core.orders,ORD-600,core.payments,PAY-0600,MATCHED,299.0,299.0,0.0,0,0,LEGITIMATE,TOL-PAYMENT,2025-04-05T00:00:00Z,
rcn-02434,RUN-2025-04-05-01,SETTLEMENT_VS_PAYMENT,core.payments,PAY-0600,core.settlements,SET-0600,MATCHED,291.94,291.94,0.0,0,0,LEGITIMATE,TOL-SETTLEMENT,2025-04-05T00:00:00Z,
rcn-02435,RUN-2025-04-05-01,FEE_VS_RATE_CARD,core.payments,PAY-0600,core.gateway_fees,FEE-0600,MATCHED,5.98,5.98,0.0,0,0,LEGITIMATE,TOL-FEE,2025-04-05T00:00:00Z,
rcn-02436,RUN-2025-04-05-01,BANK_VS_SETTLEMENT,core.settlements,SET-0600,core.bank_transactions,BNK-0600,MATCHED,291.94,291.94,0.0,0,0,LEGITIMATE,TOL-BANK,2025-04-05T00:00:00Z,
rcn-02437,RUN-2025-04-05-01,PAYMENT_VS_ORDER,core.orders,ORD-601,core.payments,PAY-0601,MATCHED,377.44,377.44,0.0,0,0,LEGITIMATE,TOL-PAYMENT,2025-04-05T00:00:00Z,
rcn-02438,RUN-2025-04-05-01,SETTLEMENT_VS_PAYMENT,core.payments,PAY-0601,core.settlements,SET-0601,MATCHED,366.97,366.97,0.0,0,0,LEGITIMATE,TOL-SETTLEMENT,2025-04-05T00:00:00Z,
rcn-02439,RUN-2025-04-05-01,FEE_VS_RATE_CARD,core.payments,PAY-0601,core.gateway_fees,FEE-0601,MATCHED,8.87,8.87,0.0,0,0,LEGITIMATE,TOL-FEE,2025-04-05T00:00:00Z,
rcn-02440,RUN-2025-04-05-01,BANK_VS_SETTLEMENT,core.settlements,SET-0601,core.bank_transactions,BNK-0601,MATCHED,366.97,366.97,0.0,0,0,LEGITIMATE,TOL-BANK,2025-04-05T00:00:00Z,
rcn-02441,RUN-2025-04-05-01,PAYMENT_VS_ORDER,core.orders,ORD-602,core.payments,PAY-0602,MATCHED,431.55,431.55,0.0,0,0,LEGITIMATE,TOL-PAYMENT,2025-04-05T00:00:00Z,
rcn-02442,RUN-2025-04-05-01,SETTLEMENT_VS_PAYMENT,core.payments,PAY-0602,core.settlements,SET-0602,MATCHED,421.37,421.37,0.0,0,0,LEGITIMATE,TOL-SETTLEMENT,2025-04-05T00:00:00Z,
rcn-02443,RUN-2025-04-05-01,FEE_VS_RATE_CARD,core.payments,PAY-0602,core.gateway_fees,FEE-0602,MATCHED,8.63,8.63,0.0,0,0,LEGITIMATE,TOL-FEE,2025-04-05T00:00:00Z,
rcn-02444,RUN-2025-04-05-01,BANK_VS_SETTLEMENT,core.settlements,SET-0602,core.bank_transactions,BNK-0602,MATCHED,421.37,421.37,0.0,0,0,LEGITIMATE,TOL-BANK,2025-04-05T00:00:00Z,
rcn-02445,RUN-2025-04-05-01,PAYMENT_VS_ORDER,core.orders,ORD-603,core.payments,PAY-0603,MATCHED,5894.72,5894.72,0.0,0,0,LEGITIMATE,TOL-PAYMENT,2025-04-05T00:00:00Z,
rcn-02446,RUN-2025-04-05-01,SETTLEMENT_VS_PAYMENT,core.payments,PAY-0603,core.settlements,,UNMATCHED,5755.61,,,0,5755.61,LEAKAGE,TOL-SETTLEMENT,2025-04-05T00:00:00Z,LEAKAGE on SETTLEMENT_VS_PAYMENT
rcn-02447,RUN-2025-04-05-01,FEE_VS_RATE_CARD,core.payments,PAY-0603,core.gateway_fees,FEE-0603,MATCHED,117.89,117.89,0.0,0,0,LEGITIMATE,TOL-FEE,2025-04-05T00:00:00Z,
rcn-02448,RUN-2025-04-05-01,PAYMENT_VS_ORDER,core.orders,ORD-604,core.payments,PAY-0604,MATCHED,474.84,474.84,0.0,0,0,LEGITIMATE,TOL-PAYMENT,2025-04-05T00:00:00Z,
rcn-02449,RUN-2025-04-05-01,SETTLEMENT_VS_PAYMENT,core.payments,PAY-0604,core.settlements,SET-0604,MATCHED,461.67,461.67,0.0,0,0,LEGITIMATE,TOL-SETTLEMENT,2025-04-05T00:00:00Z,
rcn-02450,RUN-2025-04-05-01,FEE_VS_RATE_CARD,core.payments,PAY-0604,core.gateway_fees,FEE-0604,MATCHED,11.16,11.16,0.0,0,0,LEGITIMATE,TOL-FEE,2025-04-05T00:00:00Z,
rcn-02451,RUN-2025-04-05-01,BANK_VS_SETTLEMENT,core.settlements,SET-0604,core.bank_transactions,BNK-0604,MATCHED,461.67,461.67,0.0,0,0,LEGITIMATE,TOL-BANK,2025-04-05T00:00:00Z,
rcn-02452,RUN-2025-04-05-01,PAYMENT_VS_ORDER,core.orders,ORD-605,core.payments,PAY-0605,MATCHED,1013.99,1013.99,0.0,0,0,LEGITIMATE,TOL-PAYMENT,2025-04-05T00:00:00Z,
rcn-02453,RUN-2025-04-05-01,SETTLEMENT_VS_PAYMENT,core.payments,PAY-0605,core.settlements,SET-0605,MATCHED,1009.2,1009.2,0.0,0,0,LEGITIMATE,TOL-SETTLEMENT,2025-04-05T00:00:00Z,
rcn-02454,RUN-2025-04-05-01,FEE_VS_RATE_CARD,core.payments,PAY-0605,core.gateway_fees,FEE-0605,MATCHED,4.06,4.06,0.0,0,0,LEGITIMATE,TOL-FEE,2025-04-05T00:00:00Z,
rcn-02455,RUN-2025-04-05-01,BANK_VS_SETTLEMENT,core.settlements,SET-0605,core.bank_transactions,BNK-0605,MATCHED,1009.2,1009.2,0.0,0,0,LEGITIMATE,TOL-BANK,2025-04-05T00:00:00Z,
rcn-02456,RUN-2025-04-05-01,PAYMENT_VS_ORDER,core.orders,ORD-606,core.payments,PAY-0606,MATCHED,580.55,580.55,0.0,0,0,LEGITIMATE,TOL-PAYMENT,2025-04-05T00:00:00Z,
rcn-02457,RUN-2025-04-05-01,SETTLEMENT_VS_PAYMENT,core.payments,PAY-0606,core.settlements,SET-0606,MATCHED,566.85,566.85,0.0,0,0,LEGITIMATE,TOL-SETTLEMENT,2025-04-05T00:00:00Z,
rcn-02458,RUN-2025-04-05-01,FEE_VS_RATE_CARD,core.payments,PAY-0606,core.gateway_fees,FEE-0606,MATCHED,11.61,11.61,0.0,0,0,LEGITIMATE,TOL-FEE,2025-04-05T00:00:00Z,
rcn-02459,RUN-2025-04-05-01,BANK_VS_SETTLEMENT,core.settlements,SET-0606,core.bank_transactions,BNK-0606,MATCHED,566.85,566.85,0.0,0,0,LEGITIMATE,TOL-BANK,2025-04-05T00:00:00Z,
rcn-02460,RUN-2025-04-05-01,PAYMENT_VS_ORDER,core.orders,ORD-607,core.payments,PAY-0607,MATCHED,1805.91,1805.91,0.0,0,0,LEGITIMATE,TOL-PAYMENT,2025-04-05T00:00:00Z,
rcn-02461,RUN-2025-04-05-01,SETTLEMENT_VS_PAYMENT,core.payments,PAY-0607,core.settlements,SET-0607,MATCHED,1791.75,1791.75,0.0,0,0,LEGITIMATE,TOL-SETTLEMENT,2025-04-05T00:00:00Z,
rcn-02462,RUN-2025-04-05-01,FEE_VS_RATE_CARD,core.payments,PAY-0607,core.gateway_fees,FEE-0607,MATCHED,12.0,12.0,0.0,0,0,LEGITIMATE,TOL-FEE,2025-04-05T00:00:00Z,
rcn-02463,RUN-2025-04-05-01,BANK_VS_SETTLEMENT,core.settlements,SET-0607,core.bank_transactions,BNK-0607,MATCHED,1791.75,1791.75,0.0,0,0,LEGITIMATE,TOL-BANK,2025-04-05T00:00:00Z,
rcn-02464,RUN-2025-04-05-01,PAYMENT_VS_ORDER,core.orders,ORD-608,core.payments,PAY-0608,MATCHED,1048.08,1048.08,0.0,0,0,LEGITIMATE,TOL-PAYMENT,2025-04-05T00:00:00Z,
rcn-02465,RUN-2025-04-05-01,SETTLEMENT_VS_PAYMENT,core.payments,PAY-0608,core.settlements,SET-0608,MATCHED,1043.14,1043.14,0.0,0,0,LEGITIMATE,TOL-SETTLEMENT,2025-04-05T00:00:00Z,
rcn-02466,RUN-2025-04-05-01,FEE_VS_RATE_CARD,core.payments,PAY-0608,core.gateway_fees,FEE-0608,MATCHED,4.19,4.19,0.0,0,0,LEGITIMATE,TOL-FEE,2025-04-05T00:00:00Z,
rcn-02467,RUN-2025-04-05-01,BANK_VS_SETTLEMENT,core.settlements,SET-0608,core.bank_transactions,BNK-0608,MATCHED,1043.14,1043.14,0.0,0,0,LEGITIMATE,TOL-BANK,2025-04-05T00:00:00Z,
rcn-02468,RUN-2025-04-05-01,PAYMENT_VS_ORDER,core.orders,ORD-609,core.payments,PAY-0609,MATCHED,299.0,299.0,0.0,0,0,LEGITIMATE,TOL-PAYMENT,2025-04-05T00:00:00Z,
rcn-02469,RUN-2025-04-05-01,SETTLEMENT_VS_PAYMENT,core.payments,PAY-0609,core.settlements,SET-0609,MATCHED,291.94,291.94,0.0,0,0,LEGITIMATE,TOL-SETTLEMENT,2025-04-05T00:00:00Z,
rcn-02470,RUN-2025-04-05-01,FEE_VS_RATE_CARD,core.payments,PAY-0609,core.gateway_fees,FEE-0609,MATCHED,5.98,5.98,0.0,0,0,LEGITIMATE,TOL-FEE,2025-04-05T00:00:00Z,
rcn-02471,RUN-2025-04-05-01,BANK_VS_SETTLEMENT,core.settlements,SET-0609,core.bank_transactions,BNK-0609,MATCHED,291.94,291.94,0.0,0,0,LEGITIMATE,TOL-BANK,2025-04-05T00:00:00Z,
rcn-02472,RUN-2025-04-05-01,PAYMENT_VS_ORDER,core.orders,ORD-610,core.payments,PAY-0610,MATCHED,2510.39,2510.39,0.0,0,0,LEGITIMATE,TOL-PAYMENT,2025-04-05T00:00:00Z,
rcn-02473,RUN-2025-04-05-01,SETTLEMENT_VS_PAYMENT,core.payments,PAY-0610,core.settlements,SET-0610,MATCHED,2498.54,2498.54,0.0,0,0,LEGITIMATE,TOL-SETTLEMENT,2025-04-05T00:00:00Z,
rcn-02474,RUN-2025-04-05-01,FEE_VS_RATE_CARD,core.payments,PAY-0610,core.gateway_fees,FEE-0610,MATCHED,10.04,10.04,0.0,0,0,LEGITIMATE,TOL-FEE,2025-04-05T00:00:00Z,
rcn-02475,RUN-2025-04-05-01,BANK_VS_SETTLEMENT,core.settlements,SET-0610,core.bank_transactions,BNK-0610,MATCHED,2498.54,2498.54,0.0,0,0,LEGITIMATE,TOL-BANK,2025-04-05T00:00:00Z,
rcn-02476,RUN-2025-04-05-01,PAYMENT_VS_ORDER,core.orders,ORD-612,core.payments,PAY-0612,MATCHED,300.56,300.56,0.0,0,0,LEGITIMATE,TOL-PAYMENT,2025-04-05T00:00:00Z,
rcn-02477,RUN-2025-04-05-01,SETTLEMENT_VS_PAYMENT,core.payments,PAY-0612,core.settlements,SET-0612,MATCHED,299.14,299.14,0.0,0,0,LEGITIMATE,TOL-SETTLEMENT,2025-04-05T00:00:00Z,
rcn-02478,RUN-2025-04-05-01,FEE_VS_RATE_CARD,core.payments,PAY-0612,core.gateway_fees,FEE-0612,MATCHED,1.2,1.2,0.0,0,0,LEGITIMATE,TOL-FEE,2025-04-05T00:00:00Z,
rcn-02479,RUN-2025-04-05-01,BANK_VS_SETTLEMENT,core.settlements,SET-0612,core.bank_transactions,BNK-0612,MATCHED,299.14,299.14,0.0,0,0,LEGITIMATE,TOL-BANK,2025-04-05T00:00:00Z,
rcn-02480,RUN-2025-04-05-01,PAYMENT_VS_ORDER,core.orders,ORD-613,core.payments,PAY-0613,MATCHED,2663.68,2663.68,0.0,0,0,LEGITIMATE,TOL-PAYMENT,2025-04-05T00:00:00Z,
rcn-02481,RUN-2025-04-05-01,SETTLEMENT_VS_PAYMENT,core.payments,PAY-0613,core.settlements,SET-0613,MATCHED,2600.82,2600.82,0.0,0,0,LEGITIMATE,TOL-SETTLEMENT,2025-04-05T00:00:00Z,
rcn-02482,RUN-2025-04-05-01,FEE_VS_RATE_CARD,core.payments,PAY-0613,core.gateway_fees,FEE-0613,MATCHED,53.27,53.27,0.0,0,0,LEGITIMATE,TOL-FEE,2025-04-05T00:00:00Z,
rcn-02483,RUN-2025-04-05-01,BANK_VS_SETTLEMENT,core.settlements,SET-0613,core.bank_transactions,BNK-0613,MATCHED,2600.82,2600.82,0.0,0,0,LEGITIMATE,TOL-BANK,2025-04-05T00:00:00Z,
rcn-02484,RUN-2025-04-05-01,PAYMENT_VS_ORDER,core.orders,ORD-614,core.payments,PAY-0614,MATCHED,1126.03,1126.03,0.0,0,0,LEGITIMATE,TOL-PAYMENT,2025-04-05T00:00:00Z,
rcn-02485,RUN-2025-04-05-01,SETTLEMENT_VS_PAYMENT,core.payments,PAY-0614,core.settlements,,UNMATCHED,822.81,,,0,822.81,LEAKAGE,TOL-SETTLEMENT,2025-04-05T00:00:00Z,LEAKAGE on SETTLEMENT_VS_PAYMENT
rcn-02486,RUN-2025-04-05-01,FEE_VS_RATE_CARD,core.payments,PAY-0614,core.gateway_fees,FEE-0614,MATCHED,4.5,4.5,0.0,0,0,LEGITIMATE,TOL-FEE,2025-04-05T00:00:00Z,
rcn-02487,RUN-2025-04-05-01,REFUND_VS_PAYMENT,core.payments,PAY-0614,core.refunds,REF-0614,MATCHED,299.11,299.11,0.0,0,0,LEGITIMATE,TOL-REFUND,2025-04-05T00:00:00Z,
rcn-02488,RUN-2025-04-05-01,PAYMENT_VS_ORDER,core.orders,ORD-615,core.payments,PAY-0615,MATCHED,1359.61,1359.61,0.0,0,0,LEGITIMATE,TOL-PAYMENT,2025-04-05T00:00:00Z,
rcn-02489,RUN-2025-04-05-01,SETTLEMENT_VS_PAYMENT,core.payments,PAY-0615,core.settlements,SET-0615,MATCHED,1353.19,1353.19,0.0,0,0,LEGITIMATE,TOL-SETTLEMENT,2025-04-05T00:00:00Z,
rcn-02490,RUN-2025-04-05-01,FEE_VS_RATE_CARD,core.payments,PAY-0615,core.gateway_fees,FEE-0615,MATCHED,5.44,5.44,0.0,0,0,LEGITIMATE,TOL-FEE,2025-04-05T00:00:00Z,
rcn-02491,RUN-2025-04-05-01,BANK_VS_SETTLEMENT,core.settlements,SET-0615,core.bank_transactions,BNK-0615,MATCHED,1353.19,1353.19,0.0,0,0,LEGITIMATE,TOL-BANK,2025-04-05T00:00:00Z,
rcn-02492,RUN-2025-04-05-01,PAYMENT_VS_ORDER,core.orders,ORD-616,core.payments,PAY-0616,MATCHED,4064.02,4064.02,0.0,0,0,LEGITIMATE,TOL-PAYMENT,2025-04-05T00:00:00Z,
rcn-02493,RUN-2025-04-05-01,SETTLEMENT_VS_PAYMENT,core.payments,PAY-0616,core.settlements,SET-0616,MATCHED,3968.11,3968.11,0.0,0,0,LEGITIMATE,TOL-SETTLEMENT,2025-04-05T00:00:00Z,
rcn-02494,RUN-2025-04-05-01,FEE_VS_RATE_CARD,core.payments,PAY-0616,core.gateway_fees,FEE-0616,MATCHED,81.28,81.28,0.0,0,0,LEGITIMATE,TOL-FEE,2025-04-05T00:00:00Z,
rcn-02495,RUN-2025-04-05-01,BANK_VS_SETTLEMENT,core.settlements,SET-0616,core.bank_transactions,BNK-0616,MATCHED,3968.11,3968.11,0.0,0,0,LEGITIMATE,TOL-BANK,2025-04-05T00:00:00Z,
rcn-02496,RUN-2025-04-05-01,PAYMENT_VS_ORDER,core.orders,ORD-617,core.payments,PAY-0617,MATCHED,4787.74,4787.74,0.0,0,0,LEGITIMATE,TOL-PAYMENT,2025-04-05T00:00:00Z,
rcn-02497,RUN-2025-04-05-01,SETTLEMENT_VS_PAYMENT,core.payments,PAY-0617,core.settlements,SET-0617,MATCHED,4765.14,4765.14,0.0,0,0,LEGITIMATE,TOL-SETTLEMENT,2025-04-05T00:00:00Z,
rcn-02498,RUN-2025-04-05-01,FEE_VS_RATE_CARD,core.payments,PAY-0617,core.gateway_fees,FEE-0617,MATCHED,19.15,19.15,0.0,0,0,LEGITIMATE,TOL-FEE,2025-04-05T00:00:00Z,
rcn-02499,RUN-2025-04-05-01,BANK_VS_SETTLEMENT,core.settlements,SET-0617,core.bank_transactions,BNK-0617,MATCHED,4765.14,4765.14,0.0,0,0,LEGITIMATE,TOL-BANK,2025-04-05T00:00:00Z,
rcn-02500,RUN-2025-04-05-01,PAYMENT_VS_ORDER,core.orders,ORD-618,core.payments,PAY-0618,MATCHED,20585.67,20585.67,0.0,0,0,LEGITIMATE,TOL-PAYMENT,2025-04-05T00:00:00Z,
rcn-02501,RUN-2025-04-05-01,SETTLEMENT_VS_PAYMENT,core.payments,PAY-0618,core.settlements,SET-0618,MATCHED,20099.85,20099.85,0.0,0,0,LEGITIMATE,TOL-SETTLEMENT,2025-04-05T00:00:00Z,
rcn-02502,RUN-2025-04-05-01,FEE_VS_RATE_CARD,core.payments,PAY-0618,core.gateway_fees,FEE-0618,MATCHED,411.71,411.71,0.0,0,0,LEGITIMATE,TOL-FEE,2025-04-05T00:00:00Z,
rcn-02503,RUN-2025-04-05-01,BANK_VS_SETTLEMENT,core.settlements,SET-0618,core.bank_transactions,BNK-0618,MATCHED,20099.85,20099.85,0.0,0,0,LEGITIMATE,TOL-BANK,2025-04-05T00:00:00Z,
rcn-02504,RUN-2025-04-05-01,PAYMENT_VS_ORDER,core.orders,ORD-619,core.payments,PAY-0619,MATCHED,4512.52,4512.52,0.0,0,0,LEGITIMATE,TOL-PAYMENT,2025-04-05T00:00:00Z,
rcn-02505,RUN-2025-04-05-01,SETTLEMENT_VS_PAYMENT,core.payments,PAY-0619,core.settlements,SET-0619,MATCHED,4411.35,4411.35,0.0,0,0,LEGITIMATE,TOL-SETTLEMENT,2025-04-05T00:00:00Z,
rcn-02506,RUN-2025-04-05-01,FEE_VS_RATE_CARD,core.payments,PAY-0619,core.gateway_fees,FEE-0619,MATCHED,85.74,85.74,0.0,0,0,LEGITIMATE,TOL-FEE,2025-04-05T00:00:00Z,
rcn-02507,RUN-2025-04-05-01,BANK_VS_SETTLEMENT,core.settlements,SET-0619,core.bank_transactions,BNK-0619,MATCHED,4411.35,4411.35,0.0,0,0,LEGITIMATE,TOL-BANK,2025-04-05T00:00:00Z,
rcn-02508,RUN-2025-04-05-01,PAYMENT_VS_ORDER,core.orders,ORD-620,core.payments,PAY-0620,MATCHED,2051.88,2051.88,0.0,0,0,LEGITIMATE,TOL-PAYMENT,2025-04-05T00:00:00Z,
rcn-02509,RUN-2025-04-05-01,SETTLEMENT_VS_PAYMENT,core.payments,PAY-0620,core.settlements,SET-0620,MATCHED,2005.87,2005.87,0.0,0,0,LEGITIMATE,TOL-SETTLEMENT,2025-04-05T00:00:00Z,
rcn-02510,RUN-2025-04-05-01,FEE_VS_RATE_CARD,core.payments,PAY-0620,core.gateway_fees,FEE-0620,MATCHED,38.99,38.99,0.0,0,0,LEGITIMATE,TOL-FEE,2025-04-05T00:00:00Z,
rcn-02511,RUN-2025-04-05-01,BANK_VS_SETTLEMENT,core.settlements,SET-0620,core.bank_transactions,BNK-0620,MATCHED,2005.87,2005.87,0.0,0,0,LEGITIMATE,TOL-BANK,2025-04-05T00:00:00Z,
rcn-02512,RUN-2025-04-05-01,PAYMENT_VS_ORDER,core.orders,ORD-621,core.payments,PAY-0621,MATCHED,653.6,653.6,0.0,0,0,LEGITIMATE,TOL-PAYMENT,2025-04-05T00:00:00Z,
rcn-02513,RUN-2025-04-05-01,SETTLEMENT_VS_PAYMENT,core.payments,PAY-0621,core.settlements,SET-0621,MATCHED,639.44,639.44,0.0,0,0,LEGITIMATE,TOL-SETTLEMENT,2025-04-05T00:00:00Z,
rcn-02514,RUN-2025-04-05-01,FEE_VS_RATE_CARD,core.payments,PAY-0621,core.gateway_fees,FEE-0621,MATCHED,12.0,12.0,0.0,0,0,LEGITIMATE,TOL-FEE,2025-04-05T00:00:00Z,
rcn-02515,RUN-2025-04-05-01,BANK_VS_SETTLEMENT,core.settlements,SET-0621,core.bank_transactions,BNK-0621,MATCHED,639.44,639.44,0.0,0,0,LEGITIMATE,TOL-BANK,2025-04-05T00:00:00Z,
rcn-02516,RUN-2025-04-05-01,PAYMENT_VS_ORDER,core.orders,ORD-622,core.payments,PAY-0622,MATCHED,1396.51,1396.51,0.0,0,0,LEGITIMATE,TOL-PAYMENT,2025-04-05T00:00:00Z,
rcn-02517,RUN-2025-04-05-01,SETTLEMENT_VS_PAYMENT,core.payments,PAY-0622,core.settlements,SET-0622,MATCHED,1382.35,1382.35,0.0,0,0,LEGITIMATE,TOL-SETTLEMENT,2025-04-05T00:00:00Z,
rcn-02518,RUN-2025-04-05-01,FEE_VS_RATE_CARD,core.payments,PAY-0622,core.gateway_fees,FEE-0622,MATCHED,12.0,12.0,0.0,0,0,LEGITIMATE,TOL-FEE,2025-04-05T00:00:00Z,
rcn-02519,RUN-2025-04-05-01,BANK_VS_SETTLEMENT,core.settlements,SET-0622,core.bank_transactions,,UNMATCHED,1382.35,,,0,1382.35,LEAKAGE,TOL-BANK,2025-04-05T00:00:00Z,LEAKAGE on BANK_VS_SETTLEMENT
rcn-02520,RUN-2025-04-05-01,PAYMENT_VS_ORDER,core.orders,ORD-623,core.payments,PAY-0623,MATCHED,897.99,897.99,0.0,0,0,LEGITIMATE,TOL-PAYMENT,2025-04-05T00:00:00Z,
rcn-02521,RUN-2025-04-05-01,SETTLEMENT_VS_PAYMENT,core.payments,PAY-0623,core.settlements,,UNMATCHED,876.8,,,0,876.8,LEAKAGE,TOL-SETTLEMENT,2025-04-05T00:00:00Z,LEAKAGE on SETTLEMENT_VS_PAYMENT
rcn-02522,RUN-2025-04-05-01,FEE_VS_RATE_CARD,core.payments,PAY-0623,core.gateway_fees,FEE-0623,MATCHED,17.96,17.96,0.0,0,0,LEGITIMATE,TOL-FEE,2025-04-05T00:00:00Z,
rcn-02523,RUN-2025-04-05-01,PAYMENT_VS_ORDER,core.orders,ORD-624,core.payments,PAY-0624,MATCHED,2682.91,2682.91,0.0,0,0,LEGITIMATE,TOL-PAYMENT,2025-04-05T00:00:00Z,
rcn-02524,RUN-2025-04-05-01,SETTLEMENT_VS_PAYMENT,core.payments,PAY-0624,core.settlements,SET-0624,MATCHED,2619.59,2619.59,0.0,0,0,LEGITIMATE,TOL-SETTLEMENT,2025-04-05T00:00:00Z,
rcn-02525,RUN-2025-04-05-01,FEE_VS_RATE_CARD,core.payments,PAY-0624,core.gateway_fees,FEE-0624,MATCHED,53.66,53.66,0.0,0,0,LEGITIMATE,TOL-FEE,2025-04-05T00:00:00Z,
rcn-02526,RUN-2025-04-05-01,BANK_VS_SETTLEMENT,core.settlements,SET-0624,core.bank_transactions,BNK-0624,MATCHED,2619.59,2619.59,0.0,0,0,LEGITIMATE,TOL-BANK,2025-04-05T00:00:00Z,
rcn-02527,RUN-2025-04-05-01,PAYMENT_VS_ORDER,core.orders,ORD-625,core.payments,PAY-0625,MATCHED,1585.86,1585.86,0.0,0,0,LEGITIMATE,TOL-PAYMENT,2025-04-05T00:00:00Z,
rcn-02528,RUN-2025-04-05-01,SETTLEMENT_VS_PAYMENT,core.payments,PAY-0625,core.settlements,SET-0625,MATCHED,1548.43,1548.43,0.0,0,0,LEGITIMATE,TOL-SETTLEMENT,2025-04-05T00:00:00Z,
rcn-02529,RUN-2025-04-05-01,FEE_VS_RATE_CARD,core.payments,PAY-0625,core.gateway_fees,FEE-0625,MATCHED,31.72,31.72,0.0,0,0,LEGITIMATE,TOL-FEE,2025-04-05T00:00:00Z,
rcn-02530,RUN-2025-04-05-01,BANK_VS_SETTLEMENT,core.settlements,SET-0625,core.bank_transactions,BNK-0625,MATCHED,1548.43,1548.43,0.0,0,0,LEGITIMATE,TOL-BANK,2025-04-05T00:00:00Z,
rcn-02531,RUN-2025-04-05-01,PAYMENT_VS_ORDER,core.orders,ORD-626,core.payments,PAY-0626,MATCHED,872.27,872.27,0.0,0,0,LEGITIMATE,TOL-PAYMENT,2025-04-05T00:00:00Z,
rcn-02532,RUN-2025-04-05-01,SETTLEMENT_VS_PAYMENT,core.payments,PAY-0626,core.settlements,SET-0626,MATCHED,868.15,868.15,0.0,0,0,LEGITIMATE,TOL-SETTLEMENT,2025-04-05T00:00:00Z,
rcn-02533,RUN-2025-04-05-01,FEE_VS_RATE_CARD,core.payments,PAY-0626,core.gateway_fees,FEE-0626,MATCHED,3.49,3.49,0.0,0,0,LEGITIMATE,TOL-FEE,2025-04-05T00:00:00Z,
rcn-02534,RUN-2025-04-05-01,BANK_VS_SETTLEMENT,core.settlements,SET-0626,core.bank_transactions,BNK-0626,MATCHED,868.15,868.15,0.0,0,0,LEGITIMATE,TOL-BANK,2025-04-05T00:00:00Z,
rcn-02535,RUN-2025-04-05-01,PAYMENT_VS_ORDER,core.orders,ORD-627,core.payments,PAY-0627,MATCHED,650.54,650.54,0.0,0,0,LEGITIMATE,TOL-PAYMENT,2025-04-05T00:00:00Z,
rcn-02536,RUN-2025-04-05-01,SETTLEMENT_VS_PAYMENT,core.payments,PAY-0627,core.settlements,SET-0627,MATCHED,647.47,646.13,1.34,0,0,LEGITIMATE,TOL-SETTLEMENT,2025-04-05T00:00:00Z,
rcn-02537,RUN-2025-04-05-01,FEE_VS_RATE_CARD,core.payments,PAY-0627,core.gateway_fees,FEE-0627,MISMATCH,2.6,3.94,-1.34,0,1.34,LEAKAGE,TOL-FEE,2025-04-05T00:00:00Z,LEAKAGE on FEE_VS_RATE_CARD
rcn-02538,RUN-2025-04-05-01,BANK_VS_SETTLEMENT,core.settlements,SET-0627,core.bank_transactions,,UNMATCHED,646.13,,,0,646.13,LEAKAGE,TOL-BANK,2025-04-05T00:00:00Z,LEAKAGE on BANK_VS_SETTLEMENT
rcn-02539,RUN-2025-04-05-01,PAYMENT_VS_ORDER,core.orders,ORD-628,core.payments,PAY-0628,MATCHED,2499.1,2499.1,0.0,0,0,LEGITIMATE,TOL-PAYMENT,2025-04-05T00:00:00Z,
rcn-02540,RUN-2025-04-05-01,SETTLEMENT_VS_PAYMENT,core.payments,PAY-0628,core.settlements,SET-0628,MISMATCH,2487.3,2305.58,181.72,0,181.72,LEAKAGE,TOL-SETTLEMENT,2025-04-05T00:00:00Z,LEAKAGE on SETTLEMENT_VS_PAYMENT
rcn-02541,RUN-2025-04-05-01,FEE_VS_RATE_CARD,core.payments,PAY-0628,core.gateway_fees,FEE-0628,MATCHED,10.0,10.0,0.0,0,0,LEGITIMATE,TOL-FEE,2025-04-05T00:00:00Z,
rcn-02542,RUN-2025-04-05-01,BANK_VS_SETTLEMENT,core.settlements,SET-0628,core.bank_transactions,BNK-0628,MATCHED,2305.58,2305.58,0.0,0,0,LEGITIMATE,TOL-BANK,2025-04-05T00:00:00Z,
rcn-02543,RUN-2025-04-05-01,PAYMENT_VS_ORDER,core.orders,ORD-629,core.payments,PAY-0629,MATCHED,2464.36,2464.36,0.0,0,0,LEGITIMATE,TOL-PAYMENT,2025-04-05T00:00:00Z,
rcn-02544,RUN-2025-04-05-01,SETTLEMENT_VS_PAYMENT,core.payments,PAY-0629,core.settlements,SET-0629,MISMATCH,1538.26,1522.96,15.3,0,15.3,LEAKAGE,TOL-SETTLEMENT,2025-04-05T00:00:00Z,LEAKAGE on SETTLEMENT_VS_PAYMENT
rcn-02545,RUN-2025-04-05-01,FEE_VS_RATE_CARD,core.payments,PAY-0629,core.gateway_fees,FEE-0629,MISMATCH,9.86,19.72,-9.86,0,9.86,LEAKAGE,TOL-FEE,2025-04-05T00:00:00Z,LEAKAGE on FEE_VS_RATE_CARD
rcn-02546,RUN-2025-04-05-01,BANK_VS_SETTLEMENT,core.settlements,SET-0629,core.bank_transactions,BNK-0629,MATCHED,1522.96,1522.96,0.0,0,0,LEGITIMATE,TOL-BANK,2025-04-05T00:00:00Z,
rcn-02547,RUN-2025-04-05-01,REFUND_VS_PAYMENT,core.payments,PAY-0629,core.refunds,REF-0629,MATCHED,918.14,918.14,0.0,0,0,LEGITIMATE,TOL-REFUND,2025-04-05T00:00:00Z,
rcn-02548,RUN-2025-04-05-01,PAYMENT_VS_ORDER,core.orders,ORD-630,core.payments,PAY-0630,MATCHED,839.09,839.09,0.0,0,0,LEGITIMATE,TOL-PAYMENT,2025-04-05T00:00:00Z,
rcn-02549,RUN-2025-04-05-01,SETTLEMENT_VS_PAYMENT,core.payments,PAY-0630,core.settlements,SET-0630,MATCHED,819.29,819.29,0.0,0,0,LEGITIMATE,TOL-SETTLEMENT,2025-04-05T00:00:00Z,
rcn-02550,RUN-2025-04-05-01,FEE_VS_RATE_CARD,core.payments,PAY-0630,core.gateway_fees,FEE-0630,MATCHED,16.78,16.78,0.0,0,0,LEGITIMATE,TOL-FEE,2025-04-05T00:00:00Z,
rcn-02551,RUN-2025-04-05-01,BANK_VS_SETTLEMENT,core.settlements,SET-0630,core.bank_transactions,BNK-0630,MATCHED,819.29,819.29,0.0,0,0,LEGITIMATE,TOL-BANK,2025-04-05T00:00:00Z,
rcn-02552,RUN-2025-04-05-01,PAYMENT_VS_ORDER,core.orders,ORD-631,core.payments,PAY-0631,MATCHED,299.0,299.0,0.0,0,0,LEGITIMATE,TOL-PAYMENT,2025-04-05T00:00:00Z,
rcn-02553,RUN-2025-04-05-01,SETTLEMENT_VS_PAYMENT,core.payments,PAY-0631,core.settlements,SET-0631,MATCHED,297.58,297.58,0.0,0,0,LEGITIMATE,TOL-SETTLEMENT,2025-04-05T00:00:00Z,
rcn-02554,RUN-2025-04-05-01,FEE_VS_RATE_CARD,core.payments,PAY-0631,core.gateway_fees,FEE-0631,MATCHED,1.2,1.2,0.0,0,0,LEGITIMATE,TOL-FEE,2025-04-05T00:00:00Z,
rcn-02555,RUN-2025-04-05-01,BANK_VS_SETTLEMENT,core.settlements,SET-0631,core.bank_transactions,BNK-0631,MATCHED,297.58,297.58,0.0,0,0,LEGITIMATE,TOL-BANK,2025-04-05T00:00:00Z,
rcn-02556,RUN-2025-04-05-01,PAYMENT_VS_ORDER,core.orders,ORD-632,core.payments,PAY-0632,MATCHED,968.17,968.17,0.0,0,0,LEGITIMATE,TOL-PAYMENT,2025-04-05T00:00:00Z,
rcn-02557,RUN-2025-04-05-01,SETTLEMENT_VS_PAYMENT,core.payments,PAY-0632,core.settlements,SET-0632,MATCHED,656.62,656.62,0.0,0,0,LEGITIMATE,TOL-SETTLEMENT,2025-04-05T00:00:00Z,
rcn-02558,RUN-2025-04-05-01,FEE_VS_RATE_CARD,core.payments,PAY-0632,core.gateway_fees,FEE-0632,MATCHED,19.36,19.36,0.0,0,0,LEGITIMATE,TOL-FEE,2025-04-05T00:00:00Z,
rcn-02559,RUN-2025-04-05-01,BANK_VS_SETTLEMENT,core.settlements,SET-0632,core.bank_transactions,BNK-0632,MATCHED,656.62,656.62,0.0,0,0,LEGITIMATE,TOL-BANK,2025-04-05T00:00:00Z,
rcn-02560,RUN-2025-04-05-01,REFUND_VS_PAYMENT,core.payments,PAY-0632,core.refunds,REF-0632,MATCHED,294.6,294.6,0.0,0,0,LEGITIMATE,TOL-REFUND,2025-04-05T00:00:00Z,
rcn-02561,RUN-2025-04-05-01,PAYMENT_VS_ORDER,core.orders,ORD-633,core.payments,PAY-0633,MATCHED,2243.78,2243.78,0.0,0,0,LEGITIMATE,TOL-PAYMENT,2025-04-05T00:00:00Z,
rcn-02562,RUN-2025-04-05-01,SETTLEMENT_VS_PAYMENT,core.payments,PAY-0633,core.settlements,SET-0633,MATCHED,2190.82,2190.82,0.0,0,0,LEGITIMATE,TOL-SETTLEMENT,2025-04-05T00:00:00Z,
rcn-02563,RUN-2025-04-05-01,FEE_VS_RATE_CARD,core.payments,PAY-0633,core.gateway_fees,FEE-0633,MATCHED,44.88,44.88,0.0,0,0,LEGITIMATE,TOL-FEE,2025-04-05T00:00:00Z,
rcn-02564,RUN-2025-04-05-01,BANK_VS_SETTLEMENT,core.settlements,SET-0633,core.bank_transactions,BNK-0633,MATCHED,2190.82,2190.82,0.0,0,0,LEGITIMATE,TOL-BANK,2025-04-05T00:00:00Z,
rcn-02565,RUN-2025-04-05-01,PAYMENT_VS_ORDER,core.orders,ORD-634,core.payments,PAY-0634,MATCHED,1254.22,1254.22,0.0,0,0,LEGITIMATE,TOL-PAYMENT,2025-04-05T00:00:00Z,
rcn-02566,RUN-2025-04-05-01,SETTLEMENT_VS_PAYMENT,core.payments,PAY-0634,core.settlements,SET-0634,MATCHED,1248.3,1248.3,0.0,0,0,LEGITIMATE,TOL-SETTLEMENT,2025-04-05T00:00:00Z,
rcn-02567,RUN-2025-04-05-01,FEE_VS_RATE_CARD,core.payments,PAY-0634,core.gateway_fees,FEE-0634,MATCHED,5.02,5.02,0.0,0,0,LEGITIMATE,TOL-FEE,2025-04-05T00:00:00Z,
rcn-02568,RUN-2025-04-05-01,BANK_VS_SETTLEMENT,core.settlements,SET-0634,core.bank_transactions,BNK-0634,MATCHED,1248.3,1248.3,0.0,0,0,LEGITIMATE,TOL-BANK,2025-04-05T00:00:00Z,
rcn-02569,RUN-2025-04-05-01,PAYMENT_VS_ORDER,core.orders,ORD-636,core.payments,PAY-0636,MATCHED,2367.97,2367.97,0.0,0,0,LEGITIMATE,TOL-PAYMENT,2025-04-05T00:00:00Z,
rcn-02570,RUN-2025-04-05-01,SETTLEMENT_VS_PAYMENT,core.payments,PAY-0636,core.settlements,SET-0636,MATCHED,1414.08,1414.08,0.0,0,0,LEGITIMATE,TOL-SETTLEMENT,2025-04-05T00:00:00Z,
rcn-02571,RUN-2025-04-05-01,FEE_VS_RATE_CARD,core.payments,PAY-0636,core.gateway_fees,FEE-0636,MATCHED,5.68,5.68,0.0,0,0,LEGITIMATE,TOL-FEE,2025-04-05T00:00:00Z,
rcn-02572,RUN-2025-04-05-01,BANK_VS_SETTLEMENT,core.settlements,SET-0636,core.bank_transactions,BNK-0636,MATCHED,1414.08,1414.08,0.0,0,0,LEGITIMATE,TOL-BANK,2025-04-05T00:00:00Z,
rcn-02573,RUN-2025-04-05-01,SETTLEMENT_VS_PAYMENT,core.payments,PAY-0636-2,core.settlements,SET-0636-2,MATCHED,942.72,942.72,0.0,0,0,LEGITIMATE,TOL-SETTLEMENT,2025-04-05T00:00:00Z,
rcn-02574,RUN-2025-04-05-01,FEE_VS_RATE_CARD,core.payments,PAY-0636-2,core.gateway_fees,FEE-0636-2,MATCHED,3.79,3.79,0.0,0,0,LEGITIMATE,TOL-FEE,2025-04-05T00:00:00Z,
rcn-02575,RUN-2025-04-05-01,BANK_VS_SETTLEMENT,core.settlements,SET-0636-2,core.bank_transactions,BNK-0636-2,MATCHED,942.72,942.72,0.0,0,0,LEGITIMATE,TOL-BANK,2025-04-05T00:00:00Z,
rcn-02576,RUN-2025-04-05-01,PAYMENT_VS_ORDER,core.orders,ORD-637,core.payments,PAY-0637,MATCHED,2785.03,2785.03,0.0,0,0,LEGITIMATE,TOL-PAYMENT,2025-04-05T00:00:00Z,
rcn-02577,RUN-2025-04-05-01,SETTLEMENT_VS_PAYMENT,core.payments,PAY-0637,core.settlements,SET-0637,MATCHED,2771.88,2771.88,0.0,0,0,LEGITIMATE,TOL-SETTLEMENT,2025-04-05T00:00:00Z,
rcn-02578,RUN-2025-04-05-01,FEE_VS_RATE_CARD,core.payments,PAY-0637,core.gateway_fees,FEE-0637,MATCHED,11.14,11.14,0.0,0,0,LEGITIMATE,TOL-FEE,2025-04-05T00:00:00Z,
rcn-02579,RUN-2025-04-05-01,BANK_VS_SETTLEMENT,core.settlements,SET-0637,core.bank_transactions,BNK-0637,MATCHED,2771.88,2771.88,0.0,0,0,LEGITIMATE,TOL-BANK,2025-04-05T00:00:00Z,
rcn-02580,RUN-2025-04-05-01,PAYMENT_VS_ORDER,core.orders,ORD-638,core.payments,PAY-0638,MATCHED,561.73,561.73,0.0,0,0,LEGITIMATE,TOL-PAYMENT,2025-04-05T00:00:00Z,
rcn-02581,RUN-2025-04-05-01,SETTLEMENT_VS_PAYMENT,core.payments,PAY-0638,core.settlements,SET-0638,MATCHED,548.48,548.48,0.0,0,0,LEGITIMATE,TOL-SETTLEMENT,2025-04-05T00:00:00Z,
rcn-02582,RUN-2025-04-05-01,FEE_VS_RATE_CARD,core.payments,PAY-0638,core.gateway_fees,FEE-0638,MATCHED,11.23,11.23,0.0,0,0,LEGITIMATE,TOL-FEE,2025-04-05T00:00:00Z,
rcn-02583,RUN-2025-04-05-01,BANK_VS_SETTLEMENT,core.settlements,SET-0638,core.bank_transactions,BNK-0638,MATCHED,548.48,548.48,0.0,0,0,LEGITIMATE,TOL-BANK,2025-04-05T00:00:00Z,
rcn-02584,RUN-2025-04-05-01,PAYMENT_VS_ORDER,core.orders,ORD-639,core.payments,PAY-0639,MATCHED,1242.09,1242.09,0.0,0,0,LEGITIMATE,TOL-PAYMENT,2025-04-05T00:00:00Z,
rcn-02585,RUN-2025-04-05-01,SETTLEMENT_VS_PAYMENT,core.payments,PAY-0639,core.settlements,SET-0639,MATCHED,768.35,768.35,0.0,0,0,LEGITIMATE,TOL-SETTLEMENT,2025-04-05T00:00:00Z,
rcn-02586,RUN-2025-04-05-01,FEE_VS_RATE_CARD,core.payments,PAY-0639,core.gateway_fees,FEE-0639,MATCHED,4.97,4.97,0.0,0,0,LEGITIMATE,TOL-FEE,2025-04-05T00:00:00Z,
rcn-02587,RUN-2025-04-05-01,BANK_VS_SETTLEMENT,core.settlements,SET-0639,core.bank_transactions,BNK-0639,MATCHED,768.35,768.35,0.0,0,0,LEGITIMATE,TOL-BANK,2025-04-05T00:00:00Z,
rcn-02588,RUN-2025-04-05-01,REFUND_VS_PAYMENT,core.payments,PAY-0639,core.refunds,REF-0639,MATCHED,469.76,469.76,0.0,0,0,LEGITIMATE,TOL-REFUND,2025-04-05T00:00:00Z,
rcn-02589,RUN-2025-04-05-01,PAYMENT_VS_ORDER,core.orders,ORD-640,core.payments,PAY-0640,MATCHED,2771.07,2771.07,0.0,0,0,LEGITIMATE,TOL-PAYMENT,2025-04-05T00:00:00Z,
rcn-02590,RUN-2025-04-05-01,SETTLEMENT_VS_PAYMENT,core.payments,PAY-0640,core.settlements,SET-0640,MATCHED,2758.0,2758.0,0.0,0,0,LEGITIMATE,TOL-SETTLEMENT,2025-04-05T00:00:00Z,
rcn-02591,RUN-2025-04-05-01,FEE_VS_RATE_CARD,core.payments,PAY-0640,core.gateway_fees,FEE-0640,MATCHED,11.08,11.08,0.0,0,0,LEGITIMATE,TOL-FEE,2025-04-05T00:00:00Z,
rcn-02592,RUN-2025-04-05-01,BANK_VS_SETTLEMENT,core.settlements,SET-0640,core.bank_transactions,BNK-0640,MATCHED,2758.0,2758.0,0.0,0,0,LEGITIMATE,TOL-BANK,2025-04-05T00:00:00Z,
rcn-02593,RUN-2025-04-05-01,PAYMENT_VS_ORDER,core.orders,ORD-641,core.payments,PAY-0641,MATCHED,395.58,395.58,0.0,0,0,LEGITIMATE,TOL-PAYMENT,2025-04-05T00:00:00Z,
rcn-02594,RUN-2025-04-05-01,SETTLEMENT_VS_PAYMENT,core.payments,PAY-0641,core.settlements,SET-0641,MATCHED,384.61,384.61,0.0,0,0,LEGITIMATE,TOL-SETTLEMENT,2025-04-05T00:00:00Z,
rcn-02595,RUN-2025-04-05-01,FEE_VS_RATE_CARD,core.payments,PAY-0641,core.gateway_fees,FEE-0641,MATCHED,9.3,9.3,0.0,0,0,LEGITIMATE,TOL-FEE,2025-04-05T00:00:00Z,
rcn-02596,RUN-2025-04-05-01,BANK_VS_SETTLEMENT,core.settlements,SET-0641,core.bank_transactions,BNK-0641,MATCHED,384.61,384.61,0.0,0,0,LEGITIMATE,TOL-BANK,2025-04-05T00:00:00Z,
rcn-02597,RUN-2025-04-05-01,PAYMENT_VS_ORDER,core.orders,ORD-642,core.payments,PAY-0642,MATCHED,532.32,532.32,0.0,0,0,LEGITIMATE,TOL-PAYMENT,2025-04-05T00:00:00Z,
rcn-02598,RUN-2025-04-05-01,SETTLEMENT_VS_PAYMENT,core.payments,PAY-0642,core.settlements,SET-0642,MATCHED,389.23,389.23,0.0,0,0,LEGITIMATE,TOL-SETTLEMENT,2025-04-05T00:00:00Z,
rcn-02599,RUN-2025-04-05-01,FEE_VS_RATE_CARD,core.payments,PAY-0642,core.gateway_fees,FEE-0642,MATCHED,10.65,10.65,0.0,0,0,LEGITIMATE,TOL-FEE,2025-04-05T00:00:00Z,
rcn-02600,RUN-2025-04-05-01,BANK_VS_SETTLEMENT,core.settlements,SET-0642,core.bank_transactions,BNK-0642,MATCHED,389.23,389.23,0.0,0,0,LEGITIMATE,TOL-BANK,2025-04-05T00:00:00Z,
rcn-02601,RUN-2025-04-05-01,REFUND_VS_PAYMENT,core.payments,PAY-0642,core.refunds,REF-0642,MATCHED,133.18,133.18,0.0,0,0,LEGITIMATE,TOL-REFUND,2025-04-05T00:00:00Z,
rcn-02602,RUN-2025-04-05-01,PAYMENT_VS_ORDER,core.orders,ORD-643,core.payments,PAY-0643,MATCHED,793.61,793.61,0.0,0,0,LEGITIMATE,TOL-PAYMENT,2025-04-05T00:00:00Z,
rcn-02603,RUN-2025-04-05-01,SETTLEMENT_VS_PAYMENT,core.payments,PAY-0643,core.settlements,SET-0643,MATCHED,789.87,789.87,0.0,0,0,LEGITIMATE,TOL-SETTLEMENT,2025-04-05T00:00:00Z,
rcn-02604,RUN-2025-04-05-01,FEE_VS_RATE_CARD,core.payments,PAY-0643,core.gateway_fees,FEE-0643,MATCHED,3.17,3.17,0.0,0,0,LEGITIMATE,TOL-FEE,2025-04-05T00:00:00Z,
rcn-02605,RUN-2025-04-05-01,BANK_VS_SETTLEMENT,core.settlements,SET-0643,core.bank_transactions,BNK-0643,MATCHED,789.87,789.87,0.0,0,0,LEGITIMATE,TOL-BANK,2025-04-05T00:00:00Z,
rcn-02606,RUN-2025-04-05-01,PAYMENT_VS_ORDER,core.orders,ORD-644,core.payments,PAY-0644,MATCHED,4146.28,4146.28,0.0,0,0,LEGITIMATE,TOL-PAYMENT,2025-04-05T00:00:00Z,
rcn-02607,RUN-2025-04-05-01,SETTLEMENT_VS_PAYMENT,core.payments,PAY-0644,core.settlements,SET-0644,MATCHED,4053.32,4053.32,0.0,0,0,LEGITIMATE,TOL-SETTLEMENT,2025-04-05T00:00:00Z,
rcn-02608,RUN-2025-04-05-01,FEE_VS_RATE_CARD,core.payments,PAY-0644,core.gateway_fees,FEE-0644,MATCHED,78.78,78.78,0.0,0,0,LEGITIMATE,TOL-FEE,2025-04-05T00:00:00Z,
rcn-02609,RUN-2025-04-05-01,BANK_VS_SETTLEMENT,core.settlements,SET-0644,core.bank_transactions,BNK-0644,MATCHED,4053.32,4053.32,0.0,0,0,LEGITIMATE,TOL-BANK,2025-04-05T00:00:00Z,
rcn-02610,RUN-2025-04-05-01,PAYMENT_VS_ORDER,core.orders,ORD-645,core.payments,PAY-0645,MATCHED,8169.61,8169.61,0.0,0,0,LEGITIMATE,TOL-PAYMENT,2025-04-05T00:00:00Z,
rcn-02611,RUN-2025-04-05-01,SETTLEMENT_VS_PAYMENT,core.payments,PAY-0645,core.settlements,SET-0645,MATCHED,7976.81,7976.81,0.0,0,0,LEGITIMATE,TOL-SETTLEMENT,2025-04-05T00:00:00Z,
rcn-02612,RUN-2025-04-05-01,FEE_VS_RATE_CARD,core.payments,PAY-0645,core.gateway_fees,FEE-0645,MATCHED,163.39,163.39,0.0,0,0,LEGITIMATE,TOL-FEE,2025-04-05T00:00:00Z,
rcn-02613,RUN-2025-04-05-01,BANK_VS_SETTLEMENT,core.settlements,SET-0645,core.bank_transactions,BNK-0645,MATCHED,7976.81,7976.81,0.0,0,0,LEGITIMATE,TOL-BANK,2025-04-05T00:00:00Z,
rcn-02614,RUN-2025-04-05-01,PAYMENT_VS_ORDER,core.orders,ORD-646,core.payments,PAY-0646,MATCHED,1052.9,1052.9,0.0,0,0,LEGITIMATE,TOL-PAYMENT,2025-04-05T00:00:00Z,
rcn-02615,RUN-2025-04-05-01,SETTLEMENT_VS_PAYMENT,core.payments,PAY-0646,core.settlements,SET-0646,MATCHED,1047.93,1047.93,0.0,0,0,LEGITIMATE,TOL-SETTLEMENT,2025-04-05T00:00:00Z,
rcn-02616,RUN-2025-04-05-01,FEE_VS_RATE_CARD,core.payments,PAY-0646,core.gateway_fees,FEE-0646,MATCHED,4.21,4.21,0.0,0,0,LEGITIMATE,TOL-FEE,2025-04-05T00:00:00Z,
rcn-02617,RUN-2025-04-05-01,BANK_VS_SETTLEMENT,core.settlements,SET-0646,core.bank_transactions,BNK-0646,MATCHED,1047.93,1047.93,0.0,0,0,LEGITIMATE,TOL-BANK,2025-04-05T00:00:00Z,
rcn-02618,RUN-2025-04-05-01,PAYMENT_VS_ORDER,core.orders,ORD-647,core.payments,PAY-0647,MATCHED,1663.85,1663.85,0.0,0,0,LEGITIMATE,TOL-PAYMENT,2025-04-05T00:00:00Z,
rcn-02619,RUN-2025-04-05-01,SETTLEMENT_VS_PAYMENT,core.payments,PAY-0647,core.settlements,SET-0647,MATCHED,1617.71,1617.71,0.0,0,0,LEGITIMATE,TOL-SETTLEMENT,2025-04-05T00:00:00Z,
rcn-02620,RUN-2025-04-05-01,FEE_VS_RATE_CARD,core.payments,PAY-0647,core.gateway_fees,FEE-0647,MATCHED,39.1,39.1,0.0,0,0,LEGITIMATE,TOL-FEE,2025-04-05T00:00:00Z,
rcn-02621,RUN-2025-04-05-01,BANK_VS_SETTLEMENT,core.settlements,SET-0647,core.bank_transactions,BNK-0647,MATCHED,1617.71,1617.71,0.0,0,0,LEGITIMATE,TOL-BANK,2025-04-05T00:00:00Z,
rcn-02622,RUN-2025-04-05-01,PAYMENT_VS_ORDER,core.orders,ORD-648,core.payments,PAY-0648,MATCHED,667.21,667.21,0.0,0,0,LEGITIMATE,TOL-PAYMENT,2025-04-05T00:00:00Z,
rcn-02623,RUN-2025-04-05-01,SETTLEMENT_VS_PAYMENT,core.payments,PAY-0648,core.settlements,SET-0648,MATCHED,651.47,651.47,0.0,0,0,LEGITIMATE,TOL-SETTLEMENT,2025-04-05T00:00:00Z,
rcn-02624,RUN-2025-04-05-01,FEE_VS_RATE_CARD,core.payments,PAY-0648,core.gateway_fees,FEE-0648,MATCHED,13.34,13.34,0.0,0,0,LEGITIMATE,TOL-FEE,2025-04-05T00:00:00Z,
rcn-02625,RUN-2025-04-05-01,BANK_VS_SETTLEMENT,core.settlements,SET-0648,core.bank_transactions,BNK-0648,MATCHED,651.47,651.47,0.0,0,0,LEGITIMATE,TOL-BANK,2025-04-05T00:00:00Z,
rcn-02626,RUN-2025-04-05-01,PAYMENT_VS_ORDER,core.orders,ORD-649,core.payments,PAY-0649,MATCHED,4854.24,4854.24,0.0,0,0,LEGITIMATE,TOL-PAYMENT,2025-04-05T00:00:00Z,
rcn-02627,RUN-2025-04-05-01,SETTLEMENT_VS_PAYMENT,core.payments,PAY-0649,core.settlements,SET-0649,MATCHED,4739.69,4739.69,0.0,0,0,LEGITIMATE,TOL-SETTLEMENT,2025-04-05T00:00:00Z,
rcn-02628,RUN-2025-04-05-01,FEE_VS_RATE_CARD,core.payments,PAY-0649,core.gateway_fees,FEE-0649,MATCHED,97.08,97.08,0.0,0,0,LEGITIMATE,TOL-FEE,2025-04-05T00:00:00Z,
rcn-02629,RUN-2025-04-05-01,BANK_VS_SETTLEMENT,core.settlements,SET-0649,core.bank_transactions,BNK-0649,MATCHED,4739.69,4739.69,0.0,0,0,LEGITIMATE,TOL-BANK,2025-04-05T00:00:00Z,
rcn-02630,RUN-2025-04-05-01,PAYMENT_VS_ORDER,core.orders,ORD-650,core.payments,PAY-0650,MATCHED,299.0,299.0,0.0,0,0,LEGITIMATE,TOL-PAYMENT,2025-04-05T00:00:00Z,
rcn-02631,RUN-2025-04-05-01,SETTLEMENT_VS_PAYMENT,core.payments,PAY-0650,core.settlements,SET-0650,MATCHED,297.58,297.58,0.0,0,0,LEGITIMATE,TOL-SETTLEMENT,2025-04-05T00:00:00Z,
rcn-02632,RUN-2025-04-05-01,FEE_VS_RATE_CARD,core.payments,PAY-0650,core.gateway_fees,FEE-0650,MATCHED,1.2,1.2,0.0,0,0,LEGITIMATE,TOL-FEE,2025-04-05T00:00:00Z,
rcn-02633,RUN-2025-04-05-01,BANK_VS_SETTLEMENT,core.settlements,SET-0650,core.bank_transactions,BNK-0650,MATCHED,297.58,297.58,0.0,0,0,LEGITIMATE,TOL-BANK,2025-04-05T00:00:00Z,
rcn-02634,RUN-2025-04-05-01,PAYMENT_VS_ORDER,core.orders,ORD-651,core.payments,PAY-0651,MATCHED,299.0,299.0,0.0,0,0,LEGITIMATE,TOL-PAYMENT,2025-04-05T00:00:00Z,
rcn-02635,RUN-2025-04-05-01,SETTLEMENT_VS_PAYMENT,core.payments,PAY-0651,core.settlements,SET-0651,MATCHED,297.58,297.58,0.0,0,0,LEGITIMATE,TOL-SETTLEMENT,2025-04-05T00:00:00Z,
rcn-02636,RUN-2025-04-05-01,FEE_VS_RATE_CARD,core.payments,PAY-0651,core.gateway_fees,FEE-0651,MATCHED,1.2,1.2,0.0,0,0,LEGITIMATE,TOL-FEE,2025-04-05T00:00:00Z,
rcn-02637,RUN-2025-04-05-01,BANK_VS_SETTLEMENT,core.settlements,SET-0651,core.bank_transactions,BNK-0651,MATCHED,297.58,297.58,0.0,0,0,LEGITIMATE,TOL-BANK,2025-04-05T00:00:00Z,
rcn-02638,RUN-2025-04-05-01,PAYMENT_VS_ORDER,core.orders,ORD-652,core.payments,PAY-0652,MATCHED,2818.2,2818.2,0.0,0,0,LEGITIMATE,TOL-PAYMENT,2025-04-05T00:00:00Z,
rcn-02639,RUN-2025-04-05-01,SETTLEMENT_VS_PAYMENT,core.payments,PAY-0652,core.settlements,SET-0652,MATCHED,2751.7,2751.7,0.0,0,0,LEGITIMATE,TOL-SETTLEMENT,2025-04-05T00:00:00Z,
rcn-02640,RUN-2025-04-05-01,FEE_VS_RATE_CARD,core.payments,PAY-0652,core.gateway_fees,FEE-0652,MATCHED,56.36,56.36,0.0,0,0,LEGITIMATE,TOL-FEE,2025-04-05T00:00:00Z,
rcn-02641,RUN-2025-04-05-01,BANK_VS_SETTLEMENT,core.settlements,SET-0652,core.bank_transactions,BNK-0652,MATCHED,2751.7,2751.7,0.0,0,0,LEGITIMATE,TOL-BANK,2025-04-05T00:00:00Z,
rcn-02642,RUN-2025-04-05-01,PAYMENT_VS_ORDER,core.orders,ORD-653,core.payments,PAY-0653,MATCHED,2818.57,2818.57,0.0,0,0,LEGITIMATE,TOL-PAYMENT,2025-04-05T00:00:00Z,
rcn-02643,RUN-2025-04-05-01,SETTLEMENT_VS_PAYMENT,core.payments,PAY-0653,core.settlements,SET-0653,MATCHED,2755.38,2755.38,0.0,0,0,LEGITIMATE,TOL-SETTLEMENT,2025-04-05T00:00:00Z,
rcn-02644,RUN-2025-04-05-01,FEE_VS_RATE_CARD,core.payments,PAY-0653,core.gateway_fees,FEE-0653,MATCHED,53.55,53.55,0.0,0,0,LEGITIMATE,TOL-FEE,2025-04-05T00:00:00Z,
rcn-02645,RUN-2025-04-05-01,BANK_VS_SETTLEMENT,core.settlements,SET-0653,core.bank_transactions,BNK-0653,MATCHED,2755.38,2755.38,0.0,0,0,LEGITIMATE,TOL-BANK,2025-04-05T00:00:00Z,
rcn-02646,RUN-2025-04-05-01,PAYMENT_VS_ORDER,core.orders,ORD-654,core.payments,PAY-0654,MATCHED,783.8,783.8,0.0,0,0,LEGITIMATE,TOL-PAYMENT,2025-04-05T00:00:00Z,
rcn-02647,RUN-2025-04-05-01,SETTLEMENT_VS_PAYMENT,core.payments,PAY-0654,core.settlements,SET-0654,MATCHED,766.23,766.23,0.0,0,0,LEGITIMATE,TOL-SETTLEMENT,2025-04-05T00:00:00Z,
rcn-02648,RUN-2025-04-05-01,FEE_VS_RATE_CARD,core.payments,PAY-0654,core.gateway_fees,FEE-0654,MATCHED,14.89,14.89,0.0,0,0,LEGITIMATE,TOL-FEE,2025-04-05T00:00:00Z,
rcn-02649,RUN-2025-04-05-01,BANK_VS_SETTLEMENT,core.settlements,SET-0654,core.bank_transactions,BNK-0654,MATCHED,766.23,766.23,0.0,0,0,LEGITIMATE,TOL-BANK,2025-04-05T00:00:00Z,
rcn-02650,RUN-2025-04-05-01,PAYMENT_VS_ORDER,core.orders,ORD-655,core.payments,PAY-0655,MATCHED,4054.59,4054.59,0.0,0,0,LEGITIMATE,TOL-PAYMENT,2025-04-05T00:00:00Z,
rcn-02651,RUN-2025-04-05-01,SETTLEMENT_VS_PAYMENT,core.payments,PAY-0655,core.settlements,SET-0655,MISMATCH,3963.68,3930.75,32.93,0,32.93,LEAKAGE,TOL-SETTLEMENT,2025-04-05T00:00:00Z,LEAKAGE on SETTLEMENT_VS_PAYMENT
rcn-02652,RUN-2025-04-05-01,FEE_VS_RATE_CARD,core.payments,PAY-0655,core.gateway_fees,FEE-0655,MISMATCH,77.04,109.97,-32.93,0,32.93,LEAKAGE,TOL-FEE,2025-04-05T00:00:00Z,LEAKAGE on FEE_VS_RATE_CARD
rcn-02653,RUN-2025-04-05-01,BANK_VS_SETTLEMENT,core.settlements,SET-0655,core.bank_transactions,BNK-0655,MATCHED,3930.75,3930.75,0.0,0,0,LEGITIMATE,TOL-BANK,2025-04-05T00:00:00Z,
rcn-02654,RUN-2025-04-05-01,PAYMENT_VS_ORDER,core.orders,ORD-656,core.payments,PAY-0656,MATCHED,526.77,526.77,0.0,0,0,LEGITIMATE,TOL-PAYMENT,2025-04-05T00:00:00Z,
rcn-02655,RUN-2025-04-05-01,SETTLEMENT_VS_PAYMENT,core.payments,PAY-0656,core.settlements,,UNMATCHED,389.35,,,0,389.35,LEAKAGE,TOL-SETTLEMENT,2025-04-05T00:00:00Z,LEAKAGE on SETTLEMENT_VS_PAYMENT
rcn-02656,RUN-2025-04-05-01,FEE_VS_RATE_CARD,core.payments,PAY-0656,core.gateway_fees,FEE-0656,MATCHED,2.11,2.11,0.0,0,0,LEGITIMATE,TOL-FEE,2025-04-05T00:00:00Z,
rcn-02657,RUN-2025-04-05-01,REFUND_VS_PAYMENT,core.payments,PAY-0656,core.refunds,REF-0656,MATCHED,135.47,135.47,0.0,0,0,LEGITIMATE,TOL-REFUND,2025-04-05T00:00:00Z,
rcn-02658,RUN-2025-04-05-01,PAYMENT_VS_ORDER,core.orders,ORD-657,core.payments,PAY-0657,MATCHED,1010.33,1010.33,0.0,0,0,LEGITIMATE,TOL-PAYMENT,2025-04-05T00:00:00Z,
rcn-02659,RUN-2025-04-05-01,SETTLEMENT_VS_PAYMENT,core.payments,PAY-0657,core.settlements,SET-0657,MATCHED,996.17,996.17,0.0,0,0,LEGITIMATE,TOL-SETTLEMENT,2025-04-05T00:00:00Z,
rcn-02660,RUN-2025-04-05-01,FEE_VS_RATE_CARD,core.payments,PAY-0657,core.gateway_fees,FEE-0657,MATCHED,12.0,12.0,0.0,0,0,LEGITIMATE,TOL-FEE,2025-04-05T00:00:00Z,
rcn-02661,RUN-2025-04-05-01,BANK_VS_SETTLEMENT,core.settlements,SET-0657,core.bank_transactions,BNK-0657,MATCHED,996.17,996.17,0.0,0,0,LEGITIMATE,TOL-BANK,2025-04-05T00:00:00Z,
rcn-02662,RUN-2025-04-05-01,PAYMENT_VS_ORDER,core.orders,ORD-658,core.payments,PAY-0658,MATCHED,2748.08,2748.08,0.0,0,0,LEGITIMATE,TOL-PAYMENT,2025-04-05T00:00:00Z,
rcn-02663,RUN-2025-04-05-01,SETTLEMENT_VS_PAYMENT,core.payments,PAY-0658,core.settlements,SET-0658,MATCHED,1364.3,1364.3,0.0,0,0,LEGITIMATE,TOL-SETTLEMENT,2025-04-05T00:00:00Z,
rcn-02664,RUN-2025-04-05-01,FEE_VS_RATE_CARD,core.payments,PAY-0658,core.gateway_fees,FEE-0658,MATCHED,52.21,52.21,0.0,0,0,LEGITIMATE,TOL-FEE,2025-04-05T00:00:00Z,
rcn-02665,RUN-2025-04-05-01,BANK_VS_SETTLEMENT,core.settlements,SET-0658,core.bank_transactions,BNK-0658,MATCHED,1364.3,1364.3,0.0,0,0,LEGITIMATE,TOL-BANK,2025-04-05T00:00:00Z,
rcn-02666,RUN-2025-04-05-01,REFUND_VS_PAYMENT,core.payments,PAY-0658,core.refunds,REF-0658,MATCHED,1347.78,1347.78,0.0,0,0,LEGITIMATE,TOL-REFUND,2025-04-05T00:00:00Z,
rcn-02667,RUN-2025-04-05-01,PAYMENT_VS_ORDER,core.orders,ORD-659,core.payments,PAY-0659,MATCHED,317.21,317.21,0.0,0,0,LEGITIMATE,TOL-PAYMENT,2025-04-05T00:00:00Z,
rcn-02668,RUN-2025-04-05-01,SETTLEMENT_VS_PAYMENT,core.payments,PAY-0659,core.settlements,SET-0659,MATCHED,315.71,315.71,0.0,0,0,LEGITIMATE,TOL-SETTLEMENT,2025-04-05T00:00:00Z,
rcn-02669,RUN-2025-04-05-01,FEE_VS_RATE_CARD,core.payments,PAY-0659,core.gateway_fees,FEE-0659,MATCHED,1.27,1.27,0.0,0,0,LEGITIMATE,TOL-FEE,2025-04-05T00:00:00Z,
rcn-02670,RUN-2025-04-05-01,BANK_VS_SETTLEMENT,core.settlements,SET-0659,core.bank_transactions,BNK-0659,MATCHED,315.71,315.71,0.0,0,0,LEGITIMATE,TOL-BANK,2025-04-05T00:00:00Z,
rcn-02671,RUN-2025-04-05-01,PAYMENT_VS_ORDER,core.orders,ORD-660,core.payments,PAY-0660,MATCHED,512.14,512.14,0.0,0,0,LEGITIMATE,TOL-PAYMENT,2025-04-05T00:00:00Z,
rcn-02672,RUN-2025-04-05-01,SETTLEMENT_VS_PAYMENT,core.payments,PAY-0660,core.settlements,SET-0660,MATCHED,500.66,500.66,0.0,0,0,LEGITIMATE,TOL-SETTLEMENT,2025-04-05T00:00:00Z,
rcn-02673,RUN-2025-04-05-01,FEE_VS_RATE_CARD,core.payments,PAY-0660,core.gateway_fees,FEE-0660,MATCHED,9.73,9.73,0.0,0,0,LEGITIMATE,TOL-FEE,2025-04-05T00:00:00Z,
rcn-02674,RUN-2025-04-05-01,BANK_VS_SETTLEMENT,core.settlements,SET-0660,core.bank_transactions,BNK-0660,MATCHED,500.66,500.66,0.0,0,0,LEGITIMATE,TOL-BANK,2025-04-05T00:00:00Z,
rcn-02675,RUN-2025-04-05-01,PAYMENT_VS_ORDER,core.orders,ORD-661,core.payments,PAY-0661,MATCHED,679.41,679.41,0.0,0,0,LEGITIMATE,TOL-PAYMENT,2025-04-05T00:00:00Z,
rcn-02676,RUN-2025-04-05-01,SETTLEMENT_VS_PAYMENT,core.payments,PAY-0661,core.settlements,SET-0661,MATCHED,676.2,676.2,0.0,0,0,LEGITIMATE,TOL-SETTLEMENT,2025-04-05T00:00:00Z,
rcn-02677,RUN-2025-04-05-01,FEE_VS_RATE_CARD,core.payments,PAY-0661,core.gateway_fees,FEE-0661,MATCHED,2.72,2.72,0.0,0,0,LEGITIMATE,TOL-FEE,2025-04-05T00:00:00Z,
rcn-02678,RUN-2025-04-05-01,BANK_VS_SETTLEMENT,core.settlements,SET-0661,core.bank_transactions,BNK-0661,MATCHED,676.2,676.2,0.0,0,0,LEGITIMATE,TOL-BANK,2025-04-05T00:00:00Z,
rcn-02679,RUN-2025-04-05-01,PAYMENT_VS_ORDER,core.orders,ORD-662,core.payments,PAY-0662,MATCHED,733.34,733.34,0.0,0,0,LEGITIMATE,TOL-PAYMENT,2025-04-05T00:00:00Z,
rcn-02680,RUN-2025-04-05-01,SETTLEMENT_VS_PAYMENT,core.payments,PAY-0662,core.settlements,SET-0662,MATCHED,719.18,719.18,0.0,0,0,LEGITIMATE,TOL-SETTLEMENT,2025-04-05T00:00:00Z,
rcn-02681,RUN-2025-04-05-01,FEE_VS_RATE_CARD,core.payments,PAY-0662,core.gateway_fees,FEE-0662,MATCHED,12.0,12.0,0.0,0,0,LEGITIMATE,TOL-FEE,2025-04-05T00:00:00Z,
rcn-02682,RUN-2025-04-05-01,BANK_VS_SETTLEMENT,core.settlements,SET-0662,core.bank_transactions,BNK-0662,MATCHED,719.18,719.18,0.0,0,0,LEGITIMATE,TOL-BANK,2025-04-05T00:00:00Z,
rcn-02683,RUN-2025-04-05-01,PAYMENT_VS_ORDER,core.orders,ORD-663,core.payments,PAY-0663,MATCHED,6676.4,6676.4,0.0,0,0,LEGITIMATE,TOL-PAYMENT,2025-04-05T00:00:00Z,
rcn-02684,RUN-2025-04-05-01,SETTLEMENT_VS_PAYMENT,core.payments,PAY-0663,core.settlements,SET-0663,MISMATCH,6518.83,6261.54,257.29,0,257.29,LEAKAGE,TOL-SETTLEMENT,2025-04-05T00:00:00Z,LEAKAGE on SETTLEMENT_VS_PAYMENT
rcn-02685,RUN-2025-04-05-01,FEE_VS_RATE_CARD,core.payments,PAY-0663,core.gateway_fees,FEE-0663,MATCHED,133.53,133.53,0.0,0,0,LEGITIMATE,TOL-FEE,2025-04-05T00:00:00Z,
rcn-02686,RUN-2025-04-05-01,BANK_VS_SETTLEMENT,core.settlements,SET-0663,core.bank_transactions,BNK-0663,MATCHED,6261.54,6261.54,0.0,0,0,LEGITIMATE,TOL-BANK,2025-04-05T00:00:00Z,
rcn-02687,RUN-2025-04-05-01,PAYMENT_VS_ORDER,core.orders,ORD-664,core.payments,PAY-0664,MATCHED,2444.05,2444.05,0.0,0,0,LEGITIMATE,TOL-PAYMENT,2025-04-05T00:00:00Z,
rcn-02688,RUN-2025-04-05-01,SETTLEMENT_VS_PAYMENT,core.payments,PAY-0664,core.settlements,SET-0664,MATCHED,2386.37,2386.37,0.0,0,0,LEGITIMATE,TOL-SETTLEMENT,2025-04-05T00:00:00Z,
rcn-02689,RUN-2025-04-05-01,FEE_VS_RATE_CARD,core.payments,PAY-0664,core.gateway_fees,FEE-0664,MATCHED,48.88,48.88,0.0,0,0,LEGITIMATE,TOL-FEE,2025-04-05T00:00:00Z,
rcn-02690,RUN-2025-04-05-01,BANK_VS_SETTLEMENT,core.settlements,SET-0664,core.bank_transactions,BNK-0664,MATCHED,2386.37,2386.37,0.0,0,0,LEGITIMATE,TOL-BANK,2025-04-05T00:00:00Z,
rcn-02691,RUN-2025-04-05-01,PAYMENT_VS_ORDER,core.orders,ORD-665,core.payments,PAY-0665,MATCHED,343.42,343.42,0.0,0,0,LEGITIMATE,TOL-PAYMENT,2025-04-05T00:00:00Z,
rcn-02692,RUN-2025-04-05-01,SETTLEMENT_VS_PAYMENT,core.payments,PAY-0665,core.settlements,SET-0665,MATCHED,335.31,335.31,0.0,0,0,LEGITIMATE,TOL-SETTLEMENT,2025-04-05T00:00:00Z,
rcn-02693,RUN-2025-04-05-01,FEE_VS_RATE_CARD,core.payments,PAY-0665,core.gateway_fees,FEE-0665,MATCHED,6.87,6.87,0.0,0,0,LEGITIMATE,TOL-FEE,2025-04-05T00:00:00Z,
rcn-02694,RUN-2025-04-05-01,BANK_VS_SETTLEMENT,core.settlements,SET-0665,core.bank_transactions,BNK-0665,MATCHED,335.31,335.31,0.0,0,0,LEGITIMATE,TOL-BANK,2025-04-05T00:00:00Z,
rcn-02695,RUN-2025-04-05-01,PAYMENT_VS_ORDER,core.orders,ORD-666,core.payments,PAY-0666,MATCHED,1202.94,1202.94,0.0,0,0,LEGITIMATE,TOL-PAYMENT,2025-04-05T00:00:00Z,
rcn-02696,RUN-2025-04-05-01,SETTLEMENT_VS_PAYMENT,core.payments,PAY-0666,core.settlements,SET-0666,MATCHED,1197.26,1197.26,0.0,0,0,LEGITIMATE,TOL-SETTLEMENT,2025-04-05T00:00:00Z,
rcn-02697,RUN-2025-04-05-01,FEE_VS_RATE_CARD,core.payments,PAY-0666,core.gateway_fees,FEE-0666,MATCHED,4.81,4.81,0.0,0,0,LEGITIMATE,TOL-FEE,2025-04-05T00:00:00Z,
rcn-02698,RUN-2025-04-05-01,BANK_VS_SETTLEMENT,core.settlements,SET-0666,core.bank_transactions,BNK-0666,MATCHED,1197.26,1197.26,0.0,0,0,LEGITIMATE,TOL-BANK,2025-04-05T00:00:00Z,
rcn-02699,RUN-2025-04-05-01,PAYMENT_VS_ORDER,core.orders,ORD-667,core.payments,PAY-0667,MATCHED,1347.73,1347.73,0.0,0,0,LEGITIMATE,TOL-PAYMENT,2025-04-05T00:00:00Z,
rcn-02700,RUN-2025-04-05-01,SETTLEMENT_VS_PAYMENT,core.payments,PAY-0667,core.settlements,SET-0667,MISMATCH,1341.37,1338.56,2.81,0,2.81,LEAKAGE,TOL-SETTLEMENT,2025-04-05T00:00:00Z,LEAKAGE on SETTLEMENT_VS_PAYMENT
rcn-02701,RUN-2025-04-05-01,FEE_VS_RATE_CARD,core.payments,PAY-0667,core.gateway_fees,FEE-0667,MISMATCH,5.39,8.2,-2.81,0,2.81,LEAKAGE,TOL-FEE,2025-04-05T00:00:00Z,LEAKAGE on FEE_VS_RATE_CARD
rcn-02702,RUN-2025-04-05-01,BANK_VS_SETTLEMENT,core.settlements,SET-0667,core.bank_transactions,BNK-0667,MATCHED,1338.56,1338.56,0.0,0,0,LEGITIMATE,TOL-BANK,2025-04-05T00:00:00Z,
rcn-02703,RUN-2025-04-05-01,PAYMENT_VS_ORDER,core.orders,ORD-668,core.payments,PAY-0668,MATCHED,981.31,981.31,0.0,0,0,LEGITIMATE,TOL-PAYMENT,2025-04-05T00:00:00Z,
rcn-02704,RUN-2025-04-05-01,SETTLEMENT_VS_PAYMENT,core.payments,PAY-0668,core.settlements,,UNMATCHED,958.15,,,0,958.15,LEAKAGE,TOL-SETTLEMENT,2025-04-05T00:00:00Z,LEAKAGE on SETTLEMENT_VS_PAYMENT
rcn-02705,RUN-2025-04-05-01,FEE_VS_RATE_CARD,core.payments,PAY-0668,core.gateway_fees,FEE-0668,MATCHED,19.63,19.63,0.0,0,0,LEGITIMATE,TOL-FEE,2025-04-05T00:00:00Z,
rcn-02706,RUN-2025-04-05-01,PAYMENT_VS_ORDER,core.orders,ORD-669,core.payments,PAY-0669,MATCHED,5421.23,5421.23,0.0,0,0,LEGITIMATE,TOL-PAYMENT,2025-04-05T00:00:00Z,
rcn-02707,RUN-2025-04-05-01,SETTLEMENT_VS_PAYMENT,core.payments,PAY-0669,core.settlements,SET-0669,MISMATCH,3881.9,3853.1,28.8,0,28.8,LEAKAGE,TOL-SETTLEMENT,2025-04-05T00:00:00Z,LEAKAGE on SETTLEMENT_VS_PAYMENT
rcn-02708,RUN-2025-04-05-01,FEE_VS_RATE_CARD,core.payments,PAY-0669,core.gateway_fees,FEE-0669,MATCHED,108.42,108.42,0.0,0,0,LEGITIMATE,TOL-FEE,2025-04-05T00:00:00Z,
rcn-02709,RUN-2025-04-05-01,BANK_VS_SETTLEMENT,core.settlements,SET-0669,core.bank_transactions,,UNMATCHED,3853.1,,,0,3853.1,LEAKAGE,TOL-BANK,2025-04-05T00:00:00Z,LEAKAGE on BANK_VS_SETTLEMENT
rcn-02710,RUN-2025-04-05-01,REFUND_VS_PAYMENT,core.payments,PAY-0669,core.refunds,REF-0669,MATCHED,1440.19,1440.19,0.0,0,0,LEGITIMATE,TOL-REFUND,2025-04-05T00:00:00Z,
rcn-02711,RUN-2025-04-05-01,PAYMENT_VS_ORDER,core.orders,ORD-670,core.payments,PAY-0670,MATCHED,306.26,306.26,0.0,0,0,LEGITIMATE,TOL-PAYMENT,2025-04-05T00:00:00Z,
rcn-02712,RUN-2025-04-05-01,SETTLEMENT_VS_PAYMENT,core.payments,PAY-0670,core.settlements,SET-0670,MATCHED,299.03,299.03,0.0,0,0,LEGITIMATE,TOL-SETTLEMENT,2025-04-05T00:00:00Z,
rcn-02713,RUN-2025-04-05-01,FEE_VS_RATE_CARD,core.payments,PAY-0670,core.gateway_fees,FEE-0670,MATCHED,6.13,6.13,0.0,0,0,LEGITIMATE,TOL-FEE,2025-04-05T00:00:00Z,
rcn-02714,RUN-2025-04-05-01,BANK_VS_SETTLEMENT,core.settlements,SET-0670,core.bank_transactions,BNK-0670,MATCHED,299.03,299.03,0.0,0,0,LEGITIMATE,TOL-BANK,2025-04-05T00:00:00Z,
rcn-02715,RUN-2025-04-05-01,PAYMENT_VS_ORDER,core.orders,ORD-671,core.payments,PAY-0671,MATCHED,619.06,619.06,0.0,0,0,LEGITIMATE,TOL-PAYMENT,2025-04-05T00:00:00Z,
rcn-02716,RUN-2025-04-05-01,SETTLEMENT_VS_PAYMENT,core.payments,PAY-0671,core.settlements,SET-0671,MATCHED,601.89,601.89,0.0,0,0,LEGITIMATE,TOL-SETTLEMENT,2025-04-05T00:00:00Z,
rcn-02717,RUN-2025-04-05-01,FEE_VS_RATE_CARD,core.payments,PAY-0671,core.gateway_fees,FEE-0671,MATCHED,14.55,14.55,0.0,0,0,LEGITIMATE,TOL-FEE,2025-04-05T00:00:00Z,
rcn-02718,RUN-2025-04-05-01,BANK_VS_SETTLEMENT,core.settlements,SET-0671,core.bank_transactions,BNK-0671,MATCHED,601.89,601.89,0.0,0,0,LEGITIMATE,TOL-BANK,2025-04-05T00:00:00Z,
rcn-02719,RUN-2025-04-05-01,PAYMENT_VS_ORDER,core.orders,ORD-672,core.payments,PAY-0672,MATCHED,3418.77,3418.77,0.0,0,0,LEGITIMATE,TOL-PAYMENT,2025-04-05T00:00:00Z,
rcn-02720,RUN-2025-04-05-01,SETTLEMENT_VS_PAYMENT,core.payments,PAY-0672,core.settlements,SET-0672,MATCHED,3402.63,3402.63,0.0,0,0,LEGITIMATE,TOL-SETTLEMENT,2025-04-05T00:00:00Z,
rcn-02721,RUN-2025-04-05-01,FEE_VS_RATE_CARD,core.payments,PAY-0672,core.gateway_fees,FEE-0672,MATCHED,13.68,13.68,0.0,0,0,LEGITIMATE,TOL-FEE,2025-04-05T00:00:00Z,
rcn-02722,RUN-2025-04-05-01,BANK_VS_SETTLEMENT,core.settlements,SET-0672,core.bank_transactions,BNK-0672,MATCHED,3402.63,3402.63,0.0,0,0,LEGITIMATE,TOL-BANK,2025-04-05T00:00:00Z,
rcn-02723,RUN-2025-04-05-01,PAYMENT_VS_ORDER,core.orders,ORD-673,core.payments,PAY-0673,MATCHED,6965.08,6965.08,0.0,0,0,LEGITIMATE,TOL-PAYMENT,2025-04-05T00:00:00Z,
rcn-02724,RUN-2025-04-05-01,SETTLEMENT_VS_PAYMENT,core.payments,PAY-0673,core.settlements,SET-0673,MATCHED,6771.94,6771.94,0.0,0,0,LEGITIMATE,TOL-SETTLEMENT,2025-04-05T00:00:00Z,
rcn-02725,RUN-2025-04-05-01,FEE_VS_RATE_CARD,core.payments,PAY-0673,core.gateway_fees,FEE-0673,MATCHED,163.68,163.68,0.0,0,0,LEGITIMATE,TOL-FEE,2025-04-05T00:00:00Z,
rcn-02726,RUN-2025-04-05-01,BANK_VS_SETTLEMENT,core.settlements,SET-0673,core.bank_transactions,BNK-0673,MATCHED,6771.94,6771.94,0.0,0,0,LEGITIMATE,TOL-BANK,2025-04-05T00:00:00Z,
rcn-02727,RUN-2025-04-05-01,PAYMENT_VS_ORDER,core.orders,ORD-674,core.payments,PAY-0674,MATCHED,2583.97,2583.97,0.0,0,0,LEGITIMATE,TOL-PAYMENT,2025-04-05T00:00:00Z,
rcn-02728,RUN-2025-04-05-01,SETTLEMENT_VS_PAYMENT,core.payments,PAY-0674,core.settlements,SET-0674,MATCHED,1952.28,1952.28,0.0,0,0,LEGITIMATE,TOL-SETTLEMENT,2025-04-05T00:00:00Z,
rcn-02729,RUN-2025-04-05-01,FEE_VS_RATE_CARD,core.payments,PAY-0674,core.gateway_fees,FEE-0674,MATCHED,10.34,10.34,0.0,0,0,LEGITIMATE,TOL-FEE,2025-04-05T00:00:00Z,
rcn-02730,RUN-2025-04-05-01,BANK_VS_SETTLEMENT,core.settlements,SET-0674,core.bank_transactions,BNK-0674,MATCHED,1952.28,1952.28,0.0,0,0,LEGITIMATE,TOL-BANK,2025-04-05T00:00:00Z,
rcn-02731,RUN-2025-04-05-01,REFUND_VS_PAYMENT,core.payments,PAY-0674,core.refunds,REF-0674,MATCHED,621.98,621.98,0.0,0,0,LEGITIMATE,TOL-REFUND,2025-04-05T00:00:00Z,
rcn-02732,RUN-2025-04-05-01,PAYMENT_VS_ORDER,core.orders,ORD-675,core.payments,PAY-0675,MATCHED,690.62,690.62,0.0,0,0,LEGITIMATE,TOL-PAYMENT,2025-04-05T00:00:00Z,
rcn-02733,RUN-2025-04-05-01,SETTLEMENT_VS_PAYMENT,core.payments,PAY-0675,core.settlements,SET-0675,MATCHED,674.32,674.32,0.0,0,0,LEGITIMATE,TOL-SETTLEMENT,2025-04-05T00:00:00Z,
rcn-02734,RUN-2025-04-05-01,FEE_VS_RATE_CARD,core.payments,PAY-0675,core.gateway_fees,FEE-0675,MATCHED,13.81,13.81,0.0,0,0,LEGITIMATE,TOL-FEE,2025-04-05T00:00:00Z,
rcn-02735,RUN-2025-04-05-01,BANK_VS_SETTLEMENT,core.settlements,SET-0675,core.bank_transactions,BNK-0675,MATCHED,674.32,674.32,0.0,0,0,LEGITIMATE,TOL-BANK,2025-04-05T00:00:00Z,
rcn-02736,RUN-2025-04-05-01,PAYMENT_VS_ORDER,core.orders,ORD-676,core.payments,PAY-0676,MATCHED,2793.82,2793.82,0.0,0,0,LEGITIMATE,TOL-PAYMENT,2025-04-05T00:00:00Z,
rcn-02737,RUN-2025-04-05-01,SETTLEMENT_VS_PAYMENT,core.payments,PAY-0676,core.settlements,SET-0676,MATCHED,2727.88,2727.88,0.0,0,0,LEGITIMATE,TOL-SETTLEMENT,2025-04-05T00:00:00Z,
rcn-02738,RUN-2025-04-05-01,FEE_VS_RATE_CARD,core.payments,PAY-0676,core.gateway_fees,FEE-0676,MATCHED,55.88,55.88,0.0,0,0,LEGITIMATE,TOL-FEE,2025-04-05T00:00:00Z,
rcn-02739,RUN-2025-04-05-01,BANK_VS_SETTLEMENT,core.settlements,SET-0676,core.bank_transactions,BNK-0676,MATCHED,2727.88,2727.88,0.0,0,0,LEGITIMATE,TOL-BANK,2025-04-05T00:00:00Z,
rcn-02740,RUN-2025-04-05-01,PAYMENT_VS_ORDER,core.orders,ORD-677,core.payments,PAY-0677,MATCHED,455.14,455.14,0.0,0,0,LEGITIMATE,TOL-PAYMENT,2025-04-05T00:00:00Z,
rcn-02741,RUN-2025-04-05-01,SETTLEMENT_VS_PAYMENT,core.payments,PAY-0677,core.settlements,SET-0677,MATCHED,444.4,444.4,0.0,0,0,LEGITIMATE,TOL-SETTLEMENT,2025-04-05T00:00:00Z,
rcn-02742,RUN-2025-04-05-01,FEE_VS_RATE_CARD,core.payments,PAY-0677,core.gateway_fees,FEE-0677,MATCHED,9.1,9.1,0.0,0,0,LEGITIMATE,TOL-FEE,2025-04-05T00:00:00Z,
rcn-02743,RUN-2025-04-05-01,BANK_VS_SETTLEMENT,core.settlements,SET-0677,core.bank_transactions,,UNMATCHED,444.4,,,0,444.4,LEAKAGE,TOL-BANK,2025-04-05T00:00:00Z,LEAKAGE on BANK_VS_SETTLEMENT
rcn-02744,RUN-2025-04-05-01,PAYMENT_VS_ORDER,core.orders,ORD-678,core.payments,PAY-0678,MATCHED,4982.41,4982.41,0.0,0,0,LEGITIMATE,TOL-PAYMENT,2025-04-05T00:00:00Z,
rcn-02745,RUN-2025-04-05-01,SETTLEMENT_VS_PAYMENT,core.payments,PAY-0678,core.settlements,SET-0678,MATCHED,2975.34,2975.34,0.0,0,0,LEGITIMATE,TOL-SETTLEMENT,2025-04-05T00:00:00Z,
rcn-02746,RUN-2025-04-05-01,FEE_VS_RATE_CARD,core.payments,PAY-0678,core.gateway_fees,FEE-0678,MATCHED,11.96,11.96,0.0,0,0,LEGITIMATE,TOL-FEE,2025-04-05T00:00:00Z,
rcn-02747,RUN-2025-04-05-01,BANK_VS_SETTLEMENT,core.settlements,SET-0678,core.bank_transactions,BNK-0678,MATCHED,2975.34,2975.34,0.0,0,0,LEGITIMATE,TOL-BANK,2025-04-05T00:00:00Z,
rcn-02748,RUN-2025-04-05-01,SETTLEMENT_VS_PAYMENT,core.payments,PAY-0678-2,core.settlements,SET-0678-2,MATCHED,1983.56,1983.56,0.0,0,0,LEGITIMATE,TOL-SETTLEMENT,2025-04-05T00:00:00Z,
rcn-02749,RUN-2025-04-05-01,FEE_VS_RATE_CARD,core.payments,PAY-0678-2,core.gateway_fees,FEE-0678-2,MATCHED,7.97,7.97,0.0,0,0,LEGITIMATE,TOL-FEE,2025-04-05T00:00:00Z,
rcn-02750,RUN-2025-04-05-01,BANK_VS_SETTLEMENT,core.settlements,SET-0678-2,core.bank_transactions,BNK-0678-2,MATCHED,1983.56,1983.56,0.0,0,0,LEGITIMATE,TOL-BANK,2025-04-05T00:00:00Z,
rcn-02751,RUN-2025-04-05-01,PAYMENT_VS_ORDER,core.orders,ORD-679,core.payments,PAY-0679,MATCHED,1387.68,1387.68,0.0,0,0,LEGITIMATE,TOL-PAYMENT,2025-04-05T00:00:00Z,
rcn-02752,RUN-2025-04-05-01,SETTLEMENT_VS_PAYMENT,core.payments,PAY-0679,core.settlements,SET-0679,MATCHED,1381.13,1381.13,0.0,0,0,LEGITIMATE,TOL-SETTLEMENT,2025-04-05T00:00:00Z,
rcn-02753,RUN-2025-04-05-01,FEE_VS_RATE_CARD,core.payments,PAY-0679,core.gateway_fees,FEE-0679,MATCHED,5.55,5.55,0.0,0,0,LEGITIMATE,TOL-FEE,2025-04-05T00:00:00Z,
rcn-02754,RUN-2025-04-05-01,BANK_VS_SETTLEMENT,core.settlements,SET-0679,core.bank_transactions,BNK-0679,MATCHED,1381.13,1381.13,0.0,0,0,LEGITIMATE,TOL-BANK,2025-04-05T00:00:00Z,
rcn-02755,RUN-2025-04-05-01,PAYMENT_VS_ORDER,core.orders,ORD-680,core.payments,PAY-0680,MATCHED,2372.38,2372.38,0.0,0,0,LEGITIMATE,TOL-PAYMENT,2025-04-05T00:00:00Z,
rcn-02756,RUN-2025-04-05-01,SETTLEMENT_VS_PAYMENT,core.payments,PAY-0680,core.settlements,SET-0680,MISMATCH,1302.75,1282.06,20.69,0,20.69,LEAKAGE,TOL-SETTLEMENT,2025-04-05T00:00:00Z,LEAKAGE on SETTLEMENT_VS_PAYMENT
rcn-02757,RUN-2025-04-05-01,FEE_VS_RATE_CARD,core.payments,PAY-0680,core.gateway_fees,FEE-0680,MATCHED,47.45,47.45,0.0,0,0,LEGITIMATE,TOL-FEE,2025-04-05T00:00:00Z,
rcn-02758,RUN-2025-04-05-01,BANK_VS_SETTLEMENT,core.settlements,SET-0680,core.bank_transactions,BNK-0680,MATCHED,1282.06,1282.06,0.0,0,0,LEGITIMATE,TOL-BANK,2025-04-05T00:00:00Z,
rcn-02759,RUN-2025-04-05-01,REFUND_VS_PAYMENT,core.payments,PAY-0680,core.refunds,REF-0680,MATCHED,1034.33,1034.33,0.0,0,0,LEGITIMATE,TOL-REFUND,2025-04-05T00:00:00Z,
rcn-02760,RUN-2025-04-05-01,PAYMENT_VS_ORDER,core.orders,ORD-681,core.payments,PAY-0681,MATCHED,2878.52,2878.52,0.0,0,0,LEGITIMATE,TOL-PAYMENT,2025-04-05T00:00:00Z,
rcn-02761,RUN-2025-04-05-01,SETTLEMENT_VS_PAYMENT,core.payments,PAY-0681,core.settlements,SET-0681,MISMATCH,2864.36,2644.44,219.92,0,219.92,LEAKAGE,TOL-SETTLEMENT,2025-04-05T00:00:00Z,LEAKAGE on SETTLEMENT_VS_PAYMENT
rcn-02762,RUN-2025-04-05-01,FEE_VS_RATE_CARD,core.payments,PAY-0681,core.gateway_fees,FEE-0681,MATCHED,12.0,12.0,0.0,0,0,LEGITIMATE,TOL-FEE,2025-04-05T00:00:00Z,
rcn-02763,RUN-2025-04-05-01,BANK_VS_SETTLEMENT,core.settlements,SET-0681,core.bank_transactions,BNK-0681,MATCHED,2644.44,2644.44,0.0,0,0,LEGITIMATE,TOL-BANK,2025-04-05T00:00:00Z,
rcn-02764,RUN-2025-04-05-01,PAYMENT_VS_ORDER,core.orders,ORD-682,core.payments,PAY-0682,MATCHED,6236.33,6236.33,0.0,0,0,LEGITIMATE,TOL-PAYMENT,2025-04-05T00:00:00Z,
rcn-02765,RUN-2025-04-05-01,SETTLEMENT_VS_PAYMENT,core.payments,PAY-0682,core.settlements,SET-0682,MATCHED,6096.51,6096.51,0.0,0,0,LEGITIMATE,TOL-SETTLEMENT,2025-04-05T00:00:00Z,
rcn-02766,RUN-2025-04-05-01,FEE_VS_RATE_CARD,core.payments,PAY-0682,core.gateway_fees,FEE-0682,MATCHED,118.49,118.49,0.0,0,0,LEGITIMATE,TOL-FEE,2025-04-05T00:00:00Z,
rcn-02767,RUN-2025-04-05-01,BANK_VS_SETTLEMENT,core.settlements,SET-0682,core.bank_transactions,BNK-0682,MATCHED,6096.51,6096.51,0.0,0,0,LEGITIMATE,TOL-BANK,2025-04-05T00:00:00Z,
rcn-02768,RUN-2025-04-05-01,PAYMENT_VS_ORDER,core.orders,ORD-683,core.payments,PAY-0683,MATCHED,299.0,299.0,0.0,0,0,LEGITIMATE,TOL-PAYMENT,2025-04-05T00:00:00Z,
rcn-02769,RUN-2025-04-05-01,SETTLEMENT_VS_PAYMENT,core.payments,PAY-0683,core.settlements,SET-0683,MATCHED,297.58,297.58,0.0,0,0,LEGITIMATE,TOL-SETTLEMENT,2025-04-05T00:00:00Z,
rcn-02770,RUN-2025-04-05-01,FEE_VS_RATE_CARD,core.payments,PAY-0683,core.gateway_fees,FEE-0683,MATCHED,1.2,1.2,0.0,0,0,LEGITIMATE,TOL-FEE,2025-04-05T00:00:00Z,
rcn-02771,RUN-2025-04-05-01,BANK_VS_SETTLEMENT,core.settlements,SET-0683,core.bank_transactions,BNK-0683,MATCHED,297.58,297.58,0.0,0,0,LEGITIMATE,TOL-BANK,2025-04-05T00:00:00Z,
rcn-02772,RUN-2025-04-05-01,PAYMENT_VS_ORDER,core.orders,ORD-684,core.payments,PAY-0684,MATCHED,794.66,794.66,0.0,0,0,LEGITIMATE,TOL-PAYMENT,2025-04-05T00:00:00Z,
rcn-02773,RUN-2025-04-05-01,SETTLEMENT_VS_PAYMENT,core.payments,PAY-0684,core.settlements,SET-0684,MATCHED,776.84,776.84,0.0,0,0,LEGITIMATE,TOL-SETTLEMENT,2025-04-05T00:00:00Z,
rcn-02774,RUN-2025-04-05-01,FEE_VS_RATE_CARD,core.payments,PAY-0684,core.gateway_fees,FEE-0684,MATCHED,15.1,15.1,0.0,0,0,LEGITIMATE,TOL-FEE,2025-04-05T00:00:00Z,
rcn-02775,RUN-2025-04-05-01,BANK_VS_SETTLEMENT,core.settlements,SET-0684,core.bank_transactions,BNK-0684,MATCHED,776.84,776.84,0.0,0,0,LEGITIMATE,TOL-BANK,2025-04-05T00:00:00Z,
rcn-02776,RUN-2025-04-05-01,PAYMENT_VS_ORDER,core.orders,ORD-685,core.payments,PAY-0685,MATCHED,641.1,641.1,0.0,0,0,LEGITIMATE,TOL-PAYMENT,2025-04-05T00:00:00Z,
rcn-02777,RUN-2025-04-05-01,SETTLEMENT_VS_PAYMENT,core.payments,PAY-0685,core.settlements,SET-0685,MATCHED,625.97,625.97,0.0,0,0,LEGITIMATE,TOL-SETTLEMENT,2025-04-05T00:00:00Z,
rcn-02778,RUN-2025-04-05-01,FEE_VS_RATE_CARD,core.payments,PAY-0685,core.gateway_fees,FEE-0685,MATCHED,12.82,12.82,0.0,0,0,LEGITIMATE,TOL-FEE,2025-04-05T00:00:00Z,
rcn-02779,RUN-2025-04-05-01,BANK_VS_SETTLEMENT,core.settlements,SET-0685,core.bank_transactions,BNK-0685,MATCHED,625.97,625.97,0.0,0,0,LEGITIMATE,TOL-BANK,2025-04-05T00:00:00Z,
rcn-02780,RUN-2025-04-05-01,PAYMENT_VS_ORDER,core.orders,ORD-686,core.payments,PAY-0686,MATCHED,1885.13,1885.13,0.0,0,0,LEGITIMATE,TOL-PAYMENT,2025-04-05T00:00:00Z,
rcn-02781,RUN-2025-04-05-01,SETTLEMENT_VS_PAYMENT,core.payments,PAY-0686,core.settlements,SET-0686,MISMATCH,1157.77,1143.83,13.94,0,13.94,LEAKAGE,TOL-SETTLEMENT,2025-04-05T00:00:00Z,LEAKAGE on SETTLEMENT_VS_PAYMENT
rcn-02782,RUN-2025-04-05-01,FEE_VS_RATE_CARD,core.payments,PAY-0686,core.gateway_fees,FEE-0686,MATCHED,37.7,37.7,0.0,0,0,LEGITIMATE,TOL-FEE,2025-04-05T00:00:00Z,
rcn-02783,RUN-2025-04-05-01,BANK_VS_SETTLEMENT,core.settlements,SET-0686,core.bank_transactions,BNK-0686,MATCHED,1143.83,1143.83,0.0,0,0,LEGITIMATE,TOL-BANK,2025-04-05T00:00:00Z,
rcn-02784,RUN-2025-04-05-01,REFUND_VS_PAYMENT,core.payments,PAY-0686,core.refunds,REF-0686,MATCHED,696.81,696.81,0.0,0,0,LEGITIMATE,TOL-REFUND,2025-04-05T00:00:00Z,
rcn-02785,RUN-2025-04-05-01,PAYMENT_VS_ORDER,core.orders,ORD-688,core.payments,PAY-0688,MATCHED,2598.88,2598.88,0.0,0,0,LEGITIMATE,TOL-PAYMENT,2025-04-05T00:00:00Z,
rcn-02786,RUN-2025-04-05-01,SETTLEMENT_VS_PAYMENT,core.payments,PAY-0688,core.settlements,SET-0688,MATCHED,2584.72,2584.72,0.0,0,0,LEGITIMATE,TOL-SETTLEMENT,2025-04-05T00:00:00Z,
rcn-02787,RUN-2025-04-05-01,FEE_VS_RATE_CARD,core.payments,PAY-0688,core.gateway_fees,FEE-0688,MATCHED,12.0,12.0,0.0,0,0,LEGITIMATE,TOL-FEE,2025-04-05T00:00:00Z,
rcn-02788,RUN-2025-04-05-01,BANK_VS_SETTLEMENT,core.settlements,SET-0688,core.bank_transactions,BNK-0688,MATCHED,2584.72,2584.72,0.0,0,0,LEGITIMATE,TOL-BANK,2025-04-05T00:00:00Z,
rcn-02789,RUN-2025-04-05-01,PAYMENT_VS_ORDER,core.orders,ORD-689,core.payments,PAY-0689,MATCHED,945.8,945.8,0.0,0,0,LEGITIMATE,TOL-PAYMENT,2025-04-05T00:00:00Z,
rcn-02790,RUN-2025-04-05-01,SETTLEMENT_VS_PAYMENT,core.payments,PAY-0689,core.settlements,SET-0689,MATCHED,923.47,923.47,0.0,0,0,LEGITIMATE,TOL-SETTLEMENT,2025-04-05T00:00:00Z,
rcn-02791,RUN-2025-04-05-01,FEE_VS_RATE_CARD,core.payments,PAY-0689,core.gateway_fees,FEE-0689,MATCHED,18.92,18.92,0.0,0,0,LEGITIMATE,TOL-FEE,2025-04-05T00:00:00Z,
rcn-02792,RUN-2025-04-05-01,BANK_VS_SETTLEMENT,core.settlements,SET-0689,core.bank_transactions,BNK-0689,MATCHED,923.47,923.47,0.0,0,0,LEGITIMATE,TOL-BANK,2025-04-05T00:00:00Z,
rcn-02793,RUN-2025-04-05-01,PAYMENT_VS_ORDER,core.orders,ORD-690,core.payments,PAY-0690,MATCHED,636.81,636.81,0.0,0,0,LEGITIMATE,TOL-PAYMENT,2025-04-05T00:00:00Z,
rcn-02794,RUN-2025-04-05-01,SETTLEMENT_VS_PAYMENT,core.payments,PAY-0690,core.settlements,SET-0690,MATCHED,621.78,621.78,0.0,0,0,LEGITIMATE,TOL-SETTLEMENT,2025-04-05T00:00:00Z,
rcn-02795,RUN-2025-04-05-01,FEE_VS_RATE_CARD,core.payments,PAY-0690,core.gateway_fees,FEE-0690,MATCHED,12.74,12.74,0.0,0,0,LEGITIMATE,TOL-FEE,2025-04-05T00:00:00Z,
rcn-02796,RUN-2025-04-05-01,BANK_VS_SETTLEMENT,core.settlements,SET-0690,core.bank_transactions,BNK-0690,MATCHED,621.78,621.78,0.0,0,0,LEGITIMATE,TOL-BANK,2025-04-05T00:00:00Z,
rcn-02797,RUN-2025-04-05-01,PAYMENT_VS_ORDER,core.orders,ORD-691,core.payments,PAY-0691,MATCHED,1751.14,1751.14,0.0,0,0,LEGITIMATE,TOL-PAYMENT,2025-04-05T00:00:00Z,
rcn-02798,RUN-2025-04-05-01,SETTLEMENT_VS_PAYMENT,core.payments,PAY-0691,core.settlements,SET-0691,MATCHED,1736.98,1736.98,0.0,0,0,LEGITIMATE,TOL-SETTLEMENT,2025-04-05T00:00:00Z,
rcn-02799,RUN-2025-04-05-01,FEE_VS_RATE_CARD,core.payments,PAY-0691,core.gateway_fees,FEE-0691,MATCHED,12.0,12.0,0.0,0,0,LEGITIMATE,TOL-FEE,2025-04-05T00:00:00Z,
rcn-02800,RUN-2025-04-05-01,BANK_VS_SETTLEMENT,core.settlements,SET-0691,core.bank_transactions,BNK-0691,MATCHED,1736.98,1736.98,0.0,0,0,LEGITIMATE,TOL-BANK,2025-04-05T00:00:00Z,
rcn-02801,RUN-2025-04-05-01,PAYMENT_VS_ORDER,core.orders,ORD-692,core.payments,PAY-0692,MATCHED,2396.7,2396.7,0.0,0,0,LEGITIMATE,TOL-PAYMENT,2025-04-05T00:00:00Z,
rcn-02802,RUN-2025-04-05-01,SETTLEMENT_VS_PAYMENT,core.payments,PAY-0692,core.settlements,SET-0692,MATCHED,2340.14,2340.14,0.0,0,0,LEGITIMATE,TOL-SETTLEMENT,2025-04-05T00:00:00Z,
rcn-02803,RUN-2025-04-05-01,FEE_VS_RATE_CARD,core.payments,PAY-0692,core.gateway_fees,FEE-0692,MATCHED,47.93,47.93,0.0,0,0,LEGITIMATE,TOL-FEE,2025-04-05T00:00:00Z,
rcn-02804,RUN-2025-04-05-01,BANK_VS_SETTLEMENT,core.settlements,SET-0692,core.bank_transactions,BNK-0692,MATCHED,2340.14,2340.14,0.0,0,0,LEGITIMATE,TOL-BANK,2025-04-05T00:00:00Z,
rcn-02805,RUN-2025-04-05-01,PAYMENT_VS_ORDER,core.orders,ORD-693,core.payments,PAY-0693,MATCHED,828.0,828.0,0.0,0,0,LEGITIMATE,TOL-PAYMENT,2025-04-05T00:00:00Z,
rcn-02806,RUN-2025-04-05-01,SETTLEMENT_VS_PAYMENT,core.payments,PAY-0693,core.settlements,SET-0693,MATCHED,824.09,824.09,0.0,0,0,LEGITIMATE,TOL-SETTLEMENT,2025-04-05T00:00:00Z,
rcn-02807,RUN-2025-04-05-01,FEE_VS_RATE_CARD,core.payments,PAY-0693,core.gateway_fees,FEE-0693,MATCHED,3.31,3.31,0.0,0,0,LEGITIMATE,TOL-FEE,2025-04-05T00:00:00Z,
rcn-02808,RUN-2025-04-05-01,BANK_VS_SETTLEMENT,core.settlements,SET-0693,core.bank_transactions,BNK-0693,MATCHED,824.09,824.09,0.0,0,0,LEGITIMATE,TOL-BANK,2025-04-05T00:00:00Z,
rcn-02809,RUN-2025-04-05-01,PAYMENT_VS_ORDER,core.orders,ORD-694,core.payments,PAY-0694,MATCHED,3598.36,3598.36,0.0,0,0,LEGITIMATE,TOL-PAYMENT,2025-04-05T00:00:00Z,
rcn-02810,RUN-2025-04-05-01,SETTLEMENT_VS_PAYMENT,core.payments,PAY-0694,core.settlements,SET-0694,MATCHED,2782.08,2782.08,0.0,0,0,LEGITIMATE,TOL-SETTLEMENT,2025-04-05T00:00:00Z,
rcn-02811,RUN-2025-04-05-01,FEE_VS_RATE_CARD,core.payments,PAY-0694,core.gateway_fees,FEE-0694,MATCHED,71.97,71.97,0.0,0,0,LEGITIMATE,TOL-FEE,2025-04-05T00:00:00Z,
rcn-02812,RUN-2025-04-05-01,BANK_VS_SETTLEMENT,core.settlements,SET-0694,core.bank_transactions,BNK-0694,MATCHED,2782.08,2782.08,0.0,0,0,LEGITIMATE,TOL-BANK,2025-04-05T00:00:00Z,
rcn-02813,RUN-2025-04-05-01,REFUND_VS_PAYMENT,core.payments,PAY-0694,core.refunds,REF-0694,MATCHED,746.29,746.29,0.0,0,0,LEGITIMATE,TOL-REFUND,2025-04-05T00:00:00Z,
rcn-02814,RUN-2025-04-05-01,PAYMENT_VS_ORDER,core.orders,ORD-695,core.payments,PAY-0695,MATCHED,624.15,624.15,0.0,0,0,LEGITIMATE,TOL-PAYMENT,2025-04-05T00:00:00Z,
rcn-02815,RUN-2025-04-05-01,SETTLEMENT_VS_PAYMENT,core.payments,PAY-0695,core.settlements,SET-0695,MATCHED,621.2,621.2,0.0,0,0,LEGITIMATE,TOL-SETTLEMENT,2025-04-05T00:00:00Z,
rcn-02816,RUN-2025-04-05-01,FEE_VS_RATE_CARD,core.payments,PAY-0695,core.gateway_fees,FEE-0695,MATCHED,2.5,2.5,0.0,0,0,LEGITIMATE,TOL-FEE,2025-04-05T00:00:00Z,
rcn-02817,RUN-2025-04-05-01,BANK_VS_SETTLEMENT,core.settlements,SET-0695,core.bank_transactions,BNK-0695,MATCHED,621.2,621.2,0.0,0,0,LEGITIMATE,TOL-BANK,2025-04-05T00:00:00Z,
rcn-02818,RUN-2025-04-05-01,PAYMENT_VS_ORDER,core.orders,ORD-696,core.payments,PAY-0696,MATCHED,2408.73,2408.73,0.0,0,0,LEGITIMATE,TOL-PAYMENT,2025-04-05T00:00:00Z,
rcn-02819,RUN-2025-04-05-01,SETTLEMENT_VS_PAYMENT,core.payments,PAY-0696,core.settlements,SET-0696,MATCHED,2351.89,2351.89,0.0,0,0,LEGITIMATE,TOL-SETTLEMENT,2025-04-05T00:00:00Z,
rcn-02820,RUN-2025-04-05-01,FEE_VS_RATE_CARD,core.payments,PAY-0696,core.gateway_fees,FEE-0696,MATCHED,48.17,48.17,0.0,0,0,LEGITIMATE,TOL-FEE,2025-04-05T00:00:00Z,
rcn-02821,RUN-2025-04-05-01,BANK_VS_SETTLEMENT,core.settlements,SET-0696,core.bank_transactions,BNK-0696,MATCHED,2351.89,2351.89,0.0,0,0,LEGITIMATE,TOL-BANK,2025-04-05T00:00:00Z,
rcn-02822,RUN-2025-04-05-01,PAYMENT_VS_ORDER,core.orders,ORD-697,core.payments,PAY-0697,MATCHED,1877.64,1877.64,0.0,0,0,LEGITIMATE,TOL-PAYMENT,2025-04-05T00:00:00Z,
rcn-02823,RUN-2025-04-05-01,SETTLEMENT_VS_PAYMENT,core.payments,PAY-0697,core.settlements,SET-0697,MATCHED,1833.33,1833.33,0.0,0,0,LEGITIMATE,TOL-SETTLEMENT,2025-04-05T00:00:00Z,
rcn-02824,RUN-2025-04-05-01,FEE_VS_RATE_CARD,core.payments,PAY-0697,core.gateway_fees,FEE-0697,MATCHED,37.55,37.55,0.0,0,0,LEGITIMATE,TOL-FEE,2025-04-05T00:00:00Z,
rcn-02825,RUN-2025-04-05-01,BANK_VS_SETTLEMENT,core.settlements,SET-0697,core.bank_transactions,BNK-0697,MATCHED,1833.33,1833.33,0.0,0,0,LEGITIMATE,TOL-BANK,2025-04-05T00:00:00Z,
rcn-02826,RUN-2025-04-05-01,PAYMENT_VS_ORDER,core.orders,ORD-699,core.payments,PAY-0699,MATCHED,299.0,299.0,0.0,0,0,LEGITIMATE,TOL-PAYMENT,2025-04-05T00:00:00Z,
rcn-02827,RUN-2025-04-05-01,SETTLEMENT_VS_PAYMENT,core.payments,PAY-0699,core.settlements,,UNMATCHED,284.84,,,0,284.84,LEAKAGE,TOL-SETTLEMENT,2025-04-05T00:00:00Z,LEAKAGE on SETTLEMENT_VS_PAYMENT
rcn-02828,RUN-2025-04-05-01,FEE_VS_RATE_CARD,core.payments,PAY-0699,core.gateway_fees,FEE-0699,MATCHED,12.0,12.0,0.0,0,0,LEGITIMATE,TOL-FEE,2025-04-05T00:00:00Z,
rcn-02829,RUN-2025-04-05-01,PAYMENT_VS_ORDER,core.orders,ORD-700,core.payments,PAY-0700,MATCHED,299.0,299.0,0.0,0,0,LEGITIMATE,TOL-PAYMENT,2025-04-05T00:00:00Z,
rcn-02830,RUN-2025-04-05-01,SETTLEMENT_VS_PAYMENT,core.payments,PAY-0700,core.settlements,SET-0700,MATCHED,217.35,217.35,0.0,0,0,LEGITIMATE,TOL-SETTLEMENT,2025-04-05T00:00:00Z,
rcn-02831,RUN-2025-04-05-01,FEE_VS_RATE_CARD,core.payments,PAY-0700,core.gateway_fees,FEE-0700,MATCHED,7.03,7.03,0.0,0,0,LEGITIMATE,TOL-FEE,2025-04-05T00:00:00Z,
rcn-02832,RUN-2025-04-05-01,BANK_VS_SETTLEMENT,core.settlements,SET-0700,core.bank_transactions,BNK-0700,MATCHED,217.35,217.35,0.0,0,0,LEGITIMATE,TOL-BANK,2025-04-05T00:00:00Z,
rcn-02833,RUN-2025-04-05-01,REFUND_VS_PAYMENT,core.payments,PAY-0700,core.refunds,REF-0700,MATCHED,75.12,75.12,0.0,0,0,LEGITIMATE,TOL-REFUND,2025-04-05T00:00:00Z,
rcn-02834,RUN-2025-04-05-01,PAYMENT_VS_ORDER,core.orders,ORD-701,core.payments,PAY-0701,MATCHED,943.32,943.32,0.0,0,0,LEGITIMATE,TOL-PAYMENT,2025-04-05T00:00:00Z,
rcn-02835,RUN-2025-04-05-01,SETTLEMENT_VS_PAYMENT,core.payments,PAY-0701,core.settlements,SET-0701,MATCHED,917.16,917.16,0.0,0,0,LEGITIMATE,TOL-SETTLEMENT,2025-04-05T00:00:00Z,
rcn-02836,RUN-2025-04-05-01,FEE_VS_RATE_CARD,core.payments,PAY-0701,core.gateway_fees,FEE-0701,MATCHED,22.17,22.17,0.0,0,0,LEGITIMATE,TOL-FEE,2025-04-05T00:00:00Z,
rcn-02837,RUN-2025-04-05-01,BANK_VS_SETTLEMENT,core.settlements,SET-0701,core.bank_transactions,BNK-0701,MATCHED,917.16,917.16,0.0,0,0,LEGITIMATE,TOL-BANK,2025-04-05T00:00:00Z,
rcn-02838,RUN-2025-04-05-01,PAYMENT_VS_ORDER,core.orders,ORD-702,core.payments,PAY-0702,MATCHED,1156.96,1156.96,0.0,0,0,LEGITIMATE,TOL-PAYMENT,2025-04-05T00:00:00Z,
rcn-02839,RUN-2025-04-05-01,SETTLEMENT_VS_PAYMENT,core.payments,PAY-0702,core.settlements,,UNMATCHED,675.77,,,0,675.77,LEAKAGE,TOL-SETTLEMENT,2025-04-05T00:00:00Z,LEAKAGE on SETTLEMENT_VS_PAYMENT
rcn-02840,RUN-2025-04-05-01,FEE_VS_RATE_CARD,core.payments,PAY-0702,core.gateway_fees,FEE-0702,MATCHED,23.14,23.14,0.0,0,0,LEGITIMATE,TOL-FEE,2025-04-05T00:00:00Z,
rcn-02841,RUN-2025-04-05-01,REFUND_VS_PAYMENT,core.payments,PAY-0702,core.refunds,REF-0702,MATCHED,463.14,463.14,0.0,0,0,LEGITIMATE,TOL-REFUND,2025-04-05T00:00:00Z,
rcn-02842,RUN-2025-04-05-01,PAYMENT_VS_ORDER,core.orders,ORD-703,core.payments,PAY-0703,MATCHED,2541.5,2541.5,0.0,0,0,LEGITIMATE,TOL-PAYMENT,2025-04-05T00:00:00Z,
rcn-02843,RUN-2025-04-05-01,SETTLEMENT_VS_PAYMENT,core.payments,PAY-0703,core.settlements,SET-0703,MATCHED,1636.71,1636.71,0.0,0,0,LEGITIMATE,TOL-SETTLEMENT,2025-04-05T00:00:00Z,
rcn-02844,RUN-2025-04-05-01,FEE_VS_RATE_CARD,core.payments,PAY-0703,core.gateway_fees,FEE-0703,MATCHED,50.83,50.83,0.0,0,0,LEGITIMATE,TOL-FEE,2025-04-05T00:00:00Z,
rcn-02845,RUN-2025-04-05-01,BANK_VS_SETTLEMENT,core.settlements,SET-0703,core.bank_transactions,BNK-0703,MATCHED,1636.71,1636.71,0.0,0,0,LEGITIMATE,TOL-BANK,2025-04-05T00:00:00Z,
rcn-02846,RUN-2025-04-05-01,REFUND_VS_PAYMENT,core.payments,PAY-0703,core.refunds,REF-0703,MATCHED,862.05,862.05,0.0,0,0,LEGITIMATE,TOL-REFUND,2025-04-05T00:00:00Z,
rcn-02847,RUN-2025-04-05-01,PAYMENT_VS_ORDER,core.orders,ORD-704,core.payments,PAY-0704,MATCHED,480.75,480.75,0.0,0,0,LEGITIMATE,TOL-PAYMENT,2025-04-05T00:00:00Z,
rcn-02848,RUN-2025-04-05-01,SETTLEMENT_VS_PAYMENT,core.payments,PAY-0704,core.settlements,SET-0704,MATCHED,295.43,295.43,0.0,0,0,LEGITIMATE,TOL-SETTLEMENT,2025-04-05T00:00:00Z,
rcn-02849,RUN-2025-04-05-01,FEE_VS_RATE_CARD,core.payments,PAY-0704,core.gateway_fees,FEE-0704,MATCHED,9.62,9.62,0.0,0,0,LEGITIMATE,TOL-FEE,2025-04-05T00:00:00Z,
rcn-02850,RUN-2025-04-05-01,BANK_VS_SETTLEMENT,core.settlements,SET-0704,core.bank_transactions,BNK-0704,MATCHED,295.43,295.43,0.0,0,0,LEGITIMATE,TOL-BANK,2025-04-05T00:00:00Z,
rcn-02851,RUN-2025-04-05-01,REFUND_VS_PAYMENT,core.payments,PAY-0704,core.refunds,REF-0704,MATCHED,177.52,177.52,0.0,0,0,LEGITIMATE,TOL-REFUND,2025-04-05T00:00:00Z,
rcn-02852,RUN-2025-04-05-01,PAYMENT_VS_ORDER,core.orders,ORD-705,core.payments,PAY-0705,MATCHED,1763.97,1763.97,0.0,0,0,LEGITIMATE,TOL-PAYMENT,2025-04-05T00:00:00Z,
rcn-02853,RUN-2025-04-05-01,SETTLEMENT_VS_PAYMENT,core.payments,PAY-0705,core.settlements,,UNMATCHED,1722.34,,,0,1722.34,LEAKAGE,TOL-SETTLEMENT,2025-04-05T00:00:00Z,LEAKAGE on SETTLEMENT_VS_PAYMENT
rcn-02854,RUN-2025-04-05-01,FEE_VS_RATE_CARD,core.payments,PAY-0705,core.gateway_fees,FEE-0705,MATCHED,35.28,35.28,0.0,0,0,LEGITIMATE,TOL-FEE,2025-04-05T00:00:00Z,
rcn-02855,RUN-2025-04-05-01,PAYMENT_VS_ORDER,core.orders,ORD-706,core.payments,PAY-0706,MATCHED,444.95,444.95,0.0,0,0,LEGITIMATE,TOL-PAYMENT,2025-04-05T00:00:00Z,
rcn-02856,RUN-2025-04-05-01,SETTLEMENT_VS_PAYMENT,core.payments,PAY-0706,core.settlements,SET-0706,MATCHED,434.45,434.45,0.0,0,0,LEGITIMATE,TOL-SETTLEMENT,2025-04-05T00:00:00Z,
rcn-02857,RUN-2025-04-05-01,FEE_VS_RATE_CARD,core.payments,PAY-0706,core.gateway_fees,FEE-0706,MATCHED,8.9,8.9,0.0,0,0,LEGITIMATE,TOL-FEE,2025-04-05T00:00:00Z,
rcn-02858,RUN-2025-04-05-01,BANK_VS_SETTLEMENT,core.settlements,SET-0706,core.bank_transactions,BNK-0706,MATCHED,434.45,434.45,0.0,0,0,LEGITIMATE,TOL-BANK,2025-04-05T00:00:00Z,
rcn-02859,RUN-2025-04-05-01,PAYMENT_VS_ORDER,core.orders,ORD-707,core.payments,PAY-0707,MATCHED,6261.2,6261.2,0.0,0,0,LEGITIMATE,TOL-PAYMENT,2025-04-05T00:00:00Z,
rcn-02860,RUN-2025-04-05-01,SETTLEMENT_VS_PAYMENT,core.payments,PAY-0707,core.settlements,SET-0707,MATCHED,4875.58,4875.58,0.0,0,0,LEGITIMATE,TOL-SETTLEMENT,2025-04-05T00:00:00Z,
rcn-02861,RUN-2025-04-05-01,FEE_VS_RATE_CARD,core.payments,PAY-0707,core.gateway_fees,FEE-0707,MATCHED,118.96,118.96,0.0,0,0,LEGITIMATE,TOL-FEE,2025-04-05T00:00:00Z,
rcn-02862,RUN-2025-04-05-01,BANK_VS_SETTLEMENT,core.settlements,SET-0707,core.bank_transactions,BNK-0707,MATCHED,4875.58,4875.58,0.0,0,0,LEGITIMATE,TOL-BANK,2025-04-05T00:00:00Z,
rcn-02863,RUN-2025-04-05-01,REFUND_VS_PAYMENT,core.payments,PAY-0707,core.refunds,REF-0707,MATCHED,1269.37,1269.37,0.0,0,0,LEGITIMATE,TOL-REFUND,2025-04-05T00:00:00Z,
rcn-02864,RUN-2025-04-05-01,PAYMENT_VS_ORDER,core.orders,ORD-708,core.payments,PAY-0708,MATCHED,9315.64,9315.64,0.0,0,0,LEGITIMATE,TOL-PAYMENT,2025-04-05T00:00:00Z,
rcn-02865,RUN-2025-04-05-01,SETTLEMENT_VS_PAYMENT,core.payments,PAY-0708,core.settlements,SET-0708,MATCHED,9095.79,9095.79,0.0,0,0,LEGITIMATE,TOL-SETTLEMENT,2025-04-05T00:00:00Z,
rcn-02866,RUN-2025-04-05-01,FEE_VS_RATE_CARD,core.payments,PAY-0708,core.gateway_fees,FEE-0708,MATCHED,186.31,186.31,0.0,0,0,LEGITIMATE,TOL-FEE,2025-04-05T00:00:00Z,
rcn-02867,RUN-2025-04-05-01,BANK_VS_SETTLEMENT,core.settlements,SET-0708,core.bank_transactions,BNK-0708,MATCHED,9095.79,9095.79,0.0,0,0,LEGITIMATE,TOL-BANK,2025-04-05T00:00:00Z,
rcn-02868,RUN-2025-04-05-01,PAYMENT_VS_ORDER,core.orders,ORD-709,core.payments,PAY-0709,MATCHED,299.0,299.0,0.0,0,0,LEGITIMATE,TOL-PAYMENT,2025-04-05T00:00:00Z,
rcn-02869,RUN-2025-04-05-01,SETTLEMENT_VS_PAYMENT,core.payments,PAY-0709,core.settlements,SET-0709,MATCHED,297.58,297.58,0.0,0,0,LEGITIMATE,TOL-SETTLEMENT,2025-04-05T00:00:00Z,
rcn-02870,RUN-2025-04-05-01,FEE_VS_RATE_CARD,core.payments,PAY-0709,core.gateway_fees,FEE-0709,MATCHED,1.2,1.2,0.0,0,0,LEGITIMATE,TOL-FEE,2025-04-05T00:00:00Z,
rcn-02871,RUN-2025-04-05-01,BANK_VS_SETTLEMENT,core.settlements,SET-0709,core.bank_transactions,BNK-0709,MATCHED,297.58,297.58,0.0,0,0,LEGITIMATE,TOL-BANK,2025-04-05T00:00:00Z,
rcn-02872,RUN-2025-04-05-01,PAYMENT_VS_ORDER,core.orders,ORD-710,core.payments,PAY-0710,MATCHED,1049.43,1049.43,0.0,0,0,LEGITIMATE,TOL-PAYMENT,2025-04-05T00:00:00Z,
rcn-02873,RUN-2025-04-05-01,SETTLEMENT_VS_PAYMENT,core.payments,PAY-0710,core.settlements,SET-0710,MATCHED,1025.9,1025.9,0.0,0,0,LEGITIMATE,TOL-SETTLEMENT,2025-04-05T00:00:00Z,
rcn-02874,RUN-2025-04-05-01,FEE_VS_RATE_CARD,core.payments,PAY-0710,core.gateway_fees,FEE-0710,MATCHED,19.94,19.94,0.0,0,0,LEGITIMATE,TOL-FEE,2025-04-05T00:00:00Z,
rcn-02875,RUN-2025-04-05-01,BANK_VS_SETTLEMENT,core.settlements,SET-0710,core.bank_transactions,BNK-0710,MATCHED,1025.9,1025.9,0.0,0,0,LEGITIMATE,TOL-BANK,2025-04-05T00:00:00Z,
rcn-02876,RUN-2025-04-05-01,PAYMENT_VS_ORDER,core.orders,ORD-711,core.payments,PAY-0711,MATCHED,1431.29,1431.29,0.0,0,0,LEGITIMATE,TOL-PAYMENT,2025-04-05T00:00:00Z,
rcn-02877,RUN-2025-04-05-01,SETTLEMENT_VS_PAYMENT,core.payments,PAY-0711,core.settlements,SET-0711,MISMATCH,1424.53,1422.29,2.24,0,2.24,LEAKAGE,TOL-SETTLEMENT,2025-04-05T00:00:00Z,LEAKAGE on SETTLEMENT_VS_PAYMENT
rcn-02878,RUN-2025-04-05-01,FEE_VS_RATE_CARD,core.payments,PAY-0711,core.gateway_fees,FEE-0711,MISMATCH,5.73,7.97,-2.24,0,2.24,LEAKAGE,TOL-FEE,2025-04-05T00:00:00Z,LEAKAGE on FEE_VS_RATE_CARD
rcn-02879,RUN-2025-04-05-01,BANK_VS_SETTLEMENT,core.settlements,SET-0711,core.bank_transactions,BNK-0711,MATCHED,1422.29,1422.29,0.0,0,0,LEGITIMATE,TOL-BANK,2025-04-05T00:00:00Z,
rcn-02880,RUN-2025-04-05-01,PAYMENT_VS_ORDER,core.orders,ORD-712,core.payments,PAY-0712,MATCHED,5878.15,5878.15,0.0,0,0,LEGITIMATE,TOL-PAYMENT,2025-04-05T00:00:00Z,
rcn-02881,RUN-2025-04-05-01,SETTLEMENT_VS_PAYMENT,core.payments,PAY-0712,core.settlements,SET-0712,MATCHED,4106.29,4106.29,0.0,0,0,LEGITIMATE,TOL-SETTLEMENT,2025-04-05T00:00:00Z,
rcn-02882,RUN-2025-04-05-01,FEE_VS_RATE_CARD,core.payments,PAY-0712,core.gateway_fees,FEE-0712,MATCHED,117.56,117.56,0.0,0,0,LEGITIMATE,TOL-FEE,2025-04-05T00:00:00Z,
rcn-02883,RUN-2025-04-05-01,BANK_VS_SETTLEMENT,core.settlements,SET-0712,core.bank_transactions,BNK-0712,MATCHED,4106.29,4106.29,0.0,0,0,LEGITIMATE,TOL-BANK,2025-04-05T00:00:00Z,
rcn-02884,RUN-2025-04-05-01,REFUND_VS_PAYMENT,core.payments,PAY-0712,core.refunds,REF-0712,MATCHED,1666.47,1666.47,0.0,0,0,LEGITIMATE,TOL-REFUND,2025-04-05T00:00:00Z,
rcn-02885,RUN-2025-04-05-01,PAYMENT_VS_ORDER,core.orders,ORD-713,core.payments,PAY-0713,MATCHED,1261.87,1261.87,0.0,0,0,LEGITIMATE,TOL-PAYMENT,2025-04-05T00:00:00Z,
rcn-02886,RUN-2025-04-05-01,SETTLEMENT_VS_PAYMENT,core.payments,PAY-0713,core.settlements,SET-0713,MATCHED,1232.09,1232.09,0.0,0,0,LEGITIMATE,TOL-SETTLEMENT,2025-04-05T00:00:00Z,
rcn-02887,RUN-2025-04-05-01,FEE_VS_RATE_CARD,core.payments,PAY-0713,core.gateway_fees,FEE-0713,MATCHED,25.24,25.24,0.0,0,0,LEGITIMATE,TOL-FEE,2025-04-05T00:00:00Z,
rcn-02888,RUN-2025-04-05-01,BANK_VS_SETTLEMENT,core.settlements,SET-0713,core.bank_transactions,BNK-0713,MATCHED,1232.09,1232.09,0.0,0,0,LEGITIMATE,TOL-BANK,2025-04-05T00:00:00Z,
rcn-02889,RUN-2025-04-05-01,PAYMENT_VS_ORDER,core.orders,ORD-714,core.payments,PAY-0714,MATCHED,6748.01,6748.01,0.0,0,0,LEGITIMATE,TOL-PAYMENT,2025-04-05T00:00:00Z,
rcn-02890,RUN-2025-04-05-01,SETTLEMENT_VS_PAYMENT,core.payments,PAY-0714,core.settlements,SET-0714,MATCHED,6588.76,6588.76,0.0,0,0,LEGITIMATE,TOL-SETTLEMENT,2025-04-05T00:00:00Z,
rcn-02891,RUN-2025-04-05-01,FEE_VS_RATE_CARD,core.payments,PAY-0714,core.gateway_fees,FEE-0714,MATCHED,134.96,134.96,0.0,0,0,LEGITIMATE,TOL-FEE,2025-04-05T00:00:00Z,
rcn-02892,RUN-2025-04-05-01,BANK_VS_SETTLEMENT,core.settlements,SET-0714,core.bank_transactions,BNK-0714,MATCHED,6588.76,6588.76,0.0,0,0,LEGITIMATE,TOL-BANK,2025-04-05T00:00:00Z,
rcn-02893,RUN-2025-04-05-01,PAYMENT_VS_ORDER,core.orders,ORD-715,core.payments,PAY-0715,MATCHED,2236.05,2236.05,0.0,0,0,LEGITIMATE,TOL-PAYMENT,2025-04-05T00:00:00Z,
rcn-02894,RUN-2025-04-05-01,SETTLEMENT_VS_PAYMENT,core.payments,PAY-0715,core.settlements,SET-0715,MATCHED,2183.28,2183.28,0.0,0,0,LEGITIMATE,TOL-SETTLEMENT,2025-04-05T00:00:00Z,
rcn-02895,RUN-2025-04-05-01,FEE_VS_RATE_CARD,core.payments,PAY-0715,core.gateway_fees,FEE-0715,MATCHED,44.72,44.72,0.0,0,0,LEGITIMATE,TOL-FEE,2025-04-05T00:00:00Z,
rcn-02896,RUN-2025-04-05-01,BANK_VS_SETTLEMENT,core.settlements,SET-0715,core.bank_transactions,BNK-0715,MATCHED,2183.28,2183.28,0.0,0,0,LEGITIMATE,TOL-BANK,2025-04-05T00:00:00Z,
rcn-02897,RUN-2025-04-05-01,PAYMENT_VS_ORDER,core.orders,ORD-716,core.payments,PAY-0716,MATCHED,1485.72,1485.72,0.0,0,0,LEGITIMATE,TOL-PAYMENT,2025-04-05T00:00:00Z,
rcn-02898,RUN-2025-04-05-01,SETTLEMENT_VS_PAYMENT,core.payments,PAY-0716,core.settlements,SET-0716,MATCHED,1478.71,1478.71,0.0,0,0,LEGITIMATE,TOL-SETTLEMENT,2025-04-05T00:00:00Z,
rcn-02899,RUN-2025-04-05-01,FEE_VS_RATE_CARD,core.payments,PAY-0716,core.gateway_fees,FEE-0716,MATCHED,5.94,5.94,0.0,0,0,LEGITIMATE,TOL-FEE,2025-04-05T00:00:00Z,
rcn-02900,RUN-2025-04-05-01,BANK_VS_SETTLEMENT,core.settlements,SET-0716,core.bank_transactions,BNK-0716,MATCHED,1478.71,1478.71,0.0,0,0,LEGITIMATE,TOL-BANK,2025-04-05T00:00:00Z,
rcn-02901,RUN-2025-04-05-01,PAYMENT_VS_ORDER,core.orders,ORD-717,core.payments,PAY-0717,MATCHED,387.72,387.72,0.0,0,0,LEGITIMATE,TOL-PAYMENT,2025-04-05T00:00:00Z,
rcn-02902,RUN-2025-04-05-01,SETTLEMENT_VS_PAYMENT,core.payments,PAY-0717,core.settlements,SET-0717,MATCHED,276.17,276.17,0.0,0,0,LEGITIMATE,TOL-SETTLEMENT,2025-04-05T00:00:00Z,
rcn-02903,RUN-2025-04-05-01,FEE_VS_RATE_CARD,core.payments,PAY-0717,core.gateway_fees,FEE-0717,MATCHED,7.75,7.75,0.0,0,0,LEGITIMATE,TOL-FEE,2025-04-05T00:00:00Z,
rcn-02904,RUN-2025-04-05-01,BANK_VS_SETTLEMENT,core.settlements,SET-0717,core.bank_transactions,BNK-0717,MATCHED,276.17,276.17,0.0,0,0,LEGITIMATE,TOL-BANK,2025-04-05T00:00:00Z,
rcn-02905,RUN-2025-04-05-01,REFUND_VS_PAYMENT,core.payments,PAY-0717,core.refunds,REF-0717,MATCHED,104.49,104.49,0.0,0,0,LEGITIMATE,TOL-REFUND,2025-04-05T00:00:00Z,
rcn-02906,RUN-2025-04-05-01,PAYMENT_VS_ORDER,core.orders,ORD-718,core.payments,PAY-0718,MATCHED,742.24,742.24,0.0,0,0,LEGITIMATE,TOL-PAYMENT,2025-04-05T00:00:00Z,
rcn-02907,RUN-2025-04-05-01,SETTLEMENT_VS_PAYMENT,core.payments,PAY-0718,core.settlements,SET-0718,MISMATCH,738.74,729.88,8.86,0,8.86,LEAKAGE,TOL-SETTLEMENT,2025-04-05T00:00:00Z,LEAKAGE on SETTLEMENT_VS_PAYMENT
rcn-02908,RUN-2025-04-05-01,FEE_VS_RATE_CARD,core.payments,PAY-0718,core.gateway_fees,FEE-0718,MATCHED,2.97,2.97,0.0,0,0,LEGITIMATE,TOL-FEE,2025-04-05T00:00:00Z,
rcn-02909,RUN-2025-04-05-01,BANK_VS_SETTLEMENT,core.settlements,SET-0718,core.bank_transactions,BNK-0718,MATCHED,729.88,729.88,0.0,0,0,LEGITIMATE,TOL-BANK,2025-04-05T00:00:00Z,
rcn-02910,RUN-2025-04-05-01,PAYMENT_VS_ORDER,core.orders,ORD-720,core.payments,PAY-0720,MATCHED,937.98,937.98,0.0,0,0,LEGITIMATE,TOL-PAYMENT,2025-04-05T00:00:00Z,
rcn-02911,RUN-2025-04-05-01,SETTLEMENT_VS_PAYMENT,core.payments,PAY-0720,core.settlements,SET-0720,MATCHED,915.84,915.84,0.0,0,0,LEGITIMATE,TOL-SETTLEMENT,2025-04-05T00:00:00Z,
rcn-02912,RUN-2025-04-05-01,FEE_VS_RATE_CARD,core.payments,PAY-0720,core.gateway_fees,FEE-0720,MATCHED,18.76,18.76,0.0,0,0,LEGITIMATE,TOL-FEE,2025-04-05T00:00:00Z,
rcn-02913,RUN-2025-04-05-01,BANK_VS_SETTLEMENT,core.settlements,SET-0720,core.bank_transactions,BNK-0720,MATCHED,915.84,915.84,0.0,0,0,LEGITIMATE,TOL-BANK,2025-04-05T00:00:00Z,
rcn-02914,RUN-2025-04-05-01,PAYMENT_VS_ORDER,core.orders,ORD-721,core.payments,PAY-0721,MATCHED,865.33,865.33,0.0,0,0,LEGITIMATE,TOL-PAYMENT,2025-04-05T00:00:00Z,
rcn-02915,RUN-2025-04-05-01,SETTLEMENT_VS_PAYMENT,core.payments,PAY-0721,core.settlements,SET-0721,MATCHED,845.93,845.93,0.0,0,0,LEGITIMATE,TOL-SETTLEMENT,2025-04-05T00:00:00Z,
rcn-02916,RUN-2025-04-05-01,FEE_VS_RATE_CARD,core.payments,PAY-0721,core.gateway_fees,FEE-0721,MATCHED,16.44,16.44,0.0,0,0,LEGITIMATE,TOL-FEE,2025-04-05T00:00:00Z,
rcn-02917,RUN-2025-04-05-01,BANK_VS_SETTLEMENT,core.settlements,SET-0721,core.bank_transactions,BNK-0721,MATCHED,845.93,845.93,0.0,0,0,LEGITIMATE,TOL-BANK,2025-04-05T00:00:00Z,
rcn-02918,RUN-2025-04-05-01,PAYMENT_VS_ORDER,core.orders,ORD-722,core.payments,PAY-0722,MATCHED,1339.18,1339.18,0.0,0,0,LEGITIMATE,TOL-PAYMENT,2025-04-05T00:00:00Z,
rcn-02919,RUN-2025-04-05-01,SETTLEMENT_VS_PAYMENT,core.payments,PAY-0722,core.settlements,SET-0722,MATCHED,1332.86,1332.86,0.0,0,0,LEGITIMATE,TOL-SETTLEMENT,2025-04-05T00:00:00Z,
rcn-02920,RUN-2025-04-05-01,FEE_VS_RATE_CARD,core.payments,PAY-0722,core.gateway_fees,FEE-0722,MATCHED,5.36,5.36,0.0,0,0,LEGITIMATE,TOL-FEE,2025-04-05T00:00:00Z,
rcn-02921,RUN-2025-04-05-01,BANK_VS_SETTLEMENT,core.settlements,SET-0722,core.bank_transactions,BNK-0722,MATCHED,1332.86,1332.86,0.0,0,0,LEGITIMATE,TOL-BANK,2025-04-05T00:00:00Z,
rcn-02922,RUN-2025-04-05-01,PAYMENT_VS_ORDER,core.orders,ORD-723,core.payments,PAY-0723,MATCHED,2615.24,2615.24,0.0,0,0,LEGITIMATE,TOL-PAYMENT,2025-04-05T00:00:00Z,
rcn-02923,RUN-2025-04-05-01,SETTLEMENT_VS_PAYMENT,core.payments,PAY-0723,core.settlements,SET-0723,MATCHED,2556.61,2556.61,0.0,0,0,LEGITIMATE,TOL-SETTLEMENT,2025-04-05T00:00:00Z,
rcn-02924,RUN-2025-04-05-01,FEE_VS_RATE_CARD,core.payments,PAY-0723,core.gateway_fees,FEE-0723,MATCHED,49.69,49.69,0.0,0,0,LEGITIMATE,TOL-FEE,2025-04-05T00:00:00Z,
rcn-02925,RUN-2025-04-05-01,BANK_VS_SETTLEMENT,core.settlements,SET-0723,core.bank_transactions,BNK-0723,MATCHED,2556.61,2556.61,0.0,0,0,LEGITIMATE,TOL-BANK,2025-04-05T00:00:00Z,
rcn-02926,RUN-2025-04-05-01,PAYMENT_VS_ORDER,core.orders,ORD-724,core.payments,PAY-0724,MATCHED,12160.0,12160.0,0.0,0,0,LEGITIMATE,TOL-PAYMENT,2025-04-05T00:00:00Z,
rcn-02927,RUN-2025-04-05-01,SETTLEMENT_VS_PAYMENT,core.payments,PAY-0724,core.settlements,SET-0724,MATCHED,12102.6,12102.6,0.0,0,0,LEGITIMATE,TOL-SETTLEMENT,2025-04-05T00:00:00Z,
rcn-02928,RUN-2025-04-05-01,FEE_VS_RATE_CARD,core.payments,PAY-0724,core.gateway_fees,FEE-0724,MATCHED,48.64,48.64,0.0,0,0,LEGITIMATE,TOL-FEE,2025-04-05T00:00:00Z,
rcn-02929,RUN-2025-04-05-01,BANK_VS_SETTLEMENT,core.settlements,SET-0724,core.bank_transactions,BNK-0724,MATCHED,12102.6,12102.6,0.0,0,0,LEGITIMATE,TOL-BANK,2025-04-05T00:00:00Z,
rcn-02930,RUN-2025-04-05-01,PAYMENT_VS_ORDER,core.orders,ORD-725,core.payments,PAY-0725,MATCHED,3414.68,3414.68,0.0,0,0,LEGITIMATE,TOL-PAYMENT,2025-04-05T00:00:00Z,
rcn-02931,RUN-2025-04-05-01,SETTLEMENT_VS_PAYMENT,core.payments,PAY-0725,core.settlements,SET-0725,MATCHED,3334.1,3334.1,0.0,0,0,LEGITIMATE,TOL-SETTLEMENT,2025-04-05T00:00:00Z,
rcn-02932,RUN-2025-04-05-01,FEE_VS_RATE_CARD,core.payments,PAY-0725,core.gateway_fees,FEE-0725,MATCHED,68.29,68.29,0.0,0,0,LEGITIMATE,TOL-FEE,2025-04-05T00:00:00Z,
rcn-02933,RUN-2025-04-05-01,BANK_VS_SETTLEMENT,core.settlements,SET-0725,core.bank_transactions,BNK-0725,MATCHED,3334.1,3334.1,0.0,0,0,LEGITIMATE,TOL-BANK,2025-04-05T00:00:00Z,
rcn-02934,RUN-2025-04-05-01,PAYMENT_VS_ORDER,core.orders,ORD-726,core.payments,PAY-0726,MATCHED,2516.71,2516.71,0.0,0,0,LEGITIMATE,TOL-PAYMENT,2025-04-05T00:00:00Z,
rcn-02935,RUN-2025-04-05-01,SETTLEMENT_VS_PAYMENT,core.payments,PAY-0726,core.settlements,SET-0726,MATCHED,2504.83,2504.83,0.0,0,0,LEGITIMATE,TOL-SETTLEMENT,2025-04-05T00:00:00Z,
rcn-02936,RUN-2025-04-05-01,FEE_VS_RATE_CARD,core.payments,PAY-0726,core.gateway_fees,FEE-0726,MATCHED,10.07,10.07,0.0,0,0,LEGITIMATE,TOL-FEE,2025-04-05T00:00:00Z,
rcn-02937,RUN-2025-04-05-01,BANK_VS_SETTLEMENT,core.settlements,SET-0726,core.bank_transactions,BNK-0726,MATCHED,2504.83,2504.83,0.0,0,0,LEGITIMATE,TOL-BANK,2025-04-05T00:00:00Z,
rcn-02938,RUN-2025-04-05-01,PAYMENT_VS_ORDER,core.orders,ORD-727,core.payments,PAY-0727,MATCHED,2022.05,2022.05,0.0,0,0,LEGITIMATE,TOL-PAYMENT,2025-04-05T00:00:00Z,
rcn-02939,RUN-2025-04-05-01,SETTLEMENT_VS_PAYMENT,core.payments,PAY-0727,core.settlements,SET-0727,MATCHED,2012.5,2012.5,0.0,0,0,LEGITIMATE,TOL-SETTLEMENT,2025-04-05T00:00:00Z,
rcn-02940,RUN-2025-04-05-01,FEE_VS_RATE_CARD,core.payments,PAY-0727,core.gateway_fees,FEE-0727,MATCHED,8.09,8.09,0.0,0,0,LEGITIMATE,TOL-FEE,2025-04-05T00:00:00Z,
rcn-02941,RUN-2025-04-05-01,BANK_VS_SETTLEMENT,core.settlements,SET-0727,core.bank_transactions,BNK-0727,MATCHED,2012.5,2012.5,0.0,0,0,LEGITIMATE,TOL-BANK,2025-04-05T00:00:00Z,
rcn-02942,RUN-2025-04-05-01,PAYMENT_VS_ORDER,core.orders,ORD-728,core.payments,PAY-0728,MATCHED,3165.68,3165.68,0.0,0,0,LEGITIMATE,TOL-PAYMENT,2025-04-05T00:00:00Z,
rcn-02943,RUN-2025-04-05-01,SETTLEMENT_VS_PAYMENT,core.payments,PAY-0728,core.settlements,SET-0728,MATCHED,3090.97,3090.97,0.0,0,0,LEGITIMATE,TOL-SETTLEMENT,2025-04-05T00:00:00Z,
rcn-02944,RUN-2025-04-05-01,FEE_VS_RATE_CARD,core.payments,PAY-0728,core.gateway_fees,FEE-0728,MATCHED,63.31,63.31,0.0,0,0,LEGITIMATE,TOL-FEE,2025-04-05T00:00:00Z,
rcn-02945,RUN-2025-04-05-01,BANK_VS_SETTLEMENT,core.settlements,SET-0728,core.bank_transactions,BNK-0728,MATCHED,3090.97,3090.97,0.0,0,0,LEGITIMATE,TOL-BANK,2025-04-05T00:00:00Z,
rcn-02946,RUN-2025-04-05-01,PAYMENT_VS_ORDER,core.orders,ORD-729,core.payments,PAY-0729,MATCHED,1720.02,1720.02,0.0,0,0,LEGITIMATE,TOL-PAYMENT,2025-04-05T00:00:00Z,
rcn-02947,RUN-2025-04-05-01,SETTLEMENT_VS_PAYMENT,core.payments,PAY-0729,core.settlements,SET-0729,MISMATCH,1711.9,1703.78,8.12,0,8.12,LEAKAGE,TOL-SETTLEMENT,2025-04-05T00:00:00Z,LEAKAGE on SETTLEMENT_VS_PAYMENT
rcn-02948,RUN-2025-04-05-01,FEE_VS_RATE_CARD,core.payments,PAY-0729,core.gateway_fees,FEE-0729,MISMATCH,6.88,13.76,-6.88,0,6.88,LEAKAGE,TOL-FEE,2025-04-05T00:00:00Z,LEAKAGE on FEE_VS_RATE_CARD
rcn-02949,RUN-2025-04-05-01,BANK_VS_SETTLEMENT,core.settlements,SET-0729,core.bank_transactions,BNK-0729,MATCHED,1703.78,1703.78,0.0,0,0,LEGITIMATE,TOL-BANK,2025-04-05T00:00:00Z,
rcn-02950,RUN-2025-04-05-01,PAYMENT_VS_ORDER,core.orders,ORD-730,core.payments,PAY-0730,MATCHED,2189.55,2189.55,0.0,0,0,LEGITIMATE,TOL-PAYMENT,2025-04-05T00:00:00Z,
rcn-02951,RUN-2025-04-05-01,SETTLEMENT_VS_PAYMENT,core.payments,PAY-0730,core.settlements,SET-0730,MATCHED,2179.21,2179.21,0.0,0,0,LEGITIMATE,TOL-SETTLEMENT,2025-04-05T00:00:00Z,
rcn-02952,RUN-2025-04-05-01,FEE_VS_RATE_CARD,core.payments,PAY-0730,core.gateway_fees,FEE-0730,MATCHED,8.76,8.76,0.0,0,0,LEGITIMATE,TOL-FEE,2025-04-05T00:00:00Z,
rcn-02953,RUN-2025-04-05-01,BANK_VS_SETTLEMENT,core.settlements,SET-0730,core.bank_transactions,BNK-0730,MATCHED,2179.21,2179.21,0.0,0,0,LEGITIMATE,TOL-BANK,2025-04-05T00:00:00Z,
rcn-02954,RUN-2025-04-05-01,PAYMENT_VS_ORDER,core.orders,ORD-732,core.payments,PAY-0732,MATCHED,660.44,660.44,0.0,0,0,LEGITIMATE,TOL-PAYMENT,2025-04-05T00:00:00Z,
rcn-02955,RUN-2025-04-05-01,SETTLEMENT_VS_PAYMENT,core.payments,PAY-0732,core.settlements,SET-0732,MATCHED,642.13,642.13,0.0,0,0,LEGITIMATE,TOL-SETTLEMENT,2025-04-05T00:00:00Z,
rcn-02956,RUN-2025-04-05-01,FEE_VS_RATE_CARD,core.payments,PAY-0732,core.gateway_fees,FEE-0732,MATCHED,15.52,15.52,0.0,0,0,LEGITIMATE,TOL-FEE,2025-04-05T00:00:00Z,
rcn-02957,RUN-2025-04-05-01,BANK_VS_SETTLEMENT,core.settlements,SET-0732,core.bank_transactions,BNK-0732,MATCHED,642.13,642.13,0.0,0,0,LEGITIMATE,TOL-BANK,2025-04-05T00:00:00Z,
rcn-02958,RUN-2025-04-05-01,PAYMENT_VS_ORDER,core.orders,ORD-733,core.payments,PAY-0733,MATCHED,1153.27,1153.27,0.0,0,0,LEGITIMATE,TOL-PAYMENT,2025-04-05T00:00:00Z,
rcn-02959,RUN-2025-04-05-01,SETTLEMENT_VS_PAYMENT,core.payments,PAY-0733,core.settlements,SET-0733,MATCHED,1126.05,1126.05,0.0,0,0,LEGITIMATE,TOL-SETTLEMENT,2025-04-05T00:00:00Z,
rcn-02960,RUN-2025-04-05-01,FEE_VS_RATE_CARD,core.payments,PAY-0733,core.gateway_fees,FEE-0733,MATCHED,23.07,23.07,0.0,0,0,LEGITIMATE,TOL-FEE,2025-04-05T00:00:00Z,
rcn-02961,RUN-2025-04-05-01,BANK_VS_SETTLEMENT,core.settlements,SET-0733,core.bank_transactions,BNK-0733,MATCHED,1126.05,1126.05,0.0,0,0,LEGITIMATE,TOL-BANK,2025-04-05T00:00:00Z,
rcn-02962,RUN-2025-04-05-01,PAYMENT_VS_ORDER,core.orders,ORD-734,core.payments,PAY-0734,MATCHED,473.56,473.56,0.0,0,0,LEGITIMATE,TOL-PAYMENT,2025-04-05T00:00:00Z,
rcn-02963,RUN-2025-04-05-01,SETTLEMENT_VS_PAYMENT,core.payments,PAY-0734,core.settlements,SET-0734,MATCHED,462.39,462.39,0.0,0,0,LEGITIMATE,TOL-SETTLEMENT,2025-04-05T00:00:00Z,
rcn-02964,RUN-2025-04-05-01,FEE_VS_RATE_CARD,core.payments,PAY-0734,core.gateway_fees,FEE-0734,MATCHED,9.47,9.47,0.0,0,0,LEGITIMATE,TOL-FEE,2025-04-05T00:00:00Z,
rcn-02965,RUN-2025-04-05-01,BANK_VS_SETTLEMENT,core.settlements,SET-0734,core.bank_transactions,BNK-0734,MATCHED,462.39,462.39,0.0,0,0,LEGITIMATE,TOL-BANK,2025-04-05T00:00:00Z,
rcn-02966,RUN-2025-04-05-01,PAYMENT_VS_ORDER,core.orders,ORD-735,core.payments,PAY-0735,MATCHED,323.21,323.21,0.0,0,0,LEGITIMATE,TOL-PAYMENT,2025-04-05T00:00:00Z,
rcn-02967,RUN-2025-04-05-01,SETTLEMENT_VS_PAYMENT,core.payments,PAY-0735,core.settlements,SET-0735,MATCHED,315.59,315.59,0.0,0,0,LEGITIMATE,TOL-SETTLEMENT,2025-04-05T00:00:00Z,
rcn-02968,RUN-2025-04-05-01,FEE_VS_RATE_CARD,core.payments,PAY-0735,core.gateway_fees,FEE-0735,MATCHED,6.46,6.46,0.0,0,0,LEGITIMATE,TOL-FEE,2025-04-05T00:00:00Z,
rcn-02969,RUN-2025-04-05-01,BANK_VS_SETTLEMENT,core.settlements,SET-0735,core.bank_transactions,BNK-0735,MATCHED,315.59,315.59,0.0,0,0,LEGITIMATE,TOL-BANK,2025-04-05T00:00:00Z,
rcn-02970,RUN-2025-04-05-01,PAYMENT_VS_ORDER,core.orders,ORD-736,core.payments,PAY-0736,MATCHED,2081.76,2081.76,0.0,0,0,LEGITIMATE,TOL-PAYMENT,2025-04-05T00:00:00Z,
rcn-02971,RUN-2025-04-05-01,SETTLEMENT_VS_PAYMENT,core.payments,PAY-0736,core.settlements,SET-0736,MATCHED,2032.62,2032.62,0.0,0,0,LEGITIMATE,TOL-SETTLEMENT,2025-04-05T00:00:00Z,
rcn-02972,RUN-2025-04-05-01,FEE_VS_RATE_CARD,core.payments,PAY-0736,core.gateway_fees,FEE-0736,MATCHED,41.64,41.64,0.0,0,0,LEGITIMATE,TOL-FEE,2025-04-05T00:00:00Z,
rcn-02973,RUN-2025-04-05-01,BANK_VS_SETTLEMENT,core.settlements,SET-0736,core.bank_transactions,BNK-0736,MATCHED,2032.62,2032.62,0.0,0,0,LEGITIMATE,TOL-BANK,2025-04-05T00:00:00Z,
rcn-02974,RUN-2025-04-05-01,PAYMENT_VS_ORDER,core.orders,ORD-737,core.payments,PAY-0737,MATCHED,2078.25,2078.25,0.0,0,0,LEGITIMATE,TOL-PAYMENT,2025-04-05T00:00:00Z,
rcn-02975,RUN-2025-04-05-01,SETTLEMENT_VS_PAYMENT,core.payments,PAY-0737,core.settlements,SET-0737,MATCHED,2068.44,2068.44,0.0,0,0,LEGITIMATE,TOL-SETTLEMENT,2025-04-05T00:00:00Z,
rcn-02976,RUN-2025-04-05-01,FEE_VS_RATE_CARD,core.payments,PAY-0737,core.gateway_fees,FEE-0737,MATCHED,8.31,8.31,0.0,0,0,LEGITIMATE,TOL-FEE,2025-04-05T00:00:00Z,
rcn-02977,RUN-2025-04-05-01,BANK_VS_SETTLEMENT,core.settlements,SET-0737,core.bank_transactions,BNK-0737,MATCHED,2068.44,2068.44,0.0,0,0,LEGITIMATE,TOL-BANK,2025-04-05T00:00:00Z,
rcn-02978,RUN-2025-04-05-01,PAYMENT_VS_ORDER,core.orders,ORD-738,core.payments,PAY-0738,MATCHED,1276.88,1276.88,0.0,0,0,LEGITIMATE,TOL-PAYMENT,2025-04-05T00:00:00Z,
rcn-02979,RUN-2025-04-05-01,SETTLEMENT_VS_PAYMENT,core.payments,PAY-0738,core.settlements,SET-0738,MATCHED,967.97,967.97,0.0,0,0,LEGITIMATE,TOL-SETTLEMENT,2025-04-05T00:00:00Z,
rcn-02980,RUN-2025-04-05-01,FEE_VS_RATE_CARD,core.payments,PAY-0738,core.gateway_fees,FEE-0738,MATCHED,5.11,5.11,0.0,0,0,LEGITIMATE,TOL-FEE,2025-04-05T00:00:00Z,
rcn-02981,RUN-2025-04-05-01,BANK_VS_SETTLEMENT,core.settlements,SET-0738,core.bank_transactions,BNK-0738,MATCHED,967.97,967.97,0.0,0,0,LEGITIMATE,TOL-BANK,2025-04-05T00:00:00Z,
rcn-02982,RUN-2025-04-05-01,REFUND_VS_PAYMENT,core.payments,PAY-0738,core.refunds,REF-0738,MATCHED,304.1,304.1,0.0,0,0,LEGITIMATE,TOL-REFUND,2025-04-05T00:00:00Z,
rcn-02983,RUN-2025-04-05-01,PAYMENT_VS_ORDER,core.orders,ORD-739,core.payments,PAY-0739,MATCHED,352.61,352.61,0.0,0,0,LEGITIMATE,TOL-PAYMENT,2025-04-05T00:00:00Z,
rcn-02984,RUN-2025-04-05-01,SETTLEMENT_VS_PAYMENT,core.payments,PAY-0739,core.settlements,SET-0739,MATCHED,344.29,344.29,0.0,0,0,LEGITIMATE,TOL-SETTLEMENT,2025-04-05T00:00:00Z,
rcn-02985,RUN-2025-04-05-01,FEE_VS_RATE_CARD,core.payments,PAY-0739,core.gateway_fees,FEE-0739,MATCHED,7.05,7.05,0.0,0,0,LEGITIMATE,TOL-FEE,2025-04-05T00:00:00Z,
rcn-02986,RUN-2025-04-05-01,BANK_VS_SETTLEMENT,core.settlements,SET-0739,core.bank_transactions,BNK-0739,MATCHED,344.29,344.29,0.0,0,0,LEGITIMATE,TOL-BANK,2025-04-05T00:00:00Z,
rcn-02987,RUN-2025-04-05-01,PAYMENT_VS_ORDER,core.orders,ORD-740,core.payments,PAY-0740,MATCHED,2119.14,2119.14,0.0,0,0,LEGITIMATE,TOL-PAYMENT,2025-04-05T00:00:00Z,
rcn-02988,RUN-2025-04-05-01,SETTLEMENT_VS_PAYMENT,core.payments,PAY-0740,core.settlements,SET-0740,MATCHED,1545.15,1545.15,0.0,0,0,LEGITIMATE,TOL-SETTLEMENT,2025-04-05T00:00:00Z,
rcn-02989,RUN-2025-04-05-01,FEE_VS_RATE_CARD,core.payments,PAY-0740,core.gateway_fees,FEE-0740,MATCHED,8.48,8.48,0.0,0,0,LEGITIMATE,TOL-FEE,2025-04-05T00:00:00Z,
rcn-02990,RUN-2025-04-05-01,BANK_VS_SETTLEMENT,core.settlements,SET-0740,core.bank_transactions,BNK-0740,MATCHED,1545.15,1545.15,0.0,0,0,LEGITIMATE,TOL-BANK,2025-04-05T00:00:00Z,
rcn-02991,RUN-2025-04-05-01,REFUND_VS_PAYMENT,core.payments,PAY-0740,core.refunds,REF-0740,MATCHED,566.25,566.25,0.0,0,0,LEGITIMATE,TOL-REFUND,2025-04-05T00:00:00Z,
rcn-02992,RUN-2025-04-05-01,PAYMENT_VS_ORDER,core.orders,ORD-741,core.payments,PAY-0741,MATCHED,1308.67,1308.67,0.0,0,0,LEGITIMATE,TOL-PAYMENT,2025-04-05T00:00:00Z,
rcn-02993,RUN-2025-04-05-01,SETTLEMENT_VS_PAYMENT,core.payments,PAY-0741,core.settlements,SET-0741,MISMATCH,1277.79,1172.12,105.67,0,105.67,LEAKAGE,TOL-SETTLEMENT,2025-04-05T00:00:00Z,LEAKAGE on SETTLEMENT_VS_PAYMENT
rcn-02994,RUN-2025-04-05-01,FEE_VS_RATE_CARD,core.payments,PAY-0741,core.gateway_fees,FEE-0741,MISMATCH,26.17,37.4,-11.23,0,11.23,LEAKAGE,TOL-FEE,2025-04-05T00:00:00Z,LEAKAGE on FEE_VS_RATE_CARD
rcn-02995,RUN-2025-04-05-01,BANK_VS_SETTLEMENT,core.settlements,SET-0741,core.bank_transactions,BNK-0741,MATCHED,1172.12,1172.12,0.0,0,0,LEGITIMATE,TOL-BANK,2025-04-05T00:00:00Z,
rcn-02996,RUN-2025-04-05-01,PAYMENT_VS_ORDER,core.orders,ORD-742,core.payments,PAY-0742,MATCHED,3214.21,3214.21,0.0,0,0,LEGITIMATE,TOL-PAYMENT,2025-04-05T00:00:00Z,
rcn-02997,RUN-2025-04-05-01,SETTLEMENT_VS_PAYMENT,core.payments,PAY-0742,core.settlements,SET-0742,MATCHED,1964.67,1964.67,0.0,0,0,LEGITIMATE,TOL-SETTLEMENT,2025-04-05T00:00:00Z,
rcn-02998,RUN-2025-04-05-01,FEE_VS_RATE_CARD,core.payments,PAY-0742,core.gateway_fees,FEE-0742,MATCHED,64.28,64.28,0.0,0,0,LEGITIMATE,TOL-FEE,2025-04-05T00:00:00Z,
rcn-02999,RUN-2025-04-05-01,BANK_VS_SETTLEMENT,core.settlements,SET-0742,core.bank_transactions,BNK-0742,MATCHED,1964.67,1964.67,0.0,0,0,LEGITIMATE,TOL-BANK,2025-04-05T00:00:00Z,
rcn-03000,RUN-2025-04-05-01,REFUND_VS_PAYMENT,core.payments,PAY-0742,core.refunds,REF-0742,MATCHED,1197.64,1197.64,0.0,0,0,LEGITIMATE,TOL-REFUND,2025-04-05T00:00:00Z,
rcn-03001,RUN-2025-04-05-01,PAYMENT_VS_ORDER,core.orders,ORD-743,core.payments,PAY-0743,MATCHED,423.24,423.24,0.0,0,0,LEGITIMATE,TOL-PAYMENT,2025-04-05T00:00:00Z,
rcn-03002,RUN-2025-04-05-01,SETTLEMENT_VS_PAYMENT,core.payments,PAY-0743,core.settlements,SET-0743,MATCHED,413.26,413.26,0.0,0,0,LEGITIMATE,TOL-SETTLEMENT,2025-04-05T00:00:00Z,
rcn-03003,RUN-2025-04-05-01,FEE_VS_RATE_CARD,core.payments,PAY-0743,core.gateway_fees,FEE-0743,MATCHED,8.46,8.46,0.0,0,0,LEGITIMATE,TOL-FEE,2025-04-05T00:00:00Z,
rcn-03004,RUN-2025-04-05-01,BANK_VS_SETTLEMENT,core.settlements,SET-0743,core.bank_transactions,BNK-0743,MATCHED,413.26,413.26,0.0,0,0,LEGITIMATE,TOL-BANK,2025-04-05T00:00:00Z,
rcn-03005,RUN-2025-04-05-01,PAYMENT_VS_ORDER,core.orders,ORD-744,core.payments,PAY-0744,MATCHED,540.22,540.22,0.0,0,0,LEGITIMATE,TOL-PAYMENT,2025-04-05T00:00:00Z,
rcn-03006,RUN-2025-04-05-01,SETTLEMENT_VS_PAYMENT,core.payments,PAY-0744,core.settlements,SET-0744,MATCHED,527.48,527.48,0.0,0,0,LEGITIMATE,TOL-SETTLEMENT,2025-04-05T00:00:00Z,
rcn-03007,RUN-2025-04-05-01,FEE_VS_RATE_CARD,core.payments,PAY-0744,core.gateway_fees,FEE-0744,MATCHED,10.8,10.8,0.0,0,0,LEGITIMATE,TOL-FEE,2025-04-05T00:00:00Z,
rcn-03008,RUN-2025-04-05-01,BANK_VS_SETTLEMENT,core.settlements,SET-0744,core.bank_transactions,BNK-0744,MATCHED,527.48,527.48,0.0,0,0,LEGITIMATE,TOL-BANK,2025-04-05T00:00:00Z,
rcn-03009,RUN-2025-04-05-01,PAYMENT_VS_ORDER,core.orders,ORD-745,core.payments,PAY-0745,MATCHED,1053.86,1053.86,0.0,0,0,LEGITIMATE,TOL-PAYMENT,2025-04-05T00:00:00Z,
rcn-03010,RUN-2025-04-05-01,SETTLEMENT_VS_PAYMENT,core.payments,PAY-0745,core.settlements,SET-0745,MATCHED,1028.99,1028.99,0.0,0,0,LEGITIMATE,TOL-SETTLEMENT,2025-04-05T00:00:00Z,
rcn-03011,RUN-2025-04-05-01,FEE_VS_RATE_CARD,core.payments,PAY-0745,core.gateway_fees,FEE-0745,MATCHED,21.08,21.08,0.0,0,0,LEGITIMATE,TOL-FEE,2025-04-05T00:00:00Z,
rcn-03012,RUN-2025-04-05-01,BANK_VS_SETTLEMENT,core.settlements,SET-0745,core.bank_transactions,BNK-0745,MATCHED,1028.99,1028.99,0.0,0,0,LEGITIMATE,TOL-BANK,2025-04-05T00:00:00Z,
rcn-03013,RUN-2025-04-05-01,PAYMENT_VS_ORDER,core.orders,ORD-746,core.payments,PAY-0746,MATCHED,584.33,584.33,0.0,0,0,LEGITIMATE,TOL-PAYMENT,2025-04-05T00:00:00Z,
rcn-03014,RUN-2025-04-05-01,SETTLEMENT_VS_PAYMENT,core.payments,PAY-0746,core.settlements,SET-0746,MATCHED,570.54,570.54,0.0,0,0,LEGITIMATE,TOL-SETTLEMENT,2025-04-05T00:00:00Z,
rcn-03015,RUN-2025-04-05-01,FEE_VS_RATE_CARD,core.payments,PAY-0746,core.gateway_fees,FEE-0746,MATCHED,11.69,11.69,0.0,0,0,LEGITIMATE,TOL-FEE,2025-04-05T00:00:00Z,
rcn-03016,RUN-2025-04-05-01,BANK_VS_SETTLEMENT,core.settlements,SET-0746,core.bank_transactions,BNK-0746,MATCHED,570.54,570.54,0.0,0,0,LEGITIMATE,TOL-BANK,2025-04-05T00:00:00Z,
rcn-03017,RUN-2025-04-05-01,PAYMENT_VS_ORDER,core.orders,ORD-747,core.payments,PAY-0747,MATCHED,890.45,890.45,0.0,0,0,LEGITIMATE,TOL-PAYMENT,2025-04-05T00:00:00Z,
rcn-03018,RUN-2025-04-05-01,SETTLEMENT_VS_PAYMENT,core.payments,PAY-0747,core.settlements,SET-0747,MISMATCH,453.59,445.51,8.08,0,8.08,LEAKAGE,TOL-SETTLEMENT,2025-04-05T00:00:00Z,LEAKAGE on SETTLEMENT_VS_PAYMENT
rcn-03019,RUN-2025-04-05-01,FEE_VS_RATE_CARD,core.payments,PAY-0747,core.gateway_fees,FEE-0747,MATCHED,16.92,16.92,0.0,0,0,LEGITIMATE,TOL-FEE,2025-04-05T00:00:00Z,
rcn-03020,RUN-2025-04-05-01,BANK_VS_SETTLEMENT,core.settlements,SET-0747,core.bank_transactions,BNK-0747,MATCHED,445.51,445.51,0.0,0,0,LEGITIMATE,TOL-BANK,2025-04-05T00:00:00Z,
rcn-03021,RUN-2025-04-05-01,REFUND_VS_PAYMENT,core.payments,PAY-0747,core.refunds,REF-0747,MATCHED,424.97,424.97,0.0,0,0,LEGITIMATE,TOL-REFUND,2025-04-05T00:00:00Z,
rcn-03022,RUN-2025-04-05-01,PAYMENT_VS_ORDER,core.orders,ORD-748,core.payments,PAY-0748,MATCHED,1974.0,1974.0,0.0,0,0,LEGITIMATE,TOL-PAYMENT,2025-04-05T00:00:00Z,
rcn-03023,RUN-2025-04-05-01,SETTLEMENT_VS_PAYMENT,core.payments,PAY-0748,core.settlements,SET-0748,MATCHED,1964.68,1964.68,0.0,0,0,LEGITIMATE,TOL-SETTLEMENT,2025-04-05T00:00:00Z,
rcn-03024,RUN-2025-04-05-01,FEE_VS_RATE_CARD,core.payments,PAY-0748,core.gateway_fees,FEE-0748,MATCHED,7.9,7.9,0.0,0,0,LEGITIMATE,TOL-FEE,2025-04-05T00:00:00Z,
rcn-03025,RUN-2025-04-05-01,BANK_VS_SETTLEMENT,core.settlements,SET-0748,core.bank_transactions,BNK-0748,MATCHED,1964.68,1964.68,0.0,0,0,LEGITIMATE,TOL-BANK,2025-04-05T00:00:00Z,
rcn-03026,RUN-2025-04-05-01,PAYMENT_VS_ORDER,core.orders,ORD-749,core.payments,PAY-0749,MATCHED,973.79,973.79,0.0,0,0,LEGITIMATE,TOL-PAYMENT,2025-04-05T00:00:00Z,
rcn-03027,RUN-2025-04-05-01,SETTLEMENT_VS_PAYMENT,core.payments,PAY-0749,core.settlements,SET-0749,MATCHED,568.07,568.07,0.0,0,0,LEGITIMATE,TOL-SETTLEMENT,2025-04-05T00:00:00Z,
rcn-03028,RUN-2025-04-05-01,FEE_VS_RATE_CARD,core.payments,PAY-0749,core.gateway_fees,FEE-0749,MATCHED,13.73,13.73,0.0,0,0,LEGITIMATE,TOL-FEE,2025-04-05T00:00:00Z,
rcn-03029,RUN-2025-04-05-01,BANK_VS_SETTLEMENT,core.settlements,SET-0749,core.bank_transactions,BNK-0749,MATCHED,568.07,568.07,0.0,0,0,LEGITIMATE,TOL-BANK,2025-04-05T00:00:00Z,
rcn-03030,RUN-2025-04-05-01,SETTLEMENT_VS_PAYMENT,core.payments,PAY-0749-2,core.settlements,SET-0749-2,MATCHED,378.72,378.72,0.0,0,0,LEGITIMATE,TOL-SETTLEMENT,2025-04-05T00:00:00Z,
rcn-03031,RUN-2025-04-05-01,FEE_VS_RATE_CARD,core.payments,PAY-0749-2,core.gateway_fees,FEE-0749-2,MATCHED,9.15,9.15,0.0,0,0,LEGITIMATE,TOL-FEE,2025-04-05T00:00:00Z,
rcn-03032,RUN-2025-04-05-01,BANK_VS_SETTLEMENT,core.settlements,SET-0749-2,core.bank_transactions,BNK-0749-2,MATCHED,378.72,378.72,0.0,0,0,LEGITIMATE,TOL-BANK,2025-04-05T00:00:00Z,
rcn-03033,RUN-2025-04-05-01,PAYMENT_VS_ORDER,core.orders,ORD-750,core.payments,PAY-0750,MATCHED,430.48,430.48,0.0,0,0,LEGITIMATE,TOL-PAYMENT,2025-04-05T00:00:00Z,
rcn-03034,RUN-2025-04-05-01,SETTLEMENT_VS_PAYMENT,core.payments,PAY-0750,core.settlements,SET-0750,MATCHED,420.32,420.32,0.0,0,0,LEGITIMATE,TOL-SETTLEMENT,2025-04-05T00:00:00Z,
rcn-03035,RUN-2025-04-05-01,FEE_VS_RATE_CARD,core.payments,PAY-0750,core.gateway_fees,FEE-0750,MATCHED,8.61,8.61,0.0,0,0,LEGITIMATE,TOL-FEE,2025-04-05T00:00:00Z,
rcn-03036,RUN-2025-04-05-01,BANK_VS_SETTLEMENT,core.settlements,SET-0750,core.bank_transactions,BNK-0750,MATCHED,420.32,420.32,0.0,0,0,LEGITIMATE,TOL-BANK,2025-04-05T00:00:00Z,
rcn-03037,RUN-2025-04-05-01,PAYMENT_VS_ORDER,core.orders,ORD-751,core.payments,PAY-0751,MATCHED,324.35,324.35,0.0,0,0,LEGITIMATE,TOL-PAYMENT,2025-04-05T00:00:00Z,
rcn-03038,RUN-2025-04-05-01,SETTLEMENT_VS_PAYMENT,core.payments,PAY-0751,core.settlements,SET-0751,MATCHED,322.82,322.82,0.0,0,0,LEGITIMATE,TOL-SETTLEMENT,2025-04-05T00:00:00Z,
rcn-03039,RUN-2025-04-05-01,FEE_VS_RATE_CARD,core.payments,PAY-0751,core.gateway_fees,FEE-0751,MATCHED,1.3,1.3,0.0,0,0,LEGITIMATE,TOL-FEE,2025-04-05T00:00:00Z,
rcn-03040,RUN-2025-04-05-01,BANK_VS_SETTLEMENT,core.settlements,SET-0751,core.bank_transactions,BNK-0751,MATCHED,322.82,322.82,0.0,0,0,LEGITIMATE,TOL-BANK,2025-04-05T00:00:00Z,
rcn-03041,RUN-2025-04-05-01,PAYMENT_VS_ORDER,core.orders,ORD-752,core.payments,PAY-0752,MATCHED,307.91,307.91,0.0,0,0,LEGITIMATE,TOL-PAYMENT,2025-04-05T00:00:00Z,
rcn-03042,RUN-2025-04-05-01,SETTLEMENT_VS_PAYMENT,core.payments,PAY-0752,core.settlements,SET-0752,MATCHED,170.59,170.59,0.0,0,0,LEGITIMATE,TOL-SETTLEMENT,2025-04-05T00:00:00Z,
rcn-03043,RUN-2025-04-05-01,FEE_VS_RATE_CARD,core.payments,PAY-0752,core.gateway_fees,FEE-0752,MATCHED,12.0,12.0,0.0,0,0,LEGITIMATE,TOL-FEE,2025-04-05T00:00:00Z,
rcn-03044,RUN-2025-04-05-01,BANK_VS_SETTLEMENT,core.settlements,SET-0752,core.bank_transactions,BNK-0752,MATCHED,170.59,170.59,0.0,0,0,LEGITIMATE,TOL-BANK,2025-04-05T00:00:00Z,
rcn-03045,RUN-2025-04-05-01,SETTLEMENT_VS_PAYMENT,core.payments,PAY-0752-2,core.settlements,SET-0752-2,MATCHED,109.0,109.0,0.0,0,0,LEGITIMATE,TOL-SETTLEMENT,2025-04-05T00:00:00Z,
rcn-03046,RUN-2025-04-05-01,FEE_VS_RATE_CARD,core.payments,PAY-0752-2,core.gateway_fees,FEE-0752-2,MATCHED,12.0,12.0,0.0,0,0,LEGITIMATE,TOL-FEE,2025-04-05T00:00:00Z,
rcn-03047,RUN-2025-04-05-01,BANK_VS_SETTLEMENT,core.settlements,SET-0752-2,core.bank_transactions,BNK-0752-2,MATCHED,109.0,109.0,0.0,0,0,LEGITIMATE,TOL-BANK,2025-04-05T00:00:00Z,
rcn-03048,RUN-2025-04-05-01,PAYMENT_VS_ORDER,core.orders,ORD-753,core.payments,PAY-0753,MATCHED,350.31,350.31,0.0,0,0,LEGITIMATE,TOL-PAYMENT,2025-04-05T00:00:00Z,
rcn-03049,RUN-2025-04-05-01,SETTLEMENT_VS_PAYMENT,core.payments,PAY-0753,core.settlements,SET-0753,MATCHED,348.66,348.66,0.0,0,0,LEGITIMATE,TOL-SETTLEMENT,2025-04-05T00:00:00Z,
rcn-03050,RUN-2025-04-05-01,FEE_VS_RATE_CARD,core.payments,PAY-0753,core.gateway_fees,FEE-0753,MATCHED,1.4,1.4,0.0,0,0,LEGITIMATE,TOL-FEE,2025-04-05T00:00:00Z,
rcn-03051,RUN-2025-04-05-01,BANK_VS_SETTLEMENT,core.settlements,SET-0753,core.bank_transactions,BNK-0753,MATCHED,348.66,348.66,0.0,0,0,LEGITIMATE,TOL-BANK,2025-04-05T00:00:00Z,
rcn-03052,RUN-2025-04-05-01,PAYMENT_VS_ORDER,core.orders,ORD-754,core.payments,PAY-0754,MATCHED,1781.85,1781.85,0.0,0,0,LEGITIMATE,TOL-PAYMENT,2025-04-05T00:00:00Z,
rcn-03053,RUN-2025-04-05-01,SETTLEMENT_VS_PAYMENT,core.payments,PAY-0754,core.settlements,SET-0754,MATCHED,1773.44,1773.44,0.0,0,0,LEGITIMATE,TOL-SETTLEMENT,2025-04-05T00:00:00Z,
rcn-03054,RUN-2025-04-05-01,FEE_VS_RATE_CARD,core.payments,PAY-0754,core.gateway_fees,FEE-0754,MATCHED,7.13,7.13,0.0,0,0,LEGITIMATE,TOL-FEE,2025-04-05T00:00:00Z,
rcn-03055,RUN-2025-04-05-01,BANK_VS_SETTLEMENT,core.settlements,SET-0754,core.bank_transactions,BNK-0754,MATCHED,1773.44,1773.44,0.0,0,0,LEGITIMATE,TOL-BANK,2025-04-05T00:00:00Z,
rcn-03056,RUN-2025-04-05-01,PAYMENT_VS_ORDER,core.orders,ORD-755,core.payments,PAY-0755,MATCHED,1173.68,1173.68,0.0,0,0,LEGITIMATE,TOL-PAYMENT,2025-04-05T00:00:00Z,
rcn-03057,RUN-2025-04-05-01,SETTLEMENT_VS_PAYMENT,core.payments,PAY-0755,core.settlements,SET-0755,MATCHED,726.32,726.32,0.0,0,0,LEGITIMATE,TOL-SETTLEMENT,2025-04-05T00:00:00Z,
rcn-03058,RUN-2025-04-05-01,FEE_VS_RATE_CARD,core.payments,PAY-0755,core.gateway_fees,FEE-0755,MATCHED,23.47,23.47,0.0,0,0,LEGITIMATE,TOL-FEE,2025-04-05T00:00:00Z,
rcn-03059,RUN-2025-04-05-01,BANK_VS_SETTLEMENT,core.settlements,SET-0755,core.bank_transactions,BNK-0755,MATCHED,726.32,726.32,0.0,0,0,LEGITIMATE,TOL-BANK,2025-04-05T00:00:00Z,
rcn-03060,RUN-2025-04-05-01,REFUND_VS_PAYMENT,core.payments,PAY-0755,core.refunds,REF-0755,MATCHED,428.23,428.23,0.0,0,0,LEGITIMATE,TOL-REFUND,2025-04-05T00:00:00Z,
rcn-03061,RUN-2025-04-05-01,PAYMENT_VS_ORDER,core.orders,ORD-756,core.payments,PAY-0756,MATCHED,1376.73,1376.73,0.0,0,0,LEGITIMATE,TOL-PAYMENT,2025-04-05T00:00:00Z,
rcn-03062,RUN-2025-04-05-01,SETTLEMENT_VS_PAYMENT,core.payments,PAY-0756,core.settlements,SET-0756,MATCHED,1362.57,1362.57,0.0,0,0,LEGITIMATE,TOL-SETTLEMENT,2025-04-05T00:00:00Z,
rcn-03063,RUN-2025-04-05-01,FEE_VS_RATE_CARD,core.payments,PAY-0756,core.gateway_fees,FEE-0756,MATCHED,12.0,12.0,0.0,0,0,LEGITIMATE,TOL-FEE,2025-04-05T00:00:00Z,
rcn-03064,RUN-2025-04-05-01,BANK_VS_SETTLEMENT,core.settlements,SET-0756,core.bank_transactions,BNK-0756,MATCHED,1362.57,1362.57,0.0,0,0,LEGITIMATE,TOL-BANK,2025-04-05T00:00:00Z,
rcn-03065,RUN-2025-04-05-01,PAYMENT_VS_ORDER,core.orders,ORD-757,core.payments,PAY-0757,MATCHED,299.0,299.0,0.0,0,0,LEGITIMATE,TOL-PAYMENT,2025-04-05T00:00:00Z,
rcn-03066,RUN-2025-04-05-01,SETTLEMENT_VS_PAYMENT,core.payments,PAY-0757,core.settlements,SET-0757,MATCHED,212.4,210.78,1.62,0,0,LEGITIMATE,TOL-SETTLEMENT,2025-04-05T00:00:00Z,
rcn-03067,RUN-2025-04-05-01,FEE_VS_RATE_CARD,core.payments,PAY-0757,core.gateway_fees,FEE-0757,MATCHED,5.98,5.98,0.0,0,0,LEGITIMATE,TOL-FEE,2025-04-05T00:00:00Z,
rcn-03068,RUN-2025-04-05-01,BANK_VS_SETTLEMENT,core.settlements,SET-0757,core.bank_transactions,BNK-0757,MATCHED,210.78,210.78,0.0,0,0,LEGITIMATE,TOL-BANK,2025-04-05T00:00:00Z,
rcn-03069,RUN-2025-04-05-01,REFUND_VS_PAYMENT,core.payments,PAY-0757,core.refunds,REF-0757,MATCHED,81.16,81.16,0.0,0,0,LEGITIMATE,TOL-REFUND,2025-04-05T00:00:00Z,
rcn-03070,RUN-2025-04-05-01,PAYMENT_VS_ORDER,core.orders,ORD-758,core.payments,PAY-0758,MATCHED,7264.81,7264.81,0.0,0,0,LEGITIMATE,TOL-PAYMENT,2025-04-05T00:00:00Z,
rcn-03071,RUN-2025-04-05-01,SETTLEMENT_VS_PAYMENT,core.payments,PAY-0758,core.settlements,SET-0758,MISMATCH,7093.36,7011.95,81.41,0,81.41,LEAKAGE,TOL-SETTLEMENT,2025-04-05T00:00:00Z,LEAKAGE on SETTLEMENT_VS_PAYMENT
rcn-03072,RUN-2025-04-05-01,FEE_VS_RATE_CARD,core.payments,PAY-0758,core.gateway_fees,FEE-0758,MISMATCH,145.3,226.71,-81.41,0,81.41,LEAKAGE,TOL-FEE,2025-04-05T00:00:00Z,LEAKAGE on FEE_VS_RATE_CARD
rcn-03073,RUN-2025-04-05-01,BANK_VS_SETTLEMENT,core.settlements,SET-0758,core.bank_transactions,BNK-0758,MATCHED,7011.95,7011.95,0.0,0,0,LEGITIMATE,TOL-BANK,2025-04-05T00:00:00Z,
rcn-03074,RUN-2025-04-05-01,PAYMENT_VS_ORDER,core.orders,ORD-759,core.payments,PAY-0759,MATCHED,1027.1,1027.1,0.0,0,0,LEGITIMATE,TOL-PAYMENT,2025-04-05T00:00:00Z,
rcn-03075,RUN-2025-04-05-01,SETTLEMENT_VS_PAYMENT,core.payments,PAY-0759,core.settlements,SET-0759,MATCHED,568.26,568.26,0.0,0,0,LEGITIMATE,TOL-SETTLEMENT,2025-04-05T00:00:00Z,
rcn-03076,RUN-2025-04-05-01,FEE_VS_RATE_CARD,core.payments,PAY-0759,core.gateway_fees,FEE-0759,MATCHED,4.11,4.11,0.0,0,0,LEGITIMATE,TOL-FEE,2025-04-05T00:00:00Z,
rcn-03077,RUN-2025-04-05-01,BANK_VS_SETTLEMENT,core.settlements,SET-0759,core.bank_transactions,BNK-0759,MATCHED,568.26,568.26,0.0,0,0,LEGITIMATE,TOL-BANK,2025-04-05T00:00:00Z,
rcn-03078,RUN-2025-04-05-01,REFUND_VS_PAYMENT,core.payments,PAY-0759,core.refunds,REF-0759,MATCHED,455.81,455.81,0.0,0,0,LEGITIMATE,TOL-REFUND,2025-04-05T00:00:00Z,
rcn-03079,RUN-2025-04-05-01,PAYMENT_VS_ORDER,core.orders,ORD-760,core.payments,PAY-0760,MATCHED,393.67,393.67,0.0,0,0,LEGITIMATE,TOL-PAYMENT,2025-04-05T00:00:00Z,
rcn-03080,RUN-2025-04-05-01,SETTLEMENT_VS_PAYMENT,core.payments,PAY-0760,core.settlements,SET-0760,MATCHED,235.09,235.09,0.0,0,0,LEGITIMATE,TOL-SETTLEMENT,2025-04-05T00:00:00Z,
rcn-03081,RUN-2025-04-05-01,FEE_VS_RATE_CARD,core.payments,PAY-0760,core.gateway_fees,FEE-0760,MATCHED,0.94,0.94,0.0,0,0,LEGITIMATE,TOL-FEE,2025-04-05T00:00:00Z,
rcn-03082,RUN-2025-04-05-01,BANK_VS_SETTLEMENT,core.settlements,SET-0760,core.bank_transactions,BNK-0760,MATCHED,235.09,235.09,0.0,0,0,LEGITIMATE,TOL-BANK,2025-04-05T00:00:00Z,
rcn-03083,RUN-2025-04-05-01,SETTLEMENT_VS_PAYMENT,core.payments,PAY-0760-2,core.settlements,SET-0760-2,MATCHED,156.73,156.73,0.0,0,0,LEGITIMATE,TOL-SETTLEMENT,2025-04-05T00:00:00Z,
rcn-03084,RUN-2025-04-05-01,FEE_VS_RATE_CARD,core.payments,PAY-0760-2,core.gateway_fees,FEE-0760-2,MATCHED,0.63,0.63,0.0,0,0,LEGITIMATE,TOL-FEE,2025-04-05T00:00:00Z,
rcn-03085,RUN-2025-04-05-01,BANK_VS_SETTLEMENT,core.settlements,SET-0760-2,core.bank_transactions,BNK-0760-2,MATCHED,156.73,156.73,0.0,0,0,LEGITIMATE,TOL-BANK,2025-04-05T00:00:00Z,
rcn-03086,RUN-2025-04-05-01,PAYMENT_VS_ORDER,core.orders,ORD-761,core.payments,PAY-0761,MATCHED,552.34,552.34,0.0,0,0,LEGITIMATE,TOL-PAYMENT,2025-04-05T00:00:00Z,
rcn-03087,RUN-2025-04-05-01,SETTLEMENT_VS_PAYMENT,core.payments,PAY-0761,core.settlements,SET-0761,MATCHED,539.96,539.96,0.0,0,0,LEGITIMATE,TOL-SETTLEMENT,2025-04-05T00:00:00Z,
rcn-03088,RUN-2025-04-05-01,FEE_VS_RATE_CARD,core.payments,PAY-0761,core.gateway_fees,FEE-0761,MATCHED,10.49,10.49,0.0,0,0,LEGITIMATE,TOL-FEE,2025-04-05T00:00:00Z,
rcn-03089,RUN-2025-04-05-01,BANK_VS_SETTLEMENT,core.settlements,SET-0761,core.bank_transactions,BNK-0761,MATCHED,539.96,539.96,0.0,0,0,LEGITIMATE,TOL-BANK,2025-04-05T00:00:00Z,
rcn-03090,RUN-2025-04-05-01,PAYMENT_VS_ORDER,core.orders,ORD-762,core.payments,PAY-0762,MATCHED,757.23,757.23,0.0,0,0,LEGITIMATE,TOL-PAYMENT,2025-04-05T00:00:00Z,
rcn-03091,RUN-2025-04-05-01,SETTLEMENT_VS_PAYMENT,core.payments,PAY-0762,core.settlements,SET-0762,MATCHED,739.36,739.36,0.0,0,0,LEGITIMATE,TOL-SETTLEMENT,2025-04-05T00:00:00Z,
rcn-03092,RUN-2025-04-05-01,FEE_VS_RATE_CARD,core.payments,PAY-0762,core.gateway_fees,FEE-0762,MATCHED,15.14,15.14,0.0,0,0,LEGITIMATE,TOL-FEE,2025-04-05T00:00:00Z,
rcn-03093,RUN-2025-04-05-01,BANK_VS_SETTLEMENT,core.settlements,SET-0762,core.bank_transactions,BNK-0762,MATCHED,739.36,739.36,0.0,0,0,LEGITIMATE,TOL-BANK,2025-04-05T00:00:00Z,
rcn-03094,RUN-2025-04-05-01,PAYMENT_VS_ORDER,core.orders,ORD-763,core.payments,PAY-0763,MATCHED,7120.49,7120.49,0.0,0,0,LEGITIMATE,TOL-PAYMENT,2025-04-05T00:00:00Z,
rcn-03095,RUN-2025-04-05-01,SETTLEMENT_VS_PAYMENT,core.payments,PAY-0763,core.settlements,SET-0763,MATCHED,6952.45,6952.45,0.0,0,0,LEGITIMATE,TOL-SETTLEMENT,2025-04-05T00:00:00Z,
rcn-03096,RUN-2025-04-05-01,FEE_VS_RATE_CARD,core.payments,PAY-0763,core.gateway_fees,FEE-0763,MATCHED,142.41,142.41,0.0,0,0,LEGITIMATE,TOL-FEE,2025-04-05T00:00:00Z,
rcn-03097,RUN-2025-04-05-01,BANK_VS_SETTLEMENT,core.settlements,SET-0763,core.bank_transactions,BNK-0763,MATCHED,6952.45,6952.45,0.0,0,0,LEGITIMATE,TOL-BANK,2025-04-05T00:00:00Z,
rcn-03098,RUN-2025-04-05-01,PAYMENT_VS_ORDER,core.orders,ORD-764,core.payments,PAY-0764,MATCHED,519.09,519.09,0.0,0,0,LEGITIMATE,TOL-PAYMENT,2025-04-05T00:00:00Z,
rcn-03099,RUN-2025-04-05-01,SETTLEMENT_VS_PAYMENT,core.payments,PAY-0764,core.settlements,SET-0764,MATCHED,504.69,504.69,0.0,0,0,LEGITIMATE,TOL-SETTLEMENT,2025-04-05T00:00:00Z,
rcn-03100,RUN-2025-04-05-01,FEE_VS_RATE_CARD,core.payments,PAY-0764,core.gateway_fees,FEE-0764,MATCHED,12.2,12.2,0.0,0,0,LEGITIMATE,TOL-FEE,2025-04-05T00:00:00Z,
rcn-03101,RUN-2025-04-05-01,BANK_VS_SETTLEMENT,core.settlements,SET-0764,core.bank_transactions,BNK-0764,MATCHED,504.69,504.69,0.0,0,0,LEGITIMATE,TOL-BANK,2025-04-05T00:00:00Z,
rcn-03102,RUN-2025-04-05-01,PAYMENT_VS_ORDER,core.orders,ORD-765,core.payments,PAY-0765,MATCHED,1235.17,1235.17,0.0,0,0,LEGITIMATE,TOL-PAYMENT,2025-04-05T00:00:00Z,
rcn-03103,RUN-2025-04-05-01,SETTLEMENT_VS_PAYMENT,core.payments,PAY-0765,core.settlements,SET-0765,MATCHED,1206.02,1206.02,0.0,0,0,LEGITIMATE,TOL-SETTLEMENT,2025-04-05T00:00:00Z,
rcn-03104,RUN-2025-04-05-01,FEE_VS_RATE_CARD,core.payments,PAY-0765,core.gateway_fees,FEE-0765,MATCHED,24.7,24.7,0.0,0,0,LEGITIMATE,TOL-FEE,2025-04-05T00:00:00Z,
rcn-03105,RUN-2025-04-05-01,BANK_VS_SETTLEMENT,core.settlements,SET-0765,core.bank_transactions,BNK-0765,MATCHED,1206.02,1206.02,0.0,0,0,LEGITIMATE,TOL-BANK,2025-04-05T00:00:00Z,
rcn-03106,RUN-2025-04-05-01,PAYMENT_VS_ORDER,core.orders,ORD-766,core.payments,PAY-0766,MATCHED,1383.01,1383.01,0.0,0,0,LEGITIMATE,TOL-PAYMENT,2025-04-05T00:00:00Z,
rcn-03107,RUN-2025-04-05-01,SETTLEMENT_VS_PAYMENT,core.payments,PAY-0766,core.settlements,SET-0766,MATCHED,1350.37,1350.37,0.0,0,0,LEGITIMATE,TOL-SETTLEMENT,2025-04-05T00:00:00Z,
rcn-03108,RUN-2025-04-05-01,FEE_VS_RATE_CARD,core.payments,PAY-0766,core.gateway_fees,FEE-0766,MATCHED,27.66,27.66,0.0,0,0,LEGITIMATE,TOL-FEE,2025-04-05T00:00:00Z,
rcn-03109,RUN-2025-04-05-01,BANK_VS_SETTLEMENT,core.settlements,SET-0766,core.bank_transactions,BNK-0766,MATCHED,1350.37,1350.37,0.0,0,0,LEGITIMATE,TOL-BANK,2025-04-05T00:00:00Z,
rcn-03110,RUN-2025-04-05-01,PAYMENT_VS_ORDER,core.orders,ORD-767,core.payments,PAY-0767,MATCHED,299.0,299.0,0.0,0,0,LEGITIMATE,TOL-PAYMENT,2025-04-05T00:00:00Z,
rcn-03111,RUN-2025-04-05-01,SETTLEMENT_VS_PAYMENT,core.payments,PAY-0767,core.settlements,SET-0767,MATCHED,291.94,291.94,0.0,0,0,LEGITIMATE,TOL-SETTLEMENT,2025-04-05T00:00:00Z,
rcn-03112,RUN-2025-04-05-01,FEE_VS_RATE_CARD,core.payments,PAY-0767,core.gateway_fees,FEE-0767,MATCHED,5.98,5.98,0.0,0,0,LEGITIMATE,TOL-FEE,2025-04-05T00:00:00Z,
rcn-03113,RUN-2025-04-05-01,BANK_VS_SETTLEMENT,core.settlements,SET-0767,core.bank_transactions,BNK-0767,MATCHED,291.94,291.94,0.0,0,0,LEGITIMATE,TOL-BANK,2025-04-05T00:00:00Z,
rcn-03114,RUN-2025-04-05-01,PAYMENT_VS_ORDER,core.orders,ORD-768,core.payments,PAY-0768,MATCHED,2830.64,2830.64,0.0,0,0,LEGITIMATE,TOL-PAYMENT,2025-04-05T00:00:00Z,
rcn-03115,RUN-2025-04-05-01,SETTLEMENT_VS_PAYMENT,core.payments,PAY-0768,core.settlements,SET-0768,MISMATCH,2816.48,2809.43,7.05,0,7.05,LEAKAGE,TOL-SETTLEMENT,2025-04-05T00:00:00Z,LEAKAGE on SETTLEMENT_VS_PAYMENT
rcn-03116,RUN-2025-04-05-01,FEE_VS_RATE_CARD,core.payments,PAY-0768,core.gateway_fees,FEE-0768,MISMATCH,12.0,19.05,-7.05,0,7.05,LEAKAGE,TOL-FEE,2025-04-05T00:00:00Z,LEAKAGE on FEE_VS_RATE_CARD
rcn-03117,RUN-2025-04-05-01,BANK_VS_SETTLEMENT,core.settlements,SET-0768,core.bank_transactions,BNK-0768,MATCHED,2809.43,2809.43,0.0,0,0,LEGITIMATE,TOL-BANK,2025-04-05T00:00:00Z,
rcn-03118,RUN-2025-04-05-01,PAYMENT_VS_ORDER,core.orders,ORD-769,core.payments,PAY-0769,MATCHED,299.0,299.0,0.0,0,0,LEGITIMATE,TOL-PAYMENT,2025-04-05T00:00:00Z,
rcn-03119,RUN-2025-04-05-01,SETTLEMENT_VS_PAYMENT,core.payments,PAY-0769,core.settlements,SET-0769,MATCHED,292.3,292.3,0.0,0,0,LEGITIMATE,TOL-SETTLEMENT,2025-04-05T00:00:00Z,
rcn-03120,RUN-2025-04-05-01,FEE_VS_RATE_CARD,core.payments,PAY-0769,core.gateway_fees,FEE-0769,MATCHED,5.68,5.68,0.0,0,0,LEGITIMATE,TOL-FEE,2025-04-05T00:00:00Z,
rcn-03121,RUN-2025-04-05-01,BANK_VS_SETTLEMENT,core.settlements,SET-0769,core.bank_transactions,BNK-0769,MATCHED,292.3,292.3,0.0,0,0,LEGITIMATE,TOL-BANK,2025-04-05T00:00:00Z,
rcn-03122,RUN-2025-04-05-01,PAYMENT_VS_ORDER,core.orders,ORD-770,core.payments,PAY-0770,MATCHED,3307.45,3307.45,0.0,0,0,LEGITIMATE,TOL-PAYMENT,2025-04-05T00:00:00Z,
rcn-03123,RUN-2025-04-05-01,SETTLEMENT_VS_PAYMENT,core.payments,PAY-0770,core.settlements,SET-0770,MATCHED,3233.3,3233.3,0.0,0,0,LEGITIMATE,TOL-SETTLEMENT,2025-04-05T00:00:00Z,
rcn-03124,RUN-2025-04-05-01,FEE_VS_RATE_CARD,core.payments,PAY-0770,core.gateway_fees,FEE-0770,MATCHED,62.84,62.84,0.0,0,0,LEGITIMATE,TOL-FEE,2025-04-05T00:00:00Z,
rcn-03125,RUN-2025-04-05-01,BANK_VS_SETTLEMENT,core.settlements,SET-0770,core.bank_transactions,BNK-0770,MATCHED,3233.3,3233.3,0.0,0,0,LEGITIMATE,TOL-BANK,2025-04-05T00:00:00Z,
rcn-03126,RUN-2025-04-05-01,PAYMENT_VS_ORDER,core.orders,ORD-771,core.payments,PAY-0771,MATCHED,3624.83,3624.83,0.0,0,0,LEGITIMATE,TOL-PAYMENT,2025-04-05T00:00:00Z,
rcn-03127,RUN-2025-04-05-01,SETTLEMENT_VS_PAYMENT,core.payments,PAY-0771,core.settlements,SET-0771,MATCHED,3607.72,3607.72,0.0,0,0,LEGITIMATE,TOL-SETTLEMENT,2025-04-05T00:00:00Z,
rcn-03128,RUN-2025-04-05-01,FEE_VS_RATE_CARD,core.payments,PAY-0771,core.gateway_fees,FEE-0771,MATCHED,14.5,14.5,0.0,0,0,LEGITIMATE,TOL-FEE,2025-04-05T00:00:00Z,
rcn-03129,RUN-2025-04-05-01,BANK_VS_SETTLEMENT,core.settlements,SET-0771,core.bank_transactions,BNK-0771,MATCHED,3607.72,3607.72,0.0,0,0,LEGITIMATE,TOL-BANK,2025-04-05T00:00:00Z,
rcn-03130,RUN-2025-04-05-01,PAYMENT_VS_ORDER,core.orders,ORD-772,core.payments,PAY-0772,MATCHED,3221.86,3221.86,0.0,0,0,LEGITIMATE,TOL-PAYMENT,2025-04-05T00:00:00Z,
rcn-03131,RUN-2025-04-05-01,SETTLEMENT_VS_PAYMENT,core.payments,PAY-0772,core.settlements,SET-0772,MISMATCH,3149.62,3114.11,35.51,0,35.51,LEAKAGE,TOL-SETTLEMENT,2025-04-05T00:00:00Z,LEAKAGE on SETTLEMENT_VS_PAYMENT
rcn-03132,RUN-2025-04-05-01,FEE_VS_RATE_CARD,core.payments,PAY-0772,core.gateway_fees,FEE-0772,MISMATCH,61.22,96.73,-35.51,0,35.51,LEAKAGE,TOL-FEE,2025-04-05T00:00:00Z,LEAKAGE on FEE_VS_RATE_CARD
rcn-03133,RUN-2025-04-05-01,BANK_VS_SETTLEMENT,core.settlements,SET-0772,core.bank_transactions,BNK-0772,MATCHED,3114.11,3114.11,0.0,0,0,LEGITIMATE,TOL-BANK,2025-04-05T00:00:00Z,
rcn-03134,RUN-2025-04-05-01,PAYMENT_VS_ORDER,core.orders,ORD-773,core.payments,PAY-0773,MATCHED,3719.82,3719.82,0.0,0,0,LEGITIMATE,TOL-PAYMENT,2025-04-05T00:00:00Z,
rcn-03135,RUN-2025-04-05-01,SETTLEMENT_VS_PAYMENT,core.payments,PAY-0773,core.settlements,,UNMATCHED,1988.32,,,0,1988.32,LEAKAGE,TOL-SETTLEMENT,2025-04-05T00:00:00Z,LEAKAGE on SETTLEMENT_VS_PAYMENT
rcn-03136,RUN-2025-04-05-01,FEE_VS_RATE_CARD,core.payments,PAY-0773,core.gateway_fees,FEE-0773,MATCHED,74.4,74.4,0.0,0,0,LEGITIMATE,TOL-FEE,2025-04-05T00:00:00Z,
rcn-03137,RUN-2025-04-05-01,REFUND_VS_PAYMENT,core.payments,PAY-0773,core.refunds,REF-0773,MATCHED,1677.26,1677.26,0.0,0,0,LEGITIMATE,TOL-REFUND,2025-04-05T00:00:00Z,
rcn-03138,RUN-2025-04-05-01,PAYMENT_VS_ORDER,core.orders,ORD-774,core.payments,PAY-0774,MATCHED,1378.5,1378.5,0.0,0,0,LEGITIMATE,TOL-PAYMENT,2025-04-05T00:00:00Z,
rcn-03139,RUN-2025-04-05-01,SETTLEMENT_VS_PAYMENT,core.payments,PAY-0774,core.settlements,SET-0774,MATCHED,823.19,823.19,0.0,0,0,LEGITIMATE,TOL-SETTLEMENT,2025-04-05T00:00:00Z,
rcn-03140,RUN-2025-04-05-01,FEE_VS_RATE_CARD,core.payments,PAY-0774,core.gateway_fees,FEE-0774,MATCHED,3.31,3.31,0.0,0,0,LEGITIMATE,TOL-FEE,2025-04-05T00:00:00Z,
rcn-03141,RUN-2025-04-05-01,BANK_VS_SETTLEMENT,core.settlements,SET-0774,core.bank_transactions,BNK-0774,MATCHED,823.19,823.19,0.0,0,0,LEGITIMATE,TOL-BANK,2025-04-05T00:00:00Z,
rcn-03142,RUN-2025-04-05-01,SETTLEMENT_VS_PAYMENT,core.payments,PAY-0774-2,core.settlements,SET-0774-2,MATCHED,548.79,548.79,0.0,0,0,LEGITIMATE,TOL-SETTLEMENT,2025-04-05T00:00:00Z,
rcn-03143,RUN-2025-04-05-01,FEE_VS_RATE_CARD,core.payments,PAY-0774-2,core.gateway_fees,FEE-0774-2,MATCHED,2.21,2.21,0.0,0,0,LEGITIMATE,TOL-FEE,2025-04-05T00:00:00Z,
rcn-03144,RUN-2025-04-05-01,BANK_VS_SETTLEMENT,core.settlements,SET-0774-2,core.bank_transactions,BNK-0774-2,MATCHED,548.79,548.79,0.0,0,0,LEGITIMATE,TOL-BANK,2025-04-05T00:00:00Z,
rcn-03145,RUN-2025-04-05-01,PAYMENT_VS_ORDER,core.orders,ORD-775,core.payments,PAY-0775,MATCHED,1010.68,1010.68,0.0,0,0,LEGITIMATE,TOL-PAYMENT,2025-04-05T00:00:00Z,
rcn-03146,RUN-2025-04-05-01,SETTLEMENT_VS_PAYMENT,core.payments,PAY-0775,core.settlements,SET-0775,MATCHED,1005.91,1005.91,0.0,0,0,LEGITIMATE,TOL-SETTLEMENT,2025-04-05T00:00:00Z,
rcn-03147,RUN-2025-04-05-01,FEE_VS_RATE_CARD,core.payments,PAY-0775,core.gateway_fees,FEE-0775,MATCHED,4.04,4.04,0.0,0,0,LEGITIMATE,TOL-FEE,2025-04-05T00:00:00Z,
rcn-03148,RUN-2025-04-05-01,BANK_VS_SETTLEMENT,core.settlements,SET-0775,core.bank_transactions,BNK-0775,MATCHED,1005.91,1005.91,0.0,0,0,LEGITIMATE,TOL-BANK,2025-04-05T00:00:00Z,
rcn-03149,RUN-2025-04-05-01,PAYMENT_VS_ORDER,core.orders,ORD-776,core.payments,PAY-0776,MATCHED,434.3,434.3,0.0,0,0,LEGITIMATE,TOL-PAYMENT,2025-04-05T00:00:00Z,
rcn-03150,RUN-2025-04-05-01,SETTLEMENT_VS_PAYMENT,core.payments,PAY-0776,core.settlements,SET-0776,MATCHED,432.25,432.25,0.0,0,0,LEGITIMATE,TOL-SETTLEMENT,2025-04-05T00:00:00Z,
rcn-03151,RUN-2025-04-05-01,FEE_VS_RATE_CARD,core.payments,PAY-0776,core.gateway_fees,FEE-0776,MATCHED,1.74,1.74,0.0,0,0,LEGITIMATE,TOL-FEE,2025-04-05T00:00:00Z,
rcn-03152,RUN-2025-04-05-01,BANK_VS_SETTLEMENT,core.settlements,SET-0776,core.bank_transactions,BNK-0776,MATCHED,432.25,432.25,0.0,0,0,LEGITIMATE,TOL-BANK,2025-04-05T00:00:00Z,
rcn-03153,RUN-2025-04-05-01,PAYMENT_VS_ORDER,core.orders,ORD-777,core.payments,PAY-0777,MATCHED,299.0,299.0,0.0,0,0,LEGITIMATE,TOL-PAYMENT,2025-04-05T00:00:00Z,
rcn-03154,RUN-2025-04-05-01,SETTLEMENT_VS_PAYMENT,core.payments,PAY-0777,core.settlements,SET-0777,MATCHED,291.94,291.94,0.0,0,0,LEGITIMATE,TOL-SETTLEMENT,2025-04-05T00:00:00Z,
rcn-03155,RUN-2025-04-05-01,FEE_VS_RATE_CARD,core.payments,PAY-0777,core.gateway_fees,FEE-0777,MATCHED,5.98,5.98,0.0,0,0,LEGITIMATE,TOL-FEE,2025-04-05T00:00:00Z,
rcn-03156,RUN-2025-04-05-01,BANK_VS_SETTLEMENT,core.settlements,SET-0777,core.bank_transactions,BNK-0777,MATCHED,291.94,291.94,0.0,0,0,LEGITIMATE,TOL-BANK,2025-04-05T00:00:00Z,
rcn-03157,RUN-2025-04-05-01,PAYMENT_VS_ORDER,core.orders,ORD-778,core.payments,PAY-0778,MATCHED,4022.3,4022.3,0.0,0,0,LEGITIMATE,TOL-PAYMENT,2025-04-05T00:00:00Z,
rcn-03158,RUN-2025-04-05-01,SETTLEMENT_VS_PAYMENT,core.payments,PAY-0778,core.settlements,SET-0778,MATCHED,3927.37,3927.37,0.0,0,0,LEGITIMATE,TOL-SETTLEMENT,2025-04-05T00:00:00Z,
rcn-03159,RUN-2025-04-05-01,FEE_VS_RATE_CARD,core.payments,PAY-0778,core.gateway_fees,FEE-0778,MATCHED,80.45,80.45,0.0,0,0,LEGITIMATE,TOL-FEE,2025-04-05T00:00:00Z,
rcn-03160,RUN-2025-04-05-01,BANK_VS_SETTLEMENT,core.settlements,SET-0778,core.bank_transactions,BNK-0778,MATCHED,3927.37,3927.37,0.0,0,0,LEGITIMATE,TOL-BANK,2025-04-05T00:00:00Z,
rcn-03161,RUN-2025-04-05-01,PAYMENT_VS_ORDER,core.orders,ORD-779,core.payments,PAY-0779,MATCHED,613.97,613.97,0.0,0,0,LEGITIMATE,TOL-PAYMENT,2025-04-05T00:00:00Z,
rcn-03162,RUN-2025-04-05-01,SETTLEMENT_VS_PAYMENT,core.payments,PAY-0779,core.settlements,SET-0779,MATCHED,600.2,600.2,0.0,0,0,LEGITIMATE,TOL-SETTLEMENT,2025-04-05T00:00:00Z,
rcn-03163,RUN-2025-04-05-01,FEE_VS_RATE_CARD,core.payments,PAY-0779,core.gateway_fees,FEE-0779,MATCHED,11.67,11.67,0.0,0,0,LEGITIMATE,TOL-FEE,2025-04-05T00:00:00Z,
rcn-03164,RUN-2025-04-05-01,BANK_VS_SETTLEMENT,core.settlements,SET-0779,core.bank_transactions,BNK-0779,MATCHED,600.2,600.2,0.0,0,0,LEGITIMATE,TOL-BANK,2025-04-05T00:00:00Z,
rcn-03165,RUN-2025-04-05-01,PAYMENT_VS_ORDER,core.orders,ORD-780,core.payments,PAY-0780,MATCHED,299.0,299.0,0.0,0,0,LEGITIMATE,TOL-PAYMENT,2025-04-05T00:00:00Z,
rcn-03166,RUN-2025-04-05-01,SETTLEMENT_VS_PAYMENT,core.payments,PAY-0780,core.settlements,SET-0780,MATCHED,291.94,291.94,0.0,0,0,LEGITIMATE,TOL-SETTLEMENT,2025-04-05T00:00:00Z,
rcn-03167,RUN-2025-04-05-01,FEE_VS_RATE_CARD,core.payments,PAY-0780,core.gateway_fees,FEE-0780,MATCHED,5.98,5.98,0.0,0,0,LEGITIMATE,TOL-FEE,2025-04-05T00:00:00Z,
rcn-03168,RUN-2025-04-05-01,BANK_VS_SETTLEMENT,core.settlements,SET-0780,core.bank_transactions,BNK-0780,MATCHED,291.94,291.94,0.0,0,0,LEGITIMATE,TOL-BANK,2025-04-05T00:00:00Z,
rcn-03169,RUN-2025-04-05-01,PAYMENT_VS_ORDER,core.orders,ORD-781,core.payments,PAY-0781,MATCHED,1177.2,1177.2,0.0,0,0,LEGITIMATE,TOL-PAYMENT,2025-04-05T00:00:00Z,
rcn-03170,RUN-2025-04-05-01,SETTLEMENT_VS_PAYMENT,core.payments,PAY-0781,core.settlements,SET-0781,MATCHED,1171.64,1170.14,1.5,0,0,LEGITIMATE,TOL-SETTLEMENT,2025-04-05T00:00:00Z,
rcn-03171,RUN-2025-04-05-01,FEE_VS_RATE_CARD,core.payments,PAY-0781,core.gateway_fees,FEE-0781,MISMATCH,4.71,6.21,-1.5,0,1.5,LEAKAGE,TOL-FEE,2025-04-05T00:00:00Z,LEAKAGE on FEE_VS_RATE_CARD
rcn-03172,RUN-2025-04-05-01,BANK_VS_SETTLEMENT,core.settlements,SET-0781,core.bank_transactions,BNK-0781,MATCHED,1170.14,1170.14,0.0,0,0,LEGITIMATE,TOL-BANK,2025-04-05T00:00:00Z,
rcn-03173,RUN-2025-04-05-01,PAYMENT_VS_ORDER,core.orders,ORD-782,core.payments,PAY-0782,MATCHED,408.27,408.27,0.0,0,0,LEGITIMATE,TOL-PAYMENT,2025-04-05T00:00:00Z,
rcn-03174,RUN-2025-04-05-01,SETTLEMENT_VS_PAYMENT,core.payments,PAY-0782,core.settlements,SET-0782,MATCHED,399.11,399.11,0.0,0,0,LEGITIMATE,TOL-SETTLEMENT,2025-04-05T00:00:00Z,
rcn-03175,RUN-2025-04-05-01,FEE_VS_RATE_CARD,core.payments,PAY-0782,core.gateway_fees,FEE-0782,MATCHED,7.76,7.76,0.0,0,0,LEGITIMATE,TOL-FEE,2025-04-05T00:00:00Z,
rcn-03176,RUN-2025-04-05-01,BANK_VS_SETTLEMENT,core.settlements,SET-0782,core.bank_transactions,BNK-0782,MATCHED,399.11,399.11,0.0,0,0,LEGITIMATE,TOL-BANK,2025-04-05T00:00:00Z,
rcn-03177,RUN-2025-04-05-01,PAYMENT_VS_ORDER,core.orders,ORD-783,core.payments,PAY-0783,MATCHED,1190.01,1190.01,0.0,0,0,LEGITIMATE,TOL-PAYMENT,2025-04-05T00:00:00Z,
rcn-03178,RUN-2025-04-05-01,SETTLEMENT_VS_PAYMENT,core.payments,PAY-0783,core.settlements,SET-0783,MATCHED,710.64,710.64,0.0,0,0,LEGITIMATE,TOL-SETTLEMENT,2025-04-05T00:00:00Z,
rcn-03179,RUN-2025-04-05-01,FEE_VS_RATE_CARD,core.payments,PAY-0783,core.gateway_fees,FEE-0783,MATCHED,2.86,2.86,0.0,0,0,LEGITIMATE,TOL-FEE,2025-04-05T00:00:00Z,
rcn-03180,RUN-2025-04-05-01,BANK_VS_SETTLEMENT,core.settlements,SET-0783,core.bank_transactions,BNK-0783,MATCHED,710.64,710.64,0.0,0,0,LEGITIMATE,TOL-BANK,2025-04-05T00:00:00Z,
rcn-03181,RUN-2025-04-05-01,SETTLEMENT_VS_PAYMENT,core.payments,PAY-0783-2,core.settlements,SET-0783-2,MATCHED,473.76,473.76,0.0,0,0,LEGITIMATE,TOL-SETTLEMENT,2025-04-05T00:00:00Z,
rcn-03182,RUN-2025-04-05-01,FEE_VS_RATE_CARD,core.payments,PAY-0783-2,core.gateway_fees,FEE-0783-2,MATCHED,1.9,1.9,0.0,0,0,LEGITIMATE,TOL-FEE,2025-04-05T00:00:00Z,
rcn-03183,RUN-2025-04-05-01,BANK_VS_SETTLEMENT,core.settlements,SET-0783-2,core.bank_transactions,BNK-0783-2,MATCHED,473.76,473.76,0.0,0,0,LEGITIMATE,TOL-BANK,2025-04-05T00:00:00Z,
rcn-03184,RUN-2025-04-05-01,PAYMENT_VS_ORDER,core.orders,ORD-784,core.payments,PAY-0784,MATCHED,2193.88,2193.88,0.0,0,0,LEGITIMATE,TOL-PAYMENT,2025-04-05T00:00:00Z,
rcn-03185,RUN-2025-04-05-01,SETTLEMENT_VS_PAYMENT,core.payments,PAY-0784,core.settlements,SET-0784,MATCHED,2142.1,2142.1,0.0,0,0,LEGITIMATE,TOL-SETTLEMENT,2025-04-05T00:00:00Z,
rcn-03186,RUN-2025-04-05-01,FEE_VS_RATE_CARD,core.payments,PAY-0784,core.gateway_fees,FEE-0784,MATCHED,43.88,43.88,0.0,0,0,LEGITIMATE,TOL-FEE,2025-04-05T00:00:00Z,
rcn-03187,RUN-2025-04-05-01,BANK_VS_SETTLEMENT,core.settlements,SET-0784,core.bank_transactions,BNK-0784,MATCHED,2142.1,2142.1,0.0,0,0,LEGITIMATE,TOL-BANK,2025-04-05T00:00:00Z,
rcn-03188,RUN-2025-04-05-01,PAYMENT_VS_ORDER,core.orders,ORD-785,core.payments,PAY-0785,MATCHED,299.0,299.0,0.0,0,0,LEGITIMATE,TOL-PAYMENT,2025-04-05T00:00:00Z,
rcn-03189,RUN-2025-04-05-01,SETTLEMENT_VS_PAYMENT,core.payments,PAY-0785,core.settlements,SET-0785,MATCHED,297.58,297.58,0.0,0,0,LEGITIMATE,TOL-SETTLEMENT,2025-04-05T00:00:00Z,
rcn-03190,RUN-2025-04-05-01,FEE_VS_RATE_CARD,core.payments,PAY-0785,core.gateway_fees,FEE-0785,MATCHED,1.2,1.2,0.0,0,0,LEGITIMATE,TOL-FEE,2025-04-05T00:00:00Z,
rcn-03191,RUN-2025-04-05-01,BANK_VS_SETTLEMENT,core.settlements,SET-0785,core.bank_transactions,BNK-0785,MATCHED,297.58,297.58,0.0,0,0,LEGITIMATE,TOL-BANK,2025-04-05T00:00:00Z,
rcn-03192,RUN-2025-04-05-01,PAYMENT_VS_ORDER,core.orders,ORD-786,core.payments,PAY-0786,MATCHED,299.0,299.0,0.0,0,0,LEGITIMATE,TOL-PAYMENT,2025-04-05T00:00:00Z,
rcn-03193,RUN-2025-04-05-01,SETTLEMENT_VS_PAYMENT,core.payments,PAY-0786,core.settlements,SET-0786,MATCHED,166.59,166.06,0.53,0,0,LEGITIMATE,TOL-SETTLEMENT,2025-04-05T00:00:00Z,
rcn-03194,RUN-2025-04-05-01,FEE_VS_RATE_CARD,core.payments,PAY-0786,core.gateway_fees,FEE-0786,MATCHED,1.2,1.2,0.0,0,0,LEGITIMATE,TOL-FEE,2025-04-05T00:00:00Z,
rcn-03195,RUN-2025-04-05-01,BANK_VS_SETTLEMENT,core.settlements,SET-0786,core.bank_transactions,BNK-0786,MATCHED,166.06,166.06,0.0,0,0,LEGITIMATE,TOL-BANK,2025-04-05T00:00:00Z,
rcn-03196,RUN-2025-04-05-01,REFUND_VS_PAYMENT,core.payments,PAY-0786,core.refunds,REF-0786,MATCHED,131.52,131.52,0.0,0,0,LEGITIMATE,TOL-REFUND,2025-04-05T00:00:00Z,
rcn-03197,RUN-2025-04-05-01,PAYMENT_VS_ORDER,core.orders,ORD-787,core.payments,PAY-0787,MATCHED,1655.08,1655.08,0.0,0,0,LEGITIMATE,TOL-PAYMENT,2025-04-05T00:00:00Z,
rcn-03198,RUN-2025-04-05-01,SETTLEMENT_VS_PAYMENT,core.payments,PAY-0787,core.settlements,SET-0787,MATCHED,1617.97,1617.97,0.0,0,0,LEGITIMATE,TOL-SETTLEMENT,2025-04-05T00:00:00Z,
rcn-03199,RUN-2025-04-05-01,FEE_VS_RATE_CARD,core.payments,PAY-0787,core.gateway_fees,FEE-0787,MATCHED,31.45,31.45,0.0,0,0,LEGITIMATE,TOL-FEE,2025-04-05T00:00:00Z,
rcn-03200,RUN-2025-04-05-01,BANK_VS_SETTLEMENT,core.settlements,SET-0787,core.bank_transactions,BNK-0787,MATCHED,1617.97,1617.97,0.0,0,0,LEGITIMATE,TOL-BANK,2025-04-05T00:00:00Z,
rcn-03201,RUN-2025-04-05-01,PAYMENT_VS_ORDER,core.orders,ORD-788,core.payments,PAY-0788,MATCHED,1937.58,1937.58,0.0,0,0,LEGITIMATE,TOL-PAYMENT,2025-04-05T00:00:00Z,
rcn-03202,RUN-2025-04-05-01,SETTLEMENT_VS_PAYMENT,core.payments,PAY-0788,core.settlements,SET-0788,MATCHED,1891.86,1891.86,0.0,0,0,LEGITIMATE,TOL-SETTLEMENT,2025-04-05T00:00:00Z,
rcn-03203,RUN-2025-04-05-01,FEE_VS_RATE_CARD,core.payments,PAY-0788,core.gateway_fees,FEE-0788,MATCHED,38.75,38.75,0.0,0,0,LEGITIMATE,TOL-FEE,2025-04-05T00:00:00Z,
rcn-03204,RUN-2025-04-05-01,BANK_VS_SETTLEMENT,core.settlements,SET-0788,core.bank_transactions,BNK-0788,MATCHED,1891.86,1891.86,0.0,0,0,LEGITIMATE,TOL-BANK,2025-04-05T00:00:00Z,
rcn-03205,RUN-2025-04-05-01,PAYMENT_VS_ORDER,core.orders,ORD-789,core.payments,PAY-0789,MATCHED,7327.73,7327.73,0.0,0,0,LEGITIMATE,TOL-PAYMENT,2025-04-05T00:00:00Z,
rcn-03206,RUN-2025-04-05-01,SETTLEMENT_VS_PAYMENT,core.payments,PAY-0789,core.settlements,SET-0789,MISMATCH,4032.94,3969.23,63.71,0,63.71,LEAKAGE,TOL-SETTLEMENT,2025-04-05T00:00:00Z,LEAKAGE on SETTLEMENT_VS_PAYMENT
rcn-03207,RUN-2025-04-05-01,FEE_VS_RATE_CARD,core.payments,PAY-0789,core.gateway_fees,FEE-0789,MATCHED,146.55,146.55,0.0,0,0,LEGITIMATE,TOL-FEE,2025-04-05T00:00:00Z,
rcn-03208,RUN-2025-04-05-01,BANK_VS_SETTLEMENT,core.settlements,SET-0789,core.bank_transactions,BNK-0789,MATCHED,3969.23,3969.23,0.0,0,0,LEGITIMATE,TOL-BANK,2025-04-05T00:00:00Z,
rcn-03209,RUN-2025-04-05-01,REFUND_VS_PAYMENT,core.payments,PAY-0789,core.refunds,REF-0789,MATCHED,3185.57,3185.57,0.0,0,0,LEGITIMATE,TOL-REFUND,2025-04-05T00:00:00Z,
rcn-03210,RUN-2025-04-05-01,PAYMENT_VS_ORDER,core.orders,ORD-790,core.payments,PAY-0790,MATCHED,1432.38,1432.38,0.0,0,0,LEGITIMATE,TOL-PAYMENT,2025-04-05T00:00:00Z,
rcn-03211,RUN-2025-04-05-01,SETTLEMENT_VS_PAYMENT,core.payments,PAY-0790,core.settlements,SET-0790,MATCHED,1425.62,1425.62,0.0,0,0,LEGITIMATE,TOL-SETTLEMENT,2025-04-05T00:00:00Z,
rcn-03212,RUN-2025-04-05-01,FEE_VS_RATE_CARD,core.payments,PAY-0790,core.gateway_fees,FEE-0790,MATCHED,5.73,5.73,0.0,0,0,LEGITIMATE,TOL-FEE,2025-04-05T00:00:00Z,
rcn-03213,RUN-2025-04-05-01,BANK_VS_SETTLEMENT,core.settlements,SET-0790,core.bank_transactions,BNK-0790,MATCHED,1425.62,1425.62,0.0,0,0,LEGITIMATE,TOL-BANK,2025-04-05T00:00:00Z,
rcn-03214,RUN-2025-04-05-01,PAYMENT_VS_ORDER,core.orders,ORD-791,core.payments,PAY-0791,MATCHED,1671.21,1671.21,0.0,0,0,LEGITIMATE,TOL-PAYMENT,2025-04-05T00:00:00Z,
rcn-03215,RUN-2025-04-05-01,SETTLEMENT_VS_PAYMENT,core.payments,PAY-0791,core.settlements,SET-0791,MATCHED,1657.05,1657.05,0.0,0,0,LEGITIMATE,TOL-SETTLEMENT,2025-04-05T00:00:00Z,
rcn-03216,RUN-2025-04-05-01,FEE_VS_RATE_CARD,core.payments,PAY-0791,core.gateway_fees,FEE-0791,MATCHED,12.0,12.0,0.0,0,0,LEGITIMATE,TOL-FEE,2025-04-05T00:00:00Z,
rcn-03217,RUN-2025-04-05-01,BANK_VS_SETTLEMENT,core.settlements,SET-0791,core.bank_transactions,BNK-0791,MATCHED,1657.05,1657.05,0.0,0,0,LEGITIMATE,TOL-BANK,2025-04-05T00:00:00Z,
rcn-03218,RUN-2025-04-05-01,PAYMENT_VS_ORDER,core.orders,ORD-792,core.payments,PAY-0792,MATCHED,6076.03,6076.03,0.0,0,0,LEGITIMATE,TOL-PAYMENT,2025-04-05T00:00:00Z,
rcn-03219,RUN-2025-04-05-01,SETTLEMENT_VS_PAYMENT,core.payments,PAY-0792,core.settlements,SET-0792,MATCHED,5932.64,5932.64,0.0,0,0,LEGITIMATE,TOL-SETTLEMENT,2025-04-05T00:00:00Z,
rcn-03220,RUN-2025-04-05-01,FEE_VS_RATE_CARD,core.payments,PAY-0792,core.gateway_fees,FEE-0792,MATCHED,121.52,121.52,0.0,0,0,LEGITIMATE,TOL-FEE,2025-04-05T00:00:00Z,
rcn-03221,RUN-2025-04-05-01,BANK_VS_SETTLEMENT,core.settlements,SET-0792,core.bank_transactions,BNK-0792,MATCHED,5932.64,5932.64,0.0,0,0,LEGITIMATE,TOL-BANK,2025-04-05T00:00:00Z,
rcn-03222,RUN-2025-04-05-01,PAYMENT_VS_ORDER,core.orders,ORD-793,core.payments,PAY-0793,MATCHED,299.0,299.0,0.0,0,0,LEGITIMATE,TOL-PAYMENT,2025-04-05T00:00:00Z,
rcn-03223,RUN-2025-04-05-01,SETTLEMENT_VS_PAYMENT,core.payments,PAY-0793,core.settlements,SET-0793,MATCHED,214.19,212.6,1.59,0,0,LEGITIMATE,TOL-SETTLEMENT,2025-04-05T00:00:00Z,
rcn-03224,RUN-2025-04-05-01,FEE_VS_RATE_CARD,core.payments,PAY-0793,core.gateway_fees,FEE-0793,MATCHED,5.98,5.98,0.0,0,0,LEGITIMATE,TOL-FEE,2025-04-05T00:00:00Z,
rcn-03225,RUN-2025-04-05-01,BANK_VS_SETTLEMENT,core.settlements,SET-0793,core.bank_transactions,BNK-0793,MATCHED,212.6,212.6,0.0,0,0,LEGITIMATE,TOL-BANK,2025-04-05T00:00:00Z,
rcn-03226,RUN-2025-04-05-01,REFUND_VS_PAYMENT,core.payments,PAY-0793,core.refunds,REF-0793,MATCHED,79.34,79.34,0.0,0,0,LEGITIMATE,TOL-REFUND,2025-04-05T00:00:00Z,
rcn-03227,RUN-2025-04-05-01,PAYMENT_VS_ORDER,core.orders,ORD-794,core.payments,PAY-0794,MATCHED,3535.3,3535.3,0.0,0,0,LEGITIMATE,TOL-PAYMENT,2025-04-05T00:00:00Z,
rcn-03228,RUN-2025-04-05-01,SETTLEMENT_VS_PAYMENT,core.payments,PAY-0794,core.settlements,SET-0794,MATCHED,3518.61,3518.61,0.0,0,0,LEGITIMATE,TOL-SETTLEMENT,2025-04-05T00:00:00Z,
rcn-03229,RUN-2025-04-05-01,FEE_VS_RATE_CARD,core.payments,PAY-0794,core.gateway_fees,FEE-0794,MATCHED,14.14,14.14,0.0,0,0,LEGITIMATE,TOL-FEE,2025-04-05T00:00:00Z,
rcn-03230,RUN-2025-04-05-01,BANK_VS_SETTLEMENT,core.settlements,SET-0794,core.bank_transactions,BNK-0794,MATCHED,3518.61,3518.61,0.0,0,0,LEGITIMATE,TOL-BANK,2025-04-05T00:00:00Z,
rcn-03231,RUN-2025-04-05-01,PAYMENT_VS_ORDER,core.orders,ORD-795,core.payments,PAY-0795,MATCHED,1086.12,1086.12,0.0,0,0,LEGITIMATE,TOL-PAYMENT,2025-04-05T00:00:00Z,
rcn-03232,RUN-2025-04-05-01,SETTLEMENT_VS_PAYMENT,core.payments,PAY-0795,core.settlements,SET-0795,MATCHED,1060.49,1060.49,0.0,0,0,LEGITIMATE,TOL-SETTLEMENT,2025-04-05T00:00:00Z,
rcn-03233,RUN-2025-04-05-01,FEE_VS_RATE_CARD,core.payments,PAY-0795,core.gateway_fees,FEE-0795,MATCHED,21.72,21.72,0.0,0,0,LEGITIMATE,TOL-FEE,2025-04-05T00:00:00Z,
rcn-03234,RUN-2025-04-05-01,BANK_VS_SETTLEMENT,core.settlements,SET-0795,core.bank_transactions,BNK-0795,MATCHED,1060.49,1060.49,0.0,0,0,LEGITIMATE,TOL-BANK,2025-04-05T00:00:00Z,
rcn-03235,RUN-2025-04-05-01,PAYMENT_VS_ORDER,core.orders,ORD-796,core.payments,PAY-0796,MATCHED,1861.1,1861.1,0.0,0,0,LEGITIMATE,TOL-PAYMENT,2025-04-05T00:00:00Z,
rcn-03236,RUN-2025-04-05-01,SETTLEMENT_VS_PAYMENT,core.payments,PAY-0796,core.settlements,SET-0796,MISMATCH,1817.18,1795.21,21.97,0,21.97,LEAKAGE,TOL-SETTLEMENT,2025-04-05T00:00:00Z,LEAKAGE on SETTLEMENT_VS_PAYMENT
rcn-03237,RUN-2025-04-05-01,FEE_VS_RATE_CARD,core.payments,PAY-0796,core.gateway_fees,FEE-0796,MISMATCH,37.22,59.19,-21.97,0,21.97,LEAKAGE,TOL-FEE,2025-04-05T00:00:00Z,LEAKAGE on FEE_VS_RATE_CARD
rcn-03238,RUN-2025-04-05-01,BANK_VS_SETTLEMENT,core.settlements,SET-0796,core.bank_transactions,BNK-0796,MATCHED,1795.21,1795.21,0.0,0,0,LEGITIMATE,TOL-BANK,2025-04-05T00:00:00Z,
rcn-03239,RUN-2025-04-05-01,PAYMENT_VS_ORDER,core.orders,ORD-797,core.payments,PAY-0797,MATCHED,398.29,398.29,0.0,0,0,LEGITIMATE,TOL-PAYMENT,2025-04-05T00:00:00Z,
rcn-03240,RUN-2025-04-05-01,SETTLEMENT_VS_PAYMENT,core.payments,PAY-0797,core.settlements,SET-0797,MATCHED,396.41,396.41,0.0,0,0,LEGITIMATE,TOL-SETTLEMENT,2025-04-05T00:00:00Z,
rcn-03241,RUN-2025-04-05-01,FEE_VS_RATE_CARD,core.payments,PAY-0797,core.gateway_fees,FEE-0797,MATCHED,1.59,1.59,0.0,0,0,LEGITIMATE,TOL-FEE,2025-04-05T00:00:00Z,
rcn-03242,RUN-2025-04-05-01,BANK_VS_SETTLEMENT,core.settlements,SET-0797,core.bank_transactions,BNK-0797,MATCHED,396.41,396.41,0.0,0,0,LEGITIMATE,TOL-BANK,2025-04-05T00:00:00Z,
rcn-03243,RUN-2025-04-05-01,PAYMENT_VS_ORDER,core.orders,ORD-798,core.payments,PAY-0798,MATCHED,576.52,576.52,0.0,0,0,LEGITIMATE,TOL-PAYMENT,2025-04-05T00:00:00Z,
rcn-03244,RUN-2025-04-05-01,SETTLEMENT_VS_PAYMENT,core.payments,PAY-0798,core.settlements,SET-0798,MATCHED,410.05,410.05,0.0,0,0,LEGITIMATE,TOL-SETTLEMENT,2025-04-05T00:00:00Z,
rcn-03245,RUN-2025-04-05-01,FEE_VS_RATE_CARD,core.payments,PAY-0798,core.gateway_fees,FEE-0798,MATCHED,12.0,12.0,0.0,0,0,LEGITIMATE,TOL-FEE,2025-04-05T00:00:00Z,
rcn-03246,RUN-2025-04-05-01,BANK_VS_SETTLEMENT,core.settlements,SET-0798,core.bank_transactions,BNK-0798,MATCHED,410.05,410.05,0.0,0,0,LEGITIMATE,TOL-BANK,2025-04-05T00:00:00Z,
rcn-03247,RUN-2025-04-05-01,REFUND_VS_PAYMENT,core.payments,PAY-0798,core.refunds,REF-0798,MATCHED,155.55,155.55,0.0,0,0,LEGITIMATE,TOL-REFUND,2025-04-05T00:00:00Z,
rcn-03248,RUN-2025-04-05-01,PAYMENT_VS_ORDER,core.orders,ORD-799,core.payments,PAY-0799,MATCHED,7045.13,7045.13,0.0,0,0,LEGITIMATE,TOL-PAYMENT,2025-04-05T00:00:00Z,
rcn-03249,RUN-2025-04-05-01,SETTLEMENT_VS_PAYMENT,core.payments,PAY-0799,core.settlements,SET-0799,MATCHED,6878.87,6878.87,0.0,0,0,LEGITIMATE,TOL-SETTLEMENT,2025-04-05T00:00:00Z,
rcn-03250,RUN-2025-04-05-01,FEE_VS_RATE_CARD,core.payments,PAY-0799,core.gateway_fees,FEE-0799,MATCHED,140.9,140.9,0.0,0,0,LEGITIMATE,TOL-FEE,2025-04-05T00:00:00Z,
rcn-03251,RUN-2025-04-05-01,BANK_VS_SETTLEMENT,core.settlements,SET-0799,core.bank_transactions,BNK-0799,MATCHED,6878.87,6878.87,0.0,0,0,LEGITIMATE,TOL-BANK,2025-04-05T00:00:00Z,
rcn-03252,RUN-2025-04-05-01,PAYMENT_VS_ORDER,core.orders,ORD-800,core.payments,PAY-0800,MATCHED,916.93,916.93,0.0,0,0,LEGITIMATE,TOL-PAYMENT,2025-04-05T00:00:00Z,
rcn-03253,RUN-2025-04-05-01,SETTLEMENT_VS_PAYMENT,core.payments,PAY-0800,core.settlements,SET-0800,MATCHED,895.29,895.29,0.0,0,0,LEGITIMATE,TOL-SETTLEMENT,2025-04-05T00:00:00Z,
rcn-03254,RUN-2025-04-05-01,FEE_VS_RATE_CARD,core.payments,PAY-0800,core.gateway_fees,FEE-0800,MATCHED,18.34,18.34,0.0,0,0,LEGITIMATE,TOL-FEE,2025-04-05T00:00:00Z,
rcn-03255,RUN-2025-04-05-01,BANK_VS_SETTLEMENT,core.settlements,SET-0800,core.bank_transactions,BNK-0800,MATCHED,895.29,895.29,0.0,0,0,LEGITIMATE,TOL-BANK,2025-04-05T00:00:00Z,
rcn-03256,RUN-2025-04-05-01,PAYMENT_VS_ORDER,core.orders,ORD-801,core.payments,PAY-0801,MATCHED,2552.19,2552.19,0.0,0,0,LEGITIMATE,TOL-PAYMENT,2025-04-05T00:00:00Z,
rcn-03257,RUN-2025-04-05-01,SETTLEMENT_VS_PAYMENT,core.payments,PAY-0801,core.settlements,SET-0801,MATCHED,2540.14,2540.14,0.0,0,0,LEGITIMATE,TOL-SETTLEMENT,2025-04-05T00:00:00Z,
rcn-03258,RUN-2025-04-05-01,FEE_VS_RATE_CARD,core.payments,PAY-0801,core.gateway_fees,FEE-0801,MATCHED,10.21,10.21,0.0,0,0,LEGITIMATE,TOL-FEE,2025-04-05T00:00:00Z,
rcn-03259,RUN-2025-04-05-01,BANK_VS_SETTLEMENT,core.settlements,SET-0801,core.bank_transactions,BNK-0801,MATCHED,2540.14,2540.14,0.0,0,0,LEGITIMATE,TOL-BANK,2025-04-05T00:00:00Z,
rcn-03260,RUN-2025-04-05-01,PAYMENT_VS_ORDER,core.orders,ORD-802,core.payments,PAY-0802,MATCHED,8769.05,8769.05,0.0,0,0,LEGITIMATE,TOL-PAYMENT,2025-04-05T00:00:00Z,
rcn-03261,RUN-2025-04-05-01,SETTLEMENT_VS_PAYMENT,core.payments,PAY-0802,core.settlements,SET-0802,MATCHED,5564.8,5564.8,0.0,0,0,LEGITIMATE,TOL-SETTLEMENT,2025-04-05T00:00:00Z,
rcn-03262,RUN-2025-04-05-01,FEE_VS_RATE_CARD,core.payments,PAY-0802,core.gateway_fees,FEE-0802,MATCHED,35.08,35.08,0.0,0,0,LEGITIMATE,TOL-FEE,2025-04-05T00:00:00Z,
rcn-03263,RUN-2025-04-05-01,BANK_VS_SETTLEMENT,core.settlements,SET-0802,core.bank_transactions,BNK-0802,MATCHED,5564.8,5564.8,0.0,0,0,LEGITIMATE,TOL-BANK,2025-04-05T00:00:00Z,
rcn-03264,RUN-2025-04-05-01,REFUND_VS_PAYMENT,core.payments,PAY-0802,core.refunds,REF-0802,MATCHED,3175.56,3175.56,0.0,0,0,LEGITIMATE,TOL-REFUND,2025-04-05T00:00:00Z,
rcn-03265,RUN-2025-04-05-01,PAYMENT_VS_ORDER,core.orders,ORD-803,core.payments,PAY-0803,MATCHED,11983.52,11983.52,0.0,0,0,LEGITIMATE,TOL-PAYMENT,2025-04-05T00:00:00Z,
rcn-03266,RUN-2025-04-05-01,SETTLEMENT_VS_PAYMENT,core.payments,PAY-0803,core.settlements,SET-0803,MATCHED,11700.71,11700.71,0.0,0,0,LEGITIMATE,TOL-SETTLEMENT,2025-04-05T00:00:00Z,
rcn-03267,RUN-2025-04-05-01,FEE_VS_RATE_CARD,core.payments,PAY-0803,core.gateway_fees,FEE-0803,MATCHED,239.67,239.67,0.0,0,0,LEGITIMATE,TOL-FEE,2025-04-05T00:00:00Z,
rcn-03268,RUN-2025-04-05-01,BANK_VS_SETTLEMENT,core.settlements,SET-0803,core.bank_transactions,BNK-0803,MATCHED,11700.71,11700.71,0.0,0,0,LEGITIMATE,TOL-BANK,2025-04-05T00:00:00Z,
rcn-03269,RUN-2025-04-05-01,PAYMENT_VS_ORDER,core.orders,ORD-804,core.payments,PAY-0804,MATCHED,650.85,650.85,0.0,0,0,LEGITIMATE,TOL-PAYMENT,2025-04-05T00:00:00Z,
rcn-03270,RUN-2025-04-05-01,SETTLEMENT_VS_PAYMENT,core.payments,PAY-0804,core.settlements,SET-0804,MATCHED,635.49,635.49,0.0,0,0,LEGITIMATE,TOL-SETTLEMENT,2025-04-05T00:00:00Z,
rcn-03271,RUN-2025-04-05-01,FEE_VS_RATE_CARD,core.payments,PAY-0804,core.gateway_fees,FEE-0804,MATCHED,13.02,13.02,0.0,0,0,LEGITIMATE,TOL-FEE,2025-04-05T00:00:00Z,
rcn-03272,RUN-2025-04-05-01,BANK_VS_SETTLEMENT,core.settlements,SET-0804,core.bank_transactions,BNK-0804,MATCHED,635.49,635.49,0.0,0,0,LEGITIMATE,TOL-BANK,2025-04-05T00:00:00Z,
rcn-03273,RUN-2025-04-05-01,PAYMENT_VS_ORDER,core.orders,ORD-805,core.payments,PAY-0805,MATCHED,1000.79,1000.79,0.0,0,0,LEGITIMATE,TOL-PAYMENT,2025-04-05T00:00:00Z,
rcn-03274,RUN-2025-04-05-01,SETTLEMENT_VS_PAYMENT,core.payments,PAY-0805,core.settlements,SET-0805,MATCHED,996.07,996.07,0.0,0,0,LEGITIMATE,TOL-SETTLEMENT,2025-04-05T00:00:00Z,
rcn-03275,RUN-2025-04-05-01,FEE_VS_RATE_CARD,core.payments,PAY-0805,core.gateway_fees,FEE-0805,MATCHED,4.0,4.0,0.0,0,0,LEGITIMATE,TOL-FEE,2025-04-05T00:00:00Z,
rcn-03276,RUN-2025-04-05-01,BANK_VS_SETTLEMENT,core.settlements,SET-0805,core.bank_transactions,BNK-0805,MATCHED,996.07,996.07,0.0,0,0,LEGITIMATE,TOL-BANK,2025-04-05T00:00:00Z,
rcn-03277,RUN-2025-04-05-01,PAYMENT_VS_ORDER,core.orders,ORD-806,core.payments,PAY-0806,MATCHED,2563.9,2563.9,0.0,0,0,LEGITIMATE,TOL-PAYMENT,2025-04-05T00:00:00Z,
rcn-03278,RUN-2025-04-05-01,SETTLEMENT_VS_PAYMENT,core.payments,PAY-0806,core.settlements,SET-0806,MATCHED,2503.39,2503.39,0.0,0,0,LEGITIMATE,TOL-SETTLEMENT,2025-04-05T00:00:00Z,
rcn-03279,RUN-2025-04-05-01,FEE_VS_RATE_CARD,core.payments,PAY-0806,core.gateway_fees,FEE-0806,MATCHED,51.28,51.28,0.0,0,0,LEGITIMATE,TOL-FEE,2025-04-05T00:00:00Z,
rcn-03280,RUN-2025-04-05-01,BANK_VS_SETTLEMENT,core.settlements,SET-0806,core.bank_transactions,BNK-0806,MATCHED,2503.39,2503.39,0.0,0,0,LEGITIMATE,TOL-BANK,2025-04-05T00:00:00Z,
rcn-03281,RUN-2025-04-05-01,PAYMENT_VS_ORDER,core.orders,ORD-807,core.payments,PAY-0807,MATCHED,1655.51,1655.51,0.0,0,0,LEGITIMATE,TOL-PAYMENT,2025-04-05T00:00:00Z,
rcn-03282,RUN-2025-04-05-01,SETTLEMENT_VS_PAYMENT,core.payments,PAY-0807,core.settlements,,UNMATCHED,1616.44,,,0,1616.44,LEAKAGE,TOL-SETTLEMENT,2025-04-05T00:00:00Z,LEAKAGE on SETTLEMENT_VS_PAYMENT
rcn-03283,RUN-2025-04-05-01,FEE_VS_RATE_CARD,core.payments,PAY-0807,core.gateway_fees,FEE-0807,MATCHED,33.11,33.11,0.0,0,0,LEGITIMATE,TOL-FEE,2025-04-05T00:00:00Z,
rcn-03284,RUN-2025-04-05-01,PAYMENT_VS_ORDER,core.orders,ORD-808,core.payments,PAY-0808,MATCHED,299.0,299.0,0.0,0,0,LEGITIMATE,TOL-PAYMENT,2025-04-05T00:00:00Z,
rcn-03285,RUN-2025-04-05-01,SETTLEMENT_VS_PAYMENT,core.payments,PAY-0808,core.settlements,SET-0808,MATCHED,297.58,297.58,0.0,0,0,LEGITIMATE,TOL-SETTLEMENT,2025-04-05T00:00:00Z,
rcn-03286,RUN-2025-04-05-01,FEE_VS_RATE_CARD,core.payments,PAY-0808,core.gateway_fees,FEE-0808,MATCHED,1.2,1.2,0.0,0,0,LEGITIMATE,TOL-FEE,2025-04-05T00:00:00Z,
rcn-03287,RUN-2025-04-05-01,BANK_VS_SETTLEMENT,core.settlements,SET-0808,core.bank_transactions,BNK-0808,MATCHED,297.58,297.58,0.0,0,0,LEGITIMATE,TOL-BANK,2025-04-05T00:00:00Z,
rcn-03288,RUN-2025-04-05-01,PAYMENT_VS_ORDER,core.orders,ORD-809,core.payments,PAY-0809,MATCHED,805.84,805.84,0.0,0,0,LEGITIMATE,TOL-PAYMENT,2025-04-05T00:00:00Z,
rcn-03289,RUN-2025-04-05-01,SETTLEMENT_VS_PAYMENT,core.payments,PAY-0809,core.settlements,SET-0809,MATCHED,786.82,786.82,0.0,0,0,LEGITIMATE,TOL-SETTLEMENT,2025-04-05T00:00:00Z,
rcn-03290,RUN-2025-04-05-01,FEE_VS_RATE_CARD,core.payments,PAY-0809,core.gateway_fees,FEE-0809,MATCHED,16.12,16.12,0.0,0,0,LEGITIMATE,TOL-FEE,2025-04-05T00:00:00Z,
rcn-03291,RUN-2025-04-05-01,BANK_VS_SETTLEMENT,core.settlements,SET-0809,core.bank_transactions,BNK-0809,MATCHED,786.82,786.82,0.0,0,0,LEGITIMATE,TOL-BANK,2025-04-05T00:00:00Z,
rcn-03292,RUN-2025-04-05-01,PAYMENT_VS_ORDER,core.orders,ORD-810,core.payments,PAY-0810,MATCHED,5100.06,5100.06,0.0,0,0,LEGITIMATE,TOL-PAYMENT,2025-04-05T00:00:00Z,
rcn-03293,RUN-2025-04-05-01,SETTLEMENT_VS_PAYMENT,core.payments,PAY-0810,core.settlements,SET-0810,MATCHED,5085.9,5085.9,0.0,0,0,LEGITIMATE,TOL-SETTLEMENT,2025-04-05T00:00:00Z,
rcn-03294,RUN-2025-04-05-01,FEE_VS_RATE_CARD,core.payments,PAY-0810,core.gateway_fees,FEE-0810,MATCHED,12.0,12.0,0.0,0,0,LEGITIMATE,TOL-FEE,2025-04-05T00:00:00Z,
rcn-03295,RUN-2025-04-05-01,BANK_VS_SETTLEMENT,core.settlements,SET-0810,core.bank_transactions,BNK-0810,MATCHED,5085.9,5085.9,0.0,0,0,LEGITIMATE,TOL-BANK,2025-04-05T00:00:00Z,
rcn-03296,RUN-2025-04-05-01,PAYMENT_VS_ORDER,core.orders,ORD-811,core.payments,PAY-0811,MATCHED,299.0,299.0,0.0,0,0,LEGITIMATE,TOL-PAYMENT,2025-04-05T00:00:00Z,
rcn-03297,RUN-2025-04-05-01,SETTLEMENT_VS_PAYMENT,core.payments,PAY-0811,core.settlements,SET-0811,MATCHED,284.84,284.84,0.0,0,0,LEGITIMATE,TOL-SETTLEMENT,2025-04-05T00:00:00Z,
rcn-03298,RUN-2025-04-05-01,FEE_VS_RATE_CARD,core.payments,PAY-0811,core.gateway_fees,FEE-0811,MATCHED,12.0,12.0,0.0,0,0,LEGITIMATE,TOL-FEE,2025-04-05T00:00:00Z,
rcn-03299,RUN-2025-04-05-01,BANK_VS_SETTLEMENT,core.settlements,SET-0811,core.bank_transactions,BNK-0811,MATCHED,284.84,284.84,0.0,0,0,LEGITIMATE,TOL-BANK,2025-04-05T00:00:00Z,
rcn-03300,RUN-2025-04-05-01,PAYMENT_VS_ORDER,core.orders,ORD-812,core.payments,PAY-0812,MATCHED,545.2,545.2,0.0,0,0,LEGITIMATE,TOL-PAYMENT,2025-04-05T00:00:00Z,
rcn-03301,RUN-2025-04-05-01,SETTLEMENT_VS_PAYMENT,core.payments,PAY-0812,core.settlements,,UNMATCHED,531.04,,,0,531.04,LEAKAGE,TOL-SETTLEMENT,2025-04-05T00:00:00Z,LEAKAGE on SETTLEMENT_VS_PAYMENT
rcn-03302,RUN-2025-04-05-01,FEE_VS_RATE_CARD,core.payments,PAY-0812,core.gateway_fees,FEE-0812,MATCHED,12.0,12.0,0.0,0,0,LEGITIMATE,TOL-FEE,2025-04-05T00:00:00Z,
rcn-03303,RUN-2025-04-05-01,PAYMENT_VS_ORDER,core.orders,ORD-813,core.payments,PAY-0813,MATCHED,390.03,390.03,0.0,0,0,LEGITIMATE,TOL-PAYMENT,2025-04-05T00:00:00Z,
rcn-03304,RUN-2025-04-05-01,SETTLEMENT_VS_PAYMENT,core.payments,PAY-0813,core.settlements,SET-0813,MATCHED,380.83,380.83,0.0,0,0,LEGITIMATE,TOL-SETTLEMENT,2025-04-05T00:00:00Z,
rcn-03305,RUN-2025-04-05-01,FEE_VS_RATE_CARD,core.payments,PAY-0813,core.gateway_fees,FEE-0813,MATCHED,7.8,7.8,0.0,0,0,LEGITIMATE,TOL-FEE,2025-04-05T00:00:00Z,
rcn-03306,RUN-2025-04-05-01,BANK_VS_SETTLEMENT,core.settlements,SET-0813,core.bank_transactions,BNK-0813,MATCHED,380.83,380.83,0.0,0,0,LEGITIMATE,TOL-BANK,2025-04-05T00:00:00Z,
rcn-03307,RUN-2025-04-05-01,PAYMENT_VS_ORDER,core.orders,ORD-814,core.payments,PAY-0814,MATCHED,4737.94,4737.94,0.0,0,0,LEGITIMATE,TOL-PAYMENT,2025-04-05T00:00:00Z,
rcn-03308,RUN-2025-04-05-01,SETTLEMENT_VS_PAYMENT,core.payments,PAY-0814,core.settlements,SET-0814,MATCHED,4723.78,4723.78,0.0,0,0,LEGITIMATE,TOL-SETTLEMENT,2025-04-05T00:00:00Z,
rcn-03309,RUN-2025-04-05-01,FEE_VS_RATE_CARD,core.payments,PAY-0814,core.gateway_fees,FEE-0814,MATCHED,12.0,12.0,0.0,0,0,LEGITIMATE,TOL-FEE,2025-04-05T00:00:00Z,
rcn-03310,RUN-2025-04-05-01,BANK_VS_SETTLEMENT,core.settlements,SET-0814,core.bank_transactions,BNK-0814,MATCHED,4723.78,4723.78,0.0,0,0,LEGITIMATE,TOL-BANK,2025-04-05T00:00:00Z,
rcn-03311,RUN-2025-04-05-01,PAYMENT_VS_ORDER,core.orders,ORD-815,core.payments,PAY-0815,MATCHED,1005.92,1005.92,0.0,0,0,LEGITIMATE,TOL-PAYMENT,2025-04-05T00:00:00Z,
rcn-03312,RUN-2025-04-05-01,SETTLEMENT_VS_PAYMENT,core.payments,PAY-0815,core.settlements,SET-0815,MISMATCH,1001.18,933.74,67.44,0,67.44,LEAKAGE,TOL-SETTLEMENT,2025-04-05T00:00:00Z,LEAKAGE on SETTLEMENT_VS_PAYMENT
rcn-03313,RUN-2025-04-05-01,FEE_VS_RATE_CARD,core.payments,PAY-0815,core.gateway_fees,FEE-0815,MISMATCH,4.02,8.04,-4.02,0,4.02,LEAKAGE,TOL-FEE,2025-04-05T00:00:00Z,LEAKAGE on FEE_VS_RATE_CARD
rcn-03314,RUN-2025-04-05-01,BANK_VS_SETTLEMENT,core.settlements,SET-0815,core.bank_transactions,BNK-0815,MATCHED,933.74,933.74,0.0,0,0,LEGITIMATE,TOL-BANK,2025-04-05T00:00:00Z,
rcn-03315,RUN-2025-04-05-01,PAYMENT_VS_ORDER,core.orders,ORD-816,core.payments,PAY-0816,MATCHED,764.55,764.55,0.0,0,0,LEGITIMATE,TOL-PAYMENT,2025-04-05T00:00:00Z,
rcn-03316,RUN-2025-04-05-01,SETTLEMENT_VS_PAYMENT,core.payments,PAY-0816,core.settlements,SET-0816,MISMATCH,484.11,469.77,14.34,0,14.34,LEAKAGE,TOL-SETTLEMENT,2025-04-05T00:00:00Z,LEAKAGE on SETTLEMENT_VS_PAYMENT
rcn-03317,RUN-2025-04-05-01,FEE_VS_RATE_CARD,core.payments,PAY-0816,core.gateway_fees,FEE-0816,MATCHED,14.53,14.53,0.0,0,0,LEGITIMATE,TOL-FEE,2025-04-05T00:00:00Z,
rcn-03318,RUN-2025-04-05-01,BANK_VS_SETTLEMENT,core.settlements,SET-0816,core.bank_transactions,BNK-0816,MATCHED,469.77,469.77,0.0,0,0,LEGITIMATE,TOL-BANK,2025-04-05T00:00:00Z,
rcn-03319,RUN-2025-04-05-01,REFUND_VS_PAYMENT,core.payments,PAY-0816,core.refunds,REF-0816,MATCHED,268.39,268.39,0.0,0,0,LEGITIMATE,TOL-REFUND,2025-04-05T00:00:00Z,
rcn-03320,RUN-2025-04-05-01,PAYMENT_VS_ORDER,core.orders,ORD-817,core.payments,PAY-0817,MATCHED,299.0,299.0,0.0,0,0,LEGITIMATE,TOL-PAYMENT,2025-04-05T00:00:00Z,
rcn-03321,RUN-2025-04-05-01,SETTLEMENT_VS_PAYMENT,core.payments,PAY-0817,core.settlements,SET-0817,MATCHED,284.84,284.84,0.0,0,0,LEGITIMATE,TOL-SETTLEMENT,2025-04-05T00:00:00Z,
rcn-03322,RUN-2025-04-05-01,FEE_VS_RATE_CARD,core.payments,PAY-0817,core.gateway_fees,FEE-0817,MATCHED,12.0,12.0,0.0,0,0,LEGITIMATE,TOL-FEE,2025-04-05T00:00:00Z,
rcn-03323,RUN-2025-04-05-01,BANK_VS_SETTLEMENT,core.settlements,SET-0817,core.bank_transactions,BNK-0817,MATCHED,284.84,284.84,0.0,0,0,LEGITIMATE,TOL-BANK,2025-04-05T00:00:00Z,
rcn-03324,RUN-2025-04-05-01,PAYMENT_VS_ORDER,core.orders,ORD-818,core.payments,PAY-0818,MATCHED,5824.58,5824.58,0.0,0,0,LEGITIMATE,TOL-PAYMENT,2025-04-05T00:00:00Z,
rcn-03325,RUN-2025-04-05-01,SETTLEMENT_VS_PAYMENT,core.payments,PAY-0818,core.settlements,SET-0818,MATCHED,5687.12,5687.12,0.0,0,0,LEGITIMATE,TOL-SETTLEMENT,2025-04-05T00:00:00Z,
rcn-03326,RUN-2025-04-05-01,FEE_VS_RATE_CARD,core.payments,PAY-0818,core.gateway_fees,FEE-0818,MATCHED,116.49,116.49,0.0,0,0,LEGITIMATE,TOL-FEE,2025-04-05T00:00:00Z,
rcn-03327,RUN-2025-04-05-01,BANK_VS_SETTLEMENT,core.settlements,SET-0818,core.bank_transactions,BNK-0818,MATCHED,5687.12,5687.12,0.0,0,0,LEGITIMATE,TOL-BANK,2025-04-05T00:00:00Z,
rcn-03328,RUN-2025-04-05-01,PAYMENT_VS_ORDER,core.orders,ORD-819,core.payments,PAY-0819,MATCHED,4631.85,4631.85,0.0,0,0,LEGITIMATE,TOL-PAYMENT,2025-04-05T00:00:00Z,
rcn-03329,RUN-2025-04-05-01,SETTLEMENT_VS_PAYMENT,core.payments,PAY-0819,core.settlements,SET-0819,MATCHED,4522.53,4522.53,0.0,0,0,LEGITIMATE,TOL-SETTLEMENT,2025-04-05T00:00:00Z,
rcn-03330,RUN-2025-04-05-01,FEE_VS_RATE_CARD,core.payments,PAY-0819,core.gateway_fees,FEE-0819,MATCHED,92.64,92.64,0.0,0,0,LEGITIMATE,TOL-FEE,2025-04-05T00:00:00Z,
rcn-03331,RUN-2025-04-05-01,BANK_VS_SETTLEMENT,core.settlements,SET-0819,core.bank_transactions,BNK-0819,MATCHED,4522.53,4522.53,0.0,0,0,LEGITIMATE,TOL-BANK,2025-04-05T00:00:00Z,
rcn-03332,RUN-2025-04-05-01,PAYMENT_VS_ORDER,core.orders,ORD-820,core.payments,PAY-0820,MATCHED,1886.44,1886.44,0.0,0,0,LEGITIMATE,TOL-PAYMENT,2025-04-05T00:00:00Z,
rcn-03333,RUN-2025-04-05-01,SETTLEMENT_VS_PAYMENT,core.payments,PAY-0820,core.settlements,SET-0820,MATCHED,1105.14,1105.14,0.0,0,0,LEGITIMATE,TOL-SETTLEMENT,2025-04-05T00:00:00Z,
rcn-03334,RUN-2025-04-05-01,FEE_VS_RATE_CARD,core.payments,PAY-0820,core.gateway_fees,FEE-0820,MATCHED,22.64,22.64,0.0,0,0,LEGITIMATE,TOL-FEE,2025-04-05T00:00:00Z,
rcn-03335,RUN-2025-04-05-01,BANK_VS_SETTLEMENT,core.settlements,SET-0820,core.bank_transactions,BNK-0820,MATCHED,1105.14,1105.14,0.0,0,0,LEGITIMATE,TOL-BANK,2025-04-05T00:00:00Z,
rcn-03336,RUN-2025-04-05-01,SETTLEMENT_VS_PAYMENT,core.payments,PAY-0820-2,core.settlements,SET-0820-2,MATCHED,736.77,736.77,0.0,0,0,LEGITIMATE,TOL-SETTLEMENT,2025-04-05T00:00:00Z,
rcn-03337,RUN-2025-04-05-01,FEE_VS_RATE_CARD,core.payments,PAY-0820-2,core.gateway_fees,FEE-0820-2,MATCHED,15.09,15.09,0.0,0,0,LEGITIMATE,TOL-FEE,2025-04-05T00:00:00Z,
rcn-03338,RUN-2025-04-05-01,BANK_VS_SETTLEMENT,core.settlements,SET-0820-2,core.bank_transactions,BNK-0820-2,MATCHED,736.77,736.77,0.0,0,0,LEGITIMATE,TOL-BANK,2025-04-05T00:00:00Z,
rcn-03339,RUN-2025-04-05-01,PAYMENT_VS_ORDER,core.orders,ORD-821,core.payments,PAY-0821,MATCHED,299.0,299.0,0.0,0,0,LEGITIMATE,TOL-PAYMENT,2025-04-05T00:00:00Z,
rcn-03340,RUN-2025-04-05-01,SETTLEMENT_VS_PAYMENT,core.payments,PAY-0821,core.settlements,SET-0821,MATCHED,291.94,291.94,0.0,0,0,LEGITIMATE,TOL-SETTLEMENT,2025-04-05T00:00:00Z,
rcn-03341,RUN-2025-04-05-01,FEE_VS_RATE_CARD,core.payments,PAY-0821,core.gateway_fees,FEE-0821,MATCHED,5.98,5.98,0.0,0,0,LEGITIMATE,TOL-FEE,2025-04-05T00:00:00Z,
rcn-03342,RUN-2025-04-05-01,BANK_VS_SETTLEMENT,core.settlements,SET-0821,core.bank_transactions,BNK-0821,MATCHED,291.94,291.94,0.0,0,0,LEGITIMATE,TOL-BANK,2025-04-05T00:00:00Z,
rcn-03343,RUN-2025-04-05-01,PAYMENT_VS_ORDER,core.orders,ORD-822,core.payments,PAY-0822,MATCHED,869.3,869.3,0.0,0,0,LEGITIMATE,TOL-PAYMENT,2025-04-05T00:00:00Z,
rcn-03344,RUN-2025-04-05-01,SETTLEMENT_VS_PAYMENT,core.payments,PAY-0822,core.settlements,SET-0822,MATCHED,848.78,848.78,0.0,0,0,LEGITIMATE,TOL-SETTLEMENT,2025-04-05T00:00:00Z,
rcn-03345,RUN-2025-04-05-01,FEE_VS_RATE_CARD,core.payments,PAY-0822,core.gateway_fees,FEE-0822,MATCHED,17.39,17.39,0.0,0,0,LEGITIMATE,TOL-FEE,2025-04-05T00:00:00Z,
rcn-03346,RUN-2025-04-05-01,BANK_VS_SETTLEMENT,core.settlements,SET-0822,core.bank_transactions,BNK-0822,MATCHED,848.78,848.78,0.0,0,0,LEGITIMATE,TOL-BANK,2025-04-05T00:00:00Z,
rcn-03347,RUN-2025-04-05-01,PAYMENT_VS_ORDER,core.orders,ORD-823,core.payments,PAY-0823,MATCHED,427.86,427.86,0.0,0,0,LEGITIMATE,TOL-PAYMENT,2025-04-05T00:00:00Z,
rcn-03348,RUN-2025-04-05-01,SETTLEMENT_VS_PAYMENT,core.payments,PAY-0823,core.settlements,SET-0823,MATCHED,417.76,417.76,0.0,0,0,LEGITIMATE,TOL-SETTLEMENT,2025-04-05T00:00:00Z,
rcn-03349,RUN-2025-04-05-01,FEE_VS_RATE_CARD,core.payments,PAY-0823,core.gateway_fees,FEE-0823,MATCHED,8.56,8.56,0.0,0,0,LEGITIMATE,TOL-FEE,2025-04-05T00:00:00Z,
rcn-03350,RUN-2025-04-05-01,BANK_VS_SETTLEMENT,core.settlements,SET-0823,core.bank_transactions,BNK-0823,MATCHED,417.76,417.76,0.0,0,0,LEGITIMATE,TOL-BANK,2025-04-05T00:00:00Z,
rcn-03351,RUN-2025-04-05-01,PAYMENT_VS_ORDER,core.orders,ORD-824,core.payments,PAY-0824,MATCHED,1963.34,1963.34,0.0,0,0,LEGITIMATE,TOL-PAYMENT,2025-04-05T00:00:00Z,
rcn-03352,RUN-2025-04-05-01,SETTLEMENT_VS_PAYMENT,core.payments,PAY-0824,core.settlements,SET-0824,MATCHED,1954.08,1954.08,0.0,0,0,LEGITIMATE,TOL-SETTLEMENT,2025-04-05T00:00:00Z,
rcn-03353,RUN-2025-04-05-01,FEE_VS_RATE_CARD,core.payments,PAY-0824,core.gateway_fees,FEE-0824,MATCHED,7.85,7.85,0.0,0,0,LEGITIMATE,TOL-FEE,2025-04-05T00:00:00Z,
rcn-03354,RUN-2025-04-05-01,BANK_VS_SETTLEMENT,core.settlements,SET-0824,core.bank_transactions,BNK-0824,MATCHED,1954.08,1954.08,0.0,0,0,LEGITIMATE,TOL-BANK,2025-04-05T00:00:00Z,
rcn-03355,RUN-2025-04-05-01,PAYMENT_VS_ORDER,core.orders,ORD-825,core.payments,PAY-0825,MATCHED,45000.0,45000.0,0.0,0,0,LEGITIMATE,TOL-PAYMENT,2025-04-05T00:00:00Z,
rcn-03356,RUN-2025-04-05-01,SETTLEMENT_VS_PAYMENT,core.payments,PAY-0825,core.settlements,SET-0825,MISMATCH,24050.7,23576.57,474.13,0,474.13,LEAKAGE,TOL-SETTLEMENT,2025-04-05T00:00:00Z,LEAKAGE on SETTLEMENT_VS_PAYMENT
rcn-03357,RUN-2025-04-05-01,FEE_VS_RATE_CARD,core.payments,PAY-0825,core.gateway_fees,FEE-0825,MATCHED,1057.5,1057.5,0.0,0,0,LEGITIMATE,TOL-FEE,2025-04-05T00:00:00Z,
rcn-03358,RUN-2025-04-05-01,BANK_VS_SETTLEMENT,core.settlements,SET-0825,core.bank_transactions,BNK-0825,MATCHED,23576.57,23576.57,0.0,0,0,LEGITIMATE,TOL-BANK,2025-04-05T00:00:00Z,
rcn-03359,RUN-2025-04-05-01,REFUND_VS_PAYMENT,core.payments,PAY-0825,core.refunds,REF-0825,MATCHED,20175.58,20175.58,0.0,0,0,LEGITIMATE,TOL-REFUND,2025-04-05T00:00:00Z,
rcn-03360,RUN-2025-04-05-01,PAYMENT_VS_ORDER,core.orders,ORD-827,core.payments,PAY-0827,MATCHED,3004.27,3004.27,0.0,0,0,LEGITIMATE,TOL-PAYMENT,2025-04-05T00:00:00Z,
rcn-03361,RUN-2025-04-05-01,SETTLEMENT_VS_PAYMENT,core.payments,PAY-0827,core.settlements,SET-0827,MATCHED,2933.36,2933.36,0.0,0,0,LEGITIMATE,TOL-SETTLEMENT,2025-04-05T00:00:00Z,
rcn-03362,RUN-2025-04-05-01,FEE_VS_RATE_CARD,core.payments,PAY-0827,core.gateway_fees,FEE-0827,MATCHED,60.09,60.09,0.0,0,0,LEGITIMATE,TOL-FEE,2025-04-05T00:00:00Z,
rcn-03363,RUN-2025-04-05-01,BANK_VS_SETTLEMENT,core.settlements,SET-0827,core.bank_transactions,BNK-0827,MATCHED,2933.36,2933.36,0.0,0,0,LEGITIMATE,TOL-BANK,2025-04-05T00:00:00Z,
rcn-03364,RUN-2025-04-05-01,PAYMENT_VS_ORDER,core.orders,ORD-828,core.payments,PAY-0828,MATCHED,1668.37,1668.37,0.0,0,0,LEGITIMATE,TOL-PAYMENT,2025-04-05T00:00:00Z,
rcn-03365,RUN-2025-04-05-01,SETTLEMENT_VS_PAYMENT,core.payments,PAY-0828,core.settlements,SET-0828,MATCHED,1660.5,1660.5,0.0,0,0,LEGITIMATE,TOL-SETTLEMENT,2025-04-05T00:00:00Z,
rcn-03366,RUN-2025-04-05-01,FEE_VS_RATE_CARD,core.payments,PAY-0828,core.gateway_fees,FEE-0828,MATCHED,6.67,6.67,0.0,0,0,LEGITIMATE,TOL-FEE,2025-04-05T00:00:00Z,
rcn-03367,RUN-2025-04-05-01,BANK_VS_SETTLEMENT,core.settlements,SET-0828,core.bank_transactions,BNK-0828,MATCHED,1660.5,1660.5,0.0,0,0,LEGITIMATE,TOL-BANK,2025-04-05T00:00:00Z,
rcn-03368,RUN-2025-04-05-01,PAYMENT_VS_ORDER,core.orders,ORD-829,core.payments,PAY-0829,MATCHED,572.09,572.09,0.0,0,0,LEGITIMATE,TOL-PAYMENT,2025-04-05T00:00:00Z,
rcn-03369,RUN-2025-04-05-01,SETTLEMENT_VS_PAYMENT,core.payments,PAY-0829,core.settlements,SET-0829,MATCHED,569.39,569.39,0.0,0,0,LEGITIMATE,TOL-SETTLEMENT,2025-04-05T00:00:00Z,
rcn-03370,RUN-2025-04-05-01,FEE_VS_RATE_CARD,core.payments,PAY-0829,core.gateway_fees,FEE-0829,MATCHED,2.29,2.29,0.0,0,0,LEGITIMATE,TOL-FEE,2025-04-05T00:00:00Z,
rcn-03371,RUN-2025-04-05-01,BANK_VS_SETTLEMENT,core.settlements,SET-0829,core.bank_transactions,BNK-0829,MATCHED,569.39,569.39,0.0,0,0,LEGITIMATE,TOL-BANK,2025-04-05T00:00:00Z,
rcn-03372,RUN-2025-04-05-01,PAYMENT_VS_ORDER,core.orders,ORD-830,core.payments,PAY-0830,MATCHED,1680.53,1680.53,0.0,0,0,LEGITIMATE,TOL-PAYMENT,2025-04-05T00:00:00Z,
rcn-03373,RUN-2025-04-05-01,SETTLEMENT_VS_PAYMENT,core.payments,PAY-0830,core.settlements,SET-0830,MATCHED,1640.87,1640.87,0.0,0,0,LEGITIMATE,TOL-SETTLEMENT,2025-04-05T00:00:00Z,
rcn-03374,RUN-2025-04-05-01,FEE_VS_RATE_CARD,core.payments,PAY-0830,core.gateway_fees,FEE-0830,MATCHED,33.61,33.61,0.0,0,0,LEGITIMATE,TOL-FEE,2025-04-05T00:00:00Z,
rcn-03375,RUN-2025-04-05-01,BANK_VS_SETTLEMENT,core.settlements,SET-0830,core.bank_transactions,BNK-0830,MATCHED,1640.87,1640.87,0.0,0,0,LEGITIMATE,TOL-BANK,2025-04-05T00:00:00Z,
rcn-03376,RUN-2025-04-05-01,PAYMENT_VS_ORDER,core.orders,ORD-831,core.payments,PAY-0831,MATCHED,1239.82,1239.82,0.0,0,0,LEGITIMATE,TOL-PAYMENT,2025-04-05T00:00:00Z,
rcn-03377,RUN-2025-04-05-01,SETTLEMENT_VS_PAYMENT,core.payments,PAY-0831,core.settlements,SET-0831,MATCHED,1210.56,1210.56,0.0,0,0,LEGITIMATE,TOL-SETTLEMENT,2025-04-05T00:00:00Z,
rcn-03378,RUN-2025-04-05-01,FEE_VS_RATE_CARD,core.payments,PAY-0831,core.gateway_fees,FEE-0831,MATCHED,24.8,24.8,0.0,0,0,LEGITIMATE,TOL-FEE,2025-04-05T00:00:00Z,
rcn-03379,RUN-2025-04-05-01,BANK_VS_SETTLEMENT,core.settlements,SET-0831,core.bank_transactions,BNK-0831,MATCHED,1210.56,1210.56,0.0,0,0,LEGITIMATE,TOL-BANK,2025-04-05T00:00:00Z,
rcn-03380,RUN-2025-04-05-01,PAYMENT_VS_ORDER,core.orders,ORD-832,core.payments,PAY-0832,MATCHED,1292.19,1292.19,0.0,0,0,LEGITIMATE,TOL-PAYMENT,2025-04-05T00:00:00Z,
rcn-03381,RUN-2025-04-05-01,SETTLEMENT_VS_PAYMENT,core.payments,PAY-0832,core.settlements,SET-0832,MATCHED,1261.7,1261.7,0.0,0,0,LEGITIMATE,TOL-SETTLEMENT,2025-04-05T00:00:00Z,
rcn-03382,RUN-2025-04-05-01,FEE_VS_RATE_CARD,core.payments,PAY-0832,core.gateway_fees,FEE-0832,MATCHED,25.84,25.84,0.0,0,0,LEGITIMATE,TOL-FEE,2025-04-05T00:00:00Z,
rcn-03383,RUN-2025-04-05-01,BANK_VS_SETTLEMENT,core.settlements,SET-0832,core.bank_transactions,BNK-0832,MATCHED,1261.7,1261.7,0.0,0,0,LEGITIMATE,TOL-BANK,2025-04-05T00:00:00Z,
rcn-03384,RUN-2025-04-05-01,PAYMENT_VS_ORDER,core.orders,ORD-833,core.payments,PAY-0833,MATCHED,874.48,874.48,0.0,0,0,LEGITIMATE,TOL-PAYMENT,2025-04-05T00:00:00Z,
rcn-03385,RUN-2025-04-05-01,SETTLEMENT_VS_PAYMENT,core.payments,PAY-0833,core.settlements,SET-0833,MATCHED,853.84,853.84,0.0,0,0,LEGITIMATE,TOL-SETTLEMENT,2025-04-05T00:00:00Z,
rcn-03386,RUN-2025-04-05-01,FEE_VS_RATE_CARD,core.payments,PAY-0833,core.gateway_fees,FEE-0833,MATCHED,17.49,17.49,0.0,0,0,LEGITIMATE,TOL-FEE,2025-04-05T00:00:00Z,
rcn-03387,RUN-2025-04-05-01,BANK_VS_SETTLEMENT,core.settlements,SET-0833,core.bank_transactions,BNK-0833,MATCHED,853.84,853.84,0.0,0,0,LEGITIMATE,TOL-BANK,2025-04-05T00:00:00Z,
rcn-03388,RUN-2025-04-05-01,PAYMENT_VS_ORDER,core.orders,ORD-834,core.payments,PAY-0834,MATCHED,3050.14,3050.14,0.0,0,0,LEGITIMATE,TOL-PAYMENT,2025-04-05T00:00:00Z,
rcn-03389,RUN-2025-04-05-01,SETTLEMENT_VS_PAYMENT,core.payments,PAY-0834,core.settlements,SET-0834,MISMATCH,3035.74,3031.27,4.47,0,4.47,LEAKAGE,TOL-SETTLEMENT,2025-04-05T00:00:00Z,LEAKAGE on SETTLEMENT_VS_PAYMENT
rcn-03390,RUN-2025-04-05-01,FEE_VS_RATE_CARD,core.payments,PAY-0834,core.gateway_fees,FEE-0834,MISMATCH,12.2,16.67,-4.47,0,4.47,LEAKAGE,TOL-FEE,2025-04-05T00:00:00Z,LEAKAGE on FEE_VS_RATE_CARD
rcn-03391,RUN-2025-04-05-01,BANK_VS_SETTLEMENT,core.settlements,SET-0834,core.bank_transactions,BNK-0834,MATCHED,3031.27,3031.27,0.0,0,0,LEGITIMATE,TOL-BANK,2025-04-05T00:00:00Z,
rcn-03392,RUN-2025-04-05-01,PAYMENT_VS_ORDER,core.orders,ORD-835,core.payments,PAY-0835,MATCHED,8060.49,8060.49,0.0,0,0,LEGITIMATE,TOL-PAYMENT,2025-04-05T00:00:00Z,
rcn-03393,RUN-2025-04-05-01,SETTLEMENT_VS_PAYMENT,core.payments,PAY-0835,core.settlements,SET-0835,MISMATCH,5976.69,5938.05,38.64,0,38.64,LEAKAGE,TOL-SETTLEMENT,2025-04-05T00:00:00Z,LEAKAGE on SETTLEMENT_VS_PAYMENT
rcn-03394,RUN-2025-04-05-01,FEE_VS_RATE_CARD,core.payments,PAY-0835,core.gateway_fees,FEE-0835,MATCHED,161.21,161.21,0.0,0,0,LEGITIMATE,TOL-FEE,2025-04-05T00:00:00Z,
rcn-03395,RUN-2025-04-05-01,BANK_VS_SETTLEMENT,core.settlements,SET-0835,core.bank_transactions,BNK-0835,MATCHED,5938.05,5938.05,0.0,0,0,LEGITIMATE,TOL-BANK,2025-04-05T00:00:00Z,
rcn-03396,RUN-2025-04-05-01,REFUND_VS_PAYMENT,core.payments,PAY-0835,core.refunds,REF-0835,MATCHED,1932.21,1932.21,0.0,0,0,LEGITIMATE,TOL-REFUND,2025-04-05T00:00:00Z,
rcn-03397,RUN-2025-04-05-01,PAYMENT_VS_ORDER,core.orders,ORD-836,core.payments,PAY-0836,MATCHED,1258.51,1258.51,0.0,0,0,LEGITIMATE,TOL-PAYMENT,2025-04-05T00:00:00Z,
rcn-03398,RUN-2025-04-05-01,SETTLEMENT_VS_PAYMENT,core.payments,PAY-0836,core.settlements,SET-0836,MATCHED,1228.81,1228.81,0.0,0,0,LEGITIMATE,TOL-SETTLEMENT,2025-04-05T00:00:00Z,
rcn-03399,RUN-2025-04-05-01,FEE_VS_RATE_CARD,core.payments,PAY-0836,core.gateway_fees,FEE-0836,MATCHED,25.17,25.17,0.0,0,0,LEGITIMATE,TOL-FEE,2025-04-05T00:00:00Z,
rcn-03400,RUN-2025-04-05-01,BANK_VS_SETTLEMENT,core.settlements,SET-0836,core.bank_transactions,BNK-0836,MATCHED,1228.81,1228.81,0.0,0,0,LEGITIMATE,TOL-BANK,2025-04-05T00:00:00Z,
rcn-03401,RUN-2025-04-05-01,PAYMENT_VS_ORDER,core.orders,ORD-837,core.payments,PAY-0837,MATCHED,853.63,853.63,0.0,0,0,LEGITIMATE,TOL-PAYMENT,2025-04-05T00:00:00Z,
rcn-03402,RUN-2025-04-05-01,SETTLEMENT_VS_PAYMENT,core.payments,PAY-0837,core.settlements,SET-0837,MISMATCH,849.61,784.03,65.58,0,65.58,LEAKAGE,TOL-SETTLEMENT,2025-04-05T00:00:00Z,LEAKAGE on SETTLEMENT_VS_PAYMENT
rcn-03403,RUN-2025-04-05-01,FEE_VS_RATE_CARD,core.payments,PAY-0837,core.gateway_fees,FEE-0837,MATCHED,3.41,3.41,0.0,0,0,LEGITIMATE,TOL-FEE,2025-04-05T00:00:00Z,
rcn-03404,RUN-2025-04-05-01,BANK_VS_SETTLEMENT,core.settlements,SET-0837,core.bank_transactions,BNK-0837,MATCHED,784.03,784.03,0.0,0,0,LEGITIMATE,TOL-BANK,2025-04-05T00:00:00Z,
rcn-03405,RUN-2025-04-05-01,PAYMENT_VS_ORDER,core.orders,ORD-838,core.payments,PAY-0838,MATCHED,2874.83,2874.83,0.0,0,0,LEGITIMATE,TOL-PAYMENT,2025-04-05T00:00:00Z,
rcn-03406,RUN-2025-04-05-01,SETTLEMENT_VS_PAYMENT,core.payments,PAY-0838,core.settlements,SET-0838,MATCHED,2861.26,2861.26,0.0,0,0,LEGITIMATE,TOL-SETTLEMENT,2025-04-05T00:00:00Z,
rcn-03407,RUN-2025-04-05-01,FEE_VS_RATE_CARD,core.payments,PAY-0838,core.gateway_fees,FEE-0838,MATCHED,11.5,11.5,0.0,0,0,LEGITIMATE,TOL-FEE,2025-04-05T00:00:00Z,
rcn-03408,RUN-2025-04-05-01,BANK_VS_SETTLEMENT,core.settlements,SET-0838,core.bank_transactions,BNK-0838,MATCHED,2861.26,2861.26,0.0,0,0,LEGITIMATE,TOL-BANK,2025-04-05T00:00:00Z,
rcn-03409,RUN-2025-04-05-01,PAYMENT_VS_ORDER,core.orders,ORD-839,core.payments,PAY-0839,MATCHED,4499.55,4499.55,0.0,0,0,LEGITIMATE,TOL-PAYMENT,2025-04-05T00:00:00Z,
rcn-03410,RUN-2025-04-05-01,SETTLEMENT_VS_PAYMENT,core.payments,PAY-0839,core.settlements,SET-0839,MATCHED,4478.31,4478.31,0.0,0,0,LEGITIMATE,TOL-SETTLEMENT,2025-04-05T00:00:00Z,
rcn-03411,RUN-2025-04-05-01,FEE_VS_RATE_CARD,core.payments,PAY-0839,core.gateway_fees,FEE-0839,MATCHED,18.0,18.0,0.0,0,0,LEGITIMATE,TOL-FEE,2025-04-05T00:00:00Z,
rcn-03412,RUN-2025-04-05-01,BANK_VS_SETTLEMENT,core.settlements,SET-0839,core.bank_transactions,BNK-0839,MATCHED,4478.31,4478.31,0.0,0,0,LEGITIMATE,TOL-BANK,2025-04-05T00:00:00Z,
rcn-03413,RUN-2025-04-05-01,PAYMENT_VS_ORDER,core.orders,ORD-840,core.payments,PAY-0840,MATCHED,857.26,857.26,0.0,0,0,LEGITIMATE,TOL-PAYMENT,2025-04-05T00:00:00Z,
rcn-03414,RUN-2025-04-05-01,SETTLEMENT_VS_PAYMENT,core.payments,PAY-0840,core.settlements,SET-0840,MISMATCH,853.21,786.73,66.48,0,66.48,LEAKAGE,TOL-SETTLEMENT,2025-04-05T00:00:00Z,LEAKAGE on SETTLEMENT_VS_PAYMENT
rcn-03415,RUN-2025-04-05-01,FEE_VS_RATE_CARD,core.payments,PAY-0840,core.gateway_fees,FEE-0840,MATCHED,3.43,3.43,0.0,0,0,LEGITIMATE,TOL-FEE,2025-04-05T00:00:00Z,
rcn-03416,RUN-2025-04-05-01,BANK_VS_SETTLEMENT,core.settlements,SET-0840,core.bank_transactions,BNK-0840,MATCHED,786.73,786.73,0.0,0,0,LEGITIMATE,TOL-BANK,2025-04-05T00:00:00Z,
rcn-03417,RUN-2025-04-05-01,PAYMENT_VS_ORDER,core.orders,ORD-841,core.payments,PAY-0841,MATCHED,449.57,449.57,0.0,0,0,LEGITIMATE,TOL-PAYMENT,2025-04-05T00:00:00Z,
rcn-03418,RUN-2025-04-05-01,SETTLEMENT_VS_PAYMENT,core.payments,PAY-0841,core.settlements,SET-0841,MATCHED,447.45,447.45,0.0,0,0,LEGITIMATE,TOL-SETTLEMENT,2025-04-05T00:00:00Z,
rcn-03419,RUN-2025-04-05-01,FEE_VS_RATE_CARD,core.payments,PAY-0841,core.gateway_fees,FEE-0841,MATCHED,1.8,1.8,0.0,0,0,LEGITIMATE,TOL-FEE,2025-04-05T00:00:00Z,
rcn-03420,RUN-2025-04-05-01,BANK_VS_SETTLEMENT,core.settlements,SET-0841,core.bank_transactions,BNK-0841,MATCHED,447.45,447.45,0.0,0,0,LEGITIMATE,TOL-BANK,2025-04-05T00:00:00Z,
rcn-03421,RUN-2025-04-05-01,PAYMENT_VS_ORDER,core.orders,ORD-842,core.payments,PAY-0842,MATCHED,1362.73,1362.73,0.0,0,0,LEGITIMATE,TOL-PAYMENT,2025-04-05T00:00:00Z,
rcn-03422,RUN-2025-04-05-01,SETTLEMENT_VS_PAYMENT,core.payments,PAY-0842,core.settlements,SET-0842,MATCHED,1356.3,1356.3,0.0,0,0,LEGITIMATE,TOL-SETTLEMENT,2025-04-05T00:00:00Z,
rcn-03423,RUN-2025-04-05-01,FEE_VS_RATE_CARD,core.payments,PAY-0842,core.gateway_fees,FEE-0842,MATCHED,5.45,5.45,0.0,0,0,LEGITIMATE,TOL-FEE,2025-04-05T00:00:00Z,
rcn-03424,RUN-2025-04-05-01,BANK_VS_SETTLEMENT,core.settlements,SET-0842,core.bank_transactions,BNK-0842,MATCHED,1356.3,1356.3,0.0,0,0,LEGITIMATE,TOL-BANK,2025-04-05T00:00:00Z,
rcn-03425,RUN-2025-04-05-01,PAYMENT_VS_ORDER,core.orders,ORD-843,core.payments,PAY-0843,MATCHED,800.81,800.81,0.0,0,0,LEGITIMATE,TOL-PAYMENT,2025-04-05T00:00:00Z,
rcn-03426,RUN-2025-04-05-01,SETTLEMENT_VS_PAYMENT,core.payments,PAY-0843,core.settlements,SET-0843,MATCHED,778.6,778.6,0.0,0,0,LEGITIMATE,TOL-SETTLEMENT,2025-04-05T00:00:00Z,
rcn-03427,RUN-2025-04-05-01,FEE_VS_RATE_CARD,core.payments,PAY-0843,core.gateway_fees,FEE-0843,MATCHED,18.82,18.82,0.0,0,0,LEGITIMATE,TOL-FEE,2025-04-05T00:00:00Z,
rcn-03428,RUN-2025-04-05-01,BANK_VS_SETTLEMENT,core.settlements,SET-0843,core.bank_transactions,BNK-0843,MATCHED,778.6,778.6,0.0,0,0,LEGITIMATE,TOL-BANK,2025-04-05T00:00:00Z,
rcn-03429,RUN-2025-04-05-01,PAYMENT_VS_ORDER,core.orders,ORD-844,core.payments,PAY-0844,MATCHED,1322.28,1322.28,0.0,0,0,LEGITIMATE,TOL-PAYMENT,2025-04-05T00:00:00Z,
rcn-03430,RUN-2025-04-05-01,SETTLEMENT_VS_PAYMENT,core.payments,PAY-0844,core.settlements,,UNMATCHED,1291.07,,,0,1291.07,LEAKAGE,TOL-SETTLEMENT,2025-04-05T00:00:00Z,LEAKAGE on SETTLEMENT_VS_PAYMENT
rcn-03431,RUN-2025-04-05-01,FEE_VS_RATE_CARD,core.payments,PAY-0844,core.gateway_fees,FEE-0844,MATCHED,26.45,26.45,0.0,0,0,LEGITIMATE,TOL-FEE,2025-04-05T00:00:00Z,
rcn-03432,RUN-2025-04-05-01,PAYMENT_VS_ORDER,core.orders,ORD-845,core.payments,PAY-0845,MATCHED,1427.07,1427.07,0.0,0,0,LEGITIMATE,TOL-PAYMENT,2025-04-05T00:00:00Z,
rcn-03433,RUN-2025-04-05-01,SETTLEMENT_VS_PAYMENT,core.payments,PAY-0845,core.settlements,SET-0845,MATCHED,1420.33,1420.33,0.0,0,0,LEGITIMATE,TOL-SETTLEMENT,2025-04-05T00:00:00Z,
rcn-03434,RUN-2025-04-05-01,FEE_VS_RATE_CARD,core.payments,PAY-0845,core.gateway_fees,FEE-0845,MATCHED,5.71,5.71,0.0,0,0,LEGITIMATE,TOL-FEE,2025-04-05T00:00:00Z,
rcn-03435,RUN-2025-04-05-01,BANK_VS_SETTLEMENT,core.settlements,SET-0845,core.bank_transactions,BNK-0845,MATCHED,1420.33,1420.33,0.0,0,0,LEGITIMATE,TOL-BANK,2025-04-05T00:00:00Z,
rcn-03436,RUN-2025-04-05-01,PAYMENT_VS_ORDER,core.orders,ORD-846,core.payments,PAY-0846,MATCHED,2224.24,2224.24,0.0,0,0,LEGITIMATE,TOL-PAYMENT,2025-04-05T00:00:00Z,
rcn-03437,RUN-2025-04-05-01,SETTLEMENT_VS_PAYMENT,core.payments,PAY-0846,core.settlements,SET-0846,MATCHED,2171.75,2171.75,0.0,0,0,LEGITIMATE,TOL-SETTLEMENT,2025-04-05T00:00:00Z,
rcn-03438,RUN-2025-04-05-01,FEE_VS_RATE_CARD,core.payments,PAY-0846,core.gateway_fees,FEE-0846,MATCHED,44.48,44.48,0.0,0,0,LEGITIMATE,TOL-FEE,2025-04-05T00:00:00Z,
rcn-03439,RUN-2025-04-05-01,BANK_VS_SETTLEMENT,core.settlements,SET-0846,core.bank_transactions,BNK-0846,MATCHED,2171.75,2171.75,0.0,0,0,LEGITIMATE,TOL-BANK,2025-04-05T00:00:00Z,
rcn-03440,RUN-2025-04-05-01,PAYMENT_VS_ORDER,core.orders,ORD-847,core.payments,PAY-0847,MATCHED,2517.49,2517.49,0.0,0,0,LEGITIMATE,TOL-PAYMENT,2025-04-05T00:00:00Z,
rcn-03441,RUN-2025-04-05-01,SETTLEMENT_VS_PAYMENT,core.payments,PAY-0847,core.settlements,SET-0847,MATCHED,2505.61,2505.61,0.0,0,0,LEGITIMATE,TOL-SETTLEMENT,2025-04-05T00:00:00Z,
rcn-03442,RUN-2025-04-05-01,FEE_VS_RATE_CARD,core.payments,PAY-0847,core.gateway_fees,FEE-0847,MATCHED,10.07,10.07,0.0,0,0,LEGITIMATE,TOL-FEE,2025-04-05T00:00:00Z,
rcn-03443,RUN-2025-04-05-01,BANK_VS_SETTLEMENT,core.settlements,SET-0847,core.bank_transactions,BNK-0847,MATCHED,2505.61,2505.61,0.0,0,0,LEGITIMATE,TOL-BANK,2025-04-05T00:00:00Z,
rcn-03444,RUN-2025-04-05-01,PAYMENT_VS_ORDER,core.orders,ORD-848,core.payments,PAY-0848,MATCHED,1510.64,1510.64,0.0,0,0,LEGITIMATE,TOL-PAYMENT,2025-04-05T00:00:00Z,
rcn-03445,RUN-2025-04-05-01,SETTLEMENT_VS_PAYMENT,core.payments,PAY-0848,core.settlements,SET-0848,MATCHED,1503.51,1503.51,0.0,0,0,LEGITIMATE,TOL-SETTLEMENT,2025-04-05T00:00:00Z,
rcn-03446,RUN-2025-04-05-01,FEE_VS_RATE_CARD,core.payments,PAY-0848,core.gateway_fees,FEE-0848,MATCHED,6.04,6.04,0.0,0,0,LEGITIMATE,TOL-FEE,2025-04-05T00:00:00Z,
rcn-03447,RUN-2025-04-05-01,BANK_VS_SETTLEMENT,core.settlements,SET-0848,core.bank_transactions,BNK-0848,MATCHED,1503.51,1503.51,0.0,0,0,LEGITIMATE,TOL-BANK,2025-04-05T00:00:00Z,
rcn-03448,RUN-2025-04-05-01,PAYMENT_VS_ORDER,core.orders,ORD-849,core.payments,PAY-0849,MATCHED,12313.53,12313.53,0.0,0,0,LEGITIMATE,TOL-PAYMENT,2025-04-05T00:00:00Z,
rcn-03449,RUN-2025-04-05-01,SETTLEMENT_VS_PAYMENT,core.payments,PAY-0849,core.settlements,SET-0849,MISMATCH,12255.41,12237.77,17.64,0,17.64,LEAKAGE,TOL-SETTLEMENT,2025-04-05T00:00:00Z,LEAKAGE on SETTLEMENT_VS_PAYMENT
rcn-03450,RUN-2025-04-05-01,FEE_VS_RATE_CARD,core.payments,PAY-0849,core.gateway_fees,FEE-0849,MISMATCH,49.25,66.89,-17.64,0,17.64,LEAKAGE,TOL-FEE,2025-04-05T00:00:00Z,LEAKAGE on FEE_VS_RATE_CARD
rcn-03451,RUN-2025-04-05-01,BANK_VS_SETTLEMENT,core.settlements,SET-0849,core.bank_transactions,BNK-0849,MATCHED,12237.77,12237.77,0.0,0,0,LEGITIMATE,TOL-BANK,2025-04-05T00:00:00Z,
rcn-03452,RUN-2025-04-05-01,PAYMENT_VS_ORDER,core.orders,ORD-850,core.payments,PAY-0850,MATCHED,414.1,414.1,0.0,0,0,LEGITIMATE,TOL-PAYMENT,2025-04-05T00:00:00Z,
rcn-03453,RUN-2025-04-05-01,SETTLEMENT_VS_PAYMENT,core.payments,PAY-0850,core.settlements,SET-0850,MATCHED,404.33,404.33,0.0,0,0,LEGITIMATE,TOL-SETTLEMENT,2025-04-05T00:00:00Z,
rcn-03454,RUN-2025-04-05-01,FEE_VS_RATE_CARD,core.payments,PAY-0850,core.gateway_fees,FEE-0850,MATCHED,8.28,8.28,0.0,0,0,LEGITIMATE,TOL-FEE,2025-04-05T00:00:00Z,
rcn-03455,RUN-2025-04-05-01,BANK_VS_SETTLEMENT,core.settlements,SET-0850,core.bank_transactions,BNK-0850,MATCHED,404.33,404.33,0.0,0,0,LEGITIMATE,TOL-BANK,2025-04-05T00:00:00Z,
rcn-03456,RUN-2025-04-05-01,PAYMENT_VS_ORDER,core.orders,ORD-851,core.payments,PAY-0851,MATCHED,509.94,509.94,0.0,0,0,LEGITIMATE,TOL-PAYMENT,2025-04-05T00:00:00Z,
rcn-03457,RUN-2025-04-05-01,SETTLEMENT_VS_PAYMENT,core.payments,PAY-0851,core.settlements,SET-0851,MATCHED,507.53,507.53,0.0,0,0,LEGITIMATE,TOL-SETTLEMENT,2025-04-05T00:00:00Z,
rcn-03458,RUN-2025-04-05-01,FEE_VS_RATE_CARD,core.payments,PAY-0851,core.gateway_fees,FEE-0851,MATCHED,2.04,2.04,0.0,0,0,LEGITIMATE,TOL-FEE,2025-04-05T00:00:00Z,
rcn-03459,RUN-2025-04-05-01,BANK_VS_SETTLEMENT,core.settlements,SET-0851,core.bank_transactions,BNK-0851,MATCHED,507.53,507.53,0.0,0,0,LEGITIMATE,TOL-BANK,2025-04-05T00:00:00Z,
rcn-03460,RUN-2025-04-05-01,PAYMENT_VS_ORDER,core.orders,ORD-852,core.payments,PAY-0852,MATCHED,1614.25,1614.25,0.0,0,0,LEGITIMATE,TOL-PAYMENT,2025-04-05T00:00:00Z,
rcn-03461,RUN-2025-04-05-01,SETTLEMENT_VS_PAYMENT,core.payments,PAY-0852,core.settlements,SET-0852,MATCHED,1578.06,1578.06,0.0,0,0,LEGITIMATE,TOL-SETTLEMENT,2025-04-05T00:00:00Z,
rcn-03462,RUN-2025-04-05-01,FEE_VS_RATE_CARD,core.payments,PAY-0852,core.gateway_fees,FEE-0852,MATCHED,30.67,30.67,0.0,0,0,LEGITIMATE,TOL-FEE,2025-04-05T00:00:00Z,
rcn-03463,RUN-2025-04-05-01,BANK_VS_SETTLEMENT,core.settlements,SET-0852,core.bank_transactions,BNK-0852,MATCHED,1578.06,1578.06,0.0,0,0,LEGITIMATE,TOL-BANK,2025-04-05T00:00:00Z,
rcn-03464,RUN-2025-04-05-01,PAYMENT_VS_ORDER,core.orders,ORD-853,core.payments,PAY-0853,MATCHED,413.06,413.06,0.0,0,0,LEGITIMATE,TOL-PAYMENT,2025-04-05T00:00:00Z,
rcn-03465,RUN-2025-04-05-01,SETTLEMENT_VS_PAYMENT,core.payments,PAY-0853,core.settlements,SET-0853,MATCHED,241.99,241.99,0.0,0,0,LEGITIMATE,TOL-SETTLEMENT,2025-04-05T00:00:00Z,
rcn-03466,RUN-2025-04-05-01,FEE_VS_RATE_CARD,core.payments,PAY-0853,core.gateway_fees,FEE-0853,MATCHED,4.96,4.96,0.0,0,0,LEGITIMATE,TOL-FEE,2025-04-05T00:00:00Z,
rcn-03467,RUN-2025-04-05-01,BANK_VS_SETTLEMENT,core.settlements,SET-0853,core.bank_transactions,BNK-0853,MATCHED,241.99,241.99,0.0,0,0,LEGITIMATE,TOL-BANK,2025-04-05T00:00:00Z,
rcn-03468,RUN-2025-04-05-01,SETTLEMENT_VS_PAYMENT,core.payments,PAY-0853-2,core.settlements,SET-0853-2,MATCHED,161.33,161.33,0.0,0,0,LEGITIMATE,TOL-SETTLEMENT,2025-04-05T00:00:00Z,
rcn-03469,RUN-2025-04-05-01,FEE_VS_RATE_CARD,core.payments,PAY-0853-2,core.gateway_fees,FEE-0853-2,MATCHED,3.3,3.3,0.0,0,0,LEGITIMATE,TOL-FEE,2025-04-05T00:00:00Z,
rcn-03470,RUN-2025-04-05-01,BANK_VS_SETTLEMENT,core.settlements,SET-0853-2,core.bank_transactions,BNK-0853-2,MATCHED,161.33,161.33,0.0,0,0,LEGITIMATE,TOL-BANK,2025-04-05T00:00:00Z,
rcn-03471,RUN-2025-04-05-01,PAYMENT_VS_ORDER,core.orders,ORD-854,core.payments,PAY-0854,MATCHED,831.93,831.93,0.0,0,0,LEGITIMATE,TOL-PAYMENT,2025-04-05T00:00:00Z,
rcn-03472,RUN-2025-04-05-01,SETTLEMENT_VS_PAYMENT,core.payments,PAY-0854,core.settlements,SET-0854,MATCHED,828.0,828.0,0.0,0,0,LEGITIMATE,TOL-SETTLEMENT,2025-04-05T00:00:00Z,
rcn-03473,RUN-2025-04-05-01,FEE_VS_RATE_CARD,core.payments,PAY-0854,core.gateway_fees,FEE-0854,MATCHED,3.33,3.33,0.0,0,0,LEGITIMATE,TOL-FEE,2025-04-05T00:00:00Z,
rcn-03474,RUN-2025-04-05-01,BANK_VS_SETTLEMENT,core.settlements,SET-0854,core.bank_transactions,BNK-0854,MATCHED,828.0,828.0,0.0,0,0,LEGITIMATE,TOL-BANK,2025-04-05T00:00:00Z,
rcn-03475,RUN-2025-04-05-01,PAYMENT_VS_ORDER,core.orders,ORD-855,core.payments,PAY-0855,MATCHED,1920.68,1920.68,0.0,0,0,LEGITIMATE,TOL-PAYMENT,2025-04-05T00:00:00Z,
rcn-03476,RUN-2025-04-05-01,SETTLEMENT_VS_PAYMENT,core.payments,PAY-0855,core.settlements,SET-0855,MATCHED,1875.36,1875.36,0.0,0,0,LEGITIMATE,TOL-SETTLEMENT,2025-04-05T00:00:00Z,
rcn-03477,RUN-2025-04-05-01,FEE_VS_RATE_CARD,core.payments,PAY-0855,core.gateway_fees,FEE-0855,MATCHED,38.41,38.41,0.0,0,0,LEGITIMATE,TOL-FEE,2025-04-05T00:00:00Z,
rcn-03478,RUN-2025-04-05-01,BANK_VS_SETTLEMENT,core.settlements,SET-0855,core.bank_transactions,BNK-0855,MATCHED,1875.36,1875.36,0.0,0,0,LEGITIMATE,TOL-BANK,2025-04-05T00:00:00Z,
rcn-03479,RUN-2025-04-05-01,PAYMENT_VS_ORDER,core.orders,ORD-856,core.payments,PAY-0856,MATCHED,714.24,714.24,0.0,0,0,LEGITIMATE,TOL-PAYMENT,2025-04-05T00:00:00Z,
rcn-03480,RUN-2025-04-05-01,SETTLEMENT_VS_PAYMENT,core.payments,PAY-0856,core.settlements,SET-0856,MATCHED,700.08,700.08,0.0,0,0,LEGITIMATE,TOL-SETTLEMENT,2025-04-05T00:00:00Z,
rcn-03481,RUN-2025-04-05-01,FEE_VS_RATE_CARD,core.payments,PAY-0856,core.gateway_fees,FEE-0856,MATCHED,12.0,12.0,0.0,0,0,LEGITIMATE,TOL-FEE,2025-04-05T00:00:00Z,
rcn-03482,RUN-2025-04-05-01,BANK_VS_SETTLEMENT,core.settlements,SET-0856,core.bank_transactions,BNK-0856,MATCHED,700.08,700.08,0.0,0,0,LEGITIMATE,TOL-BANK,2025-04-05T00:00:00Z,
rcn-03483,RUN-2025-04-05-01,PAYMENT_VS_ORDER,core.orders,ORD-857,core.payments,PAY-0857,MATCHED,1054.2,1054.2,0.0,0,0,LEGITIMATE,TOL-PAYMENT,2025-04-05T00:00:00Z,
rcn-03484,RUN-2025-04-05-01,SETTLEMENT_VS_PAYMENT,core.payments,PAY-0857,core.settlements,SET-0857,MISMATCH,1049.22,982.48,66.74,0,66.74,LEAKAGE,TOL-SETTLEMENT,2025-04-05T00:00:00Z,LEAKAGE on SETTLEMENT_VS_PAYMENT
rcn-03485,RUN-2025-04-05-01,FEE_VS_RATE_CARD,core.payments,PAY-0857,core.gateway_fees,FEE-0857,MATCHED,4.22,4.22,0.0,0,0,LEGITIMATE,TOL-FEE,2025-04-05T00:00:00Z,
rcn-03486,RUN-2025-04-05-01,BANK_VS_SETTLEMENT,core.settlements,SET-0857,core.bank_transactions,BNK-0857,MATCHED,982.48,982.48,0.0,0,0,LEGITIMATE,TOL-BANK,2025-04-05T00:00:00Z,
rcn-03487,RUN-2025-04-05-01,PAYMENT_VS_ORDER,core.orders,ORD-858,core.payments,PAY-0858,MATCHED,1652.37,1652.37,0.0,0,0,LEGITIMATE,TOL-PAYMENT,2025-04-05T00:00:00Z,
rcn-03488,RUN-2025-04-05-01,SETTLEMENT_VS_PAYMENT,core.payments,PAY-0858,core.settlements,SET-0858,MATCHED,1613.37,1613.37,0.0,0,0,LEGITIMATE,TOL-SETTLEMENT,2025-04-05T00:00:00Z,
rcn-03489,RUN-2025-04-05-01,FEE_VS_RATE_CARD,core.payments,PAY-0858,core.gateway_fees,FEE-0858,MATCHED,33.05,33.05,0.0,0,0,LEGITIMATE,TOL-FEE,2025-04-05T00:00:00Z,
rcn-03490,RUN-2025-04-05-01,BANK_VS_SETTLEMENT,core.settlements,SET-0858,core.bank_transactions,BNK-0858,MATCHED,1613.37,1613.37,0.0,0,0,LEGITIMATE,TOL-BANK,2025-04-05T00:00:00Z,
rcn-03491,RUN-2025-04-05-01,PAYMENT_VS_ORDER,core.orders,ORD-859,core.payments,PAY-0859,MATCHED,798.68,798.68,0.0,0,0,LEGITIMATE,TOL-PAYMENT,2025-04-05T00:00:00Z,
rcn-03492,RUN-2025-04-05-01,SETTLEMENT_VS_PAYMENT,core.payments,PAY-0859,core.settlements,SET-0859,MATCHED,794.92,794.92,0.0,0,0,LEGITIMATE,TOL-SETTLEMENT,2025-04-05T00:00:00Z,
rcn-03493,RUN-2025-04-05-01,FEE_VS_RATE_CARD,core.payments,PAY-0859,core.gateway_fees,FEE-0859,MATCHED,3.19,3.19,0.0,0,0,LEGITIMATE,TOL-FEE,2025-04-05T00:00:00Z,
rcn-03494,RUN-2025-04-05-01,BANK_VS_SETTLEMENT,core.settlements,SET-0859,core.bank_transactions,BNK-0859,MATCHED,794.92,794.92,0.0,0,0,LEGITIMATE,TOL-BANK,2025-04-05T00:00:00Z,
rcn-03495,RUN-2025-04-05-01,PAYMENT_VS_ORDER,core.orders,ORD-860,core.payments,PAY-0860,MATCHED,4665.6,4665.6,0.0,0,0,LEGITIMATE,TOL-PAYMENT,2025-04-05T00:00:00Z,
rcn-03496,RUN-2025-04-05-01,SETTLEMENT_VS_PAYMENT,core.payments,PAY-0860,core.settlements,SET-0860,MATCHED,4643.58,4643.58,0.0,0,0,LEGITIMATE,TOL-SETTLEMENT,2025-04-05T00:00:00Z,
rcn-03497,RUN-2025-04-05-01,FEE_VS_RATE_CARD,core.payments,PAY-0860,core.gateway_fees,FEE-0860,MATCHED,18.66,18.66,0.0,0,0,LEGITIMATE,TOL-FEE,2025-04-05T00:00:00Z,
rcn-03498,RUN-2025-04-05-01,BANK_VS_SETTLEMENT,core.settlements,SET-0860,core.bank_transactions,BNK-0860,MATCHED,4643.58,4643.58,0.0,0,0,LEGITIMATE,TOL-BANK,2025-04-05T00:00:00Z,
rcn-03499,RUN-2025-04-05-01,PAYMENT_VS_ORDER,core.orders,ORD-861,core.payments,PAY-0861,MATCHED,1667.41,1667.41,0.0,0,0,LEGITIMATE,TOL-PAYMENT,2025-04-05T00:00:00Z,
rcn-03500,RUN-2025-04-05-01,SETTLEMENT_VS_PAYMENT,core.payments,PAY-0861,core.settlements,SET-0861,MATCHED,844.89,844.89,0.0,0,0,LEGITIMATE,TOL-SETTLEMENT,2025-04-05T00:00:00Z,
rcn-03501,RUN-2025-04-05-01,FEE_VS_RATE_CARD,core.payments,PAY-0861,core.gateway_fees,FEE-0861,MATCHED,6.67,6.67,0.0,0,0,LEGITIMATE,TOL-FEE,2025-04-05T00:00:00Z,
rcn-03502,RUN-2025-04-05-01,BANK_VS_SETTLEMENT,core.settlements,SET-0861,core.bank_transactions,BNK-0861,MATCHED,844.89,844.89,0.0,0,0,LEGITIMATE,TOL-BANK,2025-04-05T00:00:00Z,
rcn-03503,RUN-2025-04-05-01,REFUND_VS_PAYMENT,core.payments,PAY-0861,core.refunds,REF-0861,MATCHED,817.92,817.92,0.0,0,0,LEGITIMATE,TOL-REFUND,2025-04-05T00:00:00Z,
rcn-03504,RUN-2025-04-05-01,PAYMENT_VS_ORDER,core.orders,ORD-862,core.payments,PAY-0862,MATCHED,1542.68,1542.68,0.0,0,0,LEGITIMATE,TOL-PAYMENT,2025-04-05T00:00:00Z,
rcn-03505,RUN-2025-04-05-01,SETTLEMENT_VS_PAYMENT,core.payments,PAY-0862,core.settlements,SET-0862,MATCHED,1499.91,1499.91,0.0,0,0,LEGITIMATE,TOL-SETTLEMENT,2025-04-05T00:00:00Z,
rcn-03506,RUN-2025-04-05-01,FEE_VS_RATE_CARD,core.payments,PAY-0862,core.gateway_fees,FEE-0862,MATCHED,36.25,36.25,0.0,0,0,LEGITIMATE,TOL-FEE,2025-04-05T00:00:00Z,
rcn-03507,RUN-2025-04-05-01,BANK_VS_SETTLEMENT,core.settlements,SET-0862,core.bank_transactions,BNK-0862,MATCHED,1499.91,1499.91,0.0,0,0,LEGITIMATE,TOL-BANK,2025-04-05T00:00:00Z,
rcn-03508,RUN-2025-04-05-01,PAYMENT_VS_ORDER,core.orders,ORD-863,core.payments,PAY-0863,MATCHED,299.0,299.0,0.0,0,0,LEGITIMATE,TOL-PAYMENT,2025-04-05T00:00:00Z,
rcn-03509,RUN-2025-04-05-01,SETTLEMENT_VS_PAYMENT,core.payments,PAY-0863,core.settlements,SET-0863,MATCHED,297.58,297.58,0.0,0,0,LEGITIMATE,TOL-SETTLEMENT,2025-04-05T00:00:00Z,
rcn-03510,RUN-2025-04-05-01,FEE_VS_RATE_CARD,core.payments,PAY-0863,core.gateway_fees,FEE-0863,MATCHED,1.2,1.2,0.0,0,0,LEGITIMATE,TOL-FEE,2025-04-05T00:00:00Z,
rcn-03511,RUN-2025-04-05-01,BANK_VS_SETTLEMENT,core.settlements,SET-0863,core.bank_transactions,BNK-0863,MATCHED,297.58,297.58,0.0,0,0,LEGITIMATE,TOL-BANK,2025-04-05T00:00:00Z,
rcn-03512,RUN-2025-04-05-01,PAYMENT_VS_ORDER,core.orders,ORD-864,core.payments,PAY-0864,MATCHED,2258.87,2258.87,0.0,0,0,LEGITIMATE,TOL-PAYMENT,2025-04-05T00:00:00Z,
rcn-03513,RUN-2025-04-05-01,SETTLEMENT_VS_PAYMENT,core.payments,PAY-0864,core.settlements,SET-0864,MATCHED,2248.2,2248.2,0.0,0,0,LEGITIMATE,TOL-SETTLEMENT,2025-04-05T00:00:00Z,
rcn-03514,RUN-2025-04-05-01,FEE_VS_RATE_CARD,core.payments,PAY-0864,core.gateway_fees,FEE-0864,MATCHED,9.04,9.04,0.0,0,0,LEGITIMATE,TOL-FEE,2025-04-05T00:00:00Z,
rcn-03515,RUN-2025-04-05-01,BANK_VS_SETTLEMENT,core.settlements,SET-0864,core.bank_transactions,BNK-0864,MATCHED,2248.2,2248.2,0.0,0,0,LEGITIMATE,TOL-BANK,2025-04-05T00:00:00Z,
rcn-03516,RUN-2025-04-05-01,PAYMENT_VS_ORDER,core.orders,ORD-865,core.payments,PAY-0865,MATCHED,1172.46,1172.46,0.0,0,0,LEGITIMATE,TOL-PAYMENT,2025-04-05T00:00:00Z,
rcn-03517,RUN-2025-04-05-01,SETTLEMENT_VS_PAYMENT,core.payments,PAY-0865,core.settlements,SET-0865,MATCHED,1144.79,1144.79,0.0,0,0,LEGITIMATE,TOL-SETTLEMENT,2025-04-05T00:00:00Z,
rcn-03518,RUN-2025-04-05-01,FEE_VS_RATE_CARD,core.payments,PAY-0865,core.gateway_fees,FEE-0865,MATCHED,23.45,23.45,0.0,0,0,LEGITIMATE,TOL-FEE,2025-04-05T00:00:00Z,
rcn-03519,RUN-2025-04-05-01,BANK_VS_SETTLEMENT,core.settlements,SET-0865,core.bank_transactions,BNK-0865,MATCHED,1144.79,1144.79,0.0,0,0,LEGITIMATE,TOL-BANK,2025-04-05T00:00:00Z,
rcn-03520,RUN-2025-04-05-01,PAYMENT_VS_ORDER,core.orders,ORD-866,core.payments,PAY-0866,MATCHED,2276.73,2276.73,0.0,0,0,LEGITIMATE,TOL-PAYMENT,2025-04-05T00:00:00Z,
rcn-03521,RUN-2025-04-05-01,SETTLEMENT_VS_PAYMENT,core.payments,PAY-0866,core.settlements,SET-0866,MATCHED,2265.98,2265.98,0.0,0,0,LEGITIMATE,TOL-SETTLEMENT,2025-04-05T00:00:00Z,
rcn-03522,RUN-2025-04-05-01,FEE_VS_RATE_CARD,core.payments,PAY-0866,core.gateway_fees,FEE-0866,MATCHED,9.11,9.11,0.0,0,0,LEGITIMATE,TOL-FEE,2025-04-05T00:00:00Z,
rcn-03523,RUN-2025-04-05-01,BANK_VS_SETTLEMENT,core.settlements,SET-0866,core.bank_transactions,BNK-0866,MATCHED,2265.98,2265.98,0.0,0,0,LEGITIMATE,TOL-BANK,2025-04-05T00:00:00Z,
rcn-03524,RUN-2025-04-05-01,PAYMENT_VS_ORDER,core.orders,ORD-867,core.payments,PAY-0867,MATCHED,5702.44,5702.44,0.0,0,0,LEGITIMATE,TOL-PAYMENT,2025-04-05T00:00:00Z,
rcn-03525,RUN-2025-04-05-01,SETTLEMENT_VS_PAYMENT,core.payments,PAY-0867,core.settlements,SET-0867,MATCHED,5567.86,5567.86,0.0,0,0,LEGITIMATE,TOL-SETTLEMENT,2025-04-05T00:00:00Z,
rcn-03526,RUN-2025-04-05-01,FEE_VS_RATE_CARD,core.payments,PAY-0867,core.gateway_fees,FEE-0867,MATCHED,114.05,114.05,0.0,0,0,LEGITIMATE,TOL-FEE,2025-04-05T00:00:00Z,
rcn-03527,RUN-2025-04-05-01,BANK_VS_SETTLEMENT,core.settlements,SET-0867,core.bank_transactions,BNK-0867,MATCHED,5567.86,5567.86,0.0,0,0,LEGITIMATE,TOL-BANK,2025-04-05T00:00:00Z,
rcn-03528,RUN-2025-04-05-01,PAYMENT_VS_ORDER,core.orders,ORD-868,core.payments,PAY-0868,MATCHED,1529.35,1529.35,0.0,0,0,LEGITIMATE,TOL-PAYMENT,2025-04-05T00:00:00Z,
rcn-03529,RUN-2025-04-05-01,SETTLEMENT_VS_PAYMENT,core.payments,PAY-0868,core.settlements,SET-0868,MATCHED,1522.13,1522.13,0.0,0,0,LEGITIMATE,TOL-SETTLEMENT,2025-04-05T00:00:00Z,
rcn-03530,RUN-2025-04-05-01,FEE_VS_RATE_CARD,core.payments,PAY-0868,core.gateway_fees,FEE-0868,MATCHED,6.12,6.12,0.0,0,0,LEGITIMATE,TOL-FEE,2025-04-05T00:00:00Z,
rcn-03531,RUN-2025-04-05-01,BANK_VS_SETTLEMENT,core.settlements,SET-0868,core.bank_transactions,BNK-0868,MATCHED,1522.13,1522.13,0.0,0,0,LEGITIMATE,TOL-BANK,2025-04-05T00:00:00Z,
rcn-03532,RUN-2025-04-05-01,PAYMENT_VS_ORDER,core.orders,ORD-869,core.payments,PAY-0869,MATCHED,1505.76,1505.76,0.0,0,0,LEGITIMATE,TOL-PAYMENT,2025-04-05T00:00:00Z,
rcn-03533,RUN-2025-04-05-01,SETTLEMENT_VS_PAYMENT,core.payments,PAY-0869,core.settlements,SET-0869,MATCHED,1066.21,1066.21,0.0,0,0,LEGITIMATE,TOL-SETTLEMENT,2025-04-05T00:00:00Z,
rcn-03534,RUN-2025-04-05-01,FEE_VS_RATE_CARD,core.payments,PAY-0869,core.gateway_fees,FEE-0869,MATCHED,12.0,12.0,0.0,0,0,LEGITIMATE,TOL-FEE,2025-04-05T00:00:00Z,
rcn-03535,RUN-2025-04-05-01,BANK_VS_SETTLEMENT,core.settlements,SET-0869,core.bank_transactions,BNK-0869,MATCHED,1066.21,1066.21,0.0,0,0,LEGITIMATE,TOL-BANK,2025-04-05T00:00:00Z,
rcn-03536,RUN-2025-04-05-01,REFUND_VS_PAYMENT,core.payments,PAY-0869,core.refunds,REF-0869,MATCHED,428.81,428.81,0.0,0,0,LEGITIMATE,TOL-REFUND,2025-04-05T00:00:00Z,
rcn-03537,RUN-2025-04-05-01,PAYMENT_VS_ORDER,core.orders,ORD-870,core.payments,PAY-0870,MATCHED,343.98,343.98,0.0,0,0,LEGITIMATE,TOL-PAYMENT,2025-04-05T00:00:00Z,
rcn-03538,RUN-2025-04-05-01,SETTLEMENT_VS_PAYMENT,core.payments,PAY-0870,core.settlements,SET-0870,MATCHED,335.86,335.86,0.0,0,0,LEGITIMATE,TOL-SETTLEMENT,2025-04-05T00:00:00Z,
rcn-03539,RUN-2025-04-05-01,FEE_VS_RATE_CARD,core.payments,PAY-0870,core.gateway_fees,FEE-0870,MATCHED,6.88,6.88,0.0,0,0,LEGITIMATE,TOL-FEE,2025-04-05T00:00:00Z,
rcn-03540,RUN-2025-04-05-01,BANK_VS_SETTLEMENT,core.settlements,SET-0870,core.bank_transactions,BNK-0870,MATCHED,335.86,335.86,0.0,0,0,LEGITIMATE,TOL-BANK,2025-04-05T00:00:00Z,
rcn-03541,RUN-2025-04-05-01,PAYMENT_VS_ORDER,core.orders,ORD-871,core.payments,PAY-0871,MATCHED,8813.51,8813.51,0.0,0,0,LEGITIMATE,TOL-PAYMENT,2025-04-05T00:00:00Z,
rcn-03542,RUN-2025-04-05-01,SETTLEMENT_VS_PAYMENT,core.payments,PAY-0871,core.settlements,SET-0871,MATCHED,8605.51,8605.51,0.0,0,0,LEGITIMATE,TOL-SETTLEMENT,2025-04-05T00:00:00Z,
rcn-03543,RUN-2025-04-05-01,FEE_VS_RATE_CARD,core.payments,PAY-0871,core.gateway_fees,FEE-0871,MATCHED,176.27,176.27,0.0,0,0,LEGITIMATE,TOL-FEE,2025-04-05T00:00:00Z,
rcn-03544,RUN-2025-04-05-01,BANK_VS_SETTLEMENT,core.settlements,SET-0871,core.bank_transactions,BNK-0871,MATCHED,8605.51,8605.51,0.0,0,0,LEGITIMATE,TOL-BANK,2025-04-05T00:00:00Z,
rcn-03545,RUN-2025-04-05-01,PAYMENT_VS_ORDER,core.orders,ORD-872,core.payments,PAY-0872,MATCHED,299.0,299.0,0.0,0,0,LEGITIMATE,TOL-PAYMENT,2025-04-05T00:00:00Z,
rcn-03546,RUN-2025-04-05-01,SETTLEMENT_VS_PAYMENT,core.payments,PAY-0872,core.settlements,SET-0872,MISMATCH,172.86,170.43,2.43,0,2.43,LEAKAGE,TOL-SETTLEMENT,2025-04-05T00:00:00Z,LEAKAGE on SETTLEMENT_VS_PAYMENT
rcn-03547,RUN-2025-04-05-01,FEE_VS_RATE_CARD,core.payments,PAY-0872,core.gateway_fees,FEE-0872,MATCHED,5.98,5.98,0.0,0,0,LEGITIMATE,TOL-FEE,2025-04-05T00:00:00Z,
rcn-03548,RUN-2025-04-05-01,BANK_VS_SETTLEMENT,core.settlements,SET-0872,core.bank_transactions,BNK-0872,MATCHED,170.43,170.43,0.0,0,0,LEGITIMATE,TOL-BANK,2025-04-05T00:00:00Z,
rcn-03549,RUN-2025-04-05-01,REFUND_VS_PAYMENT,core.payments,PAY-0872,core.refunds,REF-0872,MATCHED,121.51,121.51,0.0,0,0,LEGITIMATE,TOL-REFUND,2025-04-05T00:00:00Z,
rcn-03550,RUN-2025-04-05-01,PAYMENT_VS_ORDER,core.orders,ORD-873,core.payments,PAY-0873,MATCHED,2389.01,2389.01,0.0,0,0,LEGITIMATE,TOL-PAYMENT,2025-04-05T00:00:00Z,
rcn-03551,RUN-2025-04-05-01,SETTLEMENT_VS_PAYMENT,core.payments,PAY-0873,core.settlements,SET-0873,MISMATCH,2377.73,2372.66,5.07,0,5.07,LEAKAGE,TOL-SETTLEMENT,2025-04-05T00:00:00Z,LEAKAGE on SETTLEMENT_VS_PAYMENT
rcn-03552,RUN-2025-04-05-01,FEE_VS_RATE_CARD,core.payments,PAY-0873,core.gateway_fees,FEE-0873,MISMATCH,9.56,14.63,-5.07,0,5.07,LEAKAGE,TOL-FEE,2025-04-05T00:00:00Z,LEAKAGE on FEE_VS_RATE_CARD
rcn-03553,RUN-2025-04-05-01,BANK_VS_SETTLEMENT,core.settlements,SET-0873,core.bank_transactions,BNK-0873,MATCHED,2372.66,2372.66,0.0,0,0,LEGITIMATE,TOL-BANK,2025-04-05T00:00:00Z,
rcn-03554,RUN-2025-04-05-01,PAYMENT_VS_ORDER,core.orders,ORD-874,core.payments,PAY-0874,MATCHED,299.0,299.0,0.0,0,0,LEGITIMATE,TOL-PAYMENT,2025-04-05T00:00:00Z,
rcn-03555,RUN-2025-04-05-01,SETTLEMENT_VS_PAYMENT,core.payments,PAY-0874,core.settlements,SET-0874,MATCHED,291.94,291.94,0.0,0,0,LEGITIMATE,TOL-SETTLEMENT,2025-04-05T00:00:00Z,
rcn-03556,RUN-2025-04-05-01,FEE_VS_RATE_CARD,core.payments,PAY-0874,core.gateway_fees,FEE-0874,MATCHED,5.98,5.98,0.0,0,0,LEGITIMATE,TOL-FEE,2025-04-05T00:00:00Z,
rcn-03557,RUN-2025-04-05-01,BANK_VS_SETTLEMENT,core.settlements,SET-0874,core.bank_transactions,BNK-0874,MATCHED,291.94,291.94,0.0,0,0,LEGITIMATE,TOL-BANK,2025-04-05T00:00:00Z,
rcn-03558,RUN-2025-04-05-01,PAYMENT_VS_ORDER,core.orders,ORD-875,core.payments,PAY-0875,MATCHED,1851.32,1851.32,0.0,0,0,LEGITIMATE,TOL-PAYMENT,2025-04-05T00:00:00Z,
rcn-03559,RUN-2025-04-05-01,SETTLEMENT_VS_PAYMENT,core.payments,PAY-0875,core.settlements,SET-0875,MATCHED,1842.58,1842.58,0.0,0,0,LEGITIMATE,TOL-SETTLEMENT,2025-04-05T00:00:00Z,
rcn-03560,RUN-2025-04-05-01,FEE_VS_RATE_CARD,core.payments,PAY-0875,core.gateway_fees,FEE-0875,MATCHED,7.41,7.41,0.0,0,0,LEGITIMATE,TOL-FEE,2025-04-05T00:00:00Z,
rcn-03561,RUN-2025-04-05-01,BANK_VS_SETTLEMENT,core.settlements,SET-0875,core.bank_transactions,BNK-0875,MATCHED,1842.58,1842.58,0.0,0,0,LEGITIMATE,TOL-BANK,2025-04-05T00:00:00Z,
rcn-03562,RUN-2025-04-05-01,PAYMENT_VS_ORDER,core.orders,ORD-876,core.payments,PAY-0876,MATCHED,481.51,481.51,0.0,0,0,LEGITIMATE,TOL-PAYMENT,2025-04-05T00:00:00Z,
rcn-03563,RUN-2025-04-05-01,SETTLEMENT_VS_PAYMENT,core.payments,PAY-0876,core.settlements,SET-0876,MATCHED,479.23,478.44,0.79,0,0,LEGITIMATE,TOL-SETTLEMENT,2025-04-05T00:00:00Z,
rcn-03564,RUN-2025-04-05-01,FEE_VS_RATE_CARD,core.payments,PAY-0876,core.gateway_fees,FEE-0876,MATCHED,1.93,2.72,-0.79,0,0,LEGITIMATE,TOL-FEE,2025-04-05T00:00:00Z,
rcn-03565,RUN-2025-04-05-01,BANK_VS_SETTLEMENT,core.settlements,SET-0876,core.bank_transactions,BNK-0876,MATCHED,478.44,478.44,0.0,0,0,LEGITIMATE,TOL-BANK,2025-04-05T00:00:00Z,
rcn-03566,RUN-2025-04-05-01,PAYMENT_VS_ORDER,core.orders,ORD-877,core.payments,PAY-0877,MATCHED,840.94,840.94,0.0,0,0,LEGITIMATE,TOL-PAYMENT,2025-04-05T00:00:00Z,
rcn-03567,RUN-2025-04-05-01,SETTLEMENT_VS_PAYMENT,core.payments,PAY-0877,core.settlements,SET-0877,MISMATCH,602.14,597.67,4.47,0,4.47,LEAKAGE,TOL-SETTLEMENT,2025-04-05T00:00:00Z,LEAKAGE on SETTLEMENT_VS_PAYMENT
rcn-03568,RUN-2025-04-05-01,FEE_VS_RATE_CARD,core.payments,PAY-0877,core.gateway_fees,FEE-0877,MATCHED,16.82,16.82,0.0,0,0,LEGITIMATE,TOL-FEE,2025-04-05T00:00:00Z,
rcn-03569,RUN-2025-04-05-01,BANK_VS_SETTLEMENT,core.settlements,SET-0877,core.bank_transactions,BNK-0877,MATCHED,597.67,597.67,0.0,0,0,LEGITIMATE,TOL-BANK,2025-04-05T00:00:00Z,
rcn-03570,RUN-2025-04-05-01,REFUND_VS_PAYMENT,core.payments,PAY-0877,core.refunds,REF-0877,MATCHED,223.42,223.42,0.0,0,0,LEGITIMATE,TOL-REFUND,2025-04-05T00:00:00Z,
rcn-03571,RUN-2025-04-05-01,PAYMENT_VS_ORDER,core.orders,ORD-878,core.payments,PAY-0878,MATCHED,806.31,806.31,0.0,0,0,LEGITIMATE,TOL-PAYMENT,2025-04-05T00:00:00Z,
rcn-03572,RUN-2025-04-05-01,SETTLEMENT_VS_PAYMENT,core.payments,PAY-0878,core.settlements,SET-0878,MATCHED,787.28,787.28,0.0,0,0,LEGITIMATE,TOL-SETTLEMENT,2025-04-05T00:00:00Z,
rcn-03573,RUN-2025-04-05-01,FEE_VS_RATE_CARD,core.payments,PAY-0878,core.gateway_fees,FEE-0878,MATCHED,16.13,16.13,0.0,0,0,LEGITIMATE,TOL-FEE,2025-04-05T00:00:00Z,
rcn-03574,RUN-2025-04-05-01,BANK_VS_SETTLEMENT,core.settlements,SET-0878,core.bank_transactions,BNK-0878,MATCHED,787.28,787.28,0.0,0,0,LEGITIMATE,TOL-BANK,2025-04-05T00:00:00Z,
rcn-03575,RUN-2025-04-05-01,PAYMENT_VS_ORDER,core.orders,ORD-879,core.payments,PAY-0879,MATCHED,299.0,299.0,0.0,0,0,LEGITIMATE,TOL-PAYMENT,2025-04-05T00:00:00Z,
rcn-03576,RUN-2025-04-05-01,SETTLEMENT_VS_PAYMENT,core.payments,PAY-0879,core.settlements,SET-0879,MATCHED,291.94,291.94,0.0,0,0,LEGITIMATE,TOL-SETTLEMENT,2025-04-05T00:00:00Z,
rcn-03577,RUN-2025-04-05-01,FEE_VS_RATE_CARD,core.payments,PAY-0879,core.gateway_fees,FEE-0879,MATCHED,5.98,5.98,0.0,0,0,LEGITIMATE,TOL-FEE,2025-04-05T00:00:00Z,
rcn-03578,RUN-2025-04-05-01,BANK_VS_SETTLEMENT,core.settlements,SET-0879,core.bank_transactions,BNK-0879,MATCHED,291.94,291.94,0.0,0,0,LEGITIMATE,TOL-BANK,2025-04-05T00:00:00Z,
rcn-03579,RUN-2025-04-05-01,PAYMENT_VS_ORDER,core.orders,ORD-880,core.payments,PAY-0880,MATCHED,381.17,381.17,0.0,0,0,LEGITIMATE,TOL-PAYMENT,2025-04-05T00:00:00Z,
rcn-03580,RUN-2025-04-05-01,SETTLEMENT_VS_PAYMENT,core.payments,PAY-0880,core.settlements,SET-0880,MATCHED,372.18,372.18,0.0,0,0,LEGITIMATE,TOL-SETTLEMENT,2025-04-05T00:00:00Z,
rcn-03581,RUN-2025-04-05-01,FEE_VS_RATE_CARD,core.payments,PAY-0880,core.gateway_fees,FEE-0880,MATCHED,7.62,7.62,0.0,0,0,LEGITIMATE,TOL-FEE,2025-04-05T00:00:00Z,
rcn-03582,RUN-2025-04-05-01,BANK_VS_SETTLEMENT,core.settlements,SET-0880,core.bank_transactions,BNK-0880,MATCHED,372.18,372.18,0.0,0,0,LEGITIMATE,TOL-BANK,2025-04-05T00:00:00Z,
rcn-03583,RUN-2025-04-05-01,PAYMENT_VS_ORDER,core.orders,ORD-881,core.payments,PAY-0881,MATCHED,3069.63,3069.63,0.0,0,0,LEGITIMATE,TOL-PAYMENT,2025-04-05T00:00:00Z,
rcn-03584,RUN-2025-04-05-01,SETTLEMENT_VS_PAYMENT,core.payments,PAY-0881,core.settlements,SET-0881,MATCHED,3055.14,3055.14,0.0,0,0,LEGITIMATE,TOL-SETTLEMENT,2025-04-05T00:00:00Z,
rcn-03585,RUN-2025-04-05-01,FEE_VS_RATE_CARD,core.payments,PAY-0881,core.gateway_fees,FEE-0881,MATCHED,12.28,12.28,0.0,0,0,LEGITIMATE,TOL-FEE,2025-04-05T00:00:00Z,
rcn-03586,RUN-2025-04-05-01,BANK_VS_SETTLEMENT,core.settlements,SET-0881,core.bank_transactions,BNK-0881,MATCHED,3055.14,3055.14,0.0,0,0,LEGITIMATE,TOL-BANK,2025-04-05T00:00:00Z,
rcn-03587,RUN-2025-04-05-01,PAYMENT_VS_ORDER,core.orders,ORD-882,core.payments,PAY-0882,MATCHED,299.0,299.0,0.0,0,0,LEGITIMATE,TOL-PAYMENT,2025-04-05T00:00:00Z,
rcn-03588,RUN-2025-04-05-01,SETTLEMENT_VS_PAYMENT,core.payments,PAY-0882,core.settlements,SET-0882,MATCHED,297.58,297.58,0.0,0,0,LEGITIMATE,TOL-SETTLEMENT,2025-04-05T00:00:00Z,
rcn-03589,RUN-2025-04-05-01,FEE_VS_RATE_CARD,core.payments,PAY-0882,core.gateway_fees,FEE-0882,MATCHED,1.2,1.2,0.0,0,0,LEGITIMATE,TOL-FEE,2025-04-05T00:00:00Z,
rcn-03590,RUN-2025-04-05-01,BANK_VS_SETTLEMENT,core.settlements,SET-0882,core.bank_transactions,BNK-0882,MATCHED,297.58,297.58,0.0,0,0,LEGITIMATE,TOL-BANK,2025-04-05T00:00:00Z,
rcn-03591,RUN-2025-04-05-01,PAYMENT_VS_ORDER,core.orders,ORD-883,core.payments,PAY-0883,MATCHED,1892.08,1892.08,0.0,0,0,LEGITIMATE,TOL-PAYMENT,2025-04-05T00:00:00Z,
rcn-03592,RUN-2025-04-05-01,SETTLEMENT_VS_PAYMENT,core.payments,PAY-0883,core.settlements,SET-0883,MATCHED,1108.45,1108.45,0.0,0,0,LEGITIMATE,TOL-SETTLEMENT,2025-04-05T00:00:00Z,
rcn-03593,RUN-2025-04-05-01,FEE_VS_RATE_CARD,core.payments,PAY-0883,core.gateway_fees,FEE-0883,MATCHED,22.71,22.71,0.0,0,0,LEGITIMATE,TOL-FEE,2025-04-05T00:00:00Z,
rcn-03594,RUN-2025-04-05-01,BANK_VS_SETTLEMENT,core.settlements,SET-0883,core.bank_transactions,BNK-0883,MATCHED,1108.45,1108.45,0.0,0,0,LEGITIMATE,TOL-BANK,2025-04-05T00:00:00Z,
rcn-03595,RUN-2025-04-05-01,SETTLEMENT_VS_PAYMENT,core.payments,PAY-0883-2,core.settlements,SET-0883-2,MATCHED,738.96,738.96,0.0,0,0,LEGITIMATE,TOL-SETTLEMENT,2025-04-05T00:00:00Z,
rcn-03596,RUN-2025-04-05-01,FEE_VS_RATE_CARD,core.payments,PAY-0883-2,core.gateway_fees,FEE-0883-2,MATCHED,15.14,15.14,0.0,0,0,LEGITIMATE,TOL-FEE,2025-04-05T00:00:00Z,
rcn-03597,RUN-2025-04-05-01,BANK_VS_SETTLEMENT,core.settlements,SET-0883-2,core.bank_transactions,BNK-0883-2,MATCHED,738.96,738.96,0.0,0,0,LEGITIMATE,TOL-BANK,2025-04-05T00:00:00Z,
rcn-03598,RUN-2025-04-05-01,PAYMENT_VS_ORDER,core.orders,ORD-884,core.payments,PAY-0884,MATCHED,6108.87,6108.87,0.0,0,0,LEGITIMATE,TOL-PAYMENT,2025-04-05T00:00:00Z,
rcn-03599,RUN-2025-04-05-01,SETTLEMENT_VS_PAYMENT,core.payments,PAY-0884,core.settlements,SET-0884,MISMATCH,5964.7,5820.53,144.17,0,144.17,LEAKAGE,TOL-SETTLEMENT,2025-04-05T00:00:00Z,LEAKAGE on SETTLEMENT_VS_PAYMENT
rcn-03600,RUN-2025-04-05-01,FEE_VS_RATE_CARD,core.payments,PAY-0884,core.gateway_fees,FEE-0884,MISMATCH,122.18,244.36,-122.18,0,122.18,LEAKAGE,TOL-FEE,2025-04-05T00:00:00Z,LEAKAGE on FEE_VS_RATE_CARD
rcn-03601,RUN-2025-04-05-01,BANK_VS_SETTLEMENT,core.settlements,SET-0884,core.bank_transactions,BNK-0884,MATCHED,5820.53,5820.53,0.0,0,0,LEGITIMATE,TOL-BANK,2025-04-05T00:00:00Z,
rcn-03602,RUN-2025-04-05-01,PAYMENT_VS_ORDER,core.orders,ORD-885,core.payments,PAY-0885,MATCHED,299.0,299.0,0.0,0,0,LEGITIMATE,TOL-PAYMENT,2025-04-05T00:00:00Z,
rcn-03603,RUN-2025-04-05-01,SETTLEMENT_VS_PAYMENT,core.payments,PAY-0885,core.settlements,SET-0885,MATCHED,291.94,291.94,0.0,0,0,LEGITIMATE,TOL-SETTLEMENT,2025-04-05T00:00:00Z,
rcn-03604,RUN-2025-04-05-01,FEE_VS_RATE_CARD,core.payments,PAY-0885,core.gateway_fees,FEE-0885,MATCHED,5.98,5.98,0.0,0,0,LEGITIMATE,TOL-FEE,2025-04-05T00:00:00Z,
rcn-03605,RUN-2025-04-05-01,BANK_VS_SETTLEMENT,core.settlements,SET-0885,core.bank_transactions,BNK-0885,MATCHED,291.94,291.94,0.0,0,0,LEGITIMATE,TOL-BANK,2025-04-05T00:00:00Z,
rcn-03606,RUN-2025-04-05-01,PAYMENT_VS_ORDER,core.orders,ORD-886,core.payments,PAY-0886,MATCHED,41258.32,41258.32,0.0,0,0,LEGITIMATE,TOL-PAYMENT,2025-04-05T00:00:00Z,
rcn-03607,RUN-2025-04-05-01,SETTLEMENT_VS_PAYMENT,core.payments,PAY-0886,core.settlements,SET-0886,MATCHED,40333.31,40333.31,0.0,0,0,LEGITIMATE,TOL-SETTLEMENT,2025-04-05T00:00:00Z,
rcn-03608,RUN-2025-04-05-01,FEE_VS_RATE_CARD,core.payments,PAY-0886,core.gateway_fees,FEE-0886,MATCHED,783.91,783.91,0.0,0,0,LEGITIMATE,TOL-FEE,2025-04-05T00:00:00Z,
rcn-03609,RUN-2025-04-05-01,BANK_VS_SETTLEMENT,core.settlements,SET-0886,core.bank_transactions,BNK-0886,MATCHED,40333.31,40333.31,0.0,0,0,LEGITIMATE,TOL-BANK,2025-04-05T00:00:00Z,
rcn-03610,RUN-2025-04-05-01,PAYMENT_VS_ORDER,core.orders,ORD-887,core.payments,PAY-0887,MATCHED,432.84,432.84,0.0,0,0,LEGITIMATE,TOL-PAYMENT,2025-04-05T00:00:00Z,
rcn-03611,RUN-2025-04-05-01,SETTLEMENT_VS_PAYMENT,core.payments,PAY-0887,core.settlements,SET-0887,MATCHED,422.62,422.62,0.0,0,0,LEGITIMATE,TOL-SETTLEMENT,2025-04-05T00:00:00Z,
rcn-03612,RUN-2025-04-05-01,FEE_VS_RATE_CARD,core.payments,PAY-0887,core.gateway_fees,FEE-0887,MATCHED,8.66,8.66,0.0,0,0,LEGITIMATE,TOL-FEE,2025-04-05T00:00:00Z,
rcn-03613,RUN-2025-04-05-01,BANK_VS_SETTLEMENT,core.settlements,SET-0887,core.bank_transactions,BNK-0887,MATCHED,422.62,422.62,0.0,0,0,LEGITIMATE,TOL-BANK,2025-04-05T00:00:00Z,
rcn-03614,RUN-2025-04-05-01,PAYMENT_VS_ORDER,core.orders,ORD-888,core.payments,PAY-0888,MATCHED,5321.53,5321.53,0.0,0,0,LEGITIMATE,TOL-PAYMENT,2025-04-05T00:00:00Z,
rcn-03615,RUN-2025-04-05-01,SETTLEMENT_VS_PAYMENT,core.payments,PAY-0888,core.settlements,SET-0888,MATCHED,5173.96,5173.96,0.0,0,0,LEGITIMATE,TOL-SETTLEMENT,2025-04-05T00:00:00Z,
rcn-03616,RUN-2025-04-05-01,FEE_VS_RATE_CARD,core.payments,PAY-0888,core.gateway_fees,FEE-0888,MATCHED,125.06,125.06,0.0,0,0,LEGITIMATE,TOL-FEE,2025-04-05T00:00:00Z,
rcn-03617,RUN-2025-04-05-01,BANK_VS_SETTLEMENT,core.settlements,SET-0888,core.bank_transactions,BNK-0888,MATCHED,5173.96,5173.96,0.0,0,0,LEGITIMATE,TOL-BANK,2025-04-05T00:00:00Z,
rcn-03618,RUN-2025-04-05-01,PAYMENT_VS_ORDER,core.orders,ORD-889,core.payments,PAY-0889,MATCHED,2214.47,2214.47,0.0,0,0,LEGITIMATE,TOL-PAYMENT,2025-04-05T00:00:00Z,
rcn-03619,RUN-2025-04-05-01,SETTLEMENT_VS_PAYMENT,core.payments,PAY-0889,core.settlements,SET-0889,MATCHED,1109.49,1109.49,0.0,0,0,LEGITIMATE,TOL-SETTLEMENT,2025-04-05T00:00:00Z,
rcn-03620,RUN-2025-04-05-01,FEE_VS_RATE_CARD,core.payments,PAY-0889,core.gateway_fees,FEE-0889,MATCHED,44.29,44.29,0.0,0,0,LEGITIMATE,TOL-FEE,2025-04-05T00:00:00Z,
rcn-03621,RUN-2025-04-05-01,BANK_VS_SETTLEMENT,core.settlements,SET-0889,core.bank_transactions,BNK-0889,MATCHED,1109.49,1109.49,0.0,0,0,LEGITIMATE,TOL-BANK,2025-04-05T00:00:00Z,
rcn-03622,RUN-2025-04-05-01,REFUND_VS_PAYMENT,core.payments,PAY-0889,core.refunds,REF-0889,MATCHED,1074.2,1074.2,0.0,0,0,LEGITIMATE,TOL-REFUND,2025-04-05T00:00:00Z,
rcn-03623,RUN-2025-04-05-01,PAYMENT_VS_ORDER,core.orders,ORD-890,core.payments,PAY-0890,MATCHED,299.0,299.0,0.0,0,0,LEGITIMATE,TOL-PAYMENT,2025-04-05T00:00:00Z,
rcn-03624,RUN-2025-04-05-01,SETTLEMENT_VS_PAYMENT,core.payments,PAY-0890,core.settlements,SET-0890,MATCHED,291.94,291.94,0.0,0,0,LEGITIMATE,TOL-SETTLEMENT,2025-04-05T00:00:00Z,
rcn-03625,RUN-2025-04-05-01,FEE_VS_RATE_CARD,core.payments,PAY-0890,core.gateway_fees,FEE-0890,MATCHED,5.98,5.98,0.0,0,0,LEGITIMATE,TOL-FEE,2025-04-05T00:00:00Z,
rcn-03626,RUN-2025-04-05-01,BANK_VS_SETTLEMENT,core.settlements,SET-0890,core.bank_transactions,BNK-0890,MATCHED,291.94,291.94,0.0,0,0,LEGITIMATE,TOL-BANK,2025-04-05T00:00:00Z,
rcn-03627,RUN-2025-04-05-01,PAYMENT_VS_ORDER,core.orders,ORD-891,core.payments,PAY-0891,MATCHED,7975.44,7975.44,0.0,0,0,LEGITIMATE,TOL-PAYMENT,2025-04-05T00:00:00Z,
rcn-03628,RUN-2025-04-05-01,SETTLEMENT_VS_PAYMENT,core.payments,PAY-0891,core.settlements,SET-0891,MATCHED,7937.8,7937.8,0.0,0,0,LEGITIMATE,TOL-SETTLEMENT,2025-04-05T00:00:00Z,
rcn-03629,RUN-2025-04-05-01,FEE_VS_RATE_CARD,core.payments,PAY-0891,core.gateway_fees,FEE-0891,MATCHED,31.9,31.9,0.0,0,0,LEGITIMATE,TOL-FEE,2025-04-05T00:00:00Z,
rcn-03630,RUN-2025-04-05-01,BANK_VS_SETTLEMENT,core.settlements,SET-0891,core.bank_transactions,BNK-0891,MATCHED,7937.8,7937.8,0.0,0,0,LEGITIMATE,TOL-BANK,2025-04-05T00:00:00Z,
rcn-03631,RUN-2025-04-05-01,PAYMENT_VS_ORDER,core.orders,ORD-892,core.payments,PAY-0892,MATCHED,2043.31,2043.31,0.0,0,0,LEGITIMATE,TOL-PAYMENT,2025-04-05T00:00:00Z,
rcn-03632,RUN-2025-04-05-01,SETTLEMENT_VS_PAYMENT,core.payments,PAY-0892,core.settlements,SET-0892,MATCHED,1995.08,1995.08,0.0,0,0,LEGITIMATE,TOL-SETTLEMENT,2025-04-05T00:00:00Z,
rcn-03633,RUN-2025-04-05-01,FEE_VS_RATE_CARD,core.payments,PAY-0892,core.gateway_fees,FEE-0892,MATCHED,40.87,40.87,0.0,0,0,LEGITIMATE,TOL-FEE,2025-04-05T00:00:00Z,
rcn-03634,RUN-2025-04-05-01,BANK_VS_SETTLEMENT,core.settlements,SET-0892,core.bank_transactions,BNK-0892,MATCHED,1995.08,1995.08,0.0,0,0,LEGITIMATE,TOL-BANK,2025-04-05T00:00:00Z,
rcn-03635,RUN-2025-04-05-01,PAYMENT_VS_ORDER,core.orders,ORD-893,core.payments,PAY-0893,MATCHED,1305.78,1305.78,0.0,0,0,LEGITIMATE,TOL-PAYMENT,2025-04-05T00:00:00Z,
rcn-03636,RUN-2025-04-05-01,SETTLEMENT_VS_PAYMENT,core.payments,PAY-0893,core.settlements,SET-0893,MISMATCH,1274.96,1247.45,27.51,0,27.51,LEAKAGE,TOL-SETTLEMENT,2025-04-05T00:00:00Z,LEAKAGE on SETTLEMENT_VS_PAYMENT
rcn-03637,RUN-2025-04-05-01,FEE_VS_RATE_CARD,core.payments,PAY-0893,core.gateway_fees,FEE-0893,MATCHED,26.12,26.12,0.0,0,0,LEGITIMATE,TOL-FEE,2025-04-05T00:00:00Z,
rcn-03638,RUN-2025-04-05-01,BANK_VS_SETTLEMENT,core.settlements,SET-0893,core.bank_transactions,BNK-0893,MATCHED,1247.45,1247.45,0.0,0,0,LEGITIMATE,TOL-BANK,2025-04-05T00:00:00Z,
rcn-03639,RUN-2025-04-05-01,PAYMENT_VS_ORDER,core.orders,ORD-894,core.payments,PAY-0894,MATCHED,299.0,299.0,0.0,0,0,LEGITIMATE,TOL-PAYMENT,2025-04-05T00:00:00Z,
rcn-03640,RUN-2025-04-05-01,SETTLEMENT_VS_PAYMENT,core.payments,PAY-0894,core.settlements,SET-0894,MATCHED,297.58,297.58,0.0,0,0,LEGITIMATE,TOL-SETTLEMENT,2025-04-05T00:00:00Z,
rcn-03641,RUN-2025-04-05-01,FEE_VS_RATE_CARD,core.payments,PAY-0894,core.gateway_fees,FEE-0894,MATCHED,1.2,1.2,0.0,0,0,LEGITIMATE,TOL-FEE,2025-04-05T00:00:00Z,
rcn-03642,RUN-2025-04-05-01,BANK_VS_SETTLEMENT,core.settlements,SET-0894,core.bank_transactions,BNK-0894,MATCHED,297.58,297.58,0.0,0,0,LEGITIMATE,TOL-BANK,2025-04-05T00:00:00Z,
rcn-03643,RUN-2025-04-05-01,PAYMENT_VS_ORDER,core.orders,ORD-895,core.payments,PAY-0895,MATCHED,1451.71,1451.71,0.0,0,0,LEGITIMATE,TOL-PAYMENT,2025-04-05T00:00:00Z,
rcn-03644,RUN-2025-04-05-01,SETTLEMENT_VS_PAYMENT,core.payments,PAY-0895,core.settlements,SET-0895,MATCHED,1419.17,1419.17,0.0,0,0,LEGITIMATE,TOL-SETTLEMENT,2025-04-05T00:00:00Z,
rcn-03645,RUN-2025-04-05-01,FEE_VS_RATE_CARD,core.payments,PAY-0895,core.gateway_fees,FEE-0895,MATCHED,27.58,27.58,0.0,0,0,LEGITIMATE,TOL-FEE,2025-04-05T00:00:00Z,
rcn-03646,RUN-2025-04-05-01,BANK_VS_SETTLEMENT,core.settlements,SET-0895,core.bank_transactions,BNK-0895,MATCHED,1419.17,1419.17,0.0,0,0,LEGITIMATE,TOL-BANK,2025-04-05T00:00:00Z,
rcn-03647,RUN-2025-04-05-01,PAYMENT_VS_ORDER,core.orders,ORD-896,core.payments,PAY-0896,MATCHED,582.47,582.47,0.0,0,0,LEGITIMATE,TOL-PAYMENT,2025-04-05T00:00:00Z,
rcn-03648,RUN-2025-04-05-01,SETTLEMENT_VS_PAYMENT,core.payments,PAY-0896,core.settlements,SET-0896,MATCHED,579.72,579.72,0.0,0,0,LEGITIMATE,TOL-SETTLEMENT,2025-04-05T00:00:00Z,
rcn-03649,RUN-2025-04-05-01,FEE_VS_RATE_CARD,core.payments,PAY-0896,core.gateway_fees,FEE-0896,MATCHED,2.33,2.33,0.0,0,0,LEGITIMATE,TOL-FEE,2025-04-05T00:00:00Z,
rcn-03650,RUN-2025-04-05-01,BANK_VS_SETTLEMENT,core.settlements,SET-0896,core.bank_transactions,BNK-0896,MATCHED,579.72,579.72,0.0,0,0,LEGITIMATE,TOL-BANK,2025-04-05T00:00:00Z,
rcn-03651,RUN-2025-04-05-01,PAYMENT_VS_ORDER,core.orders,ORD-897,core.payments,PAY-0897,MATCHED,3324.07,3324.07,0.0,0,0,LEGITIMATE,TOL-PAYMENT,2025-04-05T00:00:00Z,
rcn-03652,RUN-2025-04-05-01,SETTLEMENT_VS_PAYMENT,core.payments,PAY-0897,core.settlements,SET-0897,MATCHED,3308.38,3308.38,0.0,0,0,LEGITIMATE,TOL-SETTLEMENT,2025-04-05T00:00:00Z,
rcn-03653,RUN-2025-04-05-01,FEE_VS_RATE_CARD,core.payments,PAY-0897,core.gateway_fees,FEE-0897,MATCHED,13.3,13.3,0.0,0,0,LEGITIMATE,TOL-FEE,2025-04-05T00:00:00Z,
rcn-03654,RUN-2025-04-05-01,BANK_VS_SETTLEMENT,core.settlements,SET-0897,core.bank_transactions,BNK-0897,MATCHED,3308.38,3308.38,0.0,0,0,LEGITIMATE,TOL-BANK,2025-04-05T00:00:00Z,
rcn-03655,RUN-2025-04-05-01,PAYMENT_VS_ORDER,core.orders,ORD-898,core.payments,PAY-0898,MATCHED,715.31,715.31,0.0,0,0,LEGITIMATE,TOL-PAYMENT,2025-04-05T00:00:00Z,
rcn-03656,RUN-2025-04-05-01,SETTLEMENT_VS_PAYMENT,core.payments,PAY-0898,core.settlements,SET-0898,MATCHED,546.91,546.91,0.0,0,0,LEGITIMATE,TOL-SETTLEMENT,2025-04-05T00:00:00Z,
rcn-03657,RUN-2025-04-05-01,FEE_VS_RATE_CARD,core.payments,PAY-0898,core.gateway_fees,FEE-0898,MATCHED,16.81,16.81,0.0,0,0,LEGITIMATE,TOL-FEE,2025-04-05T00:00:00Z,
rcn-03658,RUN-2025-04-05-01,BANK_VS_SETTLEMENT,core.settlements,SET-0898,core.bank_transactions,BNK-0898,MATCHED,546.91,546.91,0.0,0,0,LEGITIMATE,TOL-BANK,2025-04-05T00:00:00Z,
rcn-03659,RUN-2025-04-05-01,REFUND_VS_PAYMENT,core.payments,PAY-0898,core.refunds,REF-0898,MATCHED,152.14,152.14,0.0,0,0,LEGITIMATE,TOL-REFUND,2025-04-05T00:00:00Z,
rcn-03660,RUN-2025-04-05-01,PAYMENT_VS_ORDER,core.orders,ORD-899,core.payments,PAY-0899,MATCHED,299.0,299.0,0.0,0,0,LEGITIMATE,TOL-PAYMENT,2025-04-05T00:00:00Z,
rcn-03661,RUN-2025-04-05-01,SETTLEMENT_VS_PAYMENT,core.payments,PAY-0899,core.settlements,SET-0899,MATCHED,297.58,297.58,0.0,0,0,LEGITIMATE,TOL-SETTLEMENT,2025-04-05T00:00:00Z,
rcn-03662,RUN-2025-04-05-01,FEE_VS_RATE_CARD,core.payments,PAY-0899,core.gateway_fees,FEE-0899,MATCHED,1.2,1.2,0.0,0,0,LEGITIMATE,TOL-FEE,2025-04-05T00:00:00Z,
rcn-03663,RUN-2025-04-05-01,BANK_VS_SETTLEMENT,core.settlements,SET-0899,core.bank_transactions,BNK-0899,MATCHED,297.58,297.58,0.0,0,0,LEGITIMATE,TOL-BANK,2025-04-05T00:00:00Z,
rcn-03664,RUN-2025-04-05-01,PAYMENT_VS_ORDER,core.orders,ORD-900,core.payments,PAY-0900,MATCHED,4298.73,4298.73,0.0,0,0,LEGITIMATE,TOL-PAYMENT,2025-04-05T00:00:00Z,
rcn-03665,RUN-2025-04-05-01,SETTLEMENT_VS_PAYMENT,core.payments,PAY-0900,core.settlements,SET-0900,MATCHED,4278.45,4278.45,0.0,0,0,LEGITIMATE,TOL-SETTLEMENT,2025-04-05T00:00:00Z,
rcn-03666,RUN-2025-04-05-01,FEE_VS_RATE_CARD,core.payments,PAY-0900,core.gateway_fees,FEE-0900,MATCHED,17.19,17.19,0.0,0,0,LEGITIMATE,TOL-FEE,2025-04-05T00:00:00Z,
rcn-03667,RUN-2025-04-05-01,BANK_VS_SETTLEMENT,core.settlements,SET-0900,core.bank_transactions,BNK-0900,MATCHED,4278.45,4278.45,0.0,0,0,LEGITIMATE,TOL-BANK,2025-04-05T00:00:00Z,
rcn-03668,RUN-2025-04-05-01,PAYMENT_VS_ORDER,core.orders,ORD-901,core.payments,PAY-0901,MATCHED,1662.4,1662.4,0.0,0,0,LEGITIMATE,TOL-PAYMENT,2025-04-05T00:00:00Z,
rcn-03669,RUN-2025-04-05-01,SETTLEMENT_VS_PAYMENT,core.payments,PAY-0901,core.settlements,SET-0901,MATCHED,1616.3,1616.3,0.0,0,0,LEGITIMATE,TOL-SETTLEMENT,2025-04-05T00:00:00Z,
rcn-03670,RUN-2025-04-05-01,FEE_VS_RATE_CARD,core.payments,PAY-0901,core.gateway_fees,FEE-0901,MATCHED,39.07,39.07,0.0,0,0,LEGITIMATE,TOL-FEE,2025-04-05T00:00:00Z,
rcn-03671,RUN-2025-04-05-01,BANK_VS_SETTLEMENT,core.settlements,SET-0901,core.bank_transactions,BNK-0901,MATCHED,1616.3,1616.3,0.0,0,0,LEGITIMATE,TOL-BANK,2025-04-05T00:00:00Z,
rcn-03672,RUN-2025-04-05-01,PAYMENT_VS_ORDER,core.orders,ORD-902,core.payments,PAY-0902,MATCHED,833.84,833.84,0.0,0,0,LEGITIMATE,TOL-PAYMENT,2025-04-05T00:00:00Z,
rcn-03673,RUN-2025-04-05-01,SETTLEMENT_VS_PAYMENT,core.payments,PAY-0902,core.settlements,SET-0902,MISMATCH,829.9,825.96,3.94,0,3.94,LEAKAGE,TOL-SETTLEMENT,2025-04-05T00:00:00Z,LEAKAGE on SETTLEMENT_VS_PAYMENT
rcn-03674,RUN-2025-04-05-01,FEE_VS_RATE_CARD,core.payments,PAY-0902,core.gateway_fees,FEE-0902,MISMATCH,3.34,6.68,-3.34,0,3.34,LEAKAGE,TOL-FEE,2025-04-05T00:00:00Z,LEAKAGE on FEE_VS_RATE_CARD
rcn-03675,RUN-2025-04-05-01,BANK_VS_SETTLEMENT,core.settlements,SET-0902,core.bank_transactions,BNK-0902,MATCHED,825.96,825.96,0.0,0,0,LEGITIMATE,TOL-BANK,2025-04-05T00:00:00Z,
rcn-03676,RUN-2025-04-05-01,PAYMENT_VS_ORDER,core.orders,ORD-903,core.payments,PAY-0903,MATCHED,299.0,299.0,0.0,0,0,LEGITIMATE,TOL-PAYMENT,2025-04-05T00:00:00Z,
rcn-03677,RUN-2025-04-05-01,SETTLEMENT_VS_PAYMENT,core.payments,PAY-0903,core.settlements,SET-0903,MATCHED,291.94,291.94,0.0,0,0,LEGITIMATE,TOL-SETTLEMENT,2025-04-05T00:00:00Z,
rcn-03678,RUN-2025-04-05-01,FEE_VS_RATE_CARD,core.payments,PAY-0903,core.gateway_fees,FEE-0903,MATCHED,5.98,5.98,0.0,0,0,LEGITIMATE,TOL-FEE,2025-04-05T00:00:00Z,
rcn-03679,RUN-2025-04-05-01,BANK_VS_SETTLEMENT,core.settlements,SET-0903,core.bank_transactions,BNK-0903,MATCHED,291.94,291.94,0.0,0,0,LEGITIMATE,TOL-BANK,2025-04-05T00:00:00Z,
rcn-03680,RUN-2025-04-05-01,PAYMENT_VS_ORDER,core.orders,ORD-904,core.payments,PAY-0904,MATCHED,1843.43,1843.43,0.0,0,0,LEGITIMATE,TOL-PAYMENT,2025-04-05T00:00:00Z,
rcn-03681,RUN-2025-04-05-01,SETTLEMENT_VS_PAYMENT,core.payments,PAY-0904,core.settlements,SET-0904,MATCHED,1799.92,1799.92,0.0,0,0,LEGITIMATE,TOL-SETTLEMENT,2025-04-05T00:00:00Z,
rcn-03682,RUN-2025-04-05-01,FEE_VS_RATE_CARD,core.payments,PAY-0904,core.gateway_fees,FEE-0904,MATCHED,36.87,36.87,0.0,0,0,LEGITIMATE,TOL-FEE,2025-04-05T00:00:00Z,
rcn-03683,RUN-2025-04-05-01,BANK_VS_SETTLEMENT,core.settlements,SET-0904,core.bank_transactions,BNK-0904,MATCHED,1799.92,1799.92,0.0,0,0,LEGITIMATE,TOL-BANK,2025-04-05T00:00:00Z,
rcn-03684,RUN-2025-04-05-01,PAYMENT_VS_ORDER,core.orders,ORD-905,core.payments,PAY-0905,MATCHED,1918.91,1918.91,0.0,0,0,LEGITIMATE,TOL-PAYMENT,2025-04-05T00:00:00Z,
rcn-03685,RUN-2025-04-05-01,SETTLEMENT_VS_PAYMENT,core.payments,PAY-0905,core.settlements,SET-0905,MATCHED,1873.62,1873.62,0.0,0,0,LEGITIMATE,TOL-SETTLEMENT,2025-04-05T00:00:00Z,
rcn-03686,RUN-2025-04-05-01,FEE_VS_RATE_CARD,core.payments,PAY-0905,core.gateway_fees,FEE-0905,MATCHED,38.38,38.38,0.0,0,0,LEGITIMATE,TOL-FEE,2025-04-05T00:00:00Z,
rcn-03687,RUN-2025-04-05-01,BANK_VS_SETTLEMENT,core.settlements,SET-0905,core.bank_transactions,BNK-0905,MATCHED,1873.62,1873.62,0.0,0,0,LEGITIMATE,TOL-BANK,2025-04-05T00:00:00Z,
rcn-03688,RUN-2025-04-05-01,PAYMENT_VS_ORDER,core.orders,ORD-906,core.payments,PAY-0906,MATCHED,1937.52,1937.52,0.0,0,0,LEGITIMATE,TOL-PAYMENT,2025-04-05T00:00:00Z,
rcn-03689,RUN-2025-04-05-01,SETTLEMENT_VS_PAYMENT,core.payments,PAY-0906,core.settlements,SET-0906,MATCHED,1367.49,1367.49,0.0,0,0,LEGITIMATE,TOL-SETTLEMENT,2025-04-05T00:00:00Z,
rcn-03690,RUN-2025-04-05-01,FEE_VS_RATE_CARD,core.payments,PAY-0906,core.gateway_fees,FEE-0906,MATCHED,7.75,7.75,0.0,0,0,LEGITIMATE,TOL-FEE,2025-04-05T00:00:00Z,
rcn-03691,RUN-2025-04-05-01,BANK_VS_SETTLEMENT,core.settlements,SET-0906,core.bank_transactions,BNK-0906,MATCHED,1367.49,1367.49,0.0,0,0,LEGITIMATE,TOL-BANK,2025-04-05T00:00:00Z,
rcn-03692,RUN-2025-04-05-01,REFUND_VS_PAYMENT,core.payments,PAY-0906,core.refunds,REF-0906,MATCHED,563.13,563.13,0.0,0,0,LEGITIMATE,TOL-REFUND,2025-04-05T00:00:00Z,
rcn-03693,RUN-2025-04-05-01,PAYMENT_VS_ORDER,core.orders,ORD-907,core.payments,PAY-0907,MATCHED,1457.7,1457.7,0.0,0,0,LEGITIMATE,TOL-PAYMENT,2025-04-05T00:00:00Z,
rcn-03694,RUN-2025-04-05-01,SETTLEMENT_VS_PAYMENT,core.payments,PAY-0907,core.settlements,SET-0907,MATCHED,1423.3,1423.3,0.0,0,0,LEGITIMATE,TOL-SETTLEMENT,2025-04-05T00:00:00Z,
rcn-03695,RUN-2025-04-05-01,FEE_VS_RATE_CARD,core.payments,PAY-0907,core.gateway_fees,FEE-0907,MATCHED,29.15,29.15,0.0,0,0,LEGITIMATE,TOL-FEE,2025-04-05T00:00:00Z,
rcn-03696,RUN-2025-04-05-01,BANK_VS_SETTLEMENT,core.settlements,SET-0907,core.bank_transactions,BNK-0907,MATCHED,1423.3,1423.3,0.0,0,0,LEGITIMATE,TOL-BANK,2025-04-05T00:00:00Z,
rcn-03697,RUN-2025-04-05-01,PAYMENT_VS_ORDER,core.orders,ORD-908,core.payments,PAY-0908,MATCHED,299.0,299.0,0.0,0,0,LEGITIMATE,TOL-PAYMENT,2025-04-05T00:00:00Z,
rcn-03698,RUN-2025-04-05-01,SETTLEMENT_VS_PAYMENT,core.payments,PAY-0908,core.settlements,SET-0908,MATCHED,291.94,291.94,0.0,0,0,LEGITIMATE,TOL-SETTLEMENT,2025-04-05T00:00:00Z,
rcn-03699,RUN-2025-04-05-01,FEE_VS_RATE_CARD,core.payments,PAY-0908,core.gateway_fees,FEE-0908,MATCHED,5.98,5.98,0.0,0,0,LEGITIMATE,TOL-FEE,2025-04-05T00:00:00Z,
rcn-03700,RUN-2025-04-05-01,BANK_VS_SETTLEMENT,core.settlements,SET-0908,core.bank_transactions,BNK-0908,MATCHED,291.94,291.94,0.0,0,0,LEGITIMATE,TOL-BANK,2025-04-05T00:00:00Z,
rcn-03701,RUN-2025-04-05-01,PAYMENT_VS_ORDER,core.orders,ORD-909,core.payments,PAY-0909,MATCHED,299.0,299.0,0.0,0,0,LEGITIMATE,TOL-PAYMENT,2025-04-05T00:00:00Z,
rcn-03702,RUN-2025-04-05-01,SETTLEMENT_VS_PAYMENT,core.payments,PAY-0909,core.settlements,SET-0909,MATCHED,284.84,284.84,0.0,0,0,LEGITIMATE,TOL-SETTLEMENT,2025-04-05T00:00:00Z,
rcn-03703,RUN-2025-04-05-01,FEE_VS_RATE_CARD,core.payments,PAY-0909,core.gateway_fees,FEE-0909,MATCHED,12.0,12.0,0.0,0,0,LEGITIMATE,TOL-FEE,2025-04-05T00:00:00Z,
rcn-03704,RUN-2025-04-05-01,BANK_VS_SETTLEMENT,core.settlements,SET-0909,core.bank_transactions,BNK-0909,MATCHED,284.84,284.84,0.0,0,0,LEGITIMATE,TOL-BANK,2025-04-05T00:00:00Z,
rcn-03705,RUN-2025-04-05-01,PAYMENT_VS_ORDER,core.orders,ORD-910,core.payments,PAY-0910,MATCHED,543.41,543.41,0.0,0,0,LEGITIMATE,TOL-PAYMENT,2025-04-05T00:00:00Z,
rcn-03706,RUN-2025-04-05-01,SETTLEMENT_VS_PAYMENT,core.payments,PAY-0910,core.settlements,SET-0910,MATCHED,530.58,530.58,0.0,0,0,LEGITIMATE,TOL-SETTLEMENT,2025-04-05T00:00:00Z,
rcn-03707,RUN-2025-04-05-01,FEE_VS_RATE_CARD,core.payments,PAY-0910,core.gateway_fees,FEE-0910,MATCHED,10.87,10.87,0.0,0,0,LEGITIMATE,TOL-FEE,2025-04-05T00:00:00Z,
rcn-03708,RUN-2025-04-05-01,BANK_VS_SETTLEMENT,core.settlements,SET-0910,core.bank_transactions,BNK-0910,MATCHED,530.58,530.58,0.0,0,0,LEGITIMATE,TOL-BANK,2025-04-05T00:00:00Z,
rcn-03709,RUN-2025-04-05-01,PAYMENT_VS_ORDER,core.orders,ORD-911,core.payments,PAY-0911,MATCHED,10325.47,10325.47,0.0,0,0,LEGITIMATE,TOL-PAYMENT,2025-04-05T00:00:00Z,
rcn-03710,RUN-2025-04-05-01,SETTLEMENT_VS_PAYMENT,core.payments,PAY-0911,core.settlements,SET-0911,MATCHED,10081.79,10081.79,0.0,0,0,LEGITIMATE,TOL-SETTLEMENT,2025-04-05T00:00:00Z,
rcn-03711,RUN-2025-04-05-01,FEE_VS_RATE_CARD,core.payments,PAY-0911,core.gateway_fees,FEE-0911,MATCHED,206.51,206.51,0.0,0,0,LEGITIMATE,TOL-FEE,2025-04-05T00:00:00Z,
rcn-03712,RUN-2025-04-05-01,BANK_VS_SETTLEMENT,core.settlements,SET-0911,core.bank_transactions,BNK-0911,MATCHED,10081.79,10081.79,0.0,0,0,LEGITIMATE,TOL-BANK,2025-04-05T00:00:00Z,
rcn-03713,RUN-2025-04-05-01,PAYMENT_VS_ORDER,core.orders,ORD-912,core.payments,PAY-0912,MATCHED,364.34,364.34,0.0,0,0,LEGITIMATE,TOL-PAYMENT,2025-04-05T00:00:00Z,
rcn-03714,RUN-2025-04-05-01,SETTLEMENT_VS_PAYMENT,core.payments,PAY-0912,core.settlements,SET-0912,MATCHED,355.74,355.74,0.0,0,0,LEGITIMATE,TOL-SETTLEMENT,2025-04-05T00:00:00Z,
rcn-03715,RUN-2025-04-05-01,FEE_VS_RATE_CARD,core.payments,PAY-0912,core.gateway_fees,FEE-0912,MATCHED,7.29,7.29,0.0,0,0,LEGITIMATE,TOL-FEE,2025-04-05T00:00:00Z,
rcn-03716,RUN-2025-04-05-01,BANK_VS_SETTLEMENT,core.settlements,SET-0912,core.bank_transactions,BNK-0912,MATCHED,355.74,355.74,0.0,0,0,LEGITIMATE,TOL-BANK,2025-04-05T00:00:00Z,
rcn-03717,RUN-2025-04-05-01,PAYMENT_VS_ORDER,core.orders,ORD-914,core.payments,PAY-0914,MATCHED,583.52,583.52,0.0,0,0,LEGITIMATE,TOL-PAYMENT,2025-04-05T00:00:00Z,
rcn-03718,RUN-2025-04-05-01,SETTLEMENT_VS_PAYMENT,core.payments,PAY-0914,core.settlements,SET-0914,MATCHED,569.75,569.75,0.0,0,0,LEGITIMATE,TOL-SETTLEMENT,2025-04-05T00:00:00Z,
rcn-03719,RUN-2025-04-05-01,FEE_VS_RATE_CARD,core.payments,PAY-0914,core.gateway_fees,FEE-0914,MATCHED,11.67,11.67,0.0,0,0,LEGITIMATE,TOL-FEE,2025-04-05T00:00:00Z,
rcn-03720,RUN-2025-04-05-01,BANK_VS_SETTLEMENT,core.settlements,SET-0914,core.bank_transactions,BNK-0914,MATCHED,569.75,569.75,0.0,0,0,LEGITIMATE,TOL-BANK,2025-04-05T00:00:00Z,
rcn-03721,RUN-2025-04-05-01,PAYMENT_VS_ORDER,core.orders,ORD-915,core.payments,PAY-0915,MATCHED,12553.67,12553.67,0.0,0,0,LEGITIMATE,TOL-PAYMENT,2025-04-05T00:00:00Z,
rcn-03722,RUN-2025-04-05-01,SETTLEMENT_VS_PAYMENT,core.payments,PAY-0915,core.settlements,SET-0915,MATCHED,12257.41,12257.41,0.0,0,0,LEGITIMATE,TOL-SETTLEMENT,2025-04-05T00:00:00Z,
rcn-03723,RUN-2025-04-05-01,FEE_VS_RATE_CARD,core.payments,PAY-0915,core.gateway_fees,FEE-0915,MATCHED,251.07,251.07,0.0,0,0,LEGITIMATE,TOL-FEE,2025-04-05T00:00:00Z,
rcn-03724,RUN-2025-04-05-01,BANK_VS_SETTLEMENT,core.settlements,SET-0915,core.bank_transactions,BNK-0915,MATCHED,12257.41,12257.41,0.0,0,0,LEGITIMATE,TOL-BANK,2025-04-05T00:00:00Z,
rcn-03725,RUN-2025-04-05-01,PAYMENT_VS_ORDER,core.orders,ORD-916,core.payments,PAY-0916,MATCHED,1180.62,1180.62,0.0,0,0,LEGITIMATE,TOL-PAYMENT,2025-04-05T00:00:00Z,
rcn-03726,RUN-2025-04-05-01,SETTLEMENT_VS_PAYMENT,core.payments,PAY-0916,core.settlements,SET-0916,MATCHED,1152.76,1152.76,0.0,0,0,LEGITIMATE,TOL-SETTLEMENT,2025-04-05T00:00:00Z,
rcn-03727,RUN-2025-04-05-01,FEE_VS_RATE_CARD,core.payments,PAY-0916,core.gateway_fees,FEE-0916,MATCHED,23.61,23.61,0.0,0,0,LEGITIMATE,TOL-FEE,2025-04-05T00:00:00Z,
rcn-03728,RUN-2025-04-05-01,BANK_VS_SETTLEMENT,core.settlements,SET-0916,core.bank_transactions,BNK-0916,MATCHED,1152.76,1152.76,0.0,0,0,LEGITIMATE,TOL-BANK,2025-04-05T00:00:00Z,
rcn-03729,RUN-2025-04-05-01,PAYMENT_VS_ORDER,core.orders,ORD-917,core.payments,PAY-0917,MATCHED,2030.97,2030.97,0.0,0,0,LEGITIMATE,TOL-PAYMENT,2025-04-05T00:00:00Z,
rcn-03730,RUN-2025-04-05-01,SETTLEMENT_VS_PAYMENT,core.payments,PAY-0917,core.settlements,SET-0917,MATCHED,2021.39,2021.39,0.0,0,0,LEGITIMATE,TOL-SETTLEMENT,2025-04-05T00:00:00Z,
rcn-03731,RUN-2025-04-05-01,FEE_VS_RATE_CARD,core.payments,PAY-0917,core.gateway_fees,FEE-0917,MATCHED,8.12,8.12,0.0,0,0,LEGITIMATE,TOL-FEE,2025-04-05T00:00:00Z,
rcn-03732,RUN-2025-04-05-01,BANK_VS_SETTLEMENT,core.settlements,SET-0917,core.bank_transactions,BNK-0917,MATCHED,2021.39,2021.39,0.0,0,0,LEGITIMATE,TOL-BANK,2025-04-05T00:00:00Z,
rcn-03733,RUN-2025-04-05-01,PAYMENT_VS_ORDER,core.orders,ORD-919,core.payments,PAY-0919,MATCHED,1128.24,1128.24,0.0,0,0,LEGITIMATE,TOL-PAYMENT,2025-04-05T00:00:00Z,
rcn-03734,RUN-2025-04-05-01,SETTLEMENT_VS_PAYMENT,core.payments,PAY-0919,core.settlements,SET-0919,MATCHED,1101.62,1101.62,0.0,0,0,LEGITIMATE,TOL-SETTLEMENT,2025-04-05T00:00:00Z,
rcn-03735,RUN-2025-04-05-01,FEE_VS_RATE_CARD,core.payments,PAY-0919,core.gateway_fees,FEE-0919,MATCHED,22.56,22.56,0.0,0,0,LEGITIMATE,TOL-FEE,2025-04-05T00:00:00Z,
rcn-03736,RUN-2025-04-05-01,BANK_VS_SETTLEMENT,core.settlements,SET-0919,core.bank_transactions,BNK-0919,MATCHED,1101.62,1101.62,0.0,0,0,LEGITIMATE,TOL-BANK,2025-04-05T00:00:00Z,
rcn-03737,RUN-2025-04-05-01,PAYMENT_VS_ORDER,core.orders,ORD-920,core.payments,PAY-0920,MATCHED,484.45,484.45,0.0,0,0,LEGITIMATE,TOL-PAYMENT,2025-04-05T00:00:00Z,
rcn-03738,RUN-2025-04-05-01,SETTLEMENT_VS_PAYMENT,core.payments,PAY-0920,core.settlements,SET-0920,MATCHED,473.02,473.02,0.0,0,0,LEGITIMATE,TOL-SETTLEMENT,2025-04-05T00:00:00Z,
rcn-03739,RUN-2025-04-05-01,FEE_VS_RATE_CARD,core.payments,PAY-0920,core.gateway_fees,FEE-0920,MATCHED,9.69,9.69,0.0,0,0,LEGITIMATE,TOL-FEE,2025-04-05T00:00:00Z,
rcn-03740,RUN-2025-04-05-01,BANK_VS_SETTLEMENT,core.settlements,SET-0920,core.bank_transactions,BNK-0920,MATCHED,473.02,473.02,0.0,0,0,LEGITIMATE,TOL-BANK,2025-04-05T00:00:00Z,
rcn-03741,RUN-2025-04-05-01,PAYMENT_VS_ORDER,core.orders,ORD-921,core.payments,PAY-0921,MATCHED,299.0,299.0,0.0,0,0,LEGITIMATE,TOL-PAYMENT,2025-04-05T00:00:00Z,
rcn-03742,RUN-2025-04-05-01,SETTLEMENT_VS_PAYMENT,core.payments,PAY-0921,core.settlements,SET-0921,MATCHED,178.55,178.55,0.0,0,0,LEGITIMATE,TOL-SETTLEMENT,2025-04-05T00:00:00Z,
rcn-03743,RUN-2025-04-05-01,FEE_VS_RATE_CARD,core.payments,PAY-0921,core.gateway_fees,FEE-0921,MATCHED,0.72,0.72,0.0,0,0,LEGITIMATE,TOL-FEE,2025-04-05T00:00:00Z,
rcn-03744,RUN-2025-04-05-01,BANK_VS_SETTLEMENT,core.settlements,SET-0921,core.bank_transactions,BNK-0921,MATCHED,178.55,178.55,0.0,0,0,LEGITIMATE,TOL-BANK,2025-04-05T00:00:00Z,
rcn-03745,RUN-2025-04-05-01,SETTLEMENT_VS_PAYMENT,core.payments,PAY-0921-2,core.settlements,SET-0921-2,MATCHED,119.03,119.03,0.0,0,0,LEGITIMATE,TOL-SETTLEMENT,2025-04-05T00:00:00Z,
rcn-03746,RUN-2025-04-05-01,FEE_VS_RATE_CARD,core.payments,PAY-0921-2,core.gateway_fees,FEE-0921-2,MATCHED,0.48,0.48,0.0,0,0,LEGITIMATE,TOL-FEE,2025-04-05T00:00:00Z,
rcn-03747,RUN-2025-04-05-01,BANK_VS_SETTLEMENT,core.settlements,SET-0921-2,core.bank_transactions,BNK-0921-2,MATCHED,119.03,119.03,0.0,0,0,LEGITIMATE,TOL-BANK,2025-04-05T00:00:00Z,
rcn-03748,RUN-2025-04-05-01,PAYMENT_VS_ORDER,core.orders,ORD-922,core.payments,PAY-0922,MATCHED,921.77,921.77,0.0,0,0,LEGITIMATE,TOL-PAYMENT,2025-04-05T00:00:00Z,
rcn-03749,RUN-2025-04-05-01,SETTLEMENT_VS_PAYMENT,core.payments,PAY-0922,core.settlements,SET-0922,MATCHED,900.01,900.01,0.0,0,0,LEGITIMATE,TOL-SETTLEMENT,2025-04-05T00:00:00Z,
rcn-03750,RUN-2025-04-05-01,FEE_VS_RATE_CARD,core.payments,PAY-0922,core.gateway_fees,FEE-0922,MATCHED,18.44,18.44,0.0,0,0,LEGITIMATE,TOL-FEE,2025-04-05T00:00:00Z,
rcn-03751,RUN-2025-04-05-01,BANK_VS_SETTLEMENT,core.settlements,SET-0922,core.bank_transactions,BNK-0922,MATCHED,900.01,900.01,0.0,0,0,LEGITIMATE,TOL-BANK,2025-04-05T00:00:00Z,
rcn-03752,RUN-2025-04-05-01,PAYMENT_VS_ORDER,core.orders,ORD-923,core.payments,PAY-0923,MATCHED,1191.53,1191.53,0.0,0,0,LEGITIMATE,TOL-PAYMENT,2025-04-05T00:00:00Z,
rcn-03753,RUN-2025-04-05-01,SETTLEMENT_VS_PAYMENT,core.payments,PAY-0923,core.settlements,SET-0923,MATCHED,711.55,711.55,0.0,0,0,LEGITIMATE,TOL-SETTLEMENT,2025-04-05T00:00:00Z,
rcn-03754,RUN-2025-04-05-01,FEE_VS_RATE_CARD,core.payments,PAY-0923,core.gateway_fees,FEE-0923,MATCHED,2.86,2.86,0.0,0,0,LEGITIMATE,TOL-FEE,2025-04-05T00:00:00Z,
rcn-03755,RUN-2025-04-05-01,BANK_VS_SETTLEMENT,core.settlements,SET-0923,core.bank_transactions,BNK-0923,MATCHED,711.55,711.55,0.0,0,0,LEGITIMATE,TOL-BANK,2025-04-05T00:00:00Z,
rcn-03756,RUN-2025-04-05-01,SETTLEMENT_VS_PAYMENT,core.payments,PAY-0923-2,core.settlements,SET-0923-2,MATCHED,474.36,474.36,0.0,0,0,LEGITIMATE,TOL-SETTLEMENT,2025-04-05T00:00:00Z,
rcn-03757,RUN-2025-04-05-01,FEE_VS_RATE_CARD,core.payments,PAY-0923-2,core.gateway_fees,FEE-0923-2,MATCHED,1.91,1.91,0.0,0,0,LEGITIMATE,TOL-FEE,2025-04-05T00:00:00Z,
rcn-03758,RUN-2025-04-05-01,BANK_VS_SETTLEMENT,core.settlements,SET-0923-2,core.bank_transactions,BNK-0923-2,MATCHED,474.36,474.36,0.0,0,0,LEGITIMATE,TOL-BANK,2025-04-05T00:00:00Z,
rcn-03759,RUN-2025-04-05-01,PAYMENT_VS_ORDER,core.orders,ORD-924,core.payments,PAY-0924,MATCHED,2928.51,2928.51,0.0,0,0,LEGITIMATE,TOL-PAYMENT,2025-04-05T00:00:00Z,
rcn-03760,RUN-2025-04-05-01,SETTLEMENT_VS_PAYMENT,core.payments,PAY-0924,core.settlements,SET-0924,MISMATCH,2859.4,2786.92,72.48,0,72.48,LEAKAGE,TOL-SETTLEMENT,2025-04-05T00:00:00Z,LEAKAGE on SETTLEMENT_VS_PAYMENT
rcn-03761,RUN-2025-04-05-01,FEE_VS_RATE_CARD,core.payments,PAY-0924,core.gateway_fees,FEE-0924,MISMATCH,58.57,73.23,-14.66,0,14.66,LEAKAGE,TOL-FEE,2025-04-05T00:00:00Z,LEAKAGE on FEE_VS_RATE_CARD
rcn-03762,RUN-2025-04-05-01,BANK_VS_SETTLEMENT,core.settlements,SET-0924,core.bank_transactions,BNK-0924,MATCHED,2786.92,2786.92,0.0,0,0,LEGITIMATE,TOL-BANK,2025-04-05T00:00:00Z,
rcn-03763,RUN-2025-04-05-01,PAYMENT_VS_ORDER,core.orders,ORD-925,core.payments,PAY-0925,MATCHED,2793.58,2793.58,0.0,0,0,LEGITIMATE,TOL-PAYMENT,2025-04-05T00:00:00Z,
rcn-03764,RUN-2025-04-05-01,SETTLEMENT_VS_PAYMENT,core.payments,PAY-0925,core.settlements,SET-0925,MATCHED,1760.8,1760.8,0.0,0,0,LEGITIMATE,TOL-SETTLEMENT,2025-04-05T00:00:00Z,
rcn-03765,RUN-2025-04-05-01,FEE_VS_RATE_CARD,core.payments,PAY-0925,core.gateway_fees,FEE-0925,MATCHED,11.17,11.17,0.0,0,0,LEGITIMATE,TOL-FEE,2025-04-05T00:00:00Z,
rcn-03766,RUN-2025-04-05-01,BANK_VS_SETTLEMENT,core.settlements,SET-0925,core.bank_transactions,BNK-0925,MATCHED,1760.8,1760.8,0.0,0,0,LEGITIMATE,TOL-BANK,2025-04-05T00:00:00Z,
rcn-03767,RUN-2025-04-05-01,REFUND_VS_PAYMENT,core.payments,PAY-0925,core.refunds,REF-0925,MATCHED,1023.69,1023.69,0.0,0,0,LEGITIMATE,TOL-REFUND,2025-04-05T00:00:00Z,
rcn-03768,RUN-2025-04-05-01,PAYMENT_VS_ORDER,core.orders,ORD-926,core.payments,PAY-0926,MATCHED,903.5,903.5,0.0,0,0,LEGITIMATE,TOL-PAYMENT,2025-04-05T00:00:00Z,
rcn-03769,RUN-2025-04-05-01,SETTLEMENT_VS_PAYMENT,core.payments,PAY-0926,core.settlements,SET-0926,MATCHED,882.18,882.18,0.0,0,0,LEGITIMATE,TOL-SETTLEMENT,2025-04-05T00:00:00Z,
rcn-03770,RUN-2025-04-05-01,FEE_VS_RATE_CARD,core.payments,PAY-0926,core.gateway_fees,FEE-0926,MATCHED,18.07,18.07,0.0,0,0,LEGITIMATE,TOL-FEE,2025-04-05T00:00:00Z,
rcn-03771,RUN-2025-04-05-01,BANK_VS_SETTLEMENT,core.settlements,SET-0926,core.bank_transactions,BNK-0926,MATCHED,882.18,882.18,0.0,0,0,LEGITIMATE,TOL-BANK,2025-04-05T00:00:00Z,
rcn-03772,RUN-2025-04-05-01,PAYMENT_VS_ORDER,core.orders,ORD-927,core.payments,PAY-0927,MATCHED,851.16,851.16,0.0,0,0,LEGITIMATE,TOL-PAYMENT,2025-04-05T00:00:00Z,
rcn-03773,RUN-2025-04-05-01,SETTLEMENT_VS_PAYMENT,core.payments,PAY-0927,core.settlements,SET-0927,MATCHED,847.15,847.15,0.0,0,0,LEGITIMATE,TOL-SETTLEMENT,2025-04-05T00:00:00Z,
rcn-03774,RUN-2025-04-05-01,FEE_VS_RATE_CARD,core.payments,PAY-0927,core.gateway_fees,FEE-0927,MATCHED,3.4,3.4,0.0,0,0,LEGITIMATE,TOL-FEE,2025-04-05T00:00:00Z,
rcn-03775,RUN-2025-04-05-01,BANK_VS_SETTLEMENT,core.settlements,SET-0927,core.bank_transactions,BNK-0927,MATCHED,847.15,847.15,0.0,0,0,LEGITIMATE,TOL-BANK,2025-04-05T00:00:00Z,
rcn-03776,RUN-2025-04-05-01,PAYMENT_VS_ORDER,core.orders,ORD-928,core.payments,PAY-0928,MATCHED,435.92,435.92,0.0,0,0,LEGITIMATE,TOL-PAYMENT,2025-04-05T00:00:00Z,
rcn-03777,RUN-2025-04-05-01,SETTLEMENT_VS_PAYMENT,core.payments,PAY-0928,core.settlements,,UNMATCHED,433.87,,,0,433.87,LEAKAGE,TOL-SETTLEMENT,2025-04-05T00:00:00Z,LEAKAGE on SETTLEMENT_VS_PAYMENT
rcn-03778,RUN-2025-04-05-01,FEE_VS_RATE_CARD,core.payments,PAY-0928,core.gateway_fees,FEE-0928,MATCHED,1.74,1.74,0.0,0,0,LEGITIMATE,TOL-FEE,2025-04-05T00:00:00Z,
rcn-03779,RUN-2025-04-05-01,PAYMENT_VS_ORDER,core.orders,ORD-929,core.payments,PAY-0929,MATCHED,299.0,299.0,0.0,0,0,LEGITIMATE,TOL-PAYMENT,2025-04-05T00:00:00Z,
rcn-03780,RUN-2025-04-05-01,SETTLEMENT_VS_PAYMENT,core.payments,PAY-0929,core.settlements,SET-0929,MATCHED,222.77,222.77,0.0,0,0,LEGITIMATE,TOL-SETTLEMENT,2025-04-05T00:00:00Z,
rcn-03781,RUN-2025-04-05-01,FEE_VS_RATE_CARD,core.payments,PAY-0929,core.gateway_fees,FEE-0929,MATCHED,1.2,1.2,0.0,0,0,LEGITIMATE,TOL-FEE,2025-04-05T00:00:00Z,
rcn-03782,RUN-2025-04-05-01,BANK_VS_SETTLEMENT,core.settlements,SET-0929,core.bank_transactions,BNK-0929,MATCHED,222.77,222.77,0.0,0,0,LEGITIMATE,TOL-BANK,2025-04-05T00:00:00Z,
rcn-03783,RUN-2025-04-05-01,REFUND_VS_PAYMENT,core.payments,PAY-0929,core.refunds,REF-0929,MATCHED,75.11,75.11,0.0,0,0,LEGITIMATE,TOL-REFUND,2025-04-05T00:00:00Z,
rcn-03784,RUN-2025-04-05-01,PAYMENT_VS_ORDER,core.orders,ORD-930,core.payments,PAY-0930,MATCHED,1005.3,1005.3,0.0,0,0,LEGITIMATE,TOL-PAYMENT,2025-04-05T00:00:00Z,
rcn-03785,RUN-2025-04-05-01,SETTLEMENT_VS_PAYMENT,core.payments,PAY-0930,core.settlements,SET-0930,MATCHED,981.57,981.57,0.0,0,0,LEGITIMATE,TOL-SETTLEMENT,2025-04-05T00:00:00Z,
rcn-03786,RUN-2025-04-05-01,FEE_VS_RATE_CARD,core.payments,PAY-0930,core.gateway_fees,FEE-0930,MATCHED,20.11,20.11,0.0,0,0,LEGITIMATE,TOL-FEE,2025-04-05T00:00:00Z,
rcn-03787,RUN-2025-04-05-01,BANK_VS_SETTLEMENT,core.settlements,SET-0930,core.bank_transactions,BNK-0930,MATCHED,981.57,981.57,0.0,0,0,LEGITIMATE,TOL-BANK,2025-04-05T00:00:00Z,
rcn-03788,RUN-2025-04-05-01,PAYMENT_VS_ORDER,core.orders,ORD-931,core.payments,PAY-0931,MATCHED,4646.37,4646.37,0.0,0,0,LEGITIMATE,TOL-PAYMENT,2025-04-05T00:00:00Z,
rcn-03789,RUN-2025-04-05-01,SETTLEMENT_VS_PAYMENT,core.payments,PAY-0931,core.settlements,SET-0931,MATCHED,4536.71,4536.71,0.0,0,0,LEGITIMATE,TOL-SETTLEMENT,2025-04-05T00:00:00Z,
rcn-03790,RUN-2025-04-05-01,FEE_VS_RATE_CARD,core.payments,PAY-0931,core.gateway_fees,FEE-0931,MATCHED,92.93,92.93,0.0,0,0,LEGITIMATE,TOL-FEE,2025-04-05T00:00:00Z,
rcn-03791,RUN-2025-04-05-01,BANK_VS_SETTLEMENT,core.settlements,SET-0931,core.bank_transactions,BNK-0931,MATCHED,4536.71,4536.71,0.0,0,0,LEGITIMATE,TOL-BANK,2025-04-05T00:00:00Z,
rcn-03792,RUN-2025-04-05-01,PAYMENT_VS_ORDER,core.orders,ORD-932,core.payments,PAY-0932,MATCHED,1244.43,1244.43,0.0,0,0,LEGITIMATE,TOL-PAYMENT,2025-04-05T00:00:00Z,
rcn-03793,RUN-2025-04-05-01,SETTLEMENT_VS_PAYMENT,core.payments,PAY-0932,core.settlements,SET-0932,MISMATCH,1238.55,1149.61,88.94,0,88.94,LEAKAGE,TOL-SETTLEMENT,2025-04-05T00:00:00Z,LEAKAGE on SETTLEMENT_VS_PAYMENT
rcn-03794,RUN-2025-04-05-01,FEE_VS_RATE_CARD,core.payments,PAY-0932,core.gateway_fees,FEE-0932,MATCHED,4.98,4.98,0.0,0,0,LEGITIMATE,TOL-FEE,2025-04-05T00:00:00Z,
rcn-03795,RUN-2025-04-05-01,BANK_VS_SETTLEMENT,core.settlements,SET-0932,core.bank_transactions,BNK-0932,MATCHED,1149.61,1149.61,0.0,0,0,LEGITIMATE,TOL-BANK,2025-04-05T00:00:00Z,
rcn-03796,RUN-2025-04-05-01,PAYMENT_VS_ORDER,core.orders,ORD-933,core.payments,PAY-0933,MATCHED,2553.39,2553.39,0.0,0,0,LEGITIMATE,TOL-PAYMENT,2025-04-05T00:00:00Z,
rcn-03797,RUN-2025-04-05-01,SETTLEMENT_VS_PAYMENT,core.payments,PAY-0933,core.settlements,SET-0933,MATCHED,2541.34,2541.34,0.0,0,0,LEGITIMATE,TOL-SETTLEMENT,2025-04-05T00:00:00Z,
rcn-03798,RUN-2025-04-05-01,FEE_VS_RATE_CARD,core.payments,PAY-0933,core.gateway_fees,FEE-0933,MATCHED,10.21,10.21,0.0,0,0,LEGITIMATE,TOL-FEE,2025-04-05T00:00:00Z,
rcn-03799,RUN-2025-04-05-01,BANK_VS_SETTLEMENT,core.settlements,SET-0933,core.bank_transactions,BNK-0933,MATCHED,2541.34,2541.34,0.0,0,0,LEGITIMATE,TOL-BANK,2025-04-05T00:00:00Z,
rcn-03800,RUN-2025-04-05-01,PAYMENT_VS_ORDER,core.orders,ORD-934,core.payments,PAY-0934,MATCHED,492.84,492.84,0.0,0,0,LEGITIMATE,TOL-PAYMENT,2025-04-05T00:00:00Z,
rcn-03801,RUN-2025-04-05-01,SETTLEMENT_VS_PAYMENT,core.payments,PAY-0934,core.settlements,SET-0934,MATCHED,481.8,481.8,0.0,0,0,LEGITIMATE,TOL-SETTLEMENT,2025-04-05T00:00:00Z,
rcn-03802,RUN-2025-04-05-01,FEE_VS_RATE_CARD,core.payments,PAY-0934,core.gateway_fees,FEE-0934,MATCHED,9.36,9.36,0.0,0,0,LEGITIMATE,TOL-FEE,2025-04-05T00:00:00Z,
rcn-03803,RUN-2025-04-05-01,BANK_VS_SETTLEMENT,core.settlements,SET-0934,core.bank_transactions,BNK-0934,MATCHED,481.8,481.8,0.0,0,0,LEGITIMATE,TOL-BANK,2025-04-05T00:00:00Z,
rcn-03804,RUN-2025-04-05-01,PAYMENT_VS_ORDER,core.orders,ORD-936,core.payments,PAY-0936,MATCHED,2569.18,2569.18,0.0,0,0,LEGITIMATE,TOL-PAYMENT,2025-04-05T00:00:00Z,
rcn-03805,RUN-2025-04-05-01,SETTLEMENT_VS_PAYMENT,core.payments,PAY-0936,core.settlements,SET-0936,MATCHED,2508.55,2508.55,0.0,0,0,LEGITIMATE,TOL-SETTLEMENT,2025-04-05T00:00:00Z,
rcn-03806,RUN-2025-04-05-01,FEE_VS_RATE_CARD,core.payments,PAY-0936,core.gateway_fees,FEE-0936,MATCHED,51.38,51.38,0.0,0,0,LEGITIMATE,TOL-FEE,2025-04-05T00:00:00Z,
rcn-03807,RUN-2025-04-05-01,BANK_VS_SETTLEMENT,core.settlements,SET-0936,core.bank_transactions,BNK-0936,MATCHED,2508.55,2508.55,0.0,0,0,LEGITIMATE,TOL-BANK,2025-04-05T00:00:00Z,
rcn-03808,RUN-2025-04-05-01,PAYMENT_VS_ORDER,core.orders,ORD-937,core.payments,PAY-0937,MATCHED,982.67,982.67,0.0,0,0,LEGITIMATE,TOL-PAYMENT,2025-04-05T00:00:00Z,
rcn-03809,RUN-2025-04-05-01,SETTLEMENT_VS_PAYMENT,core.payments,PAY-0937,core.settlements,SET-0937,MATCHED,978.03,978.03,0.0,0,0,LEGITIMATE,TOL-SETTLEMENT,2025-04-05T00:00:00Z,
rcn-03810,RUN-2025-04-05-01,FEE_VS_RATE_CARD,core.payments,PAY-0937,core.gateway_fees,FEE-0937,MATCHED,3.93,3.93,0.0,0,0,LEGITIMATE,TOL-FEE,2025-04-05T00:00:00Z,
rcn-03811,RUN-2025-04-05-01,BANK_VS_SETTLEMENT,core.settlements,SET-0937,core.bank_transactions,BNK-0937,MATCHED,978.03,978.03,0.0,0,0,LEGITIMATE,TOL-BANK,2025-04-05T00:00:00Z,
rcn-03812,RUN-2025-04-05-01,PAYMENT_VS_ORDER,core.orders,ORD-938,core.payments,PAY-0938,MATCHED,887.1,887.1,0.0,0,0,LEGITIMATE,TOL-PAYMENT,2025-04-05T00:00:00Z,
rcn-03813,RUN-2025-04-05-01,SETTLEMENT_VS_PAYMENT,core.payments,PAY-0938,core.settlements,SET-0938,MATCHED,882.91,882.91,0.0,0,0,LEGITIMATE,TOL-SETTLEMENT,2025-04-05T00:00:00Z,
rcn-03814,RUN-2025-04-05-01,FEE_VS_RATE_CARD,core.payments,PAY-0938,core.gateway_fees,FEE-0938,MATCHED,3.55,3.55,0.0,0,0,LEGITIMATE,TOL-FEE,2025-04-05T00:00:00Z,
rcn-03815,RUN-2025-04-05-01,BANK_VS_SETTLEMENT,core.settlements,SET-0938,core.bank_transactions,BNK-0938,MATCHED,882.91,882.91,0.0,0,0,LEGITIMATE,TOL-BANK,2025-04-05T00:00:00Z,
rcn-03816,RUN-2025-04-05-01,PAYMENT_VS_ORDER,core.orders,ORD-939,core.payments,PAY-0939,MATCHED,299.0,299.0,0.0,0,0,LEGITIMATE,TOL-PAYMENT,2025-04-05T00:00:00Z,
rcn-03817,RUN-2025-04-05-01,SETTLEMENT_VS_PAYMENT,core.payments,PAY-0939,core.settlements,SET-0939,MISMATCH,195.99,189.5,6.49,0,6.49,LEAKAGE,TOL-SETTLEMENT,2025-04-05T00:00:00Z,LEAKAGE on SETTLEMENT_VS_PAYMENT
rcn-03818,RUN-2025-04-05-01,FEE_VS_RATE_CARD,core.payments,PAY-0939,core.gateway_fees,FEE-0939,MATCHED,1.2,1.2,0.0,0,0,LEGITIMATE,TOL-FEE,2025-04-05T00:00:00Z,
rcn-03819,RUN-2025-04-05-01,BANK_VS_SETTLEMENT,core.settlements,SET-0939,core.bank_transactions,BNK-0939,MATCHED,189.5,189.5,0.0,0,0,LEGITIMATE,TOL-BANK,2025-04-05T00:00:00Z,
rcn-03820,RUN-2025-04-05-01,REFUND_VS_PAYMENT,core.payments,PAY-0939,core.refunds,REF-0939,MATCHED,102.0,102.0,0.0,0,0,LEGITIMATE,TOL-REFUND,2025-04-05T00:00:00Z,
rcn-03821,RUN-2025-04-05-01,PAYMENT_VS_ORDER,core.orders,ORD-940,core.payments,PAY-0940,MATCHED,1491.55,1491.55,0.0,0,0,LEGITIMATE,TOL-PAYMENT,2025-04-05T00:00:00Z,
rcn-03822,RUN-2025-04-05-01,SETTLEMENT_VS_PAYMENT,core.payments,PAY-0940,core.settlements,SET-0940,MATCHED,1484.51,1484.51,0.0,0,0,LEGITIMATE,TOL-SETTLEMENT,2025-04-05T00:00:00Z,
rcn-03823,RUN-2025-04-05-01,FEE_VS_RATE_CARD,core.payments,PAY-0940,core.gateway_fees,FEE-0940,MATCHED,5.97,5.97,0.0,0,0,LEGITIMATE,TOL-FEE,2025-04-05T00:00:00Z,
rcn-03824,RUN-2025-04-05-01,BANK_VS_SETTLEMENT,core.settlements,SET-0940,core.bank_transactions,BNK-0940,MATCHED,1484.51,1484.51,0.0,0,0,LEGITIMATE,TOL-BANK,2025-04-05T00:00:00Z,
rcn-03825,RUN-2025-04-05-01,PAYMENT_VS_ORDER,core.orders,ORD-941,core.payments,PAY-0941,MATCHED,3417.29,3417.29,0.0,0,0,LEGITIMATE,TOL-PAYMENT,2025-04-05T00:00:00Z,
rcn-03826,RUN-2025-04-05-01,SETTLEMENT_VS_PAYMENT,core.payments,PAY-0941,core.settlements,SET-0941,MATCHED,3403.13,3403.13,0.0,0,0,LEGITIMATE,TOL-SETTLEMENT,2025-04-05T00:00:00Z,
rcn-03827,RUN-2025-04-05-01,FEE_VS_RATE_CARD,core.payments,PAY-0941,core.gateway_fees,FEE-0941,MATCHED,12.0,12.0,0.0,0,0,LEGITIMATE,TOL-FEE,2025-04-05T00:00:00Z,
rcn-03828,RUN-2025-04-05-01,BANK_VS_SETTLEMENT,core.settlements,SET-0941,core.bank_transactions,BNK-0941,MATCHED,3403.13,3403.13,0.0,0,0,LEGITIMATE,TOL-BANK,2025-04-05T00:00:00Z,
rcn-03829,RUN-2025-04-05-01,PAYMENT_VS_ORDER,core.orders,ORD-942,core.payments,PAY-0942,MATCHED,1596.97,1596.97,0.0,0,0,LEGITIMATE,TOL-PAYMENT,2025-04-05T00:00:00Z,
rcn-03830,RUN-2025-04-05-01,SETTLEMENT_VS_PAYMENT,core.payments,PAY-0942,core.settlements,SET-0942,MATCHED,1589.43,1589.43,0.0,0,0,LEGITIMATE,TOL-SETTLEMENT,2025-04-05T00:00:00Z,
rcn-03831,RUN-2025-04-05-01,FEE_VS_RATE_CARD,core.payments,PAY-0942,core.gateway_fees,FEE-0942,MATCHED,6.39,6.39,0.0,0,0,LEGITIMATE,TOL-FEE,2025-04-05T00:00:00Z,
rcn-03832,RUN-2025-04-05-01,BANK_VS_SETTLEMENT,core.settlements,SET-0942,core.bank_transactions,BNK-0942,MATCHED,1589.43,1589.43,0.0,0,0,LEGITIMATE,TOL-BANK,2025-04-05T00:00:00Z,
rcn-03833,RUN-2025-04-05-01,PAYMENT_VS_ORDER,core.orders,ORD-943,core.payments,PAY-0943,MATCHED,4972.67,4972.67,0.0,0,0,LEGITIMATE,TOL-PAYMENT,2025-04-05T00:00:00Z,
rcn-03834,RUN-2025-04-05-01,SETTLEMENT_VS_PAYMENT,core.payments,PAY-0943,core.settlements,SET-0943,MATCHED,4855.32,4855.32,0.0,0,0,LEGITIMATE,TOL-SETTLEMENT,2025-04-05T00:00:00Z,
rcn-03835,RUN-2025-04-05-01,FEE_VS_RATE_CARD,core.payments,PAY-0943,core.gateway_fees,FEE-0943,MATCHED,99.45,99.45,0.0,0,0,LEGITIMATE,TOL-FEE,2025-04-05T00:00:00Z,
rcn-03836,RUN-2025-04-05-01,BANK_VS_SETTLEMENT,core.settlements,SET-0943,core.bank_transactions,BNK-0943,MATCHED,4855.32,4855.32,0.0,0,0,LEGITIMATE,TOL-BANK,2025-04-05T00:00:00Z,
rcn-03837,RUN-2025-04-05-01,PAYMENT_VS_ORDER,core.orders,ORD-944,core.payments,PAY-0944,MATCHED,1933.21,1933.21,0.0,0,0,LEGITIMATE,TOL-PAYMENT,2025-04-05T00:00:00Z,
rcn-03838,RUN-2025-04-05-01,SETTLEMENT_VS_PAYMENT,core.payments,PAY-0944,core.settlements,SET-0944,MATCHED,1919.05,1919.05,0.0,0,0,LEGITIMATE,TOL-SETTLEMENT,2025-04-05T00:00:00Z,
rcn-03839,RUN-2025-04-05-01,FEE_VS_RATE_CARD,core.payments,PAY-0944,core.gateway_fees,FEE-0944,MATCHED,12.0,12.0,0.0,0,0,LEGITIMATE,TOL-FEE,2025-04-05T00:00:00Z,
rcn-03840,RUN-2025-04-05-01,BANK_VS_SETTLEMENT,core.settlements,SET-0944,core.bank_transactions,BNK-0944,MATCHED,1919.05,1919.05,0.0,0,0,LEGITIMATE,TOL-BANK,2025-04-05T00:00:00Z,
rcn-03841,RUN-2025-04-05-01,PAYMENT_VS_ORDER,core.orders,ORD-945,core.payments,PAY-0945,MATCHED,1477.37,1477.37,0.0,0,0,LEGITIMATE,TOL-PAYMENT,2025-04-05T00:00:00Z,
rcn-03842,RUN-2025-04-05-01,SETTLEMENT_VS_PAYMENT,core.payments,PAY-0945,core.settlements,SET-0945,MATCHED,1444.25,1444.25,0.0,0,0,LEGITIMATE,TOL-SETTLEMENT,2025-04-05T00:00:00Z,
rcn-03843,RUN-2025-04-05-01,FEE_VS_RATE_CARD,core.payments,PAY-0945,core.gateway_fees,FEE-0945,MATCHED,28.07,28.07,0.0,0,0,LEGITIMATE,TOL-FEE,2025-04-05T00:00:00Z,
rcn-03844,RUN-2025-04-05-01,BANK_VS_SETTLEMENT,core.settlements,SET-0945,core.bank_transactions,BNK-0945,MATCHED,1444.25,1444.25,0.0,0,0,LEGITIMATE,TOL-BANK,2025-04-05T00:00:00Z,
rcn-03845,RUN-2025-04-05-01,PAYMENT_VS_ORDER,core.orders,ORD-946,core.payments,PAY-0946,MATCHED,1030.7,1030.7,0.0,0,0,LEGITIMATE,TOL-PAYMENT,2025-04-05T00:00:00Z,
rcn-03846,RUN-2025-04-05-01,SETTLEMENT_VS_PAYMENT,core.payments,PAY-0946,core.settlements,SET-0946,MATCHED,1006.38,1006.38,0.0,0,0,LEGITIMATE,TOL-SETTLEMENT,2025-04-05T00:00:00Z,
rcn-03847,RUN-2025-04-05-01,FEE_VS_RATE_CARD,core.payments,PAY-0946,core.gateway_fees,FEE-0946,MATCHED,20.61,20.61,0.0,0,0,LEGITIMATE,TOL-FEE,2025-04-05T00:00:00Z,
rcn-03848,RUN-2025-04-05-01,BANK_VS_SETTLEMENT,core.settlements,SET-0946,core.bank_transactions,BNK-0946,MATCHED,1006.38,1006.38,0.0,0,0,LEGITIMATE,TOL-BANK,2025-04-05T00:00:00Z,
rcn-03849,RUN-2025-04-05-01,PAYMENT_VS_ORDER,core.orders,ORD-947,core.payments,PAY-0947,MATCHED,646.74,646.74,0.0,0,0,LEGITIMATE,TOL-PAYMENT,2025-04-05T00:00:00Z,
rcn-03850,RUN-2025-04-05-01,SETTLEMENT_VS_PAYMENT,core.payments,PAY-0947,core.settlements,SET-0947,MATCHED,643.68,642.96,0.72,0,0,LEGITIMATE,TOL-SETTLEMENT,2025-04-05T00:00:00Z,
rcn-03851,RUN-2025-04-05-01,FEE_VS_RATE_CARD,core.payments,PAY-0947,core.gateway_fees,FEE-0947,MATCHED,2.59,3.31,-0.72,0,0,LEGITIMATE,TOL-FEE,2025-04-05T00:00:00Z,
rcn-03852,RUN-2025-04-05-01,BANK_VS_SETTLEMENT,core.settlements,SET-0947,core.bank_transactions,BNK-0947,MATCHED,642.96,642.96,0.0,0,0,LEGITIMATE,TOL-BANK,2025-04-05T00:00:00Z,
rcn-03853,RUN-2025-04-05-01,PAYMENT_VS_ORDER,core.orders,ORD-948,core.payments,PAY-0948,MATCHED,10433.65,10433.65,0.0,0,0,LEGITIMATE,TOL-PAYMENT,2025-04-05T00:00:00Z,
rcn-03854,RUN-2025-04-05-01,SETTLEMENT_VS_PAYMENT,core.payments,PAY-0948,core.settlements,SET-0948,MATCHED,10419.49,10419.49,0.0,0,0,LEGITIMATE,TOL-SETTLEMENT,2025-04-05T00:00:00Z,
rcn-03855,RUN-2025-04-05-01,FEE_VS_RATE_CARD,core.payments,PAY-0948,core.gateway_fees,FEE-0948,MATCHED,12.0,12.0,0.0,0,0,LEGITIMATE,TOL-FEE,2025-04-05T00:00:00Z,
rcn-03856,RUN-2025-04-05-01,BANK_VS_SETTLEMENT,core.settlements,SET-0948,core.bank_transactions,BNK-0948,MATCHED,10419.49,10419.49,0.0,0,0,LEGITIMATE,TOL-BANK,2025-04-05T00:00:00Z,
rcn-03857,RUN-2025-04-05-01,PAYMENT_VS_ORDER,core.orders,ORD-949,core.payments,PAY-0949,MATCHED,4660.88,4660.88,0.0,0,0,LEGITIMATE,TOL-PAYMENT,2025-04-05T00:00:00Z,
rcn-03858,RUN-2025-04-05-01,SETTLEMENT_VS_PAYMENT,core.payments,PAY-0949,core.settlements,SET-0949,MATCHED,4550.88,4550.88,0.0,0,0,LEGITIMATE,TOL-SETTLEMENT,2025-04-05T00:00:00Z,
rcn-03859,RUN-2025-04-05-01,FEE_VS_RATE_CARD,core.payments,PAY-0949,core.gateway_fees,FEE-0949,MATCHED,93.22,93.22,0.0,0,0,LEGITIMATE,TOL-FEE,2025-04-05T00:00:00Z,
rcn-03860,RUN-2025-04-05-01,BANK_VS_SETTLEMENT,core.settlements,SET-0949,core.bank_transactions,BNK-0949,MATCHED,4550.88,4550.88,0.0,0,0,LEGITIMATE,TOL-BANK,2025-04-05T00:00:00Z,
rcn-03861,RUN-2025-04-05-01,PAYMENT_VS_ORDER,core.orders,ORD-950,core.payments,PAY-0950,MATCHED,926.23,926.23,0.0,0,0,LEGITIMATE,TOL-PAYMENT,2025-04-05T00:00:00Z,
rcn-03862,RUN-2025-04-05-01,SETTLEMENT_VS_PAYMENT,core.payments,PAY-0950,core.settlements,SET-0950,MATCHED,904.38,904.38,0.0,0,0,LEGITIMATE,TOL-SETTLEMENT,2025-04-05T00:00:00Z,
rcn-03863,RUN-2025-04-05-01,FEE_VS_RATE_CARD,core.payments,PAY-0950,core.gateway_fees,FEE-0950,MATCHED,18.52,18.52,0.0,0,0,LEGITIMATE,TOL-FEE,2025-04-05T00:00:00Z,
rcn-03864,RUN-2025-04-05-01,BANK_VS_SETTLEMENT,core.settlements,SET-0950,core.bank_transactions,BNK-0950,MATCHED,904.38,904.38,0.0,0,0,LEGITIMATE,TOL-BANK,2025-04-05T00:00:00Z,
rcn-03865,RUN-2025-04-05-01,PAYMENT_VS_ORDER,core.orders,ORD-951,core.payments,PAY-0951,MATCHED,2187.73,2187.73,0.0,0,0,LEGITIMATE,TOL-PAYMENT,2025-04-05T00:00:00Z,
rcn-03866,RUN-2025-04-05-01,SETTLEMENT_VS_PAYMENT,core.payments,PAY-0951,core.settlements,SET-0951,MATCHED,2177.41,2177.41,0.0,0,0,LEGITIMATE,TOL-SETTLEMENT,2025-04-05T00:00:00Z,
rcn-03867,RUN-2025-04-05-01,FEE_VS_RATE_CARD,core.payments,PAY-0951,core.gateway_fees,FEE-0951,MATCHED,8.75,8.75,0.0,0,0,LEGITIMATE,TOL-FEE,2025-04-05T00:00:00Z,
rcn-03868,RUN-2025-04-05-01,BANK_VS_SETTLEMENT,core.settlements,SET-0951,core.bank_transactions,BNK-0951,MATCHED,2177.41,2177.41,0.0,0,0,LEGITIMATE,TOL-BANK,2025-04-05T00:00:00Z,
rcn-03869,RUN-2025-04-05-01,PAYMENT_VS_ORDER,core.orders,ORD-952,core.payments,PAY-0952,MATCHED,4044.97,4044.97,0.0,0,0,LEGITIMATE,TOL-PAYMENT,2025-04-05T00:00:00Z,
rcn-03870,RUN-2025-04-05-01,SETTLEMENT_VS_PAYMENT,core.payments,PAY-0952,core.settlements,,UNMATCHED,1980.46,,,0,1980.46,LEAKAGE,TOL-SETTLEMENT,2025-04-05T00:00:00Z,LEAKAGE on SETTLEMENT_VS_PAYMENT
rcn-03871,RUN-2025-04-05-01,FEE_VS_RATE_CARD,core.payments,PAY-0952,core.gateway_fees,FEE-0952,MATCHED,80.9,80.9,0.0,0,0,LEGITIMATE,TOL-FEE,2025-04-05T00:00:00Z,
rcn-03872,RUN-2025-04-05-01,REFUND_VS_PAYMENT,core.payments,PAY-0952,core.refunds,REF-0952,MATCHED,2009.24,2009.24,0.0,0,0,LEGITIMATE,TOL-REFUND,2025-04-05T00:00:00Z,
rcn-03873,RUN-2025-04-05-01,PAYMENT_VS_ORDER,core.orders,ORD-953,core.payments,PAY-0953,MATCHED,416.23,416.23,0.0,0,0,LEGITIMATE,TOL-PAYMENT,2025-04-05T00:00:00Z,
rcn-03874,RUN-2025-04-05-01,SETTLEMENT_VS_PAYMENT,core.payments,PAY-0953,core.settlements,SET-0953,MATCHED,406.41,406.41,0.0,0,0,LEGITIMATE,TOL-SETTLEMENT,2025-04-05T00:00:00Z,
rcn-03875,RUN-2025-04-05-01,FEE_VS_RATE_CARD,core.payments,PAY-0953,core.gateway_fees,FEE-0953,MATCHED,8.32,8.32,0.0,0,0,LEGITIMATE,TOL-FEE,2025-04-05T00:00:00Z,
rcn-03876,RUN-2025-04-05-01,BANK_VS_SETTLEMENT,core.settlements,SET-0953,core.bank_transactions,BNK-0953,MATCHED,406.41,406.41,0.0,0,0,LEGITIMATE,TOL-BANK,2025-04-05T00:00:00Z,
rcn-03877,RUN-2025-04-05-01,PAYMENT_VS_ORDER,core.orders,ORD-954,core.payments,PAY-0954,MATCHED,1215.66,1215.66,0.0,0,0,LEGITIMATE,TOL-PAYMENT,2025-04-05T00:00:00Z,
rcn-03878,RUN-2025-04-05-01,SETTLEMENT_VS_PAYMENT,core.payments,PAY-0954,core.settlements,SET-0954,MATCHED,1186.97,1186.97,0.0,0,0,LEGITIMATE,TOL-SETTLEMENT,2025-04-05T00:00:00Z,
rcn-03879,RUN-2025-04-05-01,FEE_VS_RATE_CARD,core.payments,PAY-0954,core.gateway_fees,FEE-0954,MATCHED,24.31,24.31,0.0,0,0,LEGITIMATE,TOL-FEE,2025-04-05T00:00:00Z,
rcn-03880,RUN-2025-04-05-01,BANK_VS_SETTLEMENT,core.settlements,SET-0954,core.bank_transactions,BNK-0954,MATCHED,1186.97,1186.97,0.0,0,0,LEGITIMATE,TOL-BANK,2025-04-05T00:00:00Z,
rcn-03881,RUN-2025-04-05-01,PAYMENT_VS_ORDER,core.orders,ORD-955,core.payments,PAY-0955,MATCHED,4823.44,4823.44,0.0,0,0,LEGITIMATE,TOL-PAYMENT,2025-04-05T00:00:00Z,
rcn-03882,RUN-2025-04-05-01,SETTLEMENT_VS_PAYMENT,core.payments,PAY-0955,core.settlements,SET-0955,MATCHED,4800.68,4800.68,0.0,0,0,LEGITIMATE,TOL-SETTLEMENT,2025-04-05T00:00:00Z,
rcn-03883,RUN-2025-04-05-01,FEE_VS_RATE_CARD,core.payments,PAY-0955,core.gateway_fees,FEE-0955,MATCHED,19.29,19.29,0.0,0,0,LEGITIMATE,TOL-FEE,2025-04-05T00:00:00Z,
rcn-03884,RUN-2025-04-05-01,BANK_VS_SETTLEMENT,core.settlements,SET-0955,core.bank_transactions,BNK-0955,MATCHED,4800.68,4800.68,0.0,0,0,LEGITIMATE,TOL-BANK,2025-04-05T00:00:00Z,
rcn-03885,RUN-2025-04-05-01,PAYMENT_VS_ORDER,core.orders,ORD-956,core.payments,PAY-0956,MATCHED,736.78,736.78,0.0,0,0,LEGITIMATE,TOL-PAYMENT,2025-04-05T00:00:00Z,
rcn-03886,RUN-2025-04-05-01,SETTLEMENT_VS_PAYMENT,core.payments,PAY-0956,core.settlements,SET-0956,MATCHED,733.3,733.3,0.0,0,0,LEGITIMATE,TOL-SETTLEMENT,2025-04-05T00:00:00Z,
rcn-03887,RUN-2025-04-05-01,FEE_VS_RATE_CARD,core.payments,PAY-0956,core.gateway_fees,FEE-0956,MATCHED,2.95,2.95,0.0,0,0,LEGITIMATE,TOL-FEE,2025-04-05T00:00:00Z,
rcn-03888,RUN-2025-04-05-01,BANK_VS_SETTLEMENT,core.settlements,SET-0956,core.bank_transactions,BNK-0956,MATCHED,733.3,733.3,0.0,0,0,LEGITIMATE,TOL-BANK,2025-04-05T00:00:00Z,
rcn-03889,RUN-2025-04-05-01,PAYMENT_VS_ORDER,core.orders,ORD-957,core.payments,PAY-0957,MATCHED,1160.12,1160.12,0.0,0,0,LEGITIMATE,TOL-PAYMENT,2025-04-05T00:00:00Z,
rcn-03890,RUN-2025-04-05-01,SETTLEMENT_VS_PAYMENT,core.payments,PAY-0957,core.settlements,SET-0957,MATCHED,1145.96,1145.96,0.0,0,0,LEGITIMATE,TOL-SETTLEMENT,2025-04-05T00:00:00Z,
rcn-03891,RUN-2025-04-05-01,FEE_VS_RATE_CARD,core.payments,PAY-0957,core.gateway_fees,FEE-0957,MATCHED,12.0,12.0,0.0,0,0,LEGITIMATE,TOL-FEE,2025-04-05T00:00:00Z,
rcn-03892,RUN-2025-04-05-01,BANK_VS_SETTLEMENT,core.settlements,SET-0957,core.bank_transactions,BNK-0957,MATCHED,1145.96,1145.96,0.0,0,0,LEGITIMATE,TOL-BANK,2025-04-05T00:00:00Z,
rcn-03893,RUN-2025-04-05-01,PAYMENT_VS_ORDER,core.orders,ORD-958,core.payments,PAY-0958,MATCHED,509.61,509.61,0.0,0,0,LEGITIMATE,TOL-PAYMENT,2025-04-05T00:00:00Z,
rcn-03894,RUN-2025-04-05-01,SETTLEMENT_VS_PAYMENT,core.payments,PAY-0958,core.settlements,SET-0958,MATCHED,507.2,506.52,0.68,0,0,LEGITIMATE,TOL-SETTLEMENT,2025-04-05T00:00:00Z,
rcn-03895,RUN-2025-04-05-01,FEE_VS_RATE_CARD,core.payments,PAY-0958,core.gateway_fees,FEE-0958,MATCHED,2.04,2.72,-0.68,0,0,LEGITIMATE,TOL-FEE,2025-04-05T00:00:00Z,
rcn-03896,RUN-2025-04-05-01,BANK_VS_SETTLEMENT,core.settlements,SET-0958,core.bank_transactions,BNK-0958,MATCHED,506.52,506.52,0.0,0,0,LEGITIMATE,TOL-BANK,2025-04-05T00:00:00Z,
rcn-03897,RUN-2025-04-05-01,PAYMENT_VS_ORDER,core.orders,ORD-959,core.payments,PAY-0959,MATCHED,923.59,923.59,0.0,0,0,LEGITIMATE,TOL-PAYMENT,2025-04-05T00:00:00Z,
rcn-03898,RUN-2025-04-05-01,SETTLEMENT_VS_PAYMENT,core.payments,PAY-0959,core.settlements,SET-0959,MATCHED,919.24,919.24,0.0,0,0,LEGITIMATE,TOL-SETTLEMENT,2025-04-05T00:00:00Z,
rcn-03899,RUN-2025-04-05-01,FEE_VS_RATE_CARD,core.payments,PAY-0959,core.gateway_fees,FEE-0959,MATCHED,3.69,3.69,0.0,0,0,LEGITIMATE,TOL-FEE,2025-04-05T00:00:00Z,
rcn-03900,RUN-2025-04-05-01,BANK_VS_SETTLEMENT,core.settlements,SET-0959,core.bank_transactions,BNK-0959,MATCHED,919.24,919.24,0.0,0,0,LEGITIMATE,TOL-BANK,2025-04-05T00:00:00Z,
rcn-03901,RUN-2025-04-05-01,PAYMENT_VS_ORDER,core.orders,ORD-960,core.payments,PAY-0960,MATCHED,502.46,502.46,0.0,0,0,LEGITIMATE,TOL-PAYMENT,2025-04-05T00:00:00Z,
rcn-03902,RUN-2025-04-05-01,SETTLEMENT_VS_PAYMENT,core.payments,PAY-0960,core.settlements,SET-0960,MATCHED,490.6,490.6,0.0,0,0,LEGITIMATE,TOL-SETTLEMENT,2025-04-05T00:00:00Z,
rcn-03903,RUN-2025-04-05-01,FEE_VS_RATE_CARD,core.payments,PAY-0960,core.gateway_fees,FEE-0960,MATCHED,10.05,10.05,0.0,0,0,LEGITIMATE,TOL-FEE,2025-04-05T00:00:00Z,
rcn-03904,RUN-2025-04-05-01,BANK_VS_SETTLEMENT,core.settlements,SET-0960,core.bank_transactions,BNK-0960,MATCHED,490.6,490.6,0.0,0,0,LEGITIMATE,TOL-BANK,2025-04-05T00:00:00Z,
rcn-03905,RUN-2025-04-05-01,PAYMENT_VS_ORDER,core.orders,ORD-961,core.payments,PAY-0961,MATCHED,1418.98,1418.98,0.0,0,0,LEGITIMATE,TOL-PAYMENT,2025-04-05T00:00:00Z,
rcn-03906,RUN-2025-04-05-01,SETTLEMENT_VS_PAYMENT,core.payments,PAY-0961,core.settlements,SET-0961,MATCHED,1385.49,1385.49,0.0,0,0,LEGITIMATE,TOL-SETTLEMENT,2025-04-05T00:00:00Z,
rcn-03907,RUN-2025-04-05-01,FEE_VS_RATE_CARD,core.payments,PAY-0961,core.gateway_fees,FEE-0961,MATCHED,28.38,28.38,0.0,0,0,LEGITIMATE,TOL-FEE,2025-04-05T00:00:00Z,
rcn-03908,RUN-2025-04-05-01,BANK_VS_SETTLEMENT,core.settlements,SET-0961,core.bank_transactions,BNK-0961,MATCHED,1385.49,1385.49,0.0,0,0,LEGITIMATE,TOL-BANK,2025-04-05T00:00:00Z,
rcn-03909,RUN-2025-04-05-01,PAYMENT_VS_ORDER,core.orders,ORD-962,core.payments,PAY-0962,MATCHED,8047.86,8047.86,0.0,0,0,LEGITIMATE,TOL-PAYMENT,2025-04-05T00:00:00Z,
rcn-03910,RUN-2025-04-05-01,SETTLEMENT_VS_PAYMENT,core.payments,PAY-0962,core.settlements,SET-0962,MATCHED,7824.7,7824.7,0.0,0,0,LEGITIMATE,TOL-SETTLEMENT,2025-04-05T00:00:00Z,
rcn-03911,RUN-2025-04-05-01,FEE_VS_RATE_CARD,core.payments,PAY-0962,core.gateway_fees,FEE-0962,MATCHED,189.12,189.12,0.0,0,0,LEGITIMATE,TOL-FEE,2025-04-05T00:00:00Z,
rcn-03912,RUN-2025-04-05-01,BANK_VS_SETTLEMENT,core.settlements,SET-0962,core.bank_transactions,BNK-0962,MATCHED,7824.7,7824.7,0.0,0,0,LEGITIMATE,TOL-BANK,2025-04-05T00:00:00Z,
rcn-03913,RUN-2025-04-05-01,PAYMENT_VS_ORDER,core.orders,ORD-963,core.payments,PAY-0963,MATCHED,328.19,328.19,0.0,0,0,LEGITIMATE,TOL-PAYMENT,2025-04-05T00:00:00Z,
rcn-03914,RUN-2025-04-05-01,SETTLEMENT_VS_PAYMENT,core.payments,PAY-0963,core.settlements,SET-0963,MATCHED,202.29,202.29,0.0,0,0,LEGITIMATE,TOL-SETTLEMENT,2025-04-05T00:00:00Z,
rcn-03915,RUN-2025-04-05-01,FEE_VS_RATE_CARD,core.payments,PAY-0963,core.gateway_fees,FEE-0963,MATCHED,6.56,6.56,0.0,0,0,LEGITIMATE,TOL-FEE,2025-04-05T00:00:00Z,
rcn-03916,RUN-2025-04-05-01,BANK_VS_SETTLEMENT,core.settlements,SET-0963,core.bank_transactions,BNK-0963,MATCHED,202.29,202.29,0.0,0,0,LEGITIMATE,TOL-BANK,2025-04-05T00:00:00Z,
rcn-03917,RUN-2025-04-05-01,REFUND_VS_PAYMENT,core.payments,PAY-0963,core.refunds,REF-0963,MATCHED,120.57,120.57,0.0,0,0,LEGITIMATE,TOL-REFUND,2025-04-05T00:00:00Z,
rcn-03918,RUN-2025-04-05-01,PAYMENT_VS_ORDER,core.orders,ORD-964,core.payments,PAY-0964,MATCHED,1236.04,1236.04,0.0,0,0,LEGITIMATE,TOL-PAYMENT,2025-04-05T00:00:00Z,
rcn-03919,RUN-2025-04-05-01,SETTLEMENT_VS_PAYMENT,core.payments,PAY-0964,core.settlements,SET-0964,MISMATCH,653.77,642.48,11.29,0,11.29,LEAKAGE,TOL-SETTLEMENT,2025-04-05T00:00:00Z,LEAKAGE on SETTLEMENT_VS_PAYMENT
rcn-03920,RUN-2025-04-05-01,FEE_VS_RATE_CARD,core.payments,PAY-0964,core.gateway_fees,FEE-0964,MATCHED,24.72,24.72,0.0,0,0,LEGITIMATE,TOL-FEE,2025-04-05T00:00:00Z,
rcn-03921,RUN-2025-04-05-01,BANK_VS_SETTLEMENT,core.settlements,SET-0964,core.bank_transactions,BNK-0964,MATCHED,642.48,642.48,0.0,0,0,LEGITIMATE,TOL-BANK,2025-04-05T00:00:00Z,
rcn-03922,RUN-2025-04-05-01,REFUND_VS_PAYMENT,core.payments,PAY-0964,core.refunds,REF-0964,MATCHED,564.39,564.39,0.0,0,0,LEGITIMATE,TOL-REFUND,2025-04-05T00:00:00Z,
rcn-03923,RUN-2025-04-05-01,PAYMENT_VS_ORDER,core.orders,ORD-965,core.payments,PAY-0965,MATCHED,1198.49,1198.49,0.0,0,0,LEGITIMATE,TOL-PAYMENT,2025-04-05T00:00:00Z,
rcn-03924,RUN-2025-04-05-01,SETTLEMENT_VS_PAYMENT,core.payments,PAY-0965,core.settlements,SET-0965,MATCHED,1170.21,1170.21,0.0,0,0,LEGITIMATE,TOL-SETTLEMENT,2025-04-05T00:00:00Z,
rcn-03925,RUN-2025-04-05-01,FEE_VS_RATE_CARD,core.payments,PAY-0965,core.gateway_fees,FEE-0965,MATCHED,23.97,23.97,0.0,0,0,LEGITIMATE,TOL-FEE,2025-04-05T00:00:00Z,
rcn-03926,RUN-2025-04-05-01,BANK_VS_SETTLEMENT,core.settlements,SET-0965,core.bank_transactions,BNK-0965,MATCHED,1170.21,1170.21,0.0,0,0,LEGITIMATE,TOL-BANK,2025-04-05T00:00:00Z,
rcn-03927,RUN-2025-04-05-01,PAYMENT_VS_ORDER,core.orders,ORD-966,core.payments,PAY-0966,MATCHED,7108.5,7108.5,0.0,0,0,LEGITIMATE,TOL-PAYMENT,2025-04-05T00:00:00Z,
rcn-03928,RUN-2025-04-05-01,SETTLEMENT_VS_PAYMENT,core.payments,PAY-0966,core.settlements,SET-0966,MATCHED,6940.74,6940.74,0.0,0,0,LEGITIMATE,TOL-SETTLEMENT,2025-04-05T00:00:00Z,
rcn-03929,RUN-2025-04-05-01,FEE_VS_RATE_CARD,core.payments,PAY-0966,core.gateway_fees,FEE-0966,MATCHED,142.17,142.17,0.0,0,0,LEGITIMATE,TOL-FEE,2025-04-05T00:00:00Z,
rcn-03930,RUN-2025-04-05-01,BANK_VS_SETTLEMENT,core.settlements,SET-0966,core.bank_transactions,BNK-0966,MATCHED,6940.74,6940.74,0.0,0,0,LEGITIMATE,TOL-BANK,2025-04-05T00:00:00Z,
rcn-03931,RUN-2025-04-05-01,PAYMENT_VS_ORDER,core.orders,ORD-967,core.payments,PAY-0967,MATCHED,1029.57,1029.57,0.0,0,0,LEGITIMATE,TOL-PAYMENT,2025-04-05T00:00:00Z,
rcn-03932,RUN-2025-04-05-01,SETTLEMENT_VS_PAYMENT,core.payments,PAY-0967,core.settlements,SET-0967,MATCHED,1024.71,1024.71,0.0,0,0,LEGITIMATE,TOL-SETTLEMENT,2025-04-05T00:00:00Z,
rcn-03933,RUN-2025-04-05-01,FEE_VS_RATE_CARD,core.payments,PAY-0967,core.gateway_fees,FEE-0967,MATCHED,4.12,4.12,0.0,0,0,LEGITIMATE,TOL-FEE,2025-04-05T00:00:00Z,
rcn-03934,RUN-2025-04-05-01,BANK_VS_SETTLEMENT,core.settlements,SET-0967,core.bank_transactions,BNK-0967,MATCHED,1024.71,1024.71,0.0,0,0,LEGITIMATE,TOL-BANK,2025-04-05T00:00:00Z,
rcn-03935,RUN-2025-04-05-01,PAYMENT_VS_ORDER,core.orders,ORD-968,core.payments,PAY-0968,MATCHED,8030.21,8030.21,0.0,0,0,LEGITIMATE,TOL-PAYMENT,2025-04-05T00:00:00Z,
rcn-03936,RUN-2025-04-05-01,SETTLEMENT_VS_PAYMENT,core.payments,PAY-0968,core.settlements,SET-0968,MATCHED,7992.31,7992.31,0.0,0,0,LEGITIMATE,TOL-SETTLEMENT,2025-04-05T00:00:00Z,
rcn-03937,RUN-2025-04-05-01,FEE_VS_RATE_CARD,core.payments,PAY-0968,core.gateway_fees,FEE-0968,MATCHED,32.12,32.12,0.0,0,0,LEGITIMATE,TOL-FEE,2025-04-05T00:00:00Z,
rcn-03938,RUN-2025-04-05-01,BANK_VS_SETTLEMENT,core.settlements,SET-0968,core.bank_transactions,BNK-0968,MATCHED,7992.31,7992.31,0.0,0,0,LEGITIMATE,TOL-BANK,2025-04-05T00:00:00Z,
rcn-03939,RUN-2025-04-05-01,PAYMENT_VS_ORDER,core.orders,ORD-969,core.payments,PAY-0969,MATCHED,299.0,299.0,0.0,0,0,LEGITIMATE,TOL-PAYMENT,2025-04-05T00:00:00Z,
rcn-03940,RUN-2025-04-05-01,SETTLEMENT_VS_PAYMENT,core.payments,PAY-0969,core.settlements,SET-0969,MATCHED,297.58,297.58,0.0,0,0,LEGITIMATE,TOL-SETTLEMENT,2025-04-05T00:00:00Z,
rcn-03941,RUN-2025-04-05-01,FEE_VS_RATE_CARD,core.payments,PAY-0969,core.gateway_fees,FEE-0969,MATCHED,1.2,1.2,0.0,0,0,LEGITIMATE,TOL-FEE,2025-04-05T00:00:00Z,
rcn-03942,RUN-2025-04-05-01,BANK_VS_SETTLEMENT,core.settlements,SET-0969,core.bank_transactions,BNK-0969,MATCHED,297.58,297.58,0.0,0,0,LEGITIMATE,TOL-BANK,2025-04-05T00:00:00Z,
rcn-03943,RUN-2025-04-05-01,PAYMENT_VS_ORDER,core.orders,ORD-970,core.payments,PAY-0970,MATCHED,502.31,502.31,0.0,0,0,LEGITIMATE,TOL-PAYMENT,2025-04-05T00:00:00Z,
rcn-03944,RUN-2025-04-05-01,SETTLEMENT_VS_PAYMENT,core.payments,PAY-0970,core.settlements,SET-0970,MATCHED,499.94,499.94,0.0,0,0,LEGITIMATE,TOL-SETTLEMENT,2025-04-05T00:00:00Z,
rcn-03945,RUN-2025-04-05-01,FEE_VS_RATE_CARD,core.payments,PAY-0970,core.gateway_fees,FEE-0970,MATCHED,2.01,2.01,0.0,0,0,LEGITIMATE,TOL-FEE,2025-04-05T00:00:00Z,
rcn-03946,RUN-2025-04-05-01,BANK_VS_SETTLEMENT,core.settlements,SET-0970,core.bank_transactions,BNK-0970,MATCHED,499.94,499.94,0.0,0,0,LEGITIMATE,TOL-BANK,2025-04-05T00:00:00Z,
rcn-03947,RUN-2025-04-05-01,PAYMENT_VS_ORDER,core.orders,ORD-971,core.payments,PAY-0971,MATCHED,1334.44,1334.44,0.0,0,0,LEGITIMATE,TOL-PAYMENT,2025-04-05T00:00:00Z,
rcn-03948,RUN-2025-04-05-01,SETTLEMENT_VS_PAYMENT,core.payments,PAY-0971,core.settlements,,UNMATCHED,953.0,,,0,953.0,LEAKAGE,TOL-SETTLEMENT,2025-04-05T00:00:00Z,LEAKAGE on SETTLEMENT_VS_PAYMENT
rcn-03949,RUN-2025-04-05-01,FEE_VS_RATE_CARD,core.payments,PAY-0971,core.gateway_fees,FEE-0971,MATCHED,5.34,5.34,0.0,0,0,LEGITIMATE,TOL-FEE,2025-04-05T00:00:00Z,
rcn-03950,RUN-2025-04-05-01,REFUND_VS_PAYMENT,core.payments,PAY-0971,core.refunds,REF-0971,MATCHED,376.65,376.65,0.0,0,0,LEGITIMATE,TOL-REFUND,2025-04-05T00:00:00Z,
rcn-03951,RUN-2025-04-05-01,PAYMENT_VS_ORDER,core.orders,ORD-972,core.payments,PAY-0972,MATCHED,1246.18,1246.18,0.0,0,0,LEGITIMATE,TOL-PAYMENT,2025-04-05T00:00:00Z,
rcn-03952,RUN-2025-04-05-01,SETTLEMENT_VS_PAYMENT,core.payments,PAY-0972,core.settlements,SET-0972,MATCHED,1216.77,1216.77,0.0,0,0,LEGITIMATE,TOL-SETTLEMENT,2025-04-05T00:00:00Z,
rcn-03953,RUN-2025-04-05-01,FEE_VS_RATE_CARD,core.payments,PAY-0972,core.gateway_fees,FEE-0972,MATCHED,24.92,24.92,0.0,0,0,LEGITIMATE,TOL-FEE,2025-04-05T00:00:00Z,
rcn-03954,RUN-2025-04-05-01,BANK_VS_SETTLEMENT,core.settlements,SET-0972,core.bank_transactions,BNK-0972,MATCHED,1216.77,1216.77,0.0,0,0,LEGITIMATE,TOL-BANK,2025-04-05T00:00:00Z,
rcn-03955,RUN-2025-04-05-01,PAYMENT_VS_ORDER,core.orders,ORD-973,core.payments,PAY-0973,MATCHED,757.36,757.36,0.0,0,0,LEGITIMATE,TOL-PAYMENT,2025-04-05T00:00:00Z,
rcn-03956,RUN-2025-04-05-01,SETTLEMENT_VS_PAYMENT,core.payments,PAY-0973,core.settlements,SET-0973,MATCHED,736.36,736.36,0.0,0,0,LEGITIMATE,TOL-SETTLEMENT,2025-04-05T00:00:00Z,
rcn-03957,RUN-2025-04-05-01,FEE_VS_RATE_CARD,core.payments,PAY-0973,core.gateway_fees,FEE-0973,MATCHED,17.8,17.8,0.0,0,0,LEGITIMATE,TOL-FEE,2025-04-05T00:00:00Z,
rcn-03958,RUN-2025-04-05-01,BANK_VS_SETTLEMENT,core.settlements,SET-0973,core.bank_transactions,BNK-0973,MATCHED,736.36,736.36,0.0,0,0,LEGITIMATE,TOL-BANK,2025-04-05T00:00:00Z,
rcn-03959,RUN-2025-04-05-01,PAYMENT_VS_ORDER,core.orders,ORD-974,core.payments,PAY-0974,MATCHED,3479.25,3479.25,0.0,0,0,LEGITIMATE,TOL-PAYMENT,2025-04-05T00:00:00Z,
rcn-03960,RUN-2025-04-05-01,SETTLEMENT_VS_PAYMENT,core.payments,PAY-0974,core.settlements,SET-0974,MATCHED,3401.24,3401.24,0.0,0,0,LEGITIMATE,TOL-SETTLEMENT,2025-04-05T00:00:00Z,
rcn-03961,RUN-2025-04-05-01,FEE_VS_RATE_CARD,core.payments,PAY-0974,core.gateway_fees,FEE-0974,MATCHED,66.11,66.11,0.0,0,0,LEGITIMATE,TOL-FEE,2025-04-05T00:00:00Z,
rcn-03962,RUN-2025-04-05-01,BANK_VS_SETTLEMENT,core.settlements,SET-0974,core.bank_transactions,BNK-0974,MATCHED,3401.24,3401.24,0.0,0,0,LEGITIMATE,TOL-BANK,2025-04-05T00:00:00Z,
rcn-03963,RUN-2025-04-05-01,PAYMENT_VS_ORDER,core.orders,ORD-975,core.payments,PAY-0975,MATCHED,798.59,798.59,0.0,0,0,LEGITIMATE,TOL-PAYMENT,2025-04-05T00:00:00Z,
rcn-03964,RUN-2025-04-05-01,SETTLEMENT_VS_PAYMENT,core.payments,PAY-0975,core.settlements,SET-0975,MATCHED,779.75,779.75,0.0,0,0,LEGITIMATE,TOL-SETTLEMENT,2025-04-05T00:00:00Z,
rcn-03965,RUN-2025-04-05-01,FEE_VS_RATE_CARD,core.payments,PAY-0975,core.gateway_fees,FEE-0975,MATCHED,15.97,15.97,0.0,0,0,LEGITIMATE,TOL-FEE,2025-04-05T00:00:00Z,
rcn-03966,RUN-2025-04-05-01,BANK_VS_SETTLEMENT,core.settlements,SET-0975,core.bank_transactions,BNK-0975,MATCHED,779.75,779.75,0.0,0,0,LEGITIMATE,TOL-BANK,2025-04-05T00:00:00Z,
rcn-03967,RUN-2025-04-05-01,PAYMENT_VS_ORDER,core.orders,ORD-976,core.payments,PAY-0976,MATCHED,2373.33,2373.33,0.0,0,0,LEGITIMATE,TOL-PAYMENT,2025-04-05T00:00:00Z,
rcn-03968,RUN-2025-04-05-01,SETTLEMENT_VS_PAYMENT,core.payments,PAY-0976,core.settlements,SET-0976,MATCHED,2320.12,2320.12,0.0,0,0,LEGITIMATE,TOL-SETTLEMENT,2025-04-05T00:00:00Z,
rcn-03969,RUN-2025-04-05-01,FEE_VS_RATE_CARD,core.payments,PAY-0976,core.gateway_fees,FEE-0976,MATCHED,45.09,45.09,0.0,0,0,LEGITIMATE,TOL-FEE,2025-04-05T00:00:00Z,
rcn-03970,RUN-2025-04-05-01,BANK_VS_SETTLEMENT,core.settlements,SET-0976,core.bank_transactions,BNK-0976,MATCHED,2320.12,2320.12,0.0,0,0,LEGITIMATE,TOL-BANK,2025-04-05T00:00:00Z,
rcn-03971,RUN-2025-04-05-01,PAYMENT_VS_ORDER,core.orders,ORD-977,core.payments,PAY-0977,MATCHED,2221.66,2221.66,0.0,0,0,LEGITIMATE,TOL-PAYMENT,2025-04-05T00:00:00Z,
rcn-03972,RUN-2025-04-05-01,SETTLEMENT_VS_PAYMENT,core.payments,PAY-0977,core.settlements,SET-0977,MATCHED,2171.85,2171.85,0.0,0,0,LEGITIMATE,TOL-SETTLEMENT,2025-04-05T00:00:00Z,
rcn-03973,RUN-2025-04-05-01,FEE_VS_RATE_CARD,core.payments,PAY-0977,core.gateway_fees,FEE-0977,MATCHED,42.21,42.21,0.0,0,0,LEGITIMATE,TOL-FEE,2025-04-05T00:00:00Z,
rcn-03974,RUN-2025-04-05-01,BANK_VS_SETTLEMENT,core.settlements,SET-0977,core.bank_transactions,BNK-0977,MATCHED,2171.85,2171.85,0.0,0,0,LEGITIMATE,TOL-BANK,2025-04-05T00:00:00Z,
rcn-03975,RUN-2025-04-05-01,PAYMENT_VS_ORDER,core.orders,ORD-978,core.payments,PAY-0978,MATCHED,1178.08,1178.08,0.0,0,0,LEGITIMATE,TOL-PAYMENT,2025-04-05T00:00:00Z,
rcn-03976,RUN-2025-04-05-01,SETTLEMENT_VS_PAYMENT,core.payments,PAY-0978,core.settlements,SET-0978,MATCHED,1150.28,1150.28,0.0,0,0,LEGITIMATE,TOL-SETTLEMENT,2025-04-05T00:00:00Z,
rcn-03977,RUN-2025-04-05-01,FEE_VS_RATE_CARD,core.payments,PAY-0978,core.gateway_fees,FEE-0978,MATCHED,23.56,23.56,0.0,0,0,LEGITIMATE,TOL-FEE,2025-04-05T00:00:00Z,
rcn-03978,RUN-2025-04-05-01,BANK_VS_SETTLEMENT,core.settlements,SET-0978,core.bank_transactions,BNK-0978,MATCHED,1150.28,1150.28,0.0,0,0,LEGITIMATE,TOL-BANK,2025-04-05T00:00:00Z,
rcn-03979,RUN-2025-04-05-01,PAYMENT_VS_ORDER,core.orders,ORD-979,core.payments,PAY-0979,MATCHED,313.48,313.48,0.0,0,0,LEGITIMATE,TOL-PAYMENT,2025-04-05T00:00:00Z,
rcn-03980,RUN-2025-04-05-01,SETTLEMENT_VS_PAYMENT,core.payments,PAY-0979,core.settlements,SET-0979,MATCHED,299.32,299.32,0.0,0,0,LEGITIMATE,TOL-SETTLEMENT,2025-04-05T00:00:00Z,
rcn-03981,RUN-2025-04-05-01,FEE_VS_RATE_CARD,core.payments,PAY-0979,core.gateway_fees,FEE-0979,MATCHED,12.0,12.0,0.0,0,0,LEGITIMATE,TOL-FEE,2025-04-05T00:00:00Z,
rcn-03982,RUN-2025-04-05-01,BANK_VS_SETTLEMENT,core.settlements,SET-0979,core.bank_transactions,BNK-0979,MATCHED,299.32,299.32,0.0,0,0,LEGITIMATE,TOL-BANK,2025-04-05T00:00:00Z,
rcn-03983,RUN-2025-04-05-01,PAYMENT_VS_ORDER,core.orders,ORD-980,core.payments,PAY-0980,MATCHED,5168.8,5168.8,0.0,0,0,LEGITIMATE,TOL-PAYMENT,2025-04-05T00:00:00Z,
rcn-03984,RUN-2025-04-05-01,SETTLEMENT_VS_PAYMENT,core.payments,PAY-0980,core.settlements,SET-0980,MISMATCH,5046.81,5013.61,33.2,0,33.2,LEAKAGE,TOL-SETTLEMENT,2025-04-05T00:00:00Z,LEAKAGE on SETTLEMENT_VS_PAYMENT
rcn-03985,RUN-2025-04-05-01,FEE_VS_RATE_CARD,core.payments,PAY-0980,core.gateway_fees,FEE-0980,MISMATCH,103.38,136.58,-33.2,0,33.2,LEAKAGE,TOL-FEE,2025-04-05T00:00:00Z,LEAKAGE on FEE_VS_RATE_CARD
rcn-03986,RUN-2025-04-05-01,BANK_VS_SETTLEMENT,core.settlements,SET-0980,core.bank_transactions,BNK-0980,MATCHED,5013.61,5013.61,0.0,0,0,LEGITIMATE,TOL-BANK,2025-04-05T00:00:00Z,
rcn-03987,RUN-2025-04-05-01,PAYMENT_VS_ORDER,core.orders,ORD-981,core.payments,PAY-0981,MATCHED,522.49,522.49,0.0,0,0,LEGITIMATE,TOL-PAYMENT,2025-04-05T00:00:00Z,
rcn-03988,RUN-2025-04-05-01,SETTLEMENT_VS_PAYMENT,core.payments,PAY-0981,core.settlements,SET-0981,MATCHED,508.33,508.33,0.0,0,0,LEGITIMATE,TOL-SETTLEMENT,2025-04-05T00:00:00Z,
rcn-03989,RUN-2025-04-05-01,FEE_VS_RATE_CARD,core.payments,PAY-0981,core.gateway_fees,FEE-0981,MATCHED,12.0,12.0,0.0,0,0,LEGITIMATE,TOL-FEE,2025-04-05T00:00:00Z,
rcn-03990,RUN-2025-04-05-01,BANK_VS_SETTLEMENT,core.settlements,SET-0981,core.bank_transactions,BNK-0981,MATCHED,508.33,508.33,0.0,0,0,LEGITIMATE,TOL-BANK,2025-04-05T00:00:00Z,
rcn-03991,RUN-2025-04-05-01,PAYMENT_VS_ORDER,core.orders,ORD-982,core.payments,PAY-0982,MATCHED,493.55,493.55,0.0,0,0,LEGITIMATE,TOL-PAYMENT,2025-04-05T00:00:00Z,
rcn-03992,RUN-2025-04-05-01,SETTLEMENT_VS_PAYMENT,core.payments,PAY-0982,core.settlements,,UNMATCHED,479.39,,,0,479.39,LEAKAGE,TOL-SETTLEMENT,2025-04-05T00:00:00Z,LEAKAGE on SETTLEMENT_VS_PAYMENT
rcn-03993,RUN-2025-04-05-01,FEE_VS_RATE_CARD,core.payments,PAY-0982,core.gateway_fees,FEE-0982,MATCHED,12.0,12.0,0.0,0,0,LEGITIMATE,TOL-FEE,2025-04-05T00:00:00Z,
rcn-03994,RUN-2025-04-05-01,PAYMENT_VS_ORDER,core.orders,ORD-983,core.payments,PAY-0983,MATCHED,451.49,451.49,0.0,0,0,LEGITIMATE,TOL-PAYMENT,2025-04-05T00:00:00Z,
rcn-03995,RUN-2025-04-05-01,SETTLEMENT_VS_PAYMENT,core.payments,PAY-0983,core.settlements,SET-0983,MATCHED,437.33,437.33,0.0,0,0,LEGITIMATE,TOL-SETTLEMENT,2025-04-05T00:00:00Z,
rcn-03996,RUN-2025-04-05-01,FEE_VS_RATE_CARD,core.payments,PAY-0983,core.gateway_fees,FEE-0983,MATCHED,12.0,12.0,0.0,0,0,LEGITIMATE,TOL-FEE,2025-04-05T00:00:00Z,
rcn-03997,RUN-2025-04-05-01,BANK_VS_SETTLEMENT,core.settlements,SET-0983,core.bank_transactions,BNK-0983,MATCHED,437.33,437.33,0.0,0,0,LEGITIMATE,TOL-BANK,2025-04-05T00:00:00Z,
rcn-03998,RUN-2025-04-05-01,PAYMENT_VS_ORDER,core.orders,ORD-984,core.payments,PAY-0984,MATCHED,14543.28,14543.28,0.0,0,0,LEGITIMATE,TOL-PAYMENT,2025-04-05T00:00:00Z,
rcn-03999,RUN-2025-04-05-01,SETTLEMENT_VS_PAYMENT,core.payments,PAY-0984,core.settlements,SET-0984,MATCHED,14474.64,14474.64,0.0,0,0,LEGITIMATE,TOL-SETTLEMENT,2025-04-05T00:00:00Z,
rcn-04000,RUN-2025-04-05-01,FEE_VS_RATE_CARD,core.payments,PAY-0984,core.gateway_fees,FEE-0984,MATCHED,58.17,58.17,0.0,0,0,LEGITIMATE,TOL-FEE,2025-04-05T00:00:00Z,
rcn-04001,RUN-2025-04-05-01,BANK_VS_SETTLEMENT,core.settlements,SET-0984,core.bank_transactions,BNK-0984,MATCHED,14474.64,14474.64,0.0,0,0,LEGITIMATE,TOL-BANK,2025-04-05T00:00:00Z,
rcn-04002,RUN-2025-04-05-01,PAYMENT_VS_ORDER,core.orders,ORD-985,core.payments,PAY-0985,MATCHED,1438.71,1438.71,0.0,0,0,LEGITIMATE,TOL-PAYMENT,2025-04-05T00:00:00Z,
rcn-04003,RUN-2025-04-05-01,SETTLEMENT_VS_PAYMENT,core.payments,PAY-0985,core.settlements,SET-0985,MATCHED,1406.45,1406.45,0.0,0,0,LEGITIMATE,TOL-SETTLEMENT,2025-04-05T00:00:00Z,
rcn-04004,RUN-2025-04-05-01,FEE_VS_RATE_CARD,core.payments,PAY-0985,core.gateway_fees,FEE-0985,MATCHED,27.34,27.34,0.0,0,0,LEGITIMATE,TOL-FEE,2025-04-05T00:00:00Z,
rcn-04005,RUN-2025-04-05-01,BANK_VS_SETTLEMENT,core.settlements,SET-0985,core.bank_transactions,BNK-0985,MATCHED,1406.45,1406.45,0.0,0,0,LEGITIMATE,TOL-BANK,2025-04-05T00:00:00Z,
rcn-04006,RUN-2025-04-05-01,PAYMENT_VS_ORDER,core.orders,ORD-986,core.payments,PAY-0986,MATCHED,1539.48,1539.48,0.0,0,0,LEGITIMATE,TOL-PAYMENT,2025-04-05T00:00:00Z,
rcn-04007,RUN-2025-04-05-01,SETTLEMENT_VS_PAYMENT,core.payments,PAY-0986,core.settlements,SET-0986,MATCHED,1496.79,1496.79,0.0,0,0,LEGITIMATE,TOL-SETTLEMENT,2025-04-05T00:00:00Z,
rcn-04008,RUN-2025-04-05-01,FEE_VS_RATE_CARD,core.payments,PAY-0986,core.gateway_fees,FEE-0986,MATCHED,36.18,36.18,0.0,0,0,LEGITIMATE,TOL-FEE,2025-04-05T00:00:00Z,
rcn-04009,RUN-2025-04-05-01,BANK_VS_SETTLEMENT,core.settlements,SET-0986,core.bank_transactions,BNK-0986,MATCHED,1496.79,1496.79,0.0,0,0,LEGITIMATE,TOL-BANK,2025-04-05T00:00:00Z,
rcn-04010,RUN-2025-04-05-01,PAYMENT_VS_ORDER,core.orders,ORD-988,core.payments,PAY-0988,MATCHED,337.1,337.1,0.0,0,0,LEGITIMATE,TOL-PAYMENT,2025-04-05T00:00:00Z,
rcn-04011,RUN-2025-04-05-01,SETTLEMENT_VS_PAYMENT,core.payments,PAY-0988,core.settlements,SET-0988,MATCHED,329.15,327.25,1.9,0,0,LEGITIMATE,TOL-SETTLEMENT,2025-04-05T00:00:00Z,
rcn-04012,RUN-2025-04-05-01,FEE_VS_RATE_CARD,core.payments,PAY-0988,core.gateway_fees,FEE-0988,MISMATCH,6.74,8.64,-1.9,0,1.9,LEAKAGE,TOL-FEE,2025-04-05T00:00:00Z,LEAKAGE on FEE_VS_RATE_CARD
rcn-04013,RUN-2025-04-05-01,BANK_VS_SETTLEMENT,core.settlements,SET-0988,core.bank_transactions,BNK-0988,MATCHED,327.25,327.25,0.0,0,0,LEGITIMATE,TOL-BANK,2025-04-05T00:00:00Z,
rcn-04014,RUN-2025-04-05-01,PAYMENT_VS_ORDER,core.orders,ORD-989,core.payments,PAY-0989,MATCHED,553.1,553.1,0.0,0,0,LEGITIMATE,TOL-PAYMENT,2025-04-05T00:00:00Z,
rcn-04015,RUN-2025-04-05-01,SETTLEMENT_VS_PAYMENT,core.payments,PAY-0989,core.settlements,SET-0989,MATCHED,540.05,540.05,0.0,0,0,LEGITIMATE,TOL-SETTLEMENT,2025-04-05T00:00:00Z,
rcn-04016,RUN-2025-04-05-01,FEE_VS_RATE_CARD,core.payments,PAY-0989,core.gateway_fees,FEE-0989,MATCHED,11.06,11.06,0.0,0,0,LEGITIMATE,TOL-FEE,2025-04-05T00:00:00Z,
rcn-04017,RUN-2025-04-05-01,BANK_VS_SETTLEMENT,core.settlements,SET-0989,core.bank_transactions,BNK-0989,MATCHED,540.05,540.05,0.0,0,0,LEGITIMATE,TOL-BANK,2025-04-05T00:00:00Z,
rcn-04018,RUN-2025-04-05-01,PAYMENT_VS_ORDER,core.orders,ORD-990,core.payments,PAY-0990,MATCHED,1442.57,1442.57,0.0,0,0,LEGITIMATE,TOL-PAYMENT,2025-04-05T00:00:00Z,
rcn-04019,RUN-2025-04-05-01,SETTLEMENT_VS_PAYMENT,core.payments,PAY-0990,core.settlements,SET-0990,MISMATCH,1408.53,1337.2,71.33,0,71.33,LEAKAGE,TOL-SETTLEMENT,2025-04-05T00:00:00Z,LEAKAGE on SETTLEMENT_VS_PAYMENT
rcn-04020,RUN-2025-04-05-01,FEE_VS_RATE_CARD,core.payments,PAY-0990,core.gateway_fees,FEE-0990,MISMATCH,28.85,57.7,-28.85,0,28.85,LEAKAGE,TOL-FEE,2025-04-05T00:00:00Z,LEAKAGE on FEE_VS_RATE_CARD
rcn-04021,RUN-2025-04-05-01,BANK_VS_SETTLEMENT,core.settlements,SET-0990,core.bank_transactions,BNK-0990,MATCHED,1337.2,1337.2,0.0,0,0,LEGITIMATE,TOL-BANK,2025-04-05T00:00:00Z,
rcn-04022,RUN-2025-04-05-01,PAYMENT_VS_ORDER,core.orders,ORD-991,core.payments,PAY-0991,MATCHED,1361.94,1361.94,0.0,0,0,LEGITIMATE,TOL-PAYMENT,2025-04-05T00:00:00Z,
rcn-04023,RUN-2025-04-05-01,SETTLEMENT_VS_PAYMENT,core.payments,PAY-0991,core.settlements,SET-0991,MATCHED,1329.8,1329.8,0.0,0,0,LEGITIMATE,TOL-SETTLEMENT,2025-04-05T00:00:00Z,
rcn-04024,RUN-2025-04-05-01,FEE_VS_RATE_CARD,core.payments,PAY-0991,core.gateway_fees,FEE-0991,MATCHED,27.24,27.24,0.0,0,0,LEGITIMATE,TOL-FEE,2025-04-05T00:00:00Z,
rcn-04025,RUN-2025-04-05-01,BANK_VS_SETTLEMENT,core.settlements,SET-0991,core.bank_transactions,BNK-0991,MATCHED,1329.8,1329.8,0.0,0,0,LEGITIMATE,TOL-BANK,2025-04-05T00:00:00Z,
rcn-04026,RUN-2025-04-05-01,PAYMENT_VS_ORDER,core.orders,ORD-992,core.payments,PAY-0992,MATCHED,1771.83,1771.83,0.0,0,0,LEGITIMATE,TOL-PAYMENT,2025-04-05T00:00:00Z,
rcn-04027,RUN-2025-04-05-01,SETTLEMENT_VS_PAYMENT,core.payments,PAY-0992,core.settlements,SET-0992,MATCHED,1757.67,1757.67,0.0,0,0,LEGITIMATE,TOL-SETTLEMENT,2025-04-05T00:00:00Z,
rcn-04028,RUN-2025-04-05-01,FEE_VS_RATE_CARD,core.payments,PAY-0992,core.gateway_fees,FEE-0992,MATCHED,12.0,12.0,0.0,0,0,LEGITIMATE,TOL-FEE,2025-04-05T00:00:00Z,
rcn-04029,RUN-2025-04-05-01,BANK_VS_SETTLEMENT,core.settlements,SET-0992,core.bank_transactions,BNK-0992,MATCHED,1757.67,1757.67,0.0,0,0,LEGITIMATE,TOL-BANK,2025-04-05T00:00:00Z,
rcn-04030,RUN-2025-04-05-01,PAYMENT_VS_ORDER,core.orders,ORD-994,core.payments,PAY-0994,MATCHED,299.0,299.0,0.0,0,0,LEGITIMATE,TOL-PAYMENT,2025-04-05T00:00:00Z,
rcn-04031,RUN-2025-04-05-01,SETTLEMENT_VS_PAYMENT,core.payments,PAY-0994,core.settlements,SET-0994,MATCHED,291.94,291.94,0.0,0,0,LEGITIMATE,TOL-SETTLEMENT,2025-04-05T00:00:00Z,
rcn-04032,RUN-2025-04-05-01,FEE_VS_RATE_CARD,core.payments,PAY-0994,core.gateway_fees,FEE-0994,MATCHED,5.98,5.98,0.0,0,0,LEGITIMATE,TOL-FEE,2025-04-05T00:00:00Z,
rcn-04033,RUN-2025-04-05-01,BANK_VS_SETTLEMENT,core.settlements,SET-0994,core.bank_transactions,BNK-0994,MATCHED,291.94,291.94,0.0,0,0,LEGITIMATE,TOL-BANK,2025-04-05T00:00:00Z,
rcn-04034,RUN-2025-04-05-01,PAYMENT_VS_ORDER,core.orders,ORD-995,core.payments,PAY-0995,MATCHED,1546.13,1546.13,0.0,0,0,LEGITIMATE,TOL-PAYMENT,2025-04-05T00:00:00Z,
rcn-04035,RUN-2025-04-05-01,SETTLEMENT_VS_PAYMENT,core.payments,PAY-0995,core.settlements,SET-0995,MATCHED,1509.64,1509.64,0.0,0,0,LEGITIMATE,TOL-SETTLEMENT,2025-04-05T00:00:00Z,
rcn-04036,RUN-2025-04-05-01,FEE_VS_RATE_CARD,core.payments,PAY-0995,core.gateway_fees,FEE-0995,MATCHED,30.92,30.92,0.0,0,0,LEGITIMATE,TOL-FEE,2025-04-05T00:00:00Z,
rcn-04037,RUN-2025-04-05-01,BANK_VS_SETTLEMENT,core.settlements,SET-0995,core.bank_transactions,BNK-0995,MATCHED,1509.64,1509.64,0.0,0,0,LEGITIMATE,TOL-BANK,2025-04-05T00:00:00Z,
rcn-04038,RUN-2025-04-05-01,PAYMENT_VS_ORDER,core.orders,ORD-996,core.payments,PAY-0996,MATCHED,1604.99,1604.99,0.0,0,0,LEGITIMATE,TOL-PAYMENT,2025-04-05T00:00:00Z,
rcn-04039,RUN-2025-04-05-01,SETTLEMENT_VS_PAYMENT,core.payments,PAY-0996,core.settlements,SET-0996,MATCHED,1130.1,1130.1,0.0,0,0,LEGITIMATE,TOL-SETTLEMENT,2025-04-05T00:00:00Z,
rcn-04040,RUN-2025-04-05-01,FEE_VS_RATE_CARD,core.payments,PAY-0996,core.gateway_fees,FEE-0996,MATCHED,6.42,6.42,0.0,0,0,LEGITIMATE,TOL-FEE,2025-04-05T00:00:00Z,
rcn-04041,RUN-2025-04-05-01,BANK_VS_SETTLEMENT,core.settlements,SET-0996,core.bank_transactions,BNK-0996,MATCHED,1130.1,1130.1,0.0,0,0,LEGITIMATE,TOL-BANK,2025-04-05T00:00:00Z,
rcn-04042,RUN-2025-04-05-01,REFUND_VS_PAYMENT,core.payments,PAY-0996,core.refunds,REF-0996,MATCHED,469.19,469.19,0.0,0,0,LEGITIMATE,TOL-REFUND,2025-04-05T00:00:00Z,
rcn-04043,RUN-2025-04-05-01,PAYMENT_VS_ORDER,core.orders,ORD-997,core.payments,PAY-0997,MATCHED,299.0,299.0,0.0,0,0,LEGITIMATE,TOL-PAYMENT,2025-04-05T00:00:00Z,
rcn-04044,RUN-2025-04-05-01,SETTLEMENT_VS_PAYMENT,core.payments,PAY-0997,core.settlements,SET-0997,MATCHED,292.3,292.3,0.0,0,0,LEGITIMATE,TOL-SETTLEMENT,2025-04-05T00:00:00Z,
rcn-04045,RUN-2025-04-05-01,FEE_VS_RATE_CARD,core.payments,PAY-0997,core.gateway_fees,FEE-0997,MATCHED,5.68,5.68,0.0,0,0,LEGITIMATE,TOL-FEE,2025-04-05T00:00:00Z,
rcn-04046,RUN-2025-04-05-01,BANK_VS_SETTLEMENT,core.settlements,SET-0997,core.bank_transactions,BNK-0997,MATCHED,292.3,292.3,0.0,0,0,LEGITIMATE,TOL-BANK,2025-04-05T00:00:00Z,
rcn-04047,RUN-2025-04-05-01,PAYMENT_VS_ORDER,core.orders,ORD-998,core.payments,PAY-0998,MATCHED,6297.12,6297.12,0.0,0,0,LEGITIMATE,TOL-PAYMENT,2025-04-05T00:00:00Z,
rcn-04048,RUN-2025-04-05-01,SETTLEMENT_VS_PAYMENT,core.payments,PAY-0998,core.settlements,SET-0998,MATCHED,6282.96,6282.96,0.0,0,0,LEGITIMATE,TOL-SETTLEMENT,2025-04-05T00:00:00Z,
rcn-04049,RUN-2025-04-05-01,FEE_VS_RATE_CARD,core.payments,PAY-0998,core.gateway_fees,FEE-0998,MATCHED,12.0,12.0,0.0,0,0,LEGITIMATE,TOL-FEE,2025-04-05T00:00:00Z,
rcn-04050,RUN-2025-04-05-01,BANK_VS_SETTLEMENT,core.settlements,SET-0998,core.bank_transactions,BNK-0998,MATCHED,6282.96,6282.96,0.0,0,0,LEGITIMATE,TOL-BANK,2025-04-05T00:00:00Z,
rcn-04051,RUN-2025-04-05-01,PAYMENT_VS_ORDER,core.orders,ORD-999,core.payments,PAY-0999,MATCHED,478.24,478.24,0.0,0,0,LEGITIMATE,TOL-PAYMENT,2025-04-05T00:00:00Z,
rcn-04052,RUN-2025-04-05-01,SETTLEMENT_VS_PAYMENT,core.payments,PAY-0999,core.settlements,SET-0999,MATCHED,248.99,248.99,0.0,0,0,LEGITIMATE,TOL-SETTLEMENT,2025-04-05T00:00:00Z,
rcn-04053,RUN-2025-04-05-01,FEE_VS_RATE_CARD,core.payments,PAY-0999,core.gateway_fees,FEE-0999,MATCHED,9.56,9.56,0.0,0,0,LEGITIMATE,TOL-FEE,2025-04-05T00:00:00Z,
rcn-04054,RUN-2025-04-05-01,BANK_VS_SETTLEMENT,core.settlements,SET-0999,core.bank_transactions,BNK-0999,MATCHED,248.99,248.99,0.0,0,0,LEGITIMATE,TOL-BANK,2025-04-05T00:00:00Z,
rcn-04055,RUN-2025-04-05-01,REFUND_VS_PAYMENT,core.payments,PAY-0999,core.refunds,REF-0999,MATCHED,222.42,222.42,0.0,0,0,LEGITIMATE,TOL-REFUND,2025-04-05T00:00:00Z,
rcn-04056,RUN-2025-04-05-01,PAYMENT_VS_ORDER,core.orders,ORD-1000,core.payments,PAY-1000,MATCHED,621.1,621.1,0.0,0,0,LEGITIMATE,TOL-PAYMENT,2025-04-05T00:00:00Z,
rcn-04057,RUN-2025-04-05-01,SETTLEMENT_VS_PAYMENT,core.payments,PAY-1000,core.settlements,SET-1000,MATCHED,465.75,465.75,0.0,0,0,LEGITIMATE,TOL-SETTLEMENT,2025-04-05T00:00:00Z,
rcn-04058,RUN-2025-04-05-01,FEE_VS_RATE_CARD,core.payments,PAY-1000,core.gateway_fees,FEE-1000,MATCHED,14.6,14.6,0.0,0,0,LEGITIMATE,TOL-FEE,2025-04-05T00:00:00Z,
rcn-04059,RUN-2025-04-05-01,BANK_VS_SETTLEMENT,core.settlements,SET-1000,core.bank_transactions,BNK-1000,MATCHED,465.75,465.75,0.0,0,0,LEGITIMATE,TOL-BANK,2025-04-05T00:00:00Z,
rcn-04060,RUN-2025-04-05-01,REFUND_VS_PAYMENT,core.payments,PAY-1000,core.refunds,REF-1000,MATCHED,141.44,141.44,0.0,0,0,LEGITIMATE,TOL-REFUND,2025-04-05T00:00:00Z,
RCN-9001,RUN-HERO,SETTLEMENT_VS_PAYMENT,core.payments,PAY-9001,core.settlements,SET-9001,MISMATCH,9764.00,9514.00,250.00,0,250.00,LEAKAGE,TOL-SETTLEMENT,2026-09-05T06:53:59Z,LEAKAGE on SETTLEMENT_VS_PAYMENT
