action_id,case_id,tool_id,action_type,actor,status,risk_level,input_payload,result_payload,external_ref,idempotency_key,approval_id,amount,executed_at
ACT-0001,CASE-0091,draft_dispute,DRAFT_DISPUTE,AGENT,EXECUTED,L1_DRAFT,"{""case_id"": ""CASE-0091"", ""evidence_ids"": [""EVID-00310"", ""EVID-00311"", ""EVID-00312""]}","{""draft"": {""draft_id"": ""DRF-CASE-0091"", ""case_id"": ""CASE-0091"", ""to"": ""payments-support@razorpay.com"", ""subject"": ""Settlement discrepancy on ORD-603 \u2014 \u20b95755.61"", ""body"": ""Order ORD-603 (payment PAY-0603) was settled \u20b90 against a contractual expectation of \u20b95755.61 (rate card + GST on MDR). We request a review and reversal of the unexplained difference of \u20b95755.61. Evidence attached: EVID-00310, EVID-00311, EVID-00312"", ""amount"": ""5755.61""}, ""draft_id"": ""DRF-CASE-0091""}",DRF-CASE-0091,CASE-0091:DRAFT_DISPUTE,,,2025-04-05T00:00:00Z
ACT-0002,CASE-0091,create_dispute,CREATE_DISPUTE,AGENT,EXECUTED,L3_FINANCIAL,"{""case_id"": ""CASE-0091"", ""evidence_ids"": [""EVID-00310"", ""EVID-00311"", ""EVID-00312""]}","{""dispute_id"": ""DIS-CASE-0091"", ""status"": ""SUBMITTED""}",DIS-CASE-0091,CASE-0091:CREATE_DISPUTE,APR-0001,,2025-04-05T00:00:00Z
ACT-0003,CASE-0029,draft_dispute,DRAFT_DISPUTE,AGENT,EXECUTED,L1_DRAFT,"{""case_id"": ""CASE-0029"", ""evidence_ids"": [""EVID-00099"", ""EVID-00100"", ""EVID-00101""]}","{""draft"": {""draft_id"": ""DRF-CASE-0029"", ""case_id"": ""CASE-0029"", ""to"": ""payments-support@razorpay.com"", ""subject"": ""Settlement discrepancy on ORD-138 \u2014 \u20b92092.88"", ""body"": ""Order ORD-138 (payment PAY-0138) was settled \u20b90 against a contractual expectation of \u20b92092.88 (rate card + GST on MDR). We request a review and reversal of the unexplained difference of \u20b92092.88. Evidence attached: EVID-00099, EVID-00100, EVID-00101"", ""amount"": ""2092.88""}, ""draft_id"": ""DRF-CASE-0029""}",DRF-CASE-0029,CASE-0029:DRAFT_DISPUTE,,,2025-04-05T00:00:00Z
ACT-0004,CASE-0029,create_dispute,CREATE_DISPUTE,AGENT,EXECUTED,L3_FINANCIAL,"{""case_id"": ""CASE-0029"", ""evidence_ids"": [""EVID-00099"", ""EVID-00100"", ""EVID-00101""]}","{""dispute_id"": ""DIS-CASE-0029"", ""status"": ""SUBMITTED""}",DIS-CASE-0029,CASE-0029:CREATE_DISPUTE,APR-0002,,2025-04-05T00:00:00Z
ACT-0005,CASE-0061,draft_dispute,DRAFT_DISPUTE,AGENT,EXECUTED,L1_DRAFT,"{""case_id"": ""CASE-0061"", ""evidence_ids"": [""EVID-00208"", ""EVID-00209"", ""EVID-00210""]}","{""draft"": {""draft_id"": ""DRF-CASE-0061"", ""case_id"": ""CASE-0061"", ""to"": ""payments-support@razorpay.com"", ""subject"": ""Settlement discrepancy on ORD-346 \u2014 \u20b92058.75"", ""body"": ""Order ORD-346 (payment PAY-0346) was settled \u20b90 against a contractual expectation of \u20b92058.75 (rate card + GST on MDR). We request a review and reversal of the unexplained difference of \u20b92058.75. Evidence attached: EVID-00208, EVID-00209, EVID-00210"", ""amount"": ""2058.75""}, ""draft_id"": ""DRF-CASE-0061""}",DRF-CASE-0061,CASE-0061:DRAFT_DISPUTE,,,2025-04-05T00:00:00Z
ACT-0006,CASE-0061,create_dispute,CREATE_DISPUTE,AGENT,EXECUTED,L3_FINANCIAL,"{""case_id"": ""CASE-0061"", ""evidence_ids"": [""EVID-00208"", ""EVID-00209"", ""EVID-00210""]}","{""dispute_id"": ""DIS-CASE-0061"", ""status"": ""SUBMITTED""}",DIS-CASE-0061,CASE-0061:CREATE_DISPUTE,APR-0003,,2025-04-05T00:00:00Z
ACT-0007,CASE-0117,draft_dispute,DRAFT_DISPUTE,AGENT,EXECUTED,L1_DRAFT,"{""case_id"": ""CASE-0117"", ""evidence_ids"": [""EVID-00401"", ""EVID-00402"", ""EVID-00403""]}","{""draft"": {""draft_id"": ""DRF-CASE-0117"", ""case_id"": ""CASE-0117"", ""to"": ""payments-support@razorpay.com"", ""subject"": ""Settlement discrepancy on ORD-773 \u2014 \u20b91988.32"", ""body"": ""Order ORD-773 (payment PAY-0773) was settled \u20b90 against a contractual expectation of \u20b93632.03 (rate card + GST on MDR). We request a review and reversal of the unexplained difference of \u20b91988.32. Evidence attached: EVID-00401, EVID-00402, EVID-00403"", ""amount"": ""1988.32""}, ""draft_id"": ""DRF-CASE-0117""}",DRF-CASE-0117,CASE-0117:DRAFT_DISPUTE,,,2025-04-05T00:00:00Z
ACT-0008,CASE-0117,create_dispute,CREATE_DISPUTE,AGENT,EXECUTED,L3_FINANCIAL,"{""case_id"": ""CASE-0117"", ""evidence_ids"": [""EVID-00401"", ""EVID-00402"", ""EVID-00403""]}","{""dispute_id"": ""DIS-CASE-0117"", ""status"": ""SUBMITTED""}",DIS-CASE-0117,CASE-0117:CREATE_DISPUTE,APR-0004,,2025-04-05T00:00:00Z
ACT-0009,CASE-0143,draft_dispute,DRAFT_DISPUTE,AGENT,EXECUTED,L1_DRAFT,"{""case_id"": ""CASE-0143"", ""evidence_ids"": [""EVID-00490"", ""EVID-00491"", ""EVID-00492""]}","{""draft"": {""draft_id"": ""DRF-CASE-0143"", ""case_id"": ""CASE-0143"", ""to"": ""payments-support@razorpay.com"", ""subject"": ""Settlement discrepancy on ORD-952 \u2014 \u20b91980.46"", ""body"": ""Order ORD-952 (payment PAY-0952) was settled \u20b90 against a contractual expectation of \u20b93949.51 (rate card + GST on MDR). We request a review and reversal of the unexplained difference of \u20b91980.46. Evidence attached: EVID-00490, EVID-00491, EVID-00492"", ""amount"": ""1980.46""}, ""draft_id"": ""DRF-CASE-0143""}",DRF-CASE-0143,CASE-0143:DRAFT_DISPUTE,,,2025-04-05T00:00:00Z
ACT-0010,CASE-0143,create_dispute,CREATE_DISPUTE,AGENT,EXECUTED,L3_FINANCIAL,"{""case_id"": ""CASE-0143"", ""evidence_ids"": [""EVID-00490"", ""EVID-00491"", ""EVID-00492""]}","{""dispute_id"": ""DIS-CASE-0143"", ""status"": ""SUBMITTED""}",DIS-CASE-0143,CASE-0143:CREATE_DISPUTE,APR-0005,,2025-04-05T00:00:00Z
ACT-0011,CASE-0004,draft_dispute,DRAFT_DISPUTE,AGENT,EXECUTED,L1_DRAFT,"{""case_id"": ""CASE-0004"", ""evidence_ids"": [""EVID-00013"", ""EVID-00014"", ""EVID-00015""]}","{""draft"": {""draft_id"": ""DRF-CASE-0004"", ""case_id"": ""CASE-0004"", ""to"": ""payments-support@razorpay.com"", ""subject"": ""Settlement discrepancy on ORD-12 \u2014 \u20b91945.43"", ""body"": ""Order ORD-12 (payment PAY-0012) was settled \u20b90 against a contractual expectation of \u20b91945.43 (rate card + GST on MDR). We request a review and reversal of the unexplained difference of \u20b91945.43. Evidence attached: EVID-00013, EVID-00014, EVID-00015"", ""amount"": ""1945.43""}, ""draft_id"": ""DRF-CASE-0004""}",DRF-CASE-0004,CASE-0004:DRAFT_DISPUTE,,,2025-04-05T00:00:00Z
ACT-0012,CASE-0004,create_dispute,CREATE_DISPUTE,AGENT,EXECUTED,L3_FINANCIAL,"{""case_id"": ""CASE-0004"", ""evidence_ids"": [""EVID-00013"", ""EVID-00014"", ""EVID-00015""]}","{""dispute_id"": ""DIS-CASE-0004"", ""status"": ""SUBMITTED""}",DIS-CASE-0004,CASE-0004:CREATE_DISPUTE,APR-0006,,2025-04-05T00:00:00Z
ACT-0013,CASE-0108,draft_dispute,DRAFT_DISPUTE,AGENT,EXECUTED,L1_DRAFT,"{""case_id"": ""CASE-0108"", ""evidence_ids"": [""EVID-00367"", ""EVID-00368"", ""EVID-00369""]}","{""draft"": {""draft_id"": ""DRF-CASE-0108"", ""case_id"": ""CASE-0108"", ""to"": ""payments-support@razorpay.com"", ""subject"": ""Settlement discrepancy on ORD-705 \u2014 \u20b91722.34"", ""body"": ""Order ORD-705 (payment PAY-0705) was settled \u20b90 against a contractual expectation of \u20b91722.34 (rate card + GST on MDR). We request a review and reversal of the unexplained difference of \u20b91722.34. Evidence attached: EVID-00367, EVID-00368, EVID-00369"", ""amount"": ""1722.34""}, ""draft_id"": ""DRF-CASE-0108""}",DRF-CASE-0108,CASE-0108:DRAFT_DISPUTE,,,2025-04-05T00:00:00Z
ACT-0014,CASE-0108,create_dispute,CREATE_DISPUTE,AGENT,EXECUTED,L3_FINANCIAL,"{""case_id"": ""CASE-0108"", ""evidence_ids"": [""EVID-00367"", ""EVID-00368"", ""EVID-00369""]}","{""dispute_id"": ""DIS-CASE-0108"", ""status"": ""SUBMITTED""}",DIS-CASE-0108,CASE-0108:CREATE_DISPUTE,APR-0007,,2025-04-05T00:00:00Z
ACT-0015,CASE-0121,draft_dispute,DRAFT_DISPUTE,AGENT,EXECUTED,L1_DRAFT,"{""case_id"": ""CASE-0121"", ""evidence_ids"": [""EVID-00415"", ""EVID-00416"", ""EVID-00417""]}","{""draft"": {""draft_id"": ""DRF-CASE-0121"", ""case_id"": ""CASE-0121"", ""to"": ""payments-support@razorpay.com"", ""subject"": ""Settlement discrepancy on ORD-807 \u2014 \u20b91616.44"", ""body"": ""Order ORD-807 (payment PAY-0807) was settled \u20b90 against a contractual expectation of \u20b91616.44 (rate card + GST on MDR). We request a review and reversal of the unexplained difference of \u20b91616.44. Evidence attached: EVID-00415, EVID-00416, EVID-00417"", ""amount"": ""1616.44""}, ""draft_id"": ""DRF-CASE-0121""}",DRF-CASE-0121,CASE-0121:DRAFT_DISPUTE,,,2025-04-05T00:00:00Z
ACT-0016,CASE-0121,create_dispute,CREATE_DISPUTE,AGENT,EXECUTED,L3_FINANCIAL,"{""case_id"": ""CASE-0121"", ""evidence_ids"": [""EVID-00415"", ""EVID-00416"", ""EVID-00417""]}","{""dispute_id"": ""DIS-CASE-0121"", ""status"": ""SUBMITTED""}",DIS-CASE-0121,CASE-0121:CREATE_DISPUTE,APR-0008,,2025-04-05T00:00:00Z
ACT-0017,CASE-0007,draft_dispute,DRAFT_DISPUTE,AGENT,EXECUTED,L1_DRAFT,"{""case_id"": ""CASE-0007"", ""evidence_ids"": [""EVID-00022"", ""EVID-00023"", ""EVID-00024""]}","{""draft"": {""draft_id"": ""DRF-CASE-0007"", ""case_id"": ""CASE-0007"", ""to"": ""payments-support@razorpay.com"", ""subject"": ""Settlement discrepancy on ORD-25 \u2014 \u20b91541.86"", ""body"": ""Order ORD-25 (payment PAY-0025) was settled \u20b90 against a contractual expectation of \u20b92844.83 (rate card + GST on MDR). We request a review and reversal of the unexplained difference of \u20b91541.86. Evidence attached: EVID-00022, EVID-00023, EVID-00024"", ""amount"": ""1541.86""}, ""draft_id"": ""DRF-CASE-0007""}",DRF-CASE-0007,CASE-0007:DRAFT_DISPUTE,,,2025-04-05T00:00:00Z
ACT-0018,CASE-0007,create_dispute,CREATE_DISPUTE,AGENT,EXECUTED,L3_FINANCIAL,"{""case_id"": ""CASE-0007"", ""evidence_ids"": [""EVID-00022"", ""EVID-00023"", ""EVID-00024""]}","{""dispute_id"": ""DIS-CASE-0007"", ""status"": ""SUBMITTED""}",DIS-CASE-0007,CASE-0007:CREATE_DISPUTE,APR-0009,,2025-04-05T00:00:00Z
ACT-0019,CASE-0130,draft_dispute,DRAFT_DISPUTE,AGENT,EXECUTED,L1_DRAFT,"{""case_id"": ""CASE-0130"", ""evidence_ids"": [""EVID-00445"", ""EVID-00446"", ""EVID-00447""]}","{""draft"": {""draft_id"": ""DRF-CASE-0130"", ""case_id"": ""CASE-0130"", ""to"": ""payments-support@razorpay.com"", ""subject"": ""Settlement discrepancy on ORD-844 \u2014 \u20b91291.07"", ""body"": ""Order ORD-844 (payment PAY-0844) was settled \u20b90 against a contractual expectation of \u20b91291.07 (rate card + GST on MDR). We request a review and reversal of the unexplained difference of \u20b91291.07. Evidence attached: EVID-00445, EVID-00446, EVID-00447"", ""amount"": ""1291.07""}, ""draft_id"": ""DRF-CASE-0130""}",DRF-CASE-0130,CASE-0130:DRAFT_DISPUTE,,,2025-04-05T00:00:00Z
ACT-0020,CASE-0130,create_dispute,CREATE_DISPUTE,AGENT,EXECUTED,L3_FINANCIAL,"{""case_id"": ""CASE-0130"", ""evidence_ids"": [""EVID-00445"", ""EVID-00446"", ""EVID-00447""]}","{""dispute_id"": ""DIS-CASE-0130"", ""status"": ""SUBMITTED""}",DIS-CASE-0130,CASE-0130:CREATE_DISPUTE,APR-0010,,2025-04-05T00:00:00Z
ACT-0021,CASE-0046,draft_dispute,DRAFT_DISPUTE,AGENT,EXECUTED,L1_DRAFT,"{""case_id"": ""CASE-0046"", ""evidence_ids"": [""EVID-00157"", ""EVID-00158"", ""EVID-00159""]}","{""draft"": {""draft_id"": ""DRF-CASE-0046"", ""case_id"": ""CASE-0046"", ""to"": ""payments-support@razorpay.com"", ""subject"": ""Settlement discrepancy on ORD-231 \u2014 \u20b91253.0"", ""body"": ""Order ORD-231 (payment PAY-0231) was settled \u20b90 against a contractual expectation of \u20b91253.0 (rate card + GST on MDR). We request a review and reversal of the unexplained difference of \u20b91253.0. Evidence attached: EVID-00157, EVID-00158, EVID-00159"", ""amount"": ""1253.0""}, ""draft_id"": ""DRF-CASE-0046""}",DRF-CASE-0046,CASE-0046:DRAFT_DISPUTE,,,2025-04-05T00:00:00Z
ACT-0022,CASE-0046,create_dispute,CREATE_DISPUTE,AGENT,EXECUTED,L3_FINANCIAL,"{""case_id"": ""CASE-0046"", ""evidence_ids"": [""EVID-00157"", ""EVID-00158"", ""EVID-00159""]}","{""dispute_id"": ""DIS-CASE-0046"", ""status"": ""SUBMITTED""}",DIS-CASE-0046,CASE-0046:CREATE_DISPUTE,APR-0011,,2025-04-05T00:00:00Z
ACT-0023,CASE-0047,draft_dispute,DRAFT_DISPUTE,AGENT,EXECUTED,L1_DRAFT,"{""case_id"": ""CASE-0047"", ""evidence_ids"": [""EVID-00160"", ""EVID-00161"", ""EVID-00162""]}","{""draft"": {""draft_id"": ""DRF-CASE-0047"", ""case_id"": ""CASE-0047"", ""to"": ""payments-support@razorpay.com"", ""subject"": ""Settlement discrepancy on ORD-238 \u2014 \u20b91237.65"", ""body"": ""Order ORD-238 (payment PAY-0238) was settled \u20b90 against a contractual expectation of \u20b91555.29 (rate card + GST on MDR). We request a review and reversal of the unexplained difference of \u20b91237.65. Evidence attached: EVID-00160, EVID-00161, EVID-00162"", ""amount"": ""1237.65""}, ""draft_id"": ""DRF-CASE-0047""}",DRF-CASE-0047,CASE-0047:DRAFT_DISPUTE,,,2025-04-05T00:00:00Z
ACT-0024,CASE-0047,create_dispute,CREATE_DISPUTE,AGENT,EXECUTED,L3_FINANCIAL,"{""case_id"": ""CASE-0047"", ""evidence_ids"": [""EVID-00160"", ""EVID-00161"", ""EVID-00162""]}","{""dispute_id"": ""DIS-CASE-0047"", ""status"": ""SUBMITTED""}",DIS-CASE-0047,CASE-0047:CREATE_DISPUTE,APR-0012,,2025-04-05T00:00:00Z
ACT-0025,CASE-0081,draft_dispute,DRAFT_DISPUTE,AGENT,EXECUTED,L1_DRAFT,"{""case_id"": ""CASE-0081"", ""evidence_ids"": [""EVID-00278"", ""EVID-00279"", ""EVID-00280""]}","{""draft"": {""draft_id"": ""DRF-CASE-0081"", ""case_id"": ""CASE-0081"", ""to"": ""payments-support@razorpay.com"", ""subject"": ""Settlement discrepancy on ORD-490 \u2014 \u20b91183.71"", ""body"": ""Order ORD-490 (payment PAY-0490) was settled \u20b90 against a contractual expectation of \u20b91183.71 (rate card + GST on MDR). We request a review and reversal of the unexplained difference of \u20b91183.71. Evidence attached: EVID-00278, EVID-00279, EVID-00280"", ""amount"": ""1183.71""}, ""draft_id"": ""DRF-CASE-0081""}",DRF-CASE-0081,CASE-0081:DRAFT_DISPUTE,,,2025-04-05T00:00:00Z
ACT-0026,CASE-0081,create_dispute,CREATE_DISPUTE,AGENT,EXECUTED,L3_FINANCIAL,"{""case_id"": ""CASE-0081"", ""evidence_ids"": [""EVID-00278"", ""EVID-00279"", ""EVID-00280""]}","{""dispute_id"": ""DIS-CASE-0081"", ""status"": ""SUBMITTED""}",DIS-CASE-0081,CASE-0081:CREATE_DISPUTE,APR-0013,,2025-04-05T00:00:00Z
ACT-0027,CASE-0101,draft_dispute,DRAFT_DISPUTE,AGENT,EXECUTED,L1_DRAFT,"{""case_id"": ""CASE-0101"", ""evidence_ids"": [""EVID-00346"", ""EVID-00347"", ""EVID-00348""]}","{""draft"": {""draft_id"": ""DRF-CASE-0101"", ""case_id"": ""CASE-0101"", ""to"": ""payments-support@razorpay.com"", ""subject"": ""Settlement discrepancy on ORD-668 \u2014 \u20b9958.15"", ""body"": ""Order ORD-668 (payment PAY-0668) was settled \u20b90 against a contractual expectation of \u20b9958.15 (rate card + GST on MDR). We request a review and reversal of the unexplained difference of \u20b9958.15. Evidence attached: EVID-00346, EVID-00347, EVID-00348"", ""amount"": ""958.15""}, ""draft_id"": ""DRF-CASE-0101""}",DRF-CASE-0101,CASE-0101:DRAFT_DISPUTE,,,2025-04-05T00:00:00Z
ACT-0028,CASE-0101,create_dispute,CREATE_DISPUTE,AGENT,EXECUTED,L3_FINANCIAL,"{""case_id"": ""CASE-0101"", ""evidence_ids"": [""EVID-00346"", ""EVID-00347"", ""EVID-00348""]}","{""dispute_id"": ""DIS-CASE-0101"", ""status"": ""SUBMITTED""}",DIS-CASE-0101,CASE-0101:CREATE_DISPUTE,APR-0014,,2025-04-05T00:00:00Z
ACT-0029,CASE-0145,draft_dispute,DRAFT_DISPUTE,AGENT,EXECUTED,L1_DRAFT,"{""case_id"": ""CASE-0145"", ""evidence_ids"": [""EVID-00496"", ""EVID-00497"", ""EVID-00498""]}","{""draft"": {""draft_id"": ""DRF-CASE-0145"", ""case_id"": ""CASE-0145"", ""to"": ""payments-support@razorpay.com"", ""subject"": ""Settlement discrepancy on ORD-971 \u2014 \u20b9953.0"", ""body"": ""Order ORD-971 (payment PAY-0971) was settled \u20b90 against a contractual expectation of \u20b91328.14 (rate card + GST on MDR). We request a review and reversal of the unexplained difference of \u20b9953.0. Evidence attached: EVID-00496, EVID-00497, EVID-00498"", ""amount"": ""953.0""}, ""draft_id"": ""DRF-CASE-0145""}",DRF-CASE-0145,CASE-0145:DRAFT_DISPUTE,,,2025-04-05T00:00:00Z
ACT-0030,CASE-0145,create_dispute,CREATE_DISPUTE,AGENT,EXECUTED,L3_FINANCIAL,"{""case_id"": ""CASE-0145"", ""evidence_ids"": [""EVID-00496"", ""EVID-00497"", ""EVID-00498""]}","{""dispute_id"": ""DIS-CASE-0145"", ""status"": ""SUBMITTED""}",DIS-CASE-0145,CASE-0145:CREATE_DISPUTE,APR-0015,,2025-04-05T00:00:00Z
ACT-0031,CASE-0093,draft_dispute,DRAFT_DISPUTE,AGENT,EXECUTED,L1_DRAFT,"{""case_id"": ""CASE-0093"", ""evidence_ids"": [""EVID-00316"", ""EVID-00317"", ""EVID-00318""]}","{""draft"": {""draft_id"": ""DRF-CASE-0093"", ""case_id"": ""CASE-0093"", ""to"": ""payments-support@razorpay.com"", ""subject"": ""Settlement discrepancy on ORD-623 \u2014 \u20b9876.8"", ""body"": ""Order ORD-623 (payment PAY-0623) was settled \u20b90 against a contractual expectation of \u20b9876.8 (rate card + GST on MDR). We request a review and reversal of the unexplained difference of \u20b9876.8. Evidence attached: EVID-00316, EVID-00317, EVID-00318"", ""amount"": ""876.8""}, ""draft_id"": ""DRF-CASE-0093""}",DRF-CASE-0093,CASE-0093:DRAFT_DISPUTE,,,2025-04-05T00:00:00Z
ACT-0032,CASE-0093,create_dispute,CREATE_DISPUTE,AGENT,EXECUTED,L3_FINANCIAL,"{""case_id"": ""CASE-0093"", ""evidence_ids"": [""EVID-00316"", ""EVID-00317"", ""EVID-00318""]}","{""dispute_id"": ""DIS-CASE-0093"", ""status"": ""SUBMITTED""}",DIS-CASE-0093,CASE-0093:CREATE_DISPUTE,APR-0016,,2025-04-05T00:00:00Z
ACT-0033,CASE-0092,draft_dispute,DRAFT_DISPUTE,AGENT,EXECUTED,L1_DRAFT,"{""case_id"": ""CASE-0092"", ""evidence_ids"": [""EVID-00313"", ""EVID-00314"", ""EVID-00315""]}","{""draft"": {""draft_id"": ""DRF-CASE-0092"", ""case_id"": ""CASE-0092"", ""to"": ""payments-support@razorpay.com"", ""subject"": ""Settlement discrepancy on ORD-614 \u2014 \u20b9822.81"", ""body"": ""Order ORD-614 (payment PAY-0614) was settled \u20b90 against a contractual expectation of \u20b91120.72 (rate card + GST on MDR). We request a review and reversal of the unexplained difference of \u20b9822.81. Evidence attached: EVID-00313, EVID-00314, EVID-00315"", ""amount"": ""822.81""}, ""draft_id"": ""DRF-CASE-0092""}",DRF-CASE-0092,CASE-0092:DRAFT_DISPUTE,,,2025-04-05T00:00:00Z
ACT-0034,CASE-0092,create_dispute,CREATE_DISPUTE,AGENT,EXECUTED,L3_FINANCIAL,"{""case_id"": ""CASE-0092"", ""evidence_ids"": [""EVID-00313"", ""EVID-00314"", ""EVID-00315""]}","{""dispute_id"": ""DIS-CASE-0092"", ""status"": ""SUBMITTED""}",DIS-CASE-0092,CASE-0092:CREATE_DISPUTE,APR-0017,,2025-04-05T00:00:00Z
ACT-0035,CASE-0032,draft_dispute,DRAFT_DISPUTE,AGENT,EXECUTED,L1_DRAFT,"{""case_id"": ""CASE-0032"", ""evidence_ids"": [""EVID-00109"", ""EVID-00110"", ""EVID-00111""]}","{""draft"": {""draft_id"": ""DRF-CASE-0032"", ""case_id"": ""CASE-0032"", ""to"": ""payments-support@razorpay.com"", ""subject"": ""Settlement discrepancy on ORD-157 \u2014 \u20b9814.95"", ""body"": ""Order ORD-157 (payment PAY-0157) was settled \u20b90 against a contractual expectation of \u20b9814.95 (rate card + GST on MDR). We request a review and reversal of the unexplained difference of \u20b9814.95. Evidence attached: EVID-00109, EVID-00110, EVID-00111"", ""amount"": ""814.95""}, ""draft_id"": ""DRF-CASE-0032""}",DRF-CASE-0032,CASE-0032:DRAFT_DISPUTE,,,2025-04-05T00:00:00Z
ACT-0036,CASE-0032,create_dispute,CREATE_DISPUTE,AGENT,EXECUTED,L3_FINANCIAL,"{""case_id"": ""CASE-0032"", ""evidence_ids"": [""EVID-00109"", ""EVID-00110"", ""EVID-00111""]}","{""dispute_id"": ""DIS-CASE-0032"", ""status"": ""SUBMITTED""}",DIS-CASE-0032,CASE-0032:CREATE_DISPUTE,APR-0018,,2025-04-05T00:00:00Z
ACT-0037,CASE-0026,draft_dispute,DRAFT_DISPUTE,AGENT,EXECUTED,L1_DRAFT,"{""case_id"": ""CASE-0026"", ""evidence_ids"": [""EVID-00090"", ""EVID-00091"", ""EVID-00092""]}","{""draft"": {""draft_id"": ""DRF-CASE-0026"", ""case_id"": ""CASE-0026"", ""to"": ""payments-support@razorpay.com"", ""subject"": ""Settlement discrepancy on ORD-126 \u2014 \u20b9792.3"", ""body"": ""Order ORD-126 (payment PAY-0126) was settled \u20b90 against a contractual expectation of \u20b91283.49 (rate card + GST on MDR). We request a review and reversal of the unexplained difference of \u20b9792.3. Evidence attached: EVID-00090, EVID-00091, EVID-00092"", ""amount"": ""792.3""}, ""draft_id"": ""DRF-CASE-0026""}",DRF-CASE-0026,CASE-0026:DRAFT_DISPUTE,,,2025-04-05T00:00:00Z
ACT-0038,CASE-0026,create_dispute,CREATE_DISPUTE,AGENT,EXECUTED,L3_FINANCIAL,"{""case_id"": ""CASE-0026"", ""evidence_ids"": [""EVID-00090"", ""EVID-00091"", ""EVID-00092""]}","{""dispute_id"": ""DIS-CASE-0026"", ""status"": ""SUBMITTED""}",DIS-CASE-0026,CASE-0026:CREATE_DISPUTE,APR-0019,,2025-04-05T00:00:00Z
ACT-0039,CASE-0086,draft_dispute,DRAFT_DISPUTE,AGENT,EXECUTED,L1_DRAFT,"{""case_id"": ""CASE-0086"", ""evidence_ids"": [""EVID-00294"", ""EVID-00295"", ""EVID-00296""]}","{""draft"": {""draft_id"": ""DRF-CASE-0086"", ""case_id"": ""CASE-0086"", ""to"": ""payments-support@razorpay.com"", ""subject"": ""Settlement discrepancy on ORD-568 \u2014 \u20b9788.94"", ""body"": ""Order ORD-568 (payment PAY-0568) was settled \u20b90 against a contractual expectation of \u20b91188.26 (rate card + GST on MDR). We request a review and reversal of the unexplained difference of \u20b9788.94. Evidence attached: EVID-00294, EVID-00295, EVID-00296"", ""amount"": ""788.94""}, ""draft_id"": ""DRF-CASE-0086""}",DRF-CASE-0086,CASE-0086:DRAFT_DISPUTE,,,2025-04-05T00:00:00Z
ACT-0040,CASE-0086,create_dispute,CREATE_DISPUTE,AGENT,EXECUTED,L3_FINANCIAL,"{""case_id"": ""CASE-0086"", ""evidence_ids"": [""EVID-00294"", ""EVID-00295"", ""EVID-00296""]}","{""dispute_id"": ""DIS-CASE-0086"", ""status"": ""SUBMITTED""}",DIS-CASE-0086,CASE-0086:CREATE_DISPUTE,APR-0020,,2025-04-05T00:00:00Z
ACT-0041,CASE-0083,draft_dispute,DRAFT_DISPUTE,AGENT,EXECUTED,L1_DRAFT,"{""case_id"": ""CASE-0083"", ""evidence_ids"": [""EVID-00284"", ""EVID-00285"", ""EVID-00286""]}","{""draft"": {""draft_id"": ""DRF-CASE-0083"", ""case_id"": ""CASE-0083"", ""to"": ""payments-support@razorpay.com"", ""subject"": ""Settlement discrepancy on ORD-498 \u2014 \u20b9751.74"", ""body"": ""Order ORD-498 (payment PAY-0498) was settled \u20b90 against a contractual expectation of \u20b9751.74 (rate card + GST on MDR). We request a review and reversal of the unexplained difference of \u20b9751.74. Evidence attached: EVID-00284, EVID-00285, EVID-00286"", ""amount"": ""751.74""}, ""draft_id"": ""DRF-CASE-0083""}",DRF-CASE-0083,CASE-0083:DRAFT_DISPUTE,,,2025-04-05T00:00:00Z
ACT-0042,CASE-0083,create_dispute,CREATE_DISPUTE,AGENT,EXECUTED,L3_FINANCIAL,"{""case_id"": ""CASE-0083"", ""evidence_ids"": [""EVID-00284"", ""EVID-00285"", ""EVID-00286""]}","{""dispute_id"": ""DIS-CASE-0083"", ""status"": ""SUBMITTED""}",DIS-CASE-0083,CASE-0083:CREATE_DISPUTE,APR-0021,,2025-04-05T00:00:00Z
ACT-0043,CASE-0107,draft_dispute,DRAFT_DISPUTE,AGENT,EXECUTED,L1_DRAFT,"{""case_id"": ""CASE-0107"", ""evidence_ids"": [""EVID-00364"", ""EVID-00365"", ""EVID-00366""]}","{""draft"": {""draft_id"": ""DRF-CASE-0107"", ""case_id"": ""CASE-0107"", ""to"": ""payments-support@razorpay.com"", ""subject"": ""Settlement discrepancy on ORD-702 \u2014 \u20b9675.77"", ""body"": ""Order ORD-702 (payment PAY-0702) was settled \u20b90 against a contractual expectation of \u20b91129.65 (rate card + GST on MDR). We request a review and reversal of the unexplained difference of \u20b9675.77. Evidence attached: EVID-00364, EVID-00365, EVID-00366"", ""amount"": ""675.77""}, ""draft_id"": ""DRF-CASE-0107""}",DRF-CASE-0107,CASE-0107:DRAFT_DISPUTE,,,2025-04-05T00:00:00Z
ACT-0044,CASE-0107,create_dispute,CREATE_DISPUTE,AGENT,EXECUTED,L3_FINANCIAL,"{""case_id"": ""CASE-0107"", ""evidence_ids"": [""EVID-00364"", ""EVID-00365"", ""EVID-00366""]}","{""dispute_id"": ""DIS-CASE-0107"", ""status"": ""SUBMITTED""}",DIS-CASE-0107,CASE-0107:CREATE_DISPUTE,APR-0022,,2025-04-05T00:00:00Z
ACT-0045,CASE-0088,draft_dispute,DRAFT_DISPUTE,AGENT,EXECUTED,L1_DRAFT,"{""case_id"": ""CASE-0088"", ""evidence_ids"": [""EVID-00300"", ""EVID-00301"", ""EVID-00302""]}","{""draft"": {""draft_id"": ""DRF-CASE-0088"", ""case_id"": ""CASE-0088"", ""to"": ""payments-support@razorpay.com"", ""subject"": ""Settlement discrepancy on ORD-580 \u2014 \u20b9607.89"", ""body"": ""Order ORD-580 (payment PAY-0580) was settled \u20b97190.16 against a contractual expectation of \u20b97798.05 (rate card + GST on MDR). We request a review and reversal of the unexplained difference of \u20b9607.89. Evidence attached: EVID-00300, EVID-00301, EVID-00302"", ""amount"": ""607.89""}, ""draft_id"": ""DRF-CASE-0088""}",DRF-CASE-0088,CASE-0088:DRAFT_DISPUTE,,,2025-04-05T00:00:00Z
ACT-0046,CASE-0088,create_dispute,CREATE_DISPUTE,AGENT,EXECUTED,L3_FINANCIAL,"{""case_id"": ""CASE-0088"", ""evidence_ids"": [""EVID-00300"", ""EVID-00301"", ""EVID-00302""]}","{""dispute_id"": ""DIS-CASE-0088"", ""status"": ""SUBMITTED""}",DIS-CASE-0088,CASE-0088:CREATE_DISPUTE,APR-0023,,2025-04-05T00:00:00Z
ACT-0047,CASE-0030,draft_dispute,DRAFT_DISPUTE,AGENT,EXECUTED,L1_DRAFT,"{""case_id"": ""CASE-0030"", ""evidence_ids"": [""EVID-00102"", ""EVID-00103"", ""EVID-00104""]}","{""draft"": {""draft_id"": ""DRF-CASE-0030"", ""case_id"": ""CASE-0030"", ""to"": ""payments-support@razorpay.com"", ""subject"": ""Settlement discrepancy on ORD-140 \u2014 \u20b9571.83"", ""body"": ""Order ORD-140 (payment PAY-0140) was settled \u20b90 against a contractual expectation of \u20b9571.83 (rate card + GST on MDR). We request a review and reversal of the unexplained difference of \u20b9571.83. Evidence attached: EVID-00102, EVID-00103, EVID-00104"", ""amount"": ""571.83""}, ""draft_id"": ""DRF-CASE-0030""}",DRF-CASE-0030,CASE-0030:DRAFT_DISPUTE,,,2025-04-05T00:00:00Z
ACT-0048,CASE-0030,create_dispute,CREATE_DISPUTE,AGENT,EXECUTED,L3_FINANCIAL,"{""case_id"": ""CASE-0030"", ""evidence_ids"": [""EVID-00102"", ""EVID-00103"", ""EVID-00104""]}","{""dispute_id"": ""DIS-CASE-0030"", ""status"": ""SUBMITTED""}",DIS-CASE-0030,CASE-0030:CREATE_DISPUTE,APR-0024,,2025-04-05T00:00:00Z
ACT-0049,CASE-0042,draft_dispute,DRAFT_DISPUTE,AGENT,EXECUTED,L1_DRAFT,"{""case_id"": ""CASE-0042"", ""evidence_ids"": [""EVID-00143"", ""EVID-00144"", ""EVID-00145""]}","{""draft"": {""draft_id"": ""DRF-CASE-0042"", ""case_id"": ""CASE-0042"", ""to"": ""payments-support@razorpay.com"", ""subject"": ""Settlement discrepancy on ORD-196 \u2014 \u20b9550.24"", ""body"": ""Order ORD-196 (payment PAY-0196) was settled \u20b90 against a contractual expectation of \u20b9550.24 (rate card + GST on MDR). We request a review and reversal of the unexplained difference of \u20b9550.24. Evidence attached: EVID-00143, EVID-00144, EVID-00145"", ""amount"": ""550.24""}, ""draft_id"": ""DRF-CASE-0042""}",DRF-CASE-0042,CASE-0042:DRAFT_DISPUTE,,,2025-04-05T00:00:00Z
ACT-0050,CASE-0042,create_dispute,CREATE_DISPUTE,AGENT,EXECUTED,L3_FINANCIAL,"{""case_id"": ""CASE-0042"", ""evidence_ids"": [""EVID-00143"", ""EVID-00144"", ""EVID-00145""]}","{""dispute_id"": ""DIS-CASE-0042"", ""status"": ""SUBMITTED""}",DIS-CASE-0042,CASE-0042:CREATE_DISPUTE,APR-0025,,2025-04-05T00:00:00Z
ACT-0051,CASE-0122,draft_dispute,DRAFT_DISPUTE,AGENT,EXECUTED,L1_DRAFT,"{""case_id"": ""CASE-0122"", ""evidence_ids"": [""EVID-00418"", ""EVID-00419"", ""EVID-00420""]}","{""draft"": {""draft_id"": ""DRF-CASE-0122"", ""case_id"": ""CASE-0122"", ""to"": ""payments-support@razorpay.com"", ""subject"": ""Settlement discrepancy on ORD-812 \u2014 \u20b9531.04"", ""body"": ""Order ORD-812 (payment PAY-0812) was settled \u20b90 against a contractual expectation of \u20b9531.04 (rate card + GST on MDR). We request a review and reversal of the unexplained difference of \u20b9531.04. Evidence attached: EVID-00418, EVID-00419, EVID-00420"", ""amount"": ""531.04""}, ""draft_id"": ""DRF-CASE-0122""}",DRF-CASE-0122,CASE-0122:DRAFT_DISPUTE,,,2025-04-05T00:00:00Z
ACT-0052,CASE-0122,create_dispute,CREATE_DISPUTE,AGENT,EXECUTED,L3_FINANCIAL,"{""case_id"": ""CASE-0122"", ""evidence_ids"": [""EVID-00418"", ""EVID-00419"", ""EVID-00420""]}","{""dispute_id"": ""DIS-CASE-0122"", ""status"": ""SUBMITTED""}",DIS-CASE-0122,CASE-0122:CREATE_DISPUTE,APR-0026,,2025-04-05T00:00:00Z
ACT-0053,CASE-0147,draft_dispute,DRAFT_DISPUTE,AGENT,EXECUTED,L1_DRAFT,"{""case_id"": ""CASE-0147"", ""evidence_ids"": [""EVID-00503"", ""EVID-00504"", ""EVID-00505""]}","{""draft"": {""draft_id"": ""DRF-CASE-0147"", ""case_id"": ""CASE-0147"", ""to"": ""payments-support@razorpay.com"", ""subject"": ""Settlement discrepancy on ORD-982 \u2014 \u20b9479.39"", ""body"": ""Order ORD-982 (payment PAY-0982) was settled \u20b90 against a contractual expectation of \u20b9479.39 (rate card + GST on MDR). We request a review and reversal of the unexplained difference of \u20b9479.39. Evidence attached: EVID-00503, EVID-00504, EVID-00505"", ""amount"": ""479.39""}, ""draft_id"": ""DRF-CASE-0147""}",DRF-CASE-0147,CASE-0147:DRAFT_DISPUTE,,,2025-04-05T00:00:00Z
ACT-0054,CASE-0147,create_dispute,CREATE_DISPUTE,AGENT,EXECUTED,L3_FINANCIAL,"{""case_id"": ""CASE-0147"", ""evidence_ids"": [""EVID-00503"", ""EVID-00504"", ""EVID-00505""]}","{""dispute_id"": ""DIS-CASE-0147"", ""status"": ""SUBMITTED""}",DIS-CASE-0147,CASE-0147:CREATE_DISPUTE,APR-0027,,2025-04-05T00:00:00Z
ACT-0055,CASE-0125,draft_dispute,DRAFT_DISPUTE,AGENT,EXECUTED,L1_DRAFT,"{""case_id"": ""CASE-0125"", ""evidence_ids"": [""EVID-00429"", ""EVID-00430"", ""EVID-00431""]}","{""draft"": {""draft_id"": ""DRF-CASE-0125"", ""case_id"": ""CASE-0125"", ""to"": ""payments-support@razorpay.com"", ""subject"": ""Settlement discrepancy on ORD-825 \u2014 \u20b9474.13"", ""body"": ""Order ORD-825 (payment PAY-0825) was settled \u20b923576.57 against a contractual expectation of \u20b943752.15 (rate card + GST on MDR). We request a review and reversal of the unexplained difference of \u20b9474.13. Evidence attached: EVID-00429, EVID-00430, EVID-00431"", ""amount"": ""474.13""}, ""draft_id"": ""DRF-CASE-0125""}",DRF-CASE-0125,CASE-0125:DRAFT_DISPUTE,,,2025-04-05T00:00:00Z
ACT-0056,CASE-0125,create_dispute,CREATE_DISPUTE,AGENT,EXECUTED,L3_FINANCIAL,"{""case_id"": ""CASE-0125"", ""evidence_ids"": [""EVID-00429"", ""EVID-00430"", ""EVID-00431""]}","{""dispute_id"": ""DIS-CASE-0125"", ""status"": ""SUBMITTED""}",DIS-CASE-0125,CASE-0125:CREATE_DISPUTE,APR-0028,,2025-04-05T00:00:00Z
ACT-0057,CASE-0140,draft_dispute,DRAFT_DISPUTE,AGENT,EXECUTED,L1_DRAFT,"{""case_id"": ""CASE-0140"", ""evidence_ids"": [""EVID-00481"", ""EVID-00482"", ""EVID-00483""]}","{""draft"": {""draft_id"": ""DRF-CASE-0140"", ""case_id"": ""CASE-0140"", ""to"": ""payments-support@razorpay.com"", ""subject"": ""Settlement discrepancy on ORD-928 \u2014 \u20b9433.87"", ""body"": ""Order ORD-928 (payment PAY-0928) was settled \u20b90 against a contractual expectation of \u20b9433.87 (rate card + GST on MDR). We request a review and reversal of the unexplained difference of \u20b9433.87. Evidence attached: EVID-00481, EVID-00482, EVID-00483"", ""amount"": ""433.87""}, ""draft_id"": ""DRF-CASE-0140""}",DRF-CASE-0140,CASE-0140:DRAFT_DISPUTE,,,2025-04-05T00:00:00Z
ACT-0058,CASE-0140,create_dispute,CREATE_DISPUTE,AGENT,EXECUTED,L3_FINANCIAL,"{""case_id"": ""CASE-0140"", ""evidence_ids"": [""EVID-00481"", ""EVID-00482"", ""EVID-00483""]}","{""dispute_id"": ""DIS-CASE-0140"", ""status"": ""SUBMITTED""}",DIS-CASE-0140,CASE-0140:CREATE_DISPUTE,APR-0029,,2025-04-05T00:00:00Z
ACT-0059,CASE-0062,draft_dispute,DRAFT_DISPUTE,AGENT,EXECUTED,L1_DRAFT,"{""case_id"": ""CASE-0062"", ""evidence_ids"": [""EVID-00211"", ""EVID-00212"", ""EVID-00213""]}","{""draft"": {""draft_id"": ""DRF-CASE-0062"", ""case_id"": ""CASE-0062"", ""to"": ""payments-support@razorpay.com"", ""subject"": ""Settlement discrepancy on ORD-347 \u2014 \u20b9429.35"", ""body"": ""Order ORD-347 (payment PAY-0347) was settled \u20b95378.94 against a contractual expectation of \u20b95808.29 (rate card + GST on MDR). We request a review and reversal of the unexplained difference of \u20b9429.35. Evidence attached: EVID-00211, EVID-00212, EVID-00213"", ""amount"": ""429.35""}, ""draft_id"": ""DRF-CASE-0062""}",DRF-CASE-0062,CASE-0062:DRAFT_DISPUTE,,,2025-04-05T00:00:00Z
ACT-0060,CASE-0062,create_dispute,CREATE_DISPUTE,AGENT,EXECUTED,L3_FINANCIAL,"{""case_id"": ""CASE-0062"", ""evidence_ids"": [""EVID-00211"", ""EVID-00212"", ""EVID-00213""]}","{""dispute_id"": ""DIS-CASE-0062"", ""status"": ""SUBMITTED""}",DIS-CASE-0062,CASE-0062:CREATE_DISPUTE,APR-0030,,2025-04-05T00:00:00Z
ACT-0061,CASE-0098,draft_dispute,DRAFT_DISPUTE,AGENT,EXECUTED,L1_DRAFT,"{""case_id"": ""CASE-0098"", ""evidence_ids"": [""EVID-00336"", ""EVID-00337"", ""EVID-00338""]}","{""draft"": {""draft_id"": ""DRF-CASE-0098"", ""case_id"": ""CASE-0098"", ""to"": ""payments-support@razorpay.com"", ""subject"": ""Settlement discrepancy on ORD-656 \u2014 \u20b9389.35"", ""body"": ""Order ORD-656 (payment PAY-0656) was settled \u20b90 against a contractual expectation of \u20b9524.28 (rate card + GST on MDR). We request a review and reversal of the unexplained difference of \u20b9389.35. Evidence attached: EVID-00336, EVID-00337, EVID-00338"", ""amount"": ""389.35""}, ""draft_id"": ""DRF-CASE-0098""}",DRF-CASE-0098,CASE-0098:DRAFT_DISPUTE,,,2025-04-05T00:00:00Z
ACT-0062,CASE-0098,create_dispute,CREATE_DISPUTE,AGENT,EXECUTED,L3_FINANCIAL,"{""case_id"": ""CASE-0098"", ""evidence_ids"": [""EVID-00336"", ""EVID-00337"", ""EVID-00338""]}","{""dispute_id"": ""DIS-CASE-0098"", ""status"": ""SUBMITTED""}",DIS-CASE-0098,CASE-0098:CREATE_DISPUTE,APR-0031,,2025-04-05T00:00:00Z
ACT-0063,CASE-0055,draft_dispute,DRAFT_DISPUTE,AGENT,EXECUTED,L1_DRAFT,"{""case_id"": ""CASE-0055"", ""evidence_ids"": [""EVID-00188"", ""EVID-00189"", ""EVID-00190""]}","{""draft"": {""draft_id"": ""DRF-CASE-0055"", ""case_id"": ""CASE-0055"", ""to"": ""payments-support@razorpay.com"", ""subject"": ""Settlement discrepancy on ORD-294 \u2014 \u20b9310.74"", ""body"": ""Order ORD-294 (payment PAY-0294) was settled \u20b90 against a contractual expectation of \u20b9310.74 (rate card + GST on MDR). We request a review and reversal of the unexplained difference of \u20b9310.74. Evidence attached: EVID-00188, EVID-00189, EVID-00190"", ""amount"": ""310.74""}, ""draft_id"": ""DRF-CASE-0055""}",DRF-CASE-0055,CASE-0055:DRAFT_DISPUTE,,,2025-04-05T00:00:00Z
ACT-0064,CASE-0055,create_dispute,CREATE_DISPUTE,AGENT,EXECUTED,L3_FINANCIAL,"{""case_id"": ""CASE-0055"", ""evidence_ids"": [""EVID-00188"", ""EVID-00189"", ""EVID-00190""]}","{""dispute_id"": ""DIS-CASE-0055"", ""status"": ""SUBMITTED""}",DIS-CASE-0055,CASE-0055:CREATE_DISPUTE,APR-0032,,2025-04-05T00:00:00Z
ACT-0065,CASE-0040,draft_dispute,DRAFT_DISPUTE,AGENT,EXECUTED,L1_DRAFT,"{""case_id"": ""CASE-0040"", ""evidence_ids"": [""EVID-00137"", ""EVID-00138"", ""EVID-00139""]}","{""draft"": {""draft_id"": ""DRF-CASE-0040"", ""case_id"": ""CASE-0040"", ""to"": ""payments-support@razorpay.com"", ""subject"": ""Settlement discrepancy on ORD-182 \u2014 \u20b9300.05"", ""body"": ""Order ORD-182 (payment PAY-0182) was settled \u20b911894.06 against a contractual expectation of \u20b917031.96 (rate card + GST on MDR). We request a review and reversal of the unexplained difference of \u20b9300.05. Evidence attached: EVID-00137, EVID-00138, EVID-00139"", ""amount"": ""300.05""}, ""draft_id"": ""DRF-CASE-0040""}",DRF-CASE-0040,CASE-0040:DRAFT_DISPUTE,,,2025-04-05T00:00:00Z
ACT-0066,CASE-0040,create_dispute,CREATE_DISPUTE,AGENT,EXECUTED,L3_FINANCIAL,"{""case_id"": ""CASE-0040"", ""evidence_ids"": [""EVID-00137"", ""EVID-00138"", ""EVID-00139""]}","{""dispute_id"": ""DIS-CASE-0040"", ""status"": ""SUBMITTED""}",DIS-CASE-0040,CASE-0040:CREATE_DISPUTE,APR-0033,,2025-04-05T00:00:00Z
ACT-0067,CASE-0009,draft_dispute,DRAFT_DISPUTE,AGENT,EXECUTED,L1_DRAFT,"{""case_id"": ""CASE-0009"", ""evidence_ids"": [""EVID-00029"", ""EVID-00030"", ""EVID-00031""]}","{""draft"": {""draft_id"": ""DRF-CASE-0009"", ""case_id"": ""CASE-0009"", ""to"": ""payments-support@razorpay.com"", ""subject"": ""Settlement discrepancy on ORD-36 \u2014 \u20b9294.24"", ""body"": ""Order ORD-36 (payment PAY-0036) was settled \u20b94018.73 against a contractual expectation of \u20b94312.97 (rate card + GST on MDR). We request a review and reversal of the unexplained difference of \u20b9294.24. Evidence attached: EVID-00029, EVID-00030, EVID-00031"", ""amount"": ""294.24""}, ""draft_id"": ""DRF-CASE-0009""}",DRF-CASE-0009,CASE-0009:DRAFT_DISPUTE,,,2025-04-05T00:00:00Z
ACT-0068,CASE-0009,create_dispute,CREATE_DISPUTE,AGENT,EXECUTED,L3_FINANCIAL,"{""case_id"": ""CASE-0009"", ""evidence_ids"": [""EVID-00029"", ""EVID-00030"", ""EVID-00031""]}","{""dispute_id"": ""DIS-CASE-0009"", ""status"": ""SUBMITTED""}",DIS-CASE-0009,CASE-0009:CREATE_DISPUTE,APR-0034,,2025-04-05T00:00:00Z
ACT-0069,CASE-0052,draft_dispute,DRAFT_DISPUTE,AGENT,EXECUTED,L1_DRAFT,"{""case_id"": ""CASE-0052"", ""evidence_ids"": [""EVID-00177"", ""EVID-00178"", ""EVID-00179""]}","{""draft"": {""draft_id"": ""DRF-CASE-0052"", ""case_id"": ""CASE-0052"", ""to"": ""payments-support@razorpay.com"", ""subject"": ""Settlement discrepancy on ORD-282 \u2014 \u20b9292.62"", ""body"": ""Order ORD-282 (payment PAY-0282) was settled \u20b95120.0 against a contractual expectation of \u20b95412.62 (rate card + GST on MDR). We request a review and reversal of the unexplained difference of \u20b9292.62. Evidence attached: EVID-00177, EVID-00178, EVID-00179"", ""amount"": ""292.62""}, ""draft_id"": ""DRF-CASE-0052""}",DRF-CASE-0052,CASE-0052:DRAFT_DISPUTE,,,2025-04-05T00:00:00Z
ACT-0070,CASE-0052,create_dispute,CREATE_DISPUTE,AGENT,EXECUTED,L3_FINANCIAL,"{""case_id"": ""CASE-0052"", ""evidence_ids"": [""EVID-00177"", ""EVID-00178"", ""EVID-00179""]}","{""dispute_id"": ""DIS-CASE-0052"", ""status"": ""SUBMITTED""}",DIS-CASE-0052,CASE-0052:CREATE_DISPUTE,APR-0035,,2025-04-05T00:00:00Z
ACT-0071,CASE-0041,draft_dispute,DRAFT_DISPUTE,AGENT,EXECUTED,L1_DRAFT,"{""case_id"": ""CASE-0041"", ""evidence_ids"": [""EVID-00140"", ""EVID-00141"", ""EVID-00142""]}","{""draft"": {""draft_id"": ""DRF-CASE-0041"", ""case_id"": ""CASE-0041"", ""to"": ""payments-support@razorpay.com"", ""subject"": ""Settlement discrepancy on ORD-188 \u2014 \u20b9291.94"", ""body"": ""Order ORD-188 (payment PAY-0188) was settled \u20b90 against a contractual expectation of \u20b9291.94 (rate card + GST on MDR). We request a review and reversal of the unexplained difference of \u20b9291.94. Evidence attached: EVID-00140, EVID-00141, EVID-00142"", ""amount"": ""291.94""}, ""draft_id"": ""DRF-CASE-0041""}",DRF-CASE-0041,CASE-0041:DRAFT_DISPUTE,,,2025-04-05T00:00:00Z
ACT-0072,CASE-0041,create_dispute,CREATE_DISPUTE,AGENT,EXECUTED,L3_FINANCIAL,"{""case_id"": ""CASE-0041"", ""evidence_ids"": [""EVID-00140"", ""EVID-00141"", ""EVID-00142""]}","{""dispute_id"": ""DIS-CASE-0041"", ""status"": ""SUBMITTED""}",DIS-CASE-0041,CASE-0041:CREATE_DISPUTE,APR-0036,,2025-04-05T00:00:00Z
ACT-0073,CASE-0075,draft_dispute,DRAFT_DISPUTE,AGENT,EXECUTED,L1_DRAFT,"{""case_id"": ""CASE-0075"", ""evidence_ids"": [""EVID-00257"", ""EVID-00258"", ""EVID-00259""]}","{""draft"": {""draft_id"": ""DRF-CASE-0075"", ""case_id"": ""CASE-0075"", ""to"": ""payments-support@razorpay.com"", ""subject"": ""Settlement discrepancy on ORD-461 \u2014 \u20b9291.94"", ""body"": ""Order ORD-461 (payment PAY-0461) was settled \u20b90 against a contractual expectation of \u20b9291.94 (rate card + GST on MDR). We request a review and reversal of the unexplained difference of \u20b9291.94. Evidence attached: EVID-00257, EVID-00258, EVID-00259"", ""amount"": ""291.94""}, ""draft_id"": ""DRF-CASE-0075""}",DRF-CASE-0075,CASE-0075:DRAFT_DISPUTE,,,2025-04-05T00:00:00Z
ACT-0074,CASE-0075,create_dispute,CREATE_DISPUTE,AGENT,EXECUTED,L3_FINANCIAL,"{""case_id"": ""CASE-0075"", ""evidence_ids"": [""EVID-00257"", ""EVID-00258"", ""EVID-00259""]}","{""dispute_id"": ""DIS-CASE-0075"", ""status"": ""SUBMITTED""}",DIS-CASE-0075,CASE-0075:CREATE_DISPUTE,APR-0037,,2025-04-05T00:00:00Z
ACT-0075,CASE-0087,draft_dispute,DRAFT_DISPUTE,AGENT,EXECUTED,L1_DRAFT,"{""case_id"": ""CASE-0087"", ""evidence_ids"": [""EVID-00297"", ""EVID-00298"", ""EVID-00299""]}","{""draft"": {""draft_id"": ""DRF-CASE-0087"", ""case_id"": ""CASE-0087"", ""to"": ""payments-support@razorpay.com"", ""subject"": ""Settlement discrepancy on ORD-579 \u2014 \u20b9291.94"", ""body"": ""Order ORD-579 (payment PAY-0579) was settled \u20b90 against a contractual expectation of \u20b9291.94 (rate card + GST on MDR). We request a review and reversal of the unexplained difference of \u20b9291.94. Evidence attached: EVID-00297, EVID-00298, EVID-00299"", ""amount"": ""291.94""}, ""draft_id"": ""DRF-CASE-0087""}",DRF-CASE-0087,CASE-0087:DRAFT_DISPUTE,,,2025-04-05T00:00:00Z
ACT-0076,CASE-0087,create_dispute,CREATE_DISPUTE,AGENT,EXECUTED,L3_FINANCIAL,"{""case_id"": ""CASE-0087"", ""evidence_ids"": [""EVID-00297"", ""EVID-00298"", ""EVID-00299""]}","{""dispute_id"": ""DIS-CASE-0087"", ""status"": ""SUBMITTED""}",DIS-CASE-0087,CASE-0087:CREATE_DISPUTE,APR-0038,,2025-04-05T00:00:00Z
ACT-0077,CASE-0106,draft_dispute,DRAFT_DISPUTE,AGENT,EXECUTED,L1_DRAFT,"{""case_id"": ""CASE-0106"", ""evidence_ids"": [""EVID-00361"", ""EVID-00362"", ""EVID-00363""]}","{""draft"": {""draft_id"": ""DRF-CASE-0106"", ""case_id"": ""CASE-0106"", ""to"": ""payments-support@razorpay.com"", ""subject"": ""Settlement discrepancy on ORD-699 \u2014 \u20b9284.84"", ""body"": ""Order ORD-699 (payment PAY-0699) was settled \u20b90 against a contractual expectation of \u20b9284.84 (rate card + GST on MDR). We request a review and reversal of the unexplained difference of \u20b9284.84. Evidence attached: EVID-00361, EVID-00362, EVID-00363"", ""amount"": ""284.84""}, ""draft_id"": ""DRF-CASE-0106""}",DRF-CASE-0106,CASE-0106:DRAFT_DISPUTE,,,2025-04-05T00:00:00Z
ACT-0078,CASE-0106,create_dispute,CREATE_DISPUTE,AGENT,EXECUTED,L3_FINANCIAL,"{""case_id"": ""CASE-0106"", ""evidence_ids"": [""EVID-00361"", ""EVID-00362"", ""EVID-00363""]}","{""dispute_id"": ""DIS-CASE-0106"", ""status"": ""SUBMITTED""}",DIS-CASE-0106,CASE-0106:CREATE_DISPUTE,APR-0039,,2025-04-05T00:00:00Z
ACT-0079,CASE-0099,draft_dispute,DRAFT_DISPUTE,AGENT,EXECUTED,L1_DRAFT,"{""case_id"": ""CASE-0099"", ""evidence_ids"": [""EVID-00339"", ""EVID-00340"", ""EVID-00341""]}","{""draft"": {""draft_id"": ""DRF-CASE-0099"", ""case_id"": ""CASE-0099"", ""to"": ""payments-support@razorpay.com"", ""subject"": ""Settlement discrepancy on ORD-663 \u2014 \u20b9257.29"", ""body"": ""Order ORD-663 (payment PAY-0663) was settled \u20b96261.54 against a contractual expectation of \u20b96518.83 (rate card + GST on MDR). We request a review and reversal of the unexplained difference of \u20b9257.29. Evidence attached: EVID-00339, EVID-00340, EVID-00341"", ""amount"": ""257.29""}, ""draft_id"": ""DRF-CASE-0099""}",DRF-CASE-0099,CASE-0099:DRAFT_DISPUTE,,,2025-04-05T00:00:00Z
ACT-0080,CASE-0099,create_dispute,CREATE_DISPUTE,AGENT,EXECUTED,L3_FINANCIAL,"{""case_id"": ""CASE-0099"", ""evidence_ids"": [""EVID-00339"", ""EVID-00340"", ""EVID-00341""]}","{""dispute_id"": ""DIS-CASE-0099"", ""status"": ""SUBMITTED""}",DIS-CASE-0099,CASE-0099:CREATE_DISPUTE,APR-0040,,2025-04-05T00:00:00Z
ACT-0081,CASE-0104,draft_dispute,DRAFT_DISPUTE,AGENT,EXECUTED,L1_DRAFT,"{""case_id"": ""CASE-0104"", ""evidence_ids"": [""EVID-00355"", ""EVID-00356"", ""EVID-00357""]}","{""draft"": {""draft_id"": ""DRF-CASE-0104"", ""case_id"": ""CASE-0104"", ""to"": ""payments-support@razorpay.com"", ""subject"": ""Settlement discrepancy on ORD-681 \u2014 \u20b9219.92"", ""body"": ""Order ORD-681 (payment PAY-0681) was settled \u20b92644.44 against a contractual expectation of \u20b92864.36 (rate card + GST on MDR). We request a review and reversal of the unexplained difference of \u20b9219.92. Evidence attached: EVID-00355, EVID-00356, EVID-00357"", ""amount"": ""219.92""}, ""draft_id"": ""DRF-CASE-0104""}",DRF-CASE-0104,CASE-0104:DRAFT_DISPUTE,,,2025-04-05T00:00:00Z
ACT-0082,CASE-0104,create_dispute,CREATE_DISPUTE,AGENT,EXECUTED,L3_FINANCIAL,"{""case_id"": ""CASE-0104"", ""evidence_ids"": [""EVID-00355"", ""EVID-00356"", ""EVID-00357""]}","{""dispute_id"": ""DIS-CASE-0104"", ""status"": ""SUBMITTED""}",DIS-CASE-0104,CASE-0104:CREATE_DISPUTE,APR-0041,,2025-04-05T00:00:00Z
ACT-0083,CASE-0095,draft_dispute,DRAFT_DISPUTE,AGENT,EXECUTED,L1_DRAFT,"{""case_id"": ""CASE-0095"", ""evidence_ids"": [""EVID-00323"", ""EVID-00324"", ""EVID-00325""]}","{""draft"": {""draft_id"": ""DRF-CASE-0095"", ""case_id"": ""CASE-0095"", ""to"": ""payments-support@razorpay.com"", ""subject"": ""Settlement discrepancy on ORD-628 \u2014 \u20b9181.72"", ""body"": ""Order ORD-628 (payment PAY-0628) was settled \u20b92305.58 against a contractual expectation of \u20b92487.3 (rate card + GST on MDR). We request a review and reversal of the unexplained difference of \u20b9181.72. Evidence attached: EVID-00323, EVID-00324, EVID-00325"", ""amount"": ""181.72""}, ""draft_id"": ""DRF-CASE-0095""}",DRF-CASE-0095,CASE-0095:DRAFT_DISPUTE,,,2025-04-05T00:00:00Z
ACT-0084,CASE-0095,create_dispute,CREATE_DISPUTE,AGENT,EXECUTED,L3_FINANCIAL,"{""case_id"": ""CASE-0095"", ""evidence_ids"": [""EVID-00323"", ""EVID-00324"", ""EVID-00325""]}","{""dispute_id"": ""DIS-CASE-0095"", ""status"": ""SUBMITTED""}",DIS-CASE-0095,CASE-0095:CREATE_DISPUTE,APR-0042,,2025-04-05T00:00:00Z
ACT-0085,CASE-0058,draft_dispute,DRAFT_DISPUTE,AGENT,EXECUTED,L1_DRAFT,"{""case_id"": ""CASE-0058"", ""evidence_ids"": [""EVID-00198"", ""EVID-00199"", ""EVID-00200""]}","{""draft"": {""draft_id"": ""DRF-CASE-0058"", ""case_id"": ""CASE-0058"", ""to"": ""payments-support@razorpay.com"", ""subject"": ""Settlement discrepancy on ORD-316 \u2014 \u20b9175.78"", ""body"": ""Order ORD-316 (payment PAY-0316) was settled \u20b95082.38 against a contractual expectation of \u20b96880.68 (rate card + GST on MDR). We request a review and reversal of the unexplained difference of \u20b9175.78. Evidence attached: EVID-00198, EVID-00199, EVID-00200"", ""amount"": ""175.78""}, ""draft_id"": ""DRF-CASE-0058""}",DRF-CASE-0058,CASE-0058:DRAFT_DISPUTE,,,2025-04-05T00:00:00Z
ACT-0086,CASE-0058,create_dispute,CREATE_DISPUTE,AGENT,EXECUTED,L3_FINANCIAL,"{""case_id"": ""CASE-0058"", ""evidence_ids"": [""EVID-00198"", ""EVID-00199"", ""EVID-00200""]}","{""dispute_id"": ""DIS-CASE-0058"", ""status"": ""SUBMITTED""}",DIS-CASE-0058,CASE-0058:CREATE_DISPUTE,APR-0043,,2025-04-05T00:00:00Z
ACT-0087,CASE-0136,draft_dispute,DRAFT_DISPUTE,AGENT,EXECUTED,L1_DRAFT,"{""case_id"": ""CASE-0136"", ""evidence_ids"": [""EVID-00465"", ""EVID-00466"", ""EVID-00467"", ""EVID-00468""]}","{""draft"": {""draft_id"": ""DRF-CASE-0136"", ""case_id"": ""CASE-0136"", ""to"": ""payments-support@razorpay.com"", ""subject"": ""Settlement discrepancy on ORD-884 \u2014 \u20b9144.17"", ""body"": ""Order ORD-884 (payment PAY-0884) was settled \u20b95820.53 against a contractual expectation of \u20b95964.7 (rate card + GST on MDR). We request a review and reversal of the unexplained difference of \u20b9144.17. Evidence attached: EVID-00465, EVID-00466, EVID-00467, EVID-00468"", ""amount"": ""144.17""}, ""draft_id"": ""DRF-CASE-0136""}",DRF-CASE-0136,CASE-0136:DRAFT_DISPUTE,,,2025-04-05T00:00:00Z
ACT-0088,CASE-0063,draft_dispute,DRAFT_DISPUTE,AGENT,EXECUTED,L1_DRAFT,"{""case_id"": ""CASE-0063"", ""evidence_ids"": [""EVID-00214"", ""EVID-00215"", ""EVID-00216"", ""EVID-00217""]}","{""draft"": {""draft_id"": ""DRF-CASE-0063"", ""case_id"": ""CASE-0063"", ""to"": ""payments-support@razorpay.com"", ""subject"": ""Settlement discrepancy on ORD-381 \u2014 \u20b9137.7"", ""body"": ""Order ORD-381 (payment PAY-0381) was settled \u20b99520.97 against a contractual expectation of \u20b915949.08 (rate card + GST on MDR). We request a review and reversal of the unexplained difference of \u20b9137.7. Evidence attached: EVID-00214, EVID-00215, EVID-00216, EVID-00217"", ""amount"": ""137.7""}, ""draft_id"": ""DRF-CASE-0063""}",DRF-CASE-0063,CASE-0063:DRAFT_DISPUTE,,,2025-04-05T00:00:00Z
ACT-0089,CASE-0021,draft_dispute,DRAFT_DISPUTE,AGENT,EXECUTED,L1_DRAFT,"{""case_id"": ""CASE-0021"", ""evidence_ids"": [""EVID-00070"", ""EVID-00071"", ""EVID-00072""]}","{""draft"": {""draft_id"": ""DRF-CASE-0021"", ""case_id"": ""CASE-0021"", ""to"": ""payments-support@razorpay.com"", ""subject"": ""Settlement discrepancy on ORD-80 \u2014 \u20b9136.39"", ""body"": ""Order ORD-80 (payment PAY-0080) was settled \u20b91906.44 against a contractual expectation of \u20b92042.83 (rate card + GST on MDR). We request a review and reversal of the unexplained difference of \u20b9136.39. Evidence attached: EVID-00070, EVID-00071, EVID-00072"", ""amount"": ""136.39""}, ""draft_id"": ""DRF-CASE-0021""}",DRF-CASE-0021,CASE-0021:DRAFT_DISPUTE,,,2025-04-05T00:00:00Z
ACT-0090,CASE-0021,create_dispute,CREATE_DISPUTE,AGENT,EXECUTED,L3_FINANCIAL,"{""case_id"": ""CASE-0021"", ""evidence_ids"": [""EVID-00070"", ""EVID-00071"", ""EVID-00072""]}","{""dispute_id"": ""DIS-CASE-0021"", ""status"": ""SUBMITTED""}",DIS-CASE-0021,CASE-0021:CREATE_DISPUTE,APR-0044,,2025-04-05T00:00:00Z
ACT-0091,CASE-0024,draft_dispute,DRAFT_DISPUTE,AGENT,EXECUTED,L1_DRAFT,"{""case_id"": ""CASE-0024"", ""evidence_ids"": [""EVID-00081"", ""EVID-00082"", ""EVID-00083"", ""EVID-00084"", ""EVID-00085""]}","{""draft"": {""draft_id"": ""DRF-CASE-0024"", ""case_id"": ""CASE-0024"", ""to"": ""payments-support@razorpay.com"", ""subject"": ""Settlement discrepancy on ORD-101 \u2014 \u20b9131.65"", ""body"": ""Order ORD-101 (payment PAY-0101) was settled \u20b92013.77 against a contractual expectation of \u20b92145.42 (rate card + GST on MDR). We request a review and reversal of the unexplained difference of \u20b9131.65. Evidence attached: EVID-00081, EVID-00082, EVID-00083, EVID-00084, EVID-00085"", ""amount"": ""131.65""}, ""draft_id"": ""DRF-CASE-0024""}",DRF-CASE-0024,CASE-0024:DRAFT_DISPUTE,,,2025-04-05T00:00:00Z
ACT-0092,CASE-0024,create_dispute,CREATE_DISPUTE,AGENT,EXECUTED,L3_FINANCIAL,"{""case_id"": ""CASE-0024"", ""evidence_ids"": [""EVID-00081"", ""EVID-00082"", ""EVID-00083"", ""EVID-00084"", ""EVID-00085""]}","{""dispute_id"": ""DIS-CASE-0024"", ""status"": ""SUBMITTED""}",DIS-CASE-0024,CASE-0024:CREATE_DISPUTE,APR-0045,,2025-04-05T00:00:00Z
ACT-0093,CASE-0044,draft_dispute,DRAFT_DISPUTE,AGENT,EXECUTED,L1_DRAFT,"{""case_id"": ""CASE-0044"", ""evidence_ids"": [""EVID-00150"", ""EVID-00151"", ""EVID-00152""]}","{""draft"": {""draft_id"": ""DRF-CASE-0044"", ""case_id"": ""CASE-0044"", ""to"": ""payments-support@razorpay.com"", ""subject"": ""Settlement discrepancy on ORD-209 \u2014 \u20b9129.59"", ""body"": ""Order ORD-209 (payment PAY-0209) was settled \u20b96419.57 against a contractual expectation of \u20b96549.16 (rate card + GST on MDR). We request a review and reversal of the unexplained difference of \u20b9129.59. Evidence attached: EVID-00150, EVID-00151, EVID-00152"", ""amount"": ""129.59""}, ""draft_id"": ""DRF-CASE-0044""}",DRF-CASE-0044,CASE-0044:DRAFT_DISPUTE,,,2025-04-05T00:00:00Z
ACT-0094,CASE-0044,create_dispute,CREATE_DISPUTE,AGENT,EXECUTED,L3_FINANCIAL,"{""case_id"": ""CASE-0044"", ""evidence_ids"": [""EVID-00150"", ""EVID-00151"", ""EVID-00152""]}","{""dispute_id"": ""DIS-CASE-0044"", ""status"": ""SUBMITTED""}",DIS-CASE-0044,CASE-0044:CREATE_DISPUTE,APR-0046,,2025-04-05T00:00:00Z
ACT-0095,CASE-0039,draft_dispute,DRAFT_DISPUTE,AGENT,EXECUTED,L1_DRAFT,"{""case_id"": ""CASE-0039"", ""evidence_ids"": [""EVID-00134"", ""EVID-00135"", ""EVID-00136""]}","{""draft"": {""draft_id"": ""DRF-CASE-0039"", ""case_id"": ""CASE-0039"", ""to"": ""payments-support@razorpay.com"", ""subject"": ""Settlement discrepancy on ORD-179 \u2014 \u20b9119.5"", ""body"": ""Order ORD-179 (payment PAY-0179) was settled \u20b92011.23 against a contractual expectation of \u20b92130.73 (rate card + GST on MDR). We request a review and reversal of the unexplained difference of \u20b9119.5. Evidence attached: EVID-00134, EVID-00135, EVID-00136"", ""amount"": ""119.5""}, ""draft_id"": ""DRF-CASE-0039""}",DRF-CASE-0039,CASE-0039:DRAFT_DISPUTE,,,2025-04-05T00:00:00Z
ACT-0096,CASE-0039,create_dispute,CREATE_DISPUTE,AGENT,EXECUTED,L3_FINANCIAL,"{""case_id"": ""CASE-0039"", ""evidence_ids"": [""EVID-00134"", ""EVID-00135"", ""EVID-00136""]}","{""dispute_id"": ""DIS-CASE-0039"", ""status"": ""SUBMITTED""}",DIS-CASE-0039,CASE-0039:CREATE_DISPUTE,APR-0047,,2025-04-05T00:00:00Z
ACT-0097,CASE-0020,draft_dispute,DRAFT_DISPUTE,AGENT,EXECUTED,L1_DRAFT,"{""case_id"": ""CASE-0020"", ""evidence_ids"": [""EVID-00067"", ""EVID-00068"", ""EVID-00069""]}","{""draft"": {""draft_id"": ""DRF-CASE-0020"", ""case_id"": ""CASE-0020"", ""to"": ""payments-support@razorpay.com"", ""subject"": ""Settlement discrepancy on ORD-77 \u2014 \u20b9114.35"", ""body"": ""Order ORD-77 (payment PAY-0077) was settled \u20b92969.53 against a contractual expectation of \u20b95230.38 (rate card + GST on MDR). We request a review and reversal of the unexplained difference of \u20b9114.35. Evidence attached: EVID-00067, EVID-00068, EVID-00069"", ""amount"": ""114.35""}, ""draft_id"": ""DRF-CASE-0020""}",DRF-CASE-0020,CASE-0020:DRAFT_DISPUTE,,,2025-04-05T00:00:00Z
ACT-0098,CASE-0020,create_dispute,CREATE_DISPUTE,AGENT,EXECUTED,L3_FINANCIAL,"{""case_id"": ""CASE-0020"", ""evidence_ids"": [""EVID-00067"", ""EVID-00068"", ""EVID-00069""]}","{""dispute_id"": ""DIS-CASE-0020"", ""status"": ""SUBMITTED""}",DIS-CASE-0020,CASE-0020:CREATE_DISPUTE,APR-0048,,2025-04-05T00:00:00Z
ACT-0099,CASE-0048,draft_dispute,DRAFT_DISPUTE,AGENT,EXECUTED,L1_DRAFT,"{""case_id"": ""CASE-0048"", ""evidence_ids"": [""EVID-00163"", ""EVID-00164"", ""EVID-00165""]}","{""draft"": {""draft_id"": ""DRF-CASE-0048"", ""case_id"": ""CASE-0048"", ""to"": ""payments-support@razorpay.com"", ""subject"": ""Settlement discrepancy on ORD-268 \u2014 \u20b9106.19"", ""body"": ""Order ORD-268 (payment PAY-0268) was settled \u20b92806.79 against a contractual expectation of \u20b92912.98 (rate card + GST on MDR). We request a review and reversal of the unexplained difference of \u20b9106.19. Evidence attached: EVID-00163, EVID-00164, EVID-00165"", ""amount"": ""106.19""}, ""draft_id"": ""DRF-CASE-0048""}",DRF-CASE-0048,CASE-0048:DRAFT_DISPUTE,,,2025-04-05T00:00:00Z
ACT-0100,CASE-0048,create_dispute,CREATE_DISPUTE,AGENT,EXECUTED,L3_FINANCIAL,"{""case_id"": ""CASE-0048"", ""evidence_ids"": [""EVID-00163"", ""EVID-00164"", ""EVID-00165""]}","{""dispute_id"": ""DIS-CASE-0048"", ""status"": ""SUBMITTED""}",DIS-CASE-0048,CASE-0048:CREATE_DISPUTE,APR-0049,,2025-04-05T00:00:00Z
ACT-0101,CASE-0112,draft_dispute,DRAFT_DISPUTE,AGENT,EXECUTED,L1_DRAFT,"{""case_id"": ""CASE-0112"", ""evidence_ids"": [""EVID-00381"", ""EVID-00382"", ""EVID-00383"", ""EVID-00384"", ""EVID-00385""]}","{""draft"": {""draft_id"": ""DRF-CASE-0112"", ""case_id"": ""CASE-0112"", ""to"": ""payments-support@razorpay.com"", ""subject"": ""Settlement discrepancy on ORD-741 \u2014 \u20b9105.67"", ""body"": ""Order ORD-741 (payment PAY-0741) was settled \u20b91172.12 against a contractual expectation of \u20b91277.79 (rate card + GST on MDR). We request a review and reversal of the unexplained difference of \u20b9105.67. Evidence attached: EVID-00381, EVID-00382, EVID-00383, EVID-00384, EVID-00385"", ""amount"": ""105.67""}, ""draft_id"": ""DRF-CASE-0112""}",DRF-CASE-0112,CASE-0112:DRAFT_DISPUTE,,,2025-04-05T00:00:00Z
ACT-0102,CASE-0112,create_dispute,CREATE_DISPUTE,AGENT,EXECUTED,L3_FINANCIAL,"{""case_id"": ""CASE-0112"", ""evidence_ids"": [""EVID-00381"", ""EVID-00382"", ""EVID-00383"", ""EVID-00384"", ""EVID-00385""]}","{""dispute_id"": ""DIS-CASE-0112"", ""status"": ""SUBMITTED""}",DIS-CASE-0112,CASE-0112:CREATE_DISPUTE,APR-0050,,2025-04-05T00:00:00Z
ACT-0103,CASE-0027,draft_dispute,DRAFT_DISPUTE,AGENT,EXECUTED,L1_DRAFT,"{""case_id"": ""CASE-0027"", ""evidence_ids"": [""EVID-00093"", ""EVID-00094"", ""EVID-00095""]}","{""draft"": {""draft_id"": ""DRF-CASE-0027"", ""case_id"": ""CASE-0027"", ""to"": ""payments-support@razorpay.com"", ""subject"": ""Settlement discrepancy on ORD-129 \u2014 \u20b9101.73"", ""body"": ""Order ORD-129 (payment PAY-0129) was settled \u20b91392.38 against a contractual expectation of \u20b91494.11 (rate card + GST on MDR). We request a review and reversal of the unexplained difference of \u20b9101.73. Evidence attached: EVID-00093, EVID-00094, EVID-00095"", ""amount"": ""101.73""}, ""draft_id"": ""DRF-CASE-0027""}",DRF-CASE-0027,CASE-0027:DRAFT_DISPUTE,,,2025-04-05T00:00:00Z
ACT-0104,CASE-0027,create_dispute,CREATE_DISPUTE,AGENT,EXECUTED,L3_FINANCIAL,"{""case_id"": ""CASE-0027"", ""evidence_ids"": [""EVID-00093"", ""EVID-00094"", ""EVID-00095""]}","{""dispute_id"": ""DIS-CASE-0027"", ""status"": ""SUBMITTED""}",DIS-CASE-0027,CASE-0027:CREATE_DISPUTE,APR-0051,,2025-04-05T00:00:00Z
ACT-0105,CASE-0114,draft_dispute,DRAFT_DISPUTE,AGENT,EXECUTED,L1_DRAFT,"{""case_id"": ""CASE-0114"", ""evidence_ids"": [""EVID-00389"", ""EVID-00390"", ""EVID-00391"", ""EVID-00392""]}","{""draft"": {""draft_id"": ""DRF-CASE-0114"", ""case_id"": ""CASE-0114"", ""to"": ""payments-support@razorpay.com"", ""subject"": ""Settlement discrepancy on ORD-758 \u2014 \u20b996.07"", ""body"": ""Order ORD-758 (payment PAY-0758) was settled \u20b97011.95 against a contractual expectation of \u20b97093.36 (rate card + GST on MDR). We request a review and reversal of the unexplained difference of \u20b996.07. Evidence attached: EVID-00389, EVID-00390, EVID-00391, EVID-00392"", ""amount"": ""96.07""}, ""draft_id"": ""DRF-CASE-0114""}",DRF-CASE-0114,CASE-0114:DRAFT_DISPUTE,,,2025-04-05T00:00:00Z
ACT-0106,CASE-0141,draft_dispute,DRAFT_DISPUTE,AGENT,EXECUTED,L1_DRAFT,"{""case_id"": ""CASE-0141"", ""evidence_ids"": [""EVID-00484"", ""EVID-00485"", ""EVID-00486""]}","{""draft"": {""draft_id"": ""DRF-CASE-0141"", ""case_id"": ""CASE-0141"", ""to"": ""payments-support@razorpay.com"", ""subject"": ""Settlement discrepancy on ORD-932 \u2014 \u20b988.94"", ""body"": ""Order ORD-932 (payment PAY-0932) was settled \u20b91149.61 against a contractual expectation of \u20b91238.55 (rate card + GST on MDR). We request a review and reversal of the unexplained difference of \u20b988.94. Evidence attached: EVID-00484, EVID-00485, EVID-00486"", ""amount"": ""88.94""}, ""draft_id"": ""DRF-CASE-0141""}",DRF-CASE-0141,CASE-0141:DRAFT_DISPUTE,,,2025-04-05T00:00:00Z
ACT-0107,CASE-0141,create_dispute,CREATE_DISPUTE,AGENT,EXECUTED,L3_FINANCIAL,"{""case_id"": ""CASE-0141"", ""evidence_ids"": [""EVID-00484"", ""EVID-00485"", ""EVID-00486""]}","{""dispute_id"": ""DIS-CASE-0141"", ""status"": ""SUBMITTED""}",DIS-CASE-0141,CASE-0141:CREATE_DISPUTE,APR-0052,,2025-04-05T00:00:00Z
ACT-0108,CASE-0139,draft_dispute,DRAFT_DISPUTE,AGENT,EXECUTED,L1_DRAFT,"{""case_id"": ""CASE-0139"", ""evidence_ids"": [""EVID-00476"", ""EVID-00477"", ""EVID-00478"", ""EVID-00479"", ""EVID-00480""]}","{""draft"": {""draft_id"": ""DRF-CASE-0139"", ""case_id"": ""CASE-0139"", ""to"": ""payments-support@razorpay.com"", ""subject"": ""Settlement discrepancy on ORD-924 \u2014 \u20b972.48"", ""body"": ""Order ORD-924 (payment PAY-0924) was settled \u20b92786.92 against a contractual expectation of \u20b92859.4 (rate card + GST on MDR). We request a review and reversal of the unexplained difference of \u20b972.48. Evidence attached: EVID-00476, EVID-00477, EVID-00478, EVID-00479, EVID-00480"", ""amount"": ""72.48""}, ""draft_id"": ""DRF-CASE-0139""}",DRF-CASE-0139,CASE-0139:DRAFT_DISPUTE,,,2025-04-05T00:00:00Z
ACT-0109,CASE-0139,create_dispute,CREATE_DISPUTE,AGENT,EXECUTED,L3_FINANCIAL,"{""case_id"": ""CASE-0139"", ""evidence_ids"": [""EVID-00476"", ""EVID-00477"", ""EVID-00478"", ""EVID-00479"", ""EVID-00480""]}","{""dispute_id"": ""DIS-CASE-0139"", ""status"": ""SUBMITTED""}",DIS-CASE-0139,CASE-0139:CREATE_DISPUTE,APR-0053,,2025-04-05T00:00:00Z
ACT-0110,CASE-0149,draft_dispute,DRAFT_DISPUTE,AGENT,EXECUTED,L1_DRAFT,"{""case_id"": ""CASE-0149"", ""evidence_ids"": [""EVID-00510"", ""EVID-00511"", ""EVID-00512"", ""EVID-00513"", ""EVID-00514""]}","{""draft"": {""draft_id"": ""DRF-CASE-0149"", ""case_id"": ""CASE-0149"", ""to"": ""payments-support@razorpay.com"", ""subject"": ""Settlement discrepancy on ORD-990 \u2014 \u20b971.33"", ""body"": ""Order ORD-990 (payment PAY-0990) was settled \u20b91337.2 against a contractual expectation of \u20b91408.53 (rate card + GST on MDR). We request a review and reversal of the unexplained difference of \u20b971.33. Evidence attached: EVID-00510, EVID-00511, EVID-00512, EVID-00513, EVID-00514"", ""amount"": ""71.33""}, ""draft_id"": ""DRF-CASE-0149""}",DRF-CASE-0149,CASE-0149:DRAFT_DISPUTE,,,2025-04-05T00:00:00Z
ACT-0111,CASE-0149,create_dispute,CREATE_DISPUTE,AGENT,EXECUTED,L3_FINANCIAL,"{""case_id"": ""CASE-0149"", ""evidence_ids"": [""EVID-00510"", ""EVID-00511"", ""EVID-00512"", ""EVID-00513"", ""EVID-00514""]}","{""dispute_id"": ""DIS-CASE-0149"", ""status"": ""SUBMITTED""}",DIS-CASE-0149,CASE-0149:CREATE_DISPUTE,APR-0054,,2025-04-05T00:00:00Z
ACT-0112,CASE-0123,draft_dispute,DRAFT_DISPUTE,AGENT,EXECUTED,L1_DRAFT,"{""case_id"": ""CASE-0123"", ""evidence_ids"": [""EVID-00421"", ""EVID-00422"", ""EVID-00423"", ""EVID-00424"", ""EVID-00425""]}","{""draft"": {""draft_id"": ""DRF-CASE-0123"", ""case_id"": ""CASE-0123"", ""to"": ""payments-support@razorpay.com"", ""subject"": ""Settlement discrepancy on ORD-815 \u2014 \u20b967.44"", ""body"": ""Order ORD-815 (payment PAY-0815) was settled \u20b9933.74 against a contractual expectation of \u20b91001.18 (rate card + GST on MDR). We request a review and reversal of the unexplained difference of \u20b967.44. Evidence attached: EVID-00421, EVID-00422, EVID-00423, EVID-00424, EVID-00425"", ""amount"": ""67.44""}, ""draft_id"": ""DRF-CASE-0123""}",DRF-CASE-0123,CASE-0123:DRAFT_DISPUTE,,,2025-04-05T00:00:00Z
ACT-0113,CASE-0123,create_dispute,CREATE_DISPUTE,AGENT,EXECUTED,L3_FINANCIAL,"{""case_id"": ""CASE-0123"", ""evidence_ids"": [""EVID-00421"", ""EVID-00422"", ""EVID-00423"", ""EVID-00424"", ""EVID-00425""]}","{""dispute_id"": ""DIS-CASE-0123"", ""status"": ""SUBMITTED""}",DIS-CASE-0123,CASE-0123:CREATE_DISPUTE,APR-0055,,2025-04-05T00:00:00Z
ACT-0114,CASE-0132,draft_dispute,DRAFT_DISPUTE,AGENT,EXECUTED,L1_DRAFT,"{""case_id"": ""CASE-0132"", ""evidence_ids"": [""EVID-00452"", ""EVID-00453"", ""EVID-00454""]}","{""draft"": {""draft_id"": ""DRF-CASE-0132"", ""case_id"": ""CASE-0132"", ""to"": ""payments-support@razorpay.com"", ""subject"": ""Settlement discrepancy on ORD-857 \u2014 \u20b966.74"", ""body"": ""Order ORD-857 (payment PAY-0857) was settled \u20b9982.48 against a contractual expectation of \u20b91049.22 (rate card + GST on MDR). We request a review and reversal of the unexplained difference of \u20b966.74. Evidence attached: EVID-00452, EVID-00453, EVID-00454"", ""amount"": ""66.74""}, ""draft_id"": ""DRF-CASE-0132""}",DRF-CASE-0132,CASE-0132:DRAFT_DISPUTE,,,2025-04-05T00:00:00Z
ACT-0115,CASE-0132,create_dispute,CREATE_DISPUTE,AGENT,EXECUTED,L3_FINANCIAL,"{""case_id"": ""CASE-0132"", ""evidence_ids"": [""EVID-00452"", ""EVID-00453"", ""EVID-00454""]}","{""dispute_id"": ""DIS-CASE-0132"", ""status"": ""SUBMITTED""}",DIS-CASE-0132,CASE-0132:CREATE_DISPUTE,APR-0056,,2025-04-05T00:00:00Z
ACT-0116,CASE-0129,draft_dispute,DRAFT_DISPUTE,AGENT,EXECUTED,L1_DRAFT,"{""case_id"": ""CASE-0129"", ""evidence_ids"": [""EVID-00442"", ""EVID-00443"", ""EVID-00444""]}","{""draft"": {""draft_id"": ""DRF-CASE-0129"", ""case_id"": ""CASE-0129"", ""to"": ""payments-support@razorpay.com"", ""subject"": ""Settlement discrepancy on ORD-840 \u2014 \u20b966.48"", ""body"": ""Order ORD-840 (payment PAY-0840) was settled \u20b9786.73 against a contractual expectation of \u20b9853.21 (rate card + GST on MDR). We request a review and reversal of the unexplained difference of \u20b966.48. Evidence attached: EVID-00442, EVID-00443, EVID-00444"", ""amount"": ""66.48""}, ""draft_id"": ""DRF-CASE-0129""}",DRF-CASE-0129,CASE-0129:DRAFT_DISPUTE,,,2025-04-05T00:00:00Z
ACT-0117,CASE-0129,create_dispute,CREATE_DISPUTE,AGENT,EXECUTED,L3_FINANCIAL,"{""case_id"": ""CASE-0129"", ""evidence_ids"": [""EVID-00442"", ""EVID-00443"", ""EVID-00444""]}","{""dispute_id"": ""DIS-CASE-0129"", ""status"": ""SUBMITTED""}",DIS-CASE-0129,CASE-0129:CREATE_DISPUTE,APR-0057,,2025-04-05T00:00:00Z
ACT-0118,CASE-0128,draft_dispute,DRAFT_DISPUTE,AGENT,EXECUTED,L1_DRAFT,"{""case_id"": ""CASE-0128"", ""evidence_ids"": [""EVID-00439"", ""EVID-00440"", ""EVID-00441""]}","{""draft"": {""draft_id"": ""DRF-CASE-0128"", ""case_id"": ""CASE-0128"", ""to"": ""payments-support@razorpay.com"", ""subject"": ""Settlement discrepancy on ORD-837 \u2014 \u20b965.58"", ""body"": ""Order ORD-837 (payment PAY-0837) was settled \u20b9784.03 against a contractual expectation of \u20b9849.61 (rate card + GST on MDR). We request a review and reversal of the unexplained difference of \u20b965.58. Evidence attached: EVID-00439, EVID-00440, EVID-00441"", ""amount"": ""65.58""}, ""draft_id"": ""DRF-CASE-0128""}",DRF-CASE-0128,CASE-0128:DRAFT_DISPUTE,,,2025-04-05T00:00:00Z
ACT-0119,CASE-0128,create_dispute,CREATE_DISPUTE,AGENT,EXECUTED,L3_FINANCIAL,"{""case_id"": ""CASE-0128"", ""evidence_ids"": [""EVID-00439"", ""EVID-00440"", ""EVID-00441""]}","{""dispute_id"": ""DIS-CASE-0128"", ""status"": ""SUBMITTED""}",DIS-CASE-0128,CASE-0128:CREATE_DISPUTE,APR-0058,,2025-04-05T00:00:00Z
ACT-0120,CASE-0119,draft_dispute,DRAFT_DISPUTE,AGENT,EXECUTED,L1_DRAFT,"{""case_id"": ""CASE-0119"", ""evidence_ids"": [""EVID-00408"", ""EVID-00409"", ""EVID-00410""]}","{""draft"": {""draft_id"": ""DRF-CASE-0119"", ""case_id"": ""CASE-0119"", ""to"": ""payments-support@razorpay.com"", ""subject"": ""Settlement discrepancy on ORD-789 \u2014 \u20b963.71"", ""body"": ""Order ORD-789 (payment PAY-0789) was settled \u20b93969.23 against a contractual expectation of \u20b97154.8 (rate card + GST on MDR). We request a review and reversal of the unexplained difference of \u20b963.71. Evidence attached: EVID-00408, EVID-00409, EVID-00410"", ""amount"": ""63.71""}, ""draft_id"": ""DRF-CASE-0119""}",DRF-CASE-0119,CASE-0119:DRAFT_DISPUTE,,,2025-04-05T00:00:00Z
ACT-0121,CASE-0119,create_dispute,CREATE_DISPUTE,AGENT,EXECUTED,L3_FINANCIAL,"{""case_id"": ""CASE-0119"", ""evidence_ids"": [""EVID-00408"", ""EVID-00409"", ""EVID-00410""]}","{""dispute_id"": ""DIS-CASE-0119"", ""status"": ""SUBMITTED""}",DIS-CASE-0119,CASE-0119:CREATE_DISPUTE,APR-0059,,2025-04-05T00:00:00Z
ACT-0122,CASE-0017,draft_dispute,DRAFT_DISPUTE,AGENT,EXECUTED,L1_DRAFT,"{""case_id"": ""CASE-0017"", ""evidence_ids"": [""EVID-00057"", ""EVID-00058"", ""EVID-00059""]}","{""draft"": {""draft_id"": ""DRF-CASE-0017"", ""case_id"": ""CASE-0017"", ""to"": ""payments-support@razorpay.com"", ""subject"": ""Settlement discrepancy on ORD-71 \u2014 \u20b958.05"", ""body"": ""Order ORD-71 (payment PAY-0071) was settled \u20b91159.98 against a contractual expectation of \u20b91218.03 (rate card + GST on MDR). We request a review and reversal of the unexplained difference of \u20b958.05. Evidence attached: EVID-00057, EVID-00058, EVID-00059"", ""amount"": ""58.05""}, ""draft_id"": ""DRF-CASE-0017""}",DRF-CASE-0017,CASE-0017:DRAFT_DISPUTE,,,2025-04-05T00:00:00Z
ACT-0123,CASE-0017,create_dispute,CREATE_DISPUTE,AGENT,EXECUTED,L3_FINANCIAL,"{""case_id"": ""CASE-0017"", ""evidence_ids"": [""EVID-00057"", ""EVID-00058"", ""EVID-00059""]}","{""dispute_id"": ""DIS-CASE-0017"", ""status"": ""SUBMITTED""}",DIS-CASE-0017,CASE-0017:CREATE_DISPUTE,APR-0060,,2025-04-05T00:00:00Z
ACT-0124,CASE-0089,draft_dispute,DRAFT_DISPUTE,AGENT,EXECUTED,L1_DRAFT,"{""case_id"": ""CASE-0089"", ""evidence_ids"": [""EVID-00303"", ""EVID-00304"", ""EVID-00305"", ""EVID-00306""]}","{""draft"": {""draft_id"": ""DRF-CASE-0089"", ""case_id"": ""CASE-0089"", ""to"": ""payments-support@razorpay.com"", ""subject"": ""Settlement discrepancy on ORD-585 \u2014 \u20b957.34"", ""body"": ""Order ORD-585 (payment PAY-0585) was settled \u20b92314.9 against a contractual expectation of \u20b92372.24 (rate card + GST on MDR). We request a review and reversal of the unexplained difference of \u20b957.34. Evidence attached: EVID-00303, EVID-00304, EVID-00305, EVID-00306"", ""amount"": ""57.34""}, ""draft_id"": ""DRF-CASE-0089""}",DRF-CASE-0089,CASE-0089:DRAFT_DISPUTE,,,2025-04-05T00:00:00Z
ACT-0125,CASE-0073,draft_dispute,DRAFT_DISPUTE,AGENT,EXECUTED,L1_DRAFT,"{""case_id"": ""CASE-0073"", ""evidence_ids"": [""EVID-00250"", ""EVID-00251"", ""EVID-00252""]}","{""draft"": {""draft_id"": ""DRF-CASE-0073"", ""case_id"": ""CASE-0073"", ""to"": ""payments-support@razorpay.com"", ""subject"": ""Settlement discrepancy on ORD-458 \u2014 \u20b946.0"", ""body"": ""Order ORD-458 (payment PAY-0458) was settled \u20b91091.25 against a contractual expectation of \u20b91137.25 (rate card + GST on MDR). We request a review and reversal of the unexplained difference of \u20b946.0. Evidence attached: EVID-00250, EVID-00251, EVID-00252"", ""amount"": ""46.0""}, ""draft_id"": ""DRF-CASE-0073""}",DRF-CASE-0073,CASE-0073:DRAFT_DISPUTE,,,2025-04-05T00:00:00Z
ACT-0126,CASE-0073,create_dispute,CREATE_DISPUTE,AGENT,EXECUTED,L3_FINANCIAL,"{""case_id"": ""CASE-0073"", ""evidence_ids"": [""EVID-00250"", ""EVID-00251"", ""EVID-00252""]}","{""dispute_id"": ""DIS-CASE-0073"", ""status"": ""SUBMITTED""}",DIS-CASE-0073,CASE-0073:CREATE_DISPUTE,APR-0061,,2025-04-05T00:00:00Z
ACT-0127,CASE-0090,draft_dispute,DRAFT_DISPUTE,AGENT,EXECUTED,L1_DRAFT,"{""case_id"": ""CASE-0090"", ""evidence_ids"": [""EVID-00307"", ""EVID-00308"", ""EVID-00309""]}","{""draft"": {""draft_id"": ""DRF-CASE-0090"", ""case_id"": ""CASE-0090"", ""to"": ""payments-support@razorpay.com"", ""subject"": ""Settlement discrepancy on ORD-590 \u2014 \u20b942.8"", ""body"": ""Order ORD-590 (payment PAY-0590) was settled \u20b9556.49 against a contractual expectation of \u20b9599.29 (rate card + GST on MDR). We request a review and reversal of the unexplained difference of \u20b942.8. Evidence attached: EVID-00307, EVID-00308, EVID-00309"", ""amount"": ""42.8""}, ""draft_id"": ""DRF-CASE-0090""}",DRF-CASE-0090,CASE-0090:DRAFT_DISPUTE,,,2025-04-05T00:00:00Z
ACT-0128,CASE-0090,create_dispute,CREATE_DISPUTE,AGENT,EXECUTED,L3_FINANCIAL,"{""case_id"": ""CASE-0090"", ""evidence_ids"": [""EVID-00307"", ""EVID-00308"", ""EVID-00309""]}","{""dispute_id"": ""DIS-CASE-0090"", ""status"": ""SUBMITTED""}",DIS-CASE-0090,CASE-0090:CREATE_DISPUTE,APR-0062,,2025-04-05T00:00:00Z
ACT-0129,CASE-0116,draft_dispute,DRAFT_DISPUTE,AGENT,EXECUTED,L1_DRAFT,"{""case_id"": ""CASE-0116"", ""evidence_ids"": [""EVID-00397"", ""EVID-00398"", ""EVID-00399"", ""EVID-00400""]}","{""draft"": {""draft_id"": ""DRF-CASE-0116"", ""case_id"": ""CASE-0116"", ""to"": ""payments-support@razorpay.com"", ""subject"": ""Settlement discrepancy on ORD-772 \u2014 \u20b941.9"", ""body"": ""Order ORD-772 (payment PAY-0772) was settled \u20b93114.11 against a contractual expectation of \u20b93149.62 (rate card + GST on MDR). We request a review and reversal of the unexplained difference of \u20b941.9. Evidence attached: EVID-00397, EVID-00398, EVID-00399, EVID-00400"", ""amount"": ""41.9""}, ""draft_id"": ""DRF-CASE-0116""}",DRF-CASE-0116,CASE-0116:DRAFT_DISPUTE,,,2025-04-05T00:00:00Z
ACT-0130,CASE-0056,draft_dispute,DRAFT_DISPUTE,AGENT,EXECUTED,L1_DRAFT,"{""case_id"": ""CASE-0056"", ""evidence_ids"": [""EVID-00191"", ""EVID-00192"", ""EVID-00193""]}","{""draft"": {""draft_id"": ""DRF-CASE-0056"", ""case_id"": ""CASE-0056"", ""to"": ""payments-support@razorpay.com"", ""subject"": ""Settlement discrepancy on ORD-301 \u2014 \u20b941.45"", ""body"": ""Order ORD-301 (payment PAY-0301) was settled \u20b92447.16 against a contractual expectation of \u20b94519.55 (rate card + GST on MDR). We request a review and reversal of the unexplained difference of \u20b941.45. Evidence attached: EVID-00191, EVID-00192, EVID-00193"", ""amount"": ""41.45""}, ""draft_id"": ""DRF-CASE-0056""}",DRF-CASE-0056,CASE-0056:DRAFT_DISPUTE,,,2025-04-05T00:00:00Z
ACT-0131,CASE-0056,create_dispute,CREATE_DISPUTE,AGENT,EXECUTED,L3_FINANCIAL,"{""case_id"": ""CASE-0056"", ""evidence_ids"": [""EVID-00191"", ""EVID-00192"", ""EVID-00193""]}","{""dispute_id"": ""DIS-CASE-0056"", ""status"": ""SUBMITTED""}",DIS-CASE-0056,CASE-0056:CREATE_DISPUTE,APR-0063,,2025-04-05T00:00:00Z
ACT-0132,CASE-0146,draft_dispute,DRAFT_DISPUTE,AGENT,EXECUTED,L1_DRAFT,"{""case_id"": ""CASE-0146"", ""evidence_ids"": [""EVID-00499"", ""EVID-00500"", ""EVID-00501"", ""EVID-00502""]}","{""draft"": {""draft_id"": ""DRF-CASE-0146"", ""case_id"": ""CASE-0146"", ""to"": ""payments-support@razorpay.com"", ""subject"": ""Settlement discrepancy on ORD-980 \u2014 \u20b939.17"", ""body"": ""Order ORD-980 (payment PAY-0980) was settled \u20b95013.61 against a contractual expectation of \u20b95046.81 (rate card + GST on MDR). We request a review and reversal of the unexplained difference of \u20b939.17. Evidence attached: EVID-00499, EVID-00500, EVID-00501, EVID-00502"", ""amount"": ""39.17""}, ""draft_id"": ""DRF-CASE-0146""}",DRF-CASE-0146,CASE-0146:DRAFT_DISPUTE,,,2025-04-05T00:00:00Z
ACT-0133,CASE-0097,draft_dispute,DRAFT_DISPUTE,AGENT,EXECUTED,L1_DRAFT,"{""case_id"": ""CASE-0097"", ""evidence_ids"": [""EVID-00332"", ""EVID-00333"", ""EVID-00334"", ""EVID-00335""]}","{""draft"": {""draft_id"": ""DRF-CASE-0097"", ""case_id"": ""CASE-0097"", ""to"": ""payments-support@razorpay.com"", ""subject"": ""Settlement discrepancy on ORD-655 \u2014 \u20b938.85"", ""body"": ""Order ORD-655 (payment PAY-0655) was settled \u20b93930.75 against a contractual expectation of \u20b93963.68 (rate card + GST on MDR). We request a review and reversal of the unexplained difference of \u20b938.85. Evidence attached: EVID-00332, EVID-00333, EVID-00334, EVID-00335"", ""amount"": ""38.85""}, ""draft_id"": ""DRF-CASE-0097""}",DRF-CASE-0097,CASE-0097:DRAFT_DISPUTE,,,2025-04-05T00:00:00Z
ACT-0134,CASE-0127,draft_dispute,DRAFT_DISPUTE,AGENT,EXECUTED,L1_DRAFT,"{""case_id"": ""CASE-0127"", ""evidence_ids"": [""EVID-00436"", ""EVID-00437"", ""EVID-00438""]}","{""draft"": {""draft_id"": ""DRF-CASE-0127"", ""case_id"": ""CASE-0127"", ""to"": ""payments-support@razorpay.com"", ""subject"": ""Settlement discrepancy on ORD-835 \u2014 \u20b938.64"", ""body"": ""Order ORD-835 (payment PAY-0835) was settled \u20b95938.05 against a contractual expectation of \u20b97870.26 (rate card + GST on MDR). We request a review and reversal of the unexplained difference of \u20b938.64. Evidence attached: EVID-00436, EVID-00437, EVID-00438"", ""amount"": ""38.64""}, ""draft_id"": ""DRF-CASE-0127""}",DRF-CASE-0127,CASE-0127:DRAFT_DISPUTE,,,2025-04-05T00:00:00Z
ACT-0135,CASE-0127,create_dispute,CREATE_DISPUTE,AGENT,EXECUTED,L3_FINANCIAL,"{""case_id"": ""CASE-0127"", ""evidence_ids"": [""EVID-00436"", ""EVID-00437"", ""EVID-00438""]}","{""dispute_id"": ""DIS-CASE-0127"", ""status"": ""SUBMITTED""}",DIS-CASE-0127,CASE-0127:CREATE_DISPUTE,APR-0064,,2025-04-05T00:00:00Z
ACT-0136,CASE-0080,draft_dispute,DRAFT_DISPUTE,AGENT,EXECUTED,L1_DRAFT,"{""case_id"": ""CASE-0080"", ""evidence_ids"": [""EVID-00274"", ""EVID-00275"", ""EVID-00276"", ""EVID-00277""]}","{""draft"": {""draft_id"": ""DRF-CASE-0080"", ""case_id"": ""CASE-0080"", ""to"": ""payments-support@razorpay.com"", ""subject"": ""Settlement discrepancy on ORD-476 \u2014 \u20b937.93"", ""body"": ""Order ORD-476 (payment PAY-0476) was settled \u20b91615.98 against a contractual expectation of \u20b91653.91 (rate card + GST on MDR). We request a review and reversal of the unexplained difference of \u20b937.93. Evidence attached: EVID-00274, EVID-00275, EVID-00276, EVID-00277"", ""amount"": ""37.93""}, ""draft_id"": ""DRF-CASE-0080""}",DRF-CASE-0080,CASE-0080:DRAFT_DISPUTE,,,2025-04-05T00:00:00Z
ACT-0137,CASE-0019,draft_dispute,DRAFT_DISPUTE,AGENT,EXECUTED,L1_DRAFT,"{""case_id"": ""CASE-0019"", ""evidence_ids"": [""EVID-00064"", ""EVID-00065"", ""EVID-00066""]}","{""draft"": {""draft_id"": ""DRF-CASE-0019"", ""case_id"": ""CASE-0019"", ""to"": ""payments-support@razorpay.com"", ""subject"": ""Settlement discrepancy on ORD-76 \u2014 \u20b936.8"", ""body"": ""Order ORD-76 (payment PAY-0076) was settled \u20b9585.3 against a contractual expectation of \u20b9622.1 (rate card + GST on MDR). We request a review and reversal of the unexplained difference of \u20b936.8. Evidence attached: EVID-00064, EVID-00065, EVID-00066"", ""amount"": ""36.8""}, ""draft_id"": ""DRF-CASE-0019""}",DRF-CASE-0019,CASE-0019:DRAFT_DISPUTE,,,2025-04-05T00:00:00Z
ACT-0138,CASE-0019,create_dispute,CREATE_DISPUTE,AGENT,EXECUTED,L3_FINANCIAL,"{""case_id"": ""CASE-0019"", ""evidence_ids"": [""EVID-00064"", ""EVID-00065"", ""EVID-00066""]}","{""dispute_id"": ""DIS-CASE-0019"", ""status"": ""SUBMITTED""}",DIS-CASE-0019,CASE-0019:CREATE_DISPUTE,APR-0065,,2025-04-05T00:00:00Z
ACT-0139,CASE-0060,draft_dispute,DRAFT_DISPUTE,AGENT,EXECUTED,L1_DRAFT,"{""case_id"": ""CASE-0060"", ""evidence_ids"": [""EVID-00205"", ""EVID-00206"", ""EVID-00207""]}","{""draft"": {""draft_id"": ""DRF-CASE-0060"", ""case_id"": ""CASE-0060"", ""to"": ""payments-support@razorpay.com"", ""subject"": ""Settlement discrepancy on ORD-345 \u2014 \u20b935.42"", ""body"": ""Order ORD-345 (payment PAY-0345) was settled \u20b92046.33 against a contractual expectation of \u20b92081.75 (rate card + GST on MDR). We request a review and reversal of the unexplained difference of \u20b935.42. Evidence attached: EVID-00205, EVID-00206, EVID-00207"", ""amount"": ""35.42""}, ""draft_id"": ""DRF-CASE-0060""}",DRF-CASE-0060,CASE-0060:DRAFT_DISPUTE,,,2025-04-05T00:00:00Z
ACT-0140,CASE-0060,create_dispute,CREATE_DISPUTE,AGENT,EXECUTED,L3_FINANCIAL,"{""case_id"": ""CASE-0060"", ""evidence_ids"": [""EVID-00205"", ""EVID-00206"", ""EVID-00207""]}","{""dispute_id"": ""DIS-CASE-0060"", ""status"": ""SUBMITTED""}",DIS-CASE-0060,CASE-0060:CREATE_DISPUTE,APR-0066,,2025-04-05T00:00:00Z
ACT-0141,CASE-0037,draft_dispute,DRAFT_DISPUTE,AGENT,EXECUTED,L1_DRAFT,"{""case_id"": ""CASE-0037"", ""evidence_ids"": [""EVID-00127"", ""EVID-00128"", ""EVID-00129""]}","{""draft"": {""draft_id"": ""DRF-CASE-0037"", ""case_id"": ""CASE-0037"", ""to"": ""payments-support@razorpay.com"", ""subject"": ""Settlement discrepancy on ORD-176 \u2014 \u20b933.66"", ""body"": ""Order ORD-176 (payment PAY-0176) was settled \u20b91742.84 against a contractual expectation of \u20b93425.6 (rate card + GST on MDR). We request a review and reversal of the unexplained difference of \u20b933.66. Evidence attached: EVID-00127, EVID-00128, EVID-00129"", ""amount"": ""33.66""}, ""draft_id"": ""DRF-CASE-0037""}",DRF-CASE-0037,CASE-0037:DRAFT_DISPUTE,,,2025-04-05T00:00:00Z
ACT-0142,CASE-0037,create_dispute,CREATE_DISPUTE,AGENT,EXECUTED,L3_FINANCIAL,"{""case_id"": ""CASE-0037"", ""evidence_ids"": [""EVID-00127"", ""EVID-00128"", ""EVID-00129""]}","{""dispute_id"": ""DIS-CASE-0037"", ""status"": ""SUBMITTED""}",DIS-CASE-0037,CASE-0037:CREATE_DISPUTE,APR-0067,,2025-04-05T00:00:00Z
ACT-0143,CASE-0102,draft_dispute,DRAFT_DISPUTE,AGENT,EXECUTED,L1_DRAFT,"{""case_id"": ""CASE-0102"", ""evidence_ids"": [""EVID-00349"", ""EVID-00350"", ""EVID-00351""]}","{""draft"": {""draft_id"": ""DRF-CASE-0102"", ""case_id"": ""CASE-0102"", ""to"": ""payments-support@razorpay.com"", ""subject"": ""Settlement discrepancy on ORD-669 \u2014 \u20b928.8"", ""body"": ""Order ORD-669 (payment PAY-0669) was settled \u20b93853.1 against a contractual expectation of \u20b95293.29 (rate card + GST on MDR). We request a review and reversal of the unexplained difference of \u20b928.8. Evidence attached: EVID-00349, EVID-00350, EVID-00351"", ""amount"": ""28.8""}, ""draft_id"": ""DRF-CASE-0102""}",DRF-CASE-0102,CASE-0102:DRAFT_DISPUTE,,,2025-04-05T00:00:00Z
ACT-0144,CASE-0102,create_dispute,CREATE_DISPUTE,AGENT,EXECUTED,L3_FINANCIAL,"{""case_id"": ""CASE-0102"", ""evidence_ids"": [""EVID-00349"", ""EVID-00350"", ""EVID-00351""]}","{""dispute_id"": ""DIS-CASE-0102"", ""status"": ""SUBMITTED""}",DIS-CASE-0102,CASE-0102:CREATE_DISPUTE,APR-0068,,2025-04-05T00:00:00Z
ACT-0145,CASE-0137,draft_dispute,DRAFT_DISPUTE,AGENT,EXECUTED,L1_DRAFT,"{""case_id"": ""CASE-0137"", ""evidence_ids"": [""EVID-00469"", ""EVID-00470"", ""EVID-00471""]}","{""draft"": {""draft_id"": ""DRF-CASE-0137"", ""case_id"": ""CASE-0137"", ""to"": ""payments-support@razorpay.com"", ""subject"": ""Settlement discrepancy on ORD-893 \u2014 \u20b927.51"", ""body"": ""Order ORD-893 (payment PAY-0893) was settled \u20b91247.45 against a contractual expectation of \u20b91274.96 (rate card + GST on MDR). We request a review and reversal of the unexplained difference of \u20b927.51. Evidence attached: EVID-00469, EVID-00470, EVID-00471"", ""amount"": ""27.51""}, ""draft_id"": ""DRF-CASE-0137""}",DRF-CASE-0137,CASE-0137:DRAFT_DISPUTE,,,2025-04-05T00:00:00Z
ACT-0146,CASE-0137,create_dispute,CREATE_DISPUTE,AGENT,EXECUTED,L3_FINANCIAL,"{""case_id"": ""CASE-0137"", ""evidence_ids"": [""EVID-00469"", ""EVID-00470"", ""EVID-00471""]}","{""dispute_id"": ""DIS-CASE-0137"", ""status"": ""SUBMITTED""}",DIS-CASE-0137,CASE-0137:CREATE_DISPUTE,APR-0069,,2025-04-05T00:00:00Z
ACT-0147,CASE-0120,draft_dispute,DRAFT_DISPUTE,AGENT,EXECUTED,L1_DRAFT,"{""case_id"": ""CASE-0120"", ""evidence_ids"": [""EVID-00411"", ""EVID-00412"", ""EVID-00413"", ""EVID-00414""]}","{""draft"": {""draft_id"": ""DRF-CASE-0120"", ""case_id"": ""CASE-0120"", ""to"": ""payments-support@razorpay.com"", ""subject"": ""Settlement discrepancy on ORD-796 \u2014 \u20b925.92"", ""body"": ""Order ORD-796 (payment PAY-0796) was settled \u20b91795.21 against a contractual expectation of \u20b91817.18 (rate card + GST on MDR). We request a review and reversal of the unexplained difference of \u20b925.92. Evidence attached: EVID-00411, EVID-00412, EVID-00413, EVID-00414"", ""amount"": ""25.92""}, ""draft_id"": ""DRF-CASE-0120""}",DRF-CASE-0120,CASE-0120:DRAFT_DISPUTE,,,2025-04-05T00:00:00Z
ACT-0148,CASE-0031,draft_dispute,DRAFT_DISPUTE,AGENT,EXECUTED,L1_DRAFT,"{""case_id"": ""CASE-0031"", ""evidence_ids"": [""EVID-00105"", ""EVID-00106"", ""EVID-00107"", ""EVID-00108""]}","{""draft"": {""draft_id"": ""DRF-CASE-0031"", ""case_id"": ""CASE-0031"", ""to"": ""payments-support@razorpay.com"", ""subject"": ""Settlement discrepancy on ORD-143 \u2014 \u20b925.74"", ""body"": ""Order ORD-143 (payment PAY-0143) was settled \u20b91994.47 against a contractual expectation of \u20b92016.28 (rate card + GST on MDR). We request a review and reversal of the unexplained difference of \u20b925.74. Evidence attached: EVID-00105, EVID-00106, EVID-00107, EVID-00108"", ""amount"": ""25.74""}, ""draft_id"": ""DRF-CASE-0031""}",DRF-CASE-0031,CASE-0031:DRAFT_DISPUTE,,,2025-04-05T00:00:00Z
ACT-0149,CASE-0038,draft_dispute,DRAFT_DISPUTE,AGENT,EXECUTED,L1_DRAFT,"{""case_id"": ""CASE-0038"", ""evidence_ids"": [""EVID-00130"", ""EVID-00131"", ""EVID-00132"", ""EVID-00133""]}","{""draft"": {""draft_id"": ""DRF-CASE-0038"", ""case_id"": ""CASE-0038"", ""to"": ""payments-support@razorpay.com"", ""subject"": ""Settlement discrepancy on ORD-178 \u2014 \u20b923.82"", ""body"": ""Order ORD-178 (payment PAY-0178) was settled \u20b93558.29 against a contractual expectation of \u20b93578.48 (rate card + GST on MDR). We request a review and reversal of the unexplained difference of \u20b923.82. Evidence attached: EVID-00130, EVID-00131, EVID-00132, EVID-00133"", ""amount"": ""23.82""}, ""draft_id"": ""DRF-CASE-0038""}",DRF-CASE-0038,CASE-0038:DRAFT_DISPUTE,,,2025-04-05T00:00:00Z
ACT-0150,CASE-0069,draft_dispute,DRAFT_DISPUTE,AGENT,EXECUTED,L1_DRAFT,"{""case_id"": ""CASE-0069"", ""evidence_ids"": [""EVID-00235"", ""EVID-00236"", ""EVID-00237""]}","{""draft"": {""draft_id"": ""DRF-CASE-0069"", ""case_id"": ""CASE-0069"", ""to"": ""payments-support@razorpay.com"", ""subject"": ""Settlement discrepancy on ORD-428 \u2014 \u20b922.2"", ""body"": ""Order ORD-428 (payment PAY-0428) was settled \u20b91904.6 against a contractual expectation of \u20b91926.8 (rate card + GST on MDR). We request a review and reversal of the unexplained difference of \u20b922.2. Evidence attached: EVID-00235, EVID-00236, EVID-00237"", ""amount"": ""22.2""}, ""draft_id"": ""DRF-CASE-0069""}",DRF-CASE-0069,CASE-0069:DRAFT_DISPUTE,,,2025-04-05T00:00:00Z
ACT-0151,CASE-0069,create_dispute,CREATE_DISPUTE,AGENT,EXECUTED,L3_FINANCIAL,"{""case_id"": ""CASE-0069"", ""evidence_ids"": [""EVID-00235"", ""EVID-00236"", ""EVID-00237""]}","{""dispute_id"": ""DIS-CASE-0069"", ""status"": ""SUBMITTED""}",DIS-CASE-0069,CASE-0069:CREATE_DISPUTE,APR-0070,,2025-04-05T00:00:00Z
ACT-0152,CASE-0053,draft_dispute,DRAFT_DISPUTE,AGENT,EXECUTED,L1_DRAFT,"{""case_id"": ""CASE-0053"", ""evidence_ids"": [""EVID-00180"", ""EVID-00181"", ""EVID-00182"", ""EVID-00183""]}","{""draft"": {""draft_id"": ""DRF-CASE-0053"", ""case_id"": ""CASE-0053"", ""to"": ""payments-support@razorpay.com"", ""subject"": ""Settlement discrepancy on ORD-288 \u2014 \u20b921.25"", ""body"": ""Order ORD-288 (payment PAY-0288) was settled \u20b91568.85 against a contractual expectation of \u20b91586.86 (rate card + GST on MDR). We request a review and reversal of the unexplained difference of \u20b921.25. Evidence attached: EVID-00180, EVID-00181, EVID-00182, EVID-00183"", ""amount"": ""21.25""}, ""draft_id"": ""DRF-CASE-0053""}",DRF-CASE-0053,CASE-0053:DRAFT_DISPUTE,,,2025-04-05T00:00:00Z
ACT-0153,CASE-0131,draft_dispute,DRAFT_DISPUTE,AGENT,EXECUTED,L1_DRAFT,"{""case_id"": ""CASE-0131"", ""evidence_ids"": [""EVID-00448"", ""EVID-00449"", ""EVID-00450"", ""EVID-00451""]}","{""draft"": {""draft_id"": ""DRF-CASE-0131"", ""case_id"": ""CASE-0131"", ""to"": ""payments-support@razorpay.com"", ""subject"": ""Settlement discrepancy on ORD-849 \u2014 \u20b920.81"", ""body"": ""Order ORD-849 (payment PAY-0849) was settled \u20b912237.77 against a contractual expectation of \u20b912255.41 (rate card + GST on MDR). We request a review and reversal of the unexplained difference of \u20b920.81. Evidence attached: EVID-00448, EVID-00449, EVID-00450, EVID-00451"", ""amount"": ""20.81""}, ""draft_id"": ""DRF-CASE-0131""}",DRF-CASE-0131,CASE-0131:DRAFT_DISPUTE,,,2025-04-05T00:00:00Z
ACT-0154,CASE-0103,draft_dispute,DRAFT_DISPUTE,AGENT,EXECUTED,L1_DRAFT,"{""case_id"": ""CASE-0103"", ""evidence_ids"": [""EVID-00352"", ""EVID-00353"", ""EVID-00354""]}","{""draft"": {""draft_id"": ""DRF-CASE-0103"", ""case_id"": ""CASE-0103"", ""to"": ""payments-support@razorpay.com"", ""subject"": ""Settlement discrepancy on ORD-680 \u2014 \u20b920.69"", ""body"": ""Order ORD-680 (payment PAY-0680) was settled \u20b91282.06 against a contractual expectation of \u20b92316.39 (rate card + GST on MDR). We request a review and reversal of the unexplained difference of \u20b920.69. Evidence attached: EVID-00352, EVID-00353, EVID-00354"", ""amount"": ""20.69""}, ""draft_id"": ""DRF-CASE-0103""}",DRF-CASE-0103,CASE-0103:DRAFT_DISPUTE,,,2025-04-05T00:00:00Z
ACT-0155,CASE-0103,create_dispute,CREATE_DISPUTE,AGENT,EXECUTED,L3_FINANCIAL,"{""case_id"": ""CASE-0103"", ""evidence_ids"": [""EVID-00352"", ""EVID-00353"", ""EVID-00354""]}","{""dispute_id"": ""DIS-CASE-0103"", ""status"": ""SUBMITTED""}",DIS-CASE-0103,CASE-0103:CREATE_DISPUTE,APR-0071,,2025-04-05T00:00:00Z
ACT-0156,CASE-0084,draft_dispute,DRAFT_DISPUTE,AGENT,EXECUTED,L1_DRAFT,"{""case_id"": ""CASE-0084"", ""evidence_ids"": [""EVID-00287"", ""EVID-00288"", ""EVID-00289""]}","{""draft"": {""draft_id"": ""DRF-CASE-0084"", ""case_id"": ""CASE-0084"", ""to"": ""payments-support@razorpay.com"", ""subject"": ""Settlement discrepancy on ORD-550 \u2014 \u20b920.47"", ""body"": ""Order ORD-550 (payment PAY-0550) was settled \u20b93897.95 against a contractual expectation of \u20b94921.34 (rate card + GST on MDR). We request a review and reversal of the unexplained difference of \u20b920.47. Evidence attached: EVID-00287, EVID-00288, EVID-00289"", ""amount"": ""20.47""}, ""draft_id"": ""DRF-CASE-0084""}",DRF-CASE-0084,CASE-0084:DRAFT_DISPUTE,,,2025-04-05T00:00:00Z
ACT-0157,CASE-0084,create_dispute,CREATE_DISPUTE,AGENT,EXECUTED,L3_FINANCIAL,"{""case_id"": ""CASE-0084"", ""evidence_ids"": [""EVID-00287"", ""EVID-00288"", ""EVID-00289""]}","{""dispute_id"": ""DIS-CASE-0084"", ""status"": ""SUBMITTED""}",DIS-CASE-0084,CASE-0084:CREATE_DISPUTE,APR-0072,,2025-04-05T00:00:00Z
ACT-0158,CASE-0077,draft_dispute,DRAFT_DISPUTE,AGENT,EXECUTED,L1_DRAFT,"{""case_id"": ""CASE-0077"", ""evidence_ids"": [""EVID-00263"", ""EVID-00264"", ""EVID-00265"", ""EVID-00266""]}","{""draft"": {""draft_id"": ""DRF-CASE-0077"", ""case_id"": ""CASE-0077"", ""to"": ""payments-support@razorpay.com"", ""subject"": ""Settlement discrepancy on ORD-468 \u2014 \u20b920.18"", ""body"": ""Order ORD-468 (payment PAY-0468) was settled \u20b91523.85 against a contractual expectation of \u20b91540.95 (rate card + GST on MDR). We request a review and reversal of the unexplained difference of \u20b920.18. Evidence attached: EVID-00263, EVID-00264, EVID-00265, EVID-00266"", ""amount"": ""20.18""}, ""draft_id"": ""DRF-CASE-0077""}",DRF-CASE-0077,CASE-0077:DRAFT_DISPUTE,,,2025-04-05T00:00:00Z
ACT-0159,CASE-0082,draft_dispute,DRAFT_DISPUTE,AGENT,EXECUTED,L1_DRAFT,"{""case_id"": ""CASE-0082"", ""evidence_ids"": [""EVID-00281"", ""EVID-00282"", ""EVID-00283""]}","{""draft"": {""draft_id"": ""DRF-CASE-0082"", ""case_id"": ""CASE-0082"", ""to"": ""payments-support@razorpay.com"", ""subject"": ""Settlement discrepancy on ORD-493 \u2014 \u20b919.35"", ""body"": ""Order ORD-493 (payment PAY-0493) was settled \u20b9555.53 against a contractual expectation of \u20b9574.88 (rate card + GST on MDR). We request a review and reversal of the unexplained difference of \u20b919.35. Evidence attached: EVID-00281, EVID-00282, EVID-00283"", ""amount"": ""19.35""}, ""draft_id"": ""DRF-CASE-0082""}",DRF-CASE-0082,CASE-0082:DRAFT_DISPUTE,,,2025-04-05T00:00:00Z
ACT-0160,CASE-0082,create_dispute,CREATE_DISPUTE,AGENT,EXECUTED,L3_FINANCIAL,"{""case_id"": ""CASE-0082"", ""evidence_ids"": [""EVID-00281"", ""EVID-00282"", ""EVID-00283""]}","{""dispute_id"": ""DIS-CASE-0082"", ""status"": ""SUBMITTED""}",DIS-CASE-0082,CASE-0082:CREATE_DISPUTE,APR-0073,,2025-04-05T00:00:00Z
ACT-0161,CASE-0078,draft_dispute,DRAFT_DISPUTE,AGENT,EXECUTED,L1_DRAFT,"{""case_id"": ""CASE-0078"", ""evidence_ids"": [""EVID-00267"", ""EVID-00268"", ""EVID-00269""]}","{""draft"": {""draft_id"": ""DRF-CASE-0078"", ""case_id"": ""CASE-0078"", ""to"": ""payments-support@razorpay.com"", ""subject"": ""Settlement discrepancy on ORD-469 \u2014 \u20b918.18"", ""body"": ""Order ORD-469 (payment PAY-0469) was settled \u20b9638.65 against a contractual expectation of \u20b9656.83 (rate card + GST on MDR). We request a review and reversal of the unexplained difference of \u20b918.18. Evidence attached: EVID-00267, EVID-00268, EVID-00269"", ""amount"": ""18.18""}, ""draft_id"": ""DRF-CASE-0078""}",DRF-CASE-0078,CASE-0078:DRAFT_DISPUTE,,,2025-04-05T00:00:00Z
ACT-0162,CASE-0078,create_dispute,CREATE_DISPUTE,AGENT,EXECUTED,L3_FINANCIAL,"{""case_id"": ""CASE-0078"", ""evidence_ids"": [""EVID-00267"", ""EVID-00268"", ""EVID-00269""]}","{""dispute_id"": ""DIS-CASE-0078"", ""status"": ""SUBMITTED""}",DIS-CASE-0078,CASE-0078:CREATE_DISPUTE,APR-0074,,2025-04-05T00:00:00Z
ACT-0163,CASE-0015,draft_dispute,DRAFT_DISPUTE,AGENT,EXECUTED,L1_DRAFT,"{""case_id"": ""CASE-0015"", ""evidence_ids"": [""EVID-00050"", ""EVID-00051"", ""EVID-00052""]}","{""draft"": {""draft_id"": ""DRF-CASE-0015"", ""case_id"": ""CASE-0015"", ""to"": ""payments-support@razorpay.com"", ""subject"": ""Settlement discrepancy on ORD-56 \u2014 \u20b917.8"", ""body"": ""Order ORD-56 (payment PAY-0056) was settled \u20b91136.36 against a contractual expectation of \u20b92026.38 (rate card + GST on MDR). We request a review and reversal of the unexplained difference of \u20b917.8. Evidence attached: EVID-00050, EVID-00051, EVID-00052"", ""amount"": ""17.8""}, ""draft_id"": ""DRF-CASE-0015""}",DRF-CASE-0015,CASE-0015:DRAFT_DISPUTE,,,2025-04-05T00:00:00Z
ACT-0164,CASE-0015,create_dispute,CREATE_DISPUTE,AGENT,EXECUTED,L3_FINANCIAL,"{""case_id"": ""CASE-0015"", ""evidence_ids"": [""EVID-00050"", ""EVID-00051"", ""EVID-00052""]}","{""dispute_id"": ""DIS-CASE-0015"", ""status"": ""SUBMITTED""}",DIS-CASE-0015,CASE-0015:CREATE_DISPUTE,APR-0075,,2025-04-05T00:00:00Z
ACT-0165,CASE-0076,draft_dispute,DRAFT_DISPUTE,AGENT,EXECUTED,L1_DRAFT,"{""case_id"": ""CASE-0076"", ""evidence_ids"": [""EVID-00260"", ""EVID-00261"", ""EVID-00262""]}","{""draft"": {""draft_id"": ""DRF-CASE-0076"", ""case_id"": ""CASE-0076"", ""to"": ""payments-support@razorpay.com"", ""subject"": ""Settlement discrepancy on ORD-465 \u2014 \u20b916.81"", ""body"": ""Order ORD-465 (payment PAY-0465) was settled \u20b97281.24 against a contractual expectation of \u20b911482.21 (rate card + GST on MDR). We request a review and reversal of the unexplained difference of \u20b916.81. Evidence attached: EVID-00260, EVID-00261, EVID-00262"", ""amount"": ""16.81""}, ""draft_id"": ""DRF-CASE-0076""}",DRF-CASE-0076,CASE-0076:DRAFT_DISPUTE,,,2025-04-05T00:00:00Z
ACT-0166,CASE-0076,create_dispute,CREATE_DISPUTE,AGENT,EXECUTED,L3_FINANCIAL,"{""case_id"": ""CASE-0076"", ""evidence_ids"": [""EVID-00260"", ""EVID-00261"", ""EVID-00262""]}","{""dispute_id"": ""DIS-CASE-0076"", ""status"": ""SUBMITTED""}",DIS-CASE-0076,CASE-0076:CREATE_DISPUTE,APR-0076,,2025-04-05T00:00:00Z
ACT-0167,CASE-0096,draft_dispute,DRAFT_DISPUTE,AGENT,EXECUTED,L1_DRAFT,"{""case_id"": ""CASE-0096"", ""evidence_ids"": [""EVID-00326"", ""EVID-00327"", ""EVID-00328"", ""EVID-00329"", ""EVID-00330"", ""EVID-00331""]}","{""draft"": {""draft_id"": ""DRF-CASE-0096"", ""case_id"": ""CASE-0096"", ""to"": ""payments-support@razorpay.com"", ""subject"": ""Settlement discrepancy on ORD-629 \u2014 \u20b915.3"", ""body"": ""Order ORD-629 (payment PAY-0629) was settled \u20b91522.96 against a contractual expectation of \u20b92452.73 (rate card + GST on MDR). We request a review and reversal of the unexplained difference of \u20b915.3. Evidence attached: EVID-00326, EVID-00327, EVID-00328, EVID-00329, EVID-00330, EVID-00331"", ""amount"": ""15.3""}, ""draft_id"": ""DRF-CASE-0096""}",DRF-CASE-0096,CASE-0096:DRAFT_DISPUTE,,,2025-04-05T00:00:00Z
ACT-0168,CASE-0124,draft_dispute,DRAFT_DISPUTE,AGENT,EXECUTED,L1_DRAFT,"{""case_id"": ""CASE-0124"", ""evidence_ids"": [""EVID-00426"", ""EVID-00427"", ""EVID-00428""]}","{""draft"": {""draft_id"": ""DRF-CASE-0124"", ""case_id"": ""CASE-0124"", ""to"": ""payments-support@razorpay.com"", ""subject"": ""Settlement discrepancy on ORD-816 \u2014 \u20b914.34"", ""body"": ""Order ORD-816 (payment PAY-0816) was settled \u20b9469.77 against a contractual expectation of \u20b9747.4 (rate card + GST on MDR). We request a review and reversal of the unexplained difference of \u20b914.34. Evidence attached: EVID-00426, EVID-00427, EVID-00428"", ""amount"": ""14.34""}, ""draft_id"": ""DRF-CASE-0124""}",DRF-CASE-0124,CASE-0124:DRAFT_DISPUTE,,,2025-04-05T00:00:00Z
ACT-0169,CASE-0124,create_dispute,CREATE_DISPUTE,AGENT,EXECUTED,L3_FINANCIAL,"{""case_id"": ""CASE-0124"", ""evidence_ids"": [""EVID-00426"", ""EVID-00427"", ""EVID-00428""]}","{""dispute_id"": ""DIS-CASE-0124"", ""status"": ""SUBMITTED""}",DIS-CASE-0124,CASE-0124:CREATE_DISPUTE,APR-0077,,2025-04-05T00:00:00Z
ACT-0170,CASE-0067,draft_dispute,DRAFT_DISPUTE,AGENT,EXECUTED,L1_DRAFT,"{""case_id"": ""CASE-0067"", ""evidence_ids"": [""EVID-00228"", ""EVID-00229"", ""EVID-00230"", ""EVID-00231""]}","{""draft"": {""draft_id"": ""DRF-CASE-0067"", ""case_id"": ""CASE-0067"", ""to"": ""payments-support@razorpay.com"", ""subject"": ""Settlement discrepancy on ORD-404 \u2014 \u20b914.16"", ""body"": ""Order ORD-404 (payment PAY-0404) was settled \u20b9592.57 against a contractual expectation of \u20b9606.73 (rate card + GST on MDR). We request a review and reversal of the unexplained difference of \u20b914.16. Evidence attached: EVID-00228, EVID-00229, EVID-00230, EVID-00231"", ""amount"": ""14.16""}, ""draft_id"": ""DRF-CASE-0067""}",DRF-CASE-0067,CASE-0067:DRAFT_DISPUTE,,,2025-04-05T00:00:00Z
ACT-0171,CASE-0105,draft_dispute,DRAFT_DISPUTE,AGENT,EXECUTED,L1_DRAFT,"{""case_id"": ""CASE-0105"", ""evidence_ids"": [""EVID-00358"", ""EVID-00359"", ""EVID-00360""]}","{""draft"": {""draft_id"": ""DRF-CASE-0105"", ""case_id"": ""CASE-0105"", ""to"": ""payments-support@razorpay.com"", ""subject"": ""Settlement discrepancy on ORD-686 \u2014 \u20b913.94"", ""body"": ""Order ORD-686 (payment PAY-0686) was settled \u20b91143.83 against a contractual expectation of \u20b91840.64 (rate card + GST on MDR). We request a review and reversal of the unexplained difference of \u20b913.94. Evidence attached: EVID-00358, EVID-00359, EVID-00360"", ""amount"": ""13.94""}, ""draft_id"": ""DRF-CASE-0105""}",DRF-CASE-0105,CASE-0105:DRAFT_DISPUTE,,,2025-04-05T00:00:00Z
ACT-0172,CASE-0105,create_dispute,CREATE_DISPUTE,AGENT,EXECUTED,L3_FINANCIAL,"{""case_id"": ""CASE-0105"", ""evidence_ids"": [""EVID-00358"", ""EVID-00359"", ""EVID-00360""]}","{""dispute_id"": ""DIS-CASE-0105"", ""status"": ""SUBMITTED""}",DIS-CASE-0105,CASE-0105:CREATE_DISPUTE,APR-0078,,2025-04-05T00:00:00Z
ACT-0173,CASE-0016,draft_dispute,DRAFT_DISPUTE,AGENT,EXECUTED,L1_DRAFT,"{""case_id"": ""CASE-0016"", ""evidence_ids"": [""EVID-00053"", ""EVID-00054"", ""EVID-00055"", ""EVID-00056""]}","{""draft"": {""draft_id"": ""DRF-CASE-0016"", ""case_id"": ""CASE-0016"", ""to"": ""payments-support@razorpay.com"", ""subject"": ""Settlement discrepancy on ORD-65 \u2014 \u20b913.9"", ""body"": ""Order ORD-65 (payment PAY-0065) was settled \u20b91562.94 against a contractual expectation of \u20b91574.72 (rate card + GST on MDR). We request a review and reversal of the unexplained difference of \u20b913.9. Evidence attached: EVID-00053, EVID-00054, EVID-00055, EVID-00056"", ""amount"": ""13.9""}, ""draft_id"": ""DRF-CASE-0016""}",DRF-CASE-0016,CASE-0016:DRAFT_DISPUTE,,,2025-04-05T00:00:00Z
ACT-0174,CASE-0001,draft_dispute,DRAFT_DISPUTE,AGENT,EXECUTED,L1_DRAFT,"{""case_id"": ""CASE-0001"", ""evidence_ids"": [""EVID-00001"", ""EVID-00002"", ""EVID-00003"", ""EVID-00004""]}","{""draft"": {""draft_id"": ""DRF-CASE-0001"", ""case_id"": ""CASE-0001"", ""to"": ""payments-support@razorpay.com"", ""subject"": ""Settlement discrepancy on ORD-1 \u2014 \u20b913.78"", ""body"": ""Order ORD-1 (payment PAY-0001) was settled \u20b91189.73 against a contractual expectation of \u20b91201.41 (rate card + GST on MDR). We request a review and reversal of the unexplained difference of \u20b913.78. Evidence attached: EVID-00001, EVID-00002, EVID-00003, EVID-00004"", ""amount"": ""13.78""}, ""draft_id"": ""DRF-CASE-0001""}",DRF-CASE-0001,CASE-0001:DRAFT_DISPUTE,,,2025-04-05T00:00:00Z
ACT-0175,CASE-0066,draft_dispute,DRAFT_DISPUTE,AGENT,EXECUTED,L1_DRAFT,"{""case_id"": ""CASE-0066"", ""evidence_ids"": [""EVID-00225"", ""EVID-00226"", ""EVID-00227""]}","{""draft"": {""draft_id"": ""DRF-CASE-0066"", ""case_id"": ""CASE-0066"", ""to"": ""payments-support@razorpay.com"", ""subject"": ""Settlement discrepancy on ORD-403 \u2014 \u20b913.19"", ""body"": ""Order ORD-403 (payment PAY-0403) was settled \u20b9559.69 against a contractual expectation of \u20b9572.88 (rate card + GST on MDR). We request a review and reversal of the unexplained difference of \u20b913.19. Evidence attached: EVID-00225, EVID-00226, EVID-00227"", ""amount"": ""13.19""}, ""draft_id"": ""DRF-CASE-0066""}",DRF-CASE-0066,CASE-0066:DRAFT_DISPUTE,,,2025-04-05T00:00:00Z
ACT-0176,CASE-0066,create_dispute,CREATE_DISPUTE,AGENT,EXECUTED,L3_FINANCIAL,"{""case_id"": ""CASE-0066"", ""evidence_ids"": [""EVID-00225"", ""EVID-00226"", ""EVID-00227""]}","{""dispute_id"": ""DIS-CASE-0066"", ""status"": ""SUBMITTED""}",DIS-CASE-0066,CASE-0066:CREATE_DISPUTE,APR-0079,,2025-04-05T00:00:00Z
ACT-0177,CASE-0079,draft_dispute,DRAFT_DISPUTE,AGENT,EXECUTED,L1_DRAFT,"{""case_id"": ""CASE-0079"", ""evidence_ids"": [""EVID-00270"", ""EVID-00271"", ""EVID-00272"", ""EVID-00273""]}","{""draft"": {""draft_id"": ""DRF-CASE-0079"", ""case_id"": ""CASE-0079"", ""to"": ""payments-support@razorpay.com"", ""subject"": ""Settlement discrepancy on ORD-471 \u2014 \u20b912.17"", ""body"": ""Order ORD-471 (payment PAY-0471) was settled \u20b91311.59 against a contractual expectation of \u20b91321.9 (rate card + GST on MDR). We request a review and reversal of the unexplained difference of \u20b912.17. Evidence attached: EVID-00270, EVID-00271, EVID-00272, EVID-00273"", ""amount"": ""12.17""}, ""draft_id"": ""DRF-CASE-0079""}",DRF-CASE-0079,CASE-0079:DRAFT_DISPUTE,,,2025-04-05T00:00:00Z
ACT-0178,CASE-0033,draft_dispute,DRAFT_DISPUTE,AGENT,EXECUTED,L1_DRAFT,"{""case_id"": ""CASE-0033"", ""evidence_ids"": [""EVID-00112"", ""EVID-00113"", ""EVID-00114"", ""EVID-00115""]}","{""draft"": {""draft_id"": ""DRF-CASE-0033"", ""case_id"": ""CASE-0033"", ""to"": ""payments-support@razorpay.com"", ""subject"": ""Settlement discrepancy on ORD-161 \u2014 \u20b911.36"", ""body"": ""Order ORD-161 (payment PAY-0161) was settled \u20b9949.55 against a contractual expectation of \u20b9959.18 (rate card + GST on MDR). We request a review and reversal of the unexplained difference of \u20b911.36. Evidence attached: EVID-00112, EVID-00113, EVID-00114, EVID-00115"", ""amount"": ""11.36""}, ""draft_id"": ""DRF-CASE-0033""}",DRF-CASE-0033,CASE-0033:DRAFT_DISPUTE,,,2025-04-05T00:00:00Z
ACT-0179,CASE-0144,draft_dispute,DRAFT_DISPUTE,AGENT,EXECUTED,L1_DRAFT,"{""case_id"": ""CASE-0144"", ""evidence_ids"": [""EVID-00493"", ""EVID-00494"", ""EVID-00495""]}","{""draft"": {""draft_id"": ""DRF-CASE-0144"", ""case_id"": ""CASE-0144"", ""to"": ""payments-support@razorpay.com"", ""subject"": ""Settlement discrepancy on ORD-964 \u2014 \u20b911.29"", ""body"": ""Order ORD-964 (payment PAY-0964) was settled \u20b9642.48 against a contractual expectation of \u20b91206.87 (rate card + GST on MDR). We request a review and reversal of the unexplained difference of \u20b911.29. Evidence attached: EVID-00493, EVID-00494, EVID-00495"", ""amount"": ""11.29""}, ""draft_id"": ""DRF-CASE-0144""}",DRF-CASE-0144,CASE-0144:DRAFT_DISPUTE,,,2025-04-05T00:00:00Z
ACT-0180,CASE-0144,create_dispute,CREATE_DISPUTE,AGENT,EXECUTED,L3_FINANCIAL,"{""case_id"": ""CASE-0144"", ""evidence_ids"": [""EVID-00493"", ""EVID-00494"", ""EVID-00495""]}","{""dispute_id"": ""DIS-CASE-0144"", ""status"": ""SUBMITTED""}",DIS-CASE-0144,CASE-0144:CREATE_DISPUTE,APR-0080,,2025-04-05T00:00:00Z
ACT-0181,CASE-0034,draft_dispute,DRAFT_DISPUTE,AGENT,EXECUTED,L1_DRAFT,"{""case_id"": ""CASE-0034"", ""evidence_ids"": [""EVID-00116"", ""EVID-00117"", ""EVID-00118"", ""EVID-00119"", ""EVID-00120""]}","{""draft"": {""draft_id"": ""DRF-CASE-0034"", ""case_id"": ""CASE-0034"", ""to"": ""payments-support@razorpay.com"", ""subject"": ""Settlement discrepancy on ORD-164 \u2014 \u20b910.56"", ""body"": ""Order ORD-164 (payment PAY-0164) was settled \u20b9281.74 against a contractual expectation of \u20b9292.3 (rate card + GST on MDR). We request a review and reversal of the unexplained difference of \u20b910.56. Evidence attached: EVID-00116, EVID-00117, EVID-00118, EVID-00119, EVID-00120"", ""amount"": ""10.56""}, ""draft_id"": ""DRF-CASE-0034""}",DRF-CASE-0034,CASE-0034:DRAFT_DISPUTE,,,2025-04-05T00:00:00Z
ACT-0182,CASE-0034,create_dispute,CREATE_DISPUTE,AGENT,EXECUTED,L3_FINANCIAL,"{""case_id"": ""CASE-0034"", ""evidence_ids"": [""EVID-00116"", ""EVID-00117"", ""EVID-00118"", ""EVID-00119"", ""EVID-00120""]}","{""dispute_id"": ""DIS-CASE-0034"", ""status"": ""SUBMITTED""}",DIS-CASE-0034,CASE-0034:CREATE_DISPUTE,APR-0081,,2025-04-05T00:00:00Z
ACT-0183,CASE-0011,draft_dispute,DRAFT_DISPUTE,AGENT,EXECUTED,L1_DRAFT,"{""case_id"": ""CASE-0011"", ""evidence_ids"": [""EVID-00036"", ""EVID-00037"", ""EVID-00038""]}","{""draft"": {""draft_id"": ""DRF-CASE-0011"", ""case_id"": ""CASE-0011"", ""to"": ""payments-support@razorpay.com"", ""subject"": ""Settlement discrepancy on ORD-48 \u2014 \u20b99.94"", ""body"": ""Order ORD-48 (payment PAY-0048) was settled \u20b93051.11 against a contractual expectation of \u20b96091.15 (rate card + GST on MDR). We request a review and reversal of the unexplained difference of \u20b99.94. Evidence attached: EVID-00036, EVID-00037, EVID-00038"", ""amount"": ""9.94""}, ""draft_id"": ""DRF-CASE-0011""}",DRF-CASE-0011,CASE-0011:DRAFT_DISPUTE,,,2025-04-05T00:00:00Z
ACT-0184,CASE-0011,create_dispute,CREATE_DISPUTE,AGENT,EXECUTED,L3_FINANCIAL,"{""case_id"": ""CASE-0011"", ""evidence_ids"": [""EVID-00036"", ""EVID-00037"", ""EVID-00038""]}","{""dispute_id"": ""DIS-CASE-0011"", ""status"": ""SUBMITTED""}",DIS-CASE-0011,CASE-0011:CREATE_DISPUTE,APR-0082,,2025-04-05T00:00:00Z
ACT-0185,CASE-0110,draft_dispute,DRAFT_DISPUTE,AGENT,EXECUTED,L1_DRAFT,"{""case_id"": ""CASE-0110"", ""evidence_ids"": [""EVID-00374"", ""EVID-00375"", ""EVID-00376""]}","{""draft"": {""draft_id"": ""DRF-CASE-0110"", ""case_id"": ""CASE-0110"", ""to"": ""payments-support@razorpay.com"", ""subject"": ""Settlement discrepancy on ORD-718 \u2014 \u20b98.86"", ""body"": ""Order ORD-718 (payment PAY-0718) was settled \u20b9729.88 against a contractual expectation of \u20b9738.74 (rate card + GST on MDR). We request a review and reversal of the unexplained difference of \u20b98.86. Evidence attached: EVID-00374, EVID-00375, EVID-00376"", ""amount"": ""8.86""}, ""draft_id"": ""DRF-CASE-0110""}",DRF-CASE-0110,CASE-0110:DRAFT_DISPUTE,,,2025-04-05T00:00:00Z
ACT-0186,CASE-0110,create_dispute,CREATE_DISPUTE,AGENT,EXECUTED,L3_FINANCIAL,"{""case_id"": ""CASE-0110"", ""evidence_ids"": [""EVID-00374"", ""EVID-00375"", ""EVID-00376""]}","{""dispute_id"": ""DIS-CASE-0110"", ""status"": ""SUBMITTED""}",DIS-CASE-0110,CASE-0110:CREATE_DISPUTE,APR-0083,,2025-04-05T00:00:00Z
ACT-0187,CASE-0005,draft_dispute,DRAFT_DISPUTE,AGENT,EXECUTED,L1_DRAFT,"{""case_id"": ""CASE-0005"", ""evidence_ids"": [""EVID-00016"", ""EVID-00017"", ""EVID-00018""]}","{""draft"": {""draft_id"": ""DRF-CASE-0005"", ""case_id"": ""CASE-0005"", ""to"": ""payments-support@razorpay.com"", ""subject"": ""Settlement discrepancy on ORD-16 \u2014 \u20b98.83"", ""body"": ""Order ORD-16 (payment PAY-0016) was settled \u20b9595.52 against a contractual expectation of \u20b91036.95 (rate card + GST on MDR). We request a review and reversal of the unexplained difference of \u20b98.83. Evidence attached: EVID-00016, EVID-00017, EVID-00018"", ""amount"": ""8.83""}, ""draft_id"": ""DRF-CASE-0005""}",DRF-CASE-0005,CASE-0005:DRAFT_DISPUTE,,,2025-04-05T00:00:00Z
ACT-0188,CASE-0005,create_dispute,CREATE_DISPUTE,AGENT,EXECUTED,L3_FINANCIAL,"{""case_id"": ""CASE-0005"", ""evidence_ids"": [""EVID-00016"", ""EVID-00017"", ""EVID-00018""]}","{""dispute_id"": ""DIS-CASE-0005"", ""status"": ""SUBMITTED""}",DIS-CASE-0005,CASE-0005:CREATE_DISPUTE,APR-0084,,2025-04-05T00:00:00Z
ACT-0189,CASE-0068,draft_dispute,DRAFT_DISPUTE,AGENT,EXECUTED,L1_DRAFT,"{""case_id"": ""CASE-0068"", ""evidence_ids"": [""EVID-00232"", ""EVID-00233"", ""EVID-00234""]}","{""draft"": {""draft_id"": ""DRF-CASE-0068"", ""case_id"": ""CASE-0068"", ""to"": ""payments-support@razorpay.com"", ""subject"": ""Settlement discrepancy on ORD-405 \u2014 \u20b98.41"", ""body"": ""Order ORD-405 (payment PAY-0405) was settled \u20b9520.07 against a contractual expectation of \u20b9940.82 (rate card + GST on MDR). We request a review and reversal of the unexplained difference of \u20b98.41. Evidence attached: EVID-00232, EVID-00233, EVID-00234"", ""amount"": ""8.41""}, ""draft_id"": ""DRF-CASE-0068""}",DRF-CASE-0068,CASE-0068:DRAFT_DISPUTE,,,2025-04-05T00:00:00Z
ACT-0190,CASE-0068,create_dispute,CREATE_DISPUTE,AGENT,EXECUTED,L3_FINANCIAL,"{""case_id"": ""CASE-0068"", ""evidence_ids"": [""EVID-00232"", ""EVID-00233"", ""EVID-00234""]}","{""dispute_id"": ""DIS-CASE-0068"", ""status"": ""SUBMITTED""}",DIS-CASE-0068,CASE-0068:CREATE_DISPUTE,APR-0085,,2025-04-05T00:00:00Z
ACT-0191,CASE-0115,draft_dispute,DRAFT_DISPUTE,AGENT,EXECUTED,L1_DRAFT,"{""case_id"": ""CASE-0115"", ""evidence_ids"": [""EVID-00393"", ""EVID-00394"", ""EVID-00395"", ""EVID-00396""]}","{""draft"": {""draft_id"": ""DRF-CASE-0115"", ""case_id"": ""CASE-0115"", ""to"": ""payments-support@razorpay.com"", ""subject"": ""Settlement discrepancy on ORD-768 \u2014 \u20b98.32"", ""body"": ""Order ORD-768 (payment PAY-0768) was settled \u20b92809.43 against a contractual expectation of \u20b92816.48 (rate card + GST on MDR). We request a review and reversal of the unexplained difference of \u20b98.32. Evidence attached: EVID-00393, EVID-00394, EVID-00395, EVID-00396"", ""amount"": ""8.32""}, ""draft_id"": ""DRF-CASE-0115""}",DRF-CASE-0115,CASE-0115:DRAFT_DISPUTE,,,2025-04-05T00:00:00Z
ACT-0192,CASE-0111,draft_dispute,DRAFT_DISPUTE,AGENT,EXECUTED,L1_DRAFT,"{""case_id"": ""CASE-0111"", ""evidence_ids"": [""EVID-00377"", ""EVID-00378"", ""EVID-00379"", ""EVID-00380""]}","{""draft"": {""draft_id"": ""DRF-CASE-0111"", ""case_id"": ""CASE-0111"", ""to"": ""payments-support@razorpay.com"", ""subject"": ""Settlement discrepancy on ORD-729 \u2014 \u20b98.12"", ""body"": ""Order ORD-729 (payment PAY-0729) was settled \u20b91703.78 against a contractual expectation of \u20b91711.9 (rate card + GST on MDR). We request a review and reversal of the unexplained difference of \u20b98.12. Evidence attached: EVID-00377, EVID-00378, EVID-00379, EVID-00380"", ""amount"": ""8.12""}, ""draft_id"": ""DRF-CASE-0111""}",DRF-CASE-0111,CASE-0111:DRAFT_DISPUTE,,,2025-04-05T00:00:00Z
ACT-0193,CASE-0113,draft_dispute,DRAFT_DISPUTE,AGENT,EXECUTED,L1_DRAFT,"{""case_id"": ""CASE-0113"", ""evidence_ids"": [""EVID-00386"", ""EVID-00387"", ""EVID-00388""]}","{""draft"": {""draft_id"": ""DRF-CASE-0113"", ""case_id"": ""CASE-0113"", ""to"": ""payments-support@razorpay.com"", ""subject"": ""Settlement discrepancy on ORD-747 \u2014 \u20b98.08"", ""body"": ""Order ORD-747 (payment PAY-0747) was settled \u20b9445.51 against a contractual expectation of \u20b9870.48 (rate card + GST on MDR). We request a review and reversal of the unexplained difference of \u20b98.08. Evidence attached: EVID-00386, EVID-00387, EVID-00388"", ""amount"": ""8.08""}, ""draft_id"": ""DRF-CASE-0113""}",DRF-CASE-0113,CASE-0113:DRAFT_DISPUTE,,,2025-04-05T00:00:00Z
ACT-0194,CASE-0113,create_dispute,CREATE_DISPUTE,AGENT,EXECUTED,L3_FINANCIAL,"{""case_id"": ""CASE-0113"", ""evidence_ids"": [""EVID-00386"", ""EVID-00387"", ""EVID-00388""]}","{""dispute_id"": ""DIS-CASE-0113"", ""status"": ""SUBMITTED""}",DIS-CASE-0113,CASE-0113:CREATE_DISPUTE,APR-0086,,2025-04-05T00:00:00Z
ACT-0195,CASE-0043,draft_dispute,DRAFT_DISPUTE,AGENT,EXECUTED,L1_DRAFT,"{""case_id"": ""CASE-0043"", ""evidence_ids"": [""EVID-00146"", ""EVID-00147"", ""EVID-00148"", ""EVID-00149""]}","{""draft"": {""draft_id"": ""DRF-CASE-0043"", ""case_id"": ""CASE-0043"", ""to"": ""payments-support@razorpay.com"", ""subject"": ""Settlement discrepancy on ORD-201 \u2014 \u20b97.58"", ""body"": ""Order ORD-201 (payment PAY-0201) was settled \u20b9232.14 against a contractual expectation of \u20b9313.59 (rate card + GST on MDR). We request a review and reversal of the unexplained difference of \u20b97.58. Evidence attached: EVID-00146, EVID-00147, EVID-00148, EVID-00149"", ""amount"": ""7.58""}, ""draft_id"": ""DRF-CASE-0043""}",DRF-CASE-0043,CASE-0043:DRAFT_DISPUTE,,,2025-04-05T00:00:00Z
ACT-0196,CASE-0022,draft_dispute,DRAFT_DISPUTE,AGENT,EXECUTED,L1_DRAFT,"{""case_id"": ""CASE-0022"", ""evidence_ids"": [""EVID-00073"", ""EVID-00074"", ""EVID-00075"", ""EVID-00076""]}","{""draft"": {""draft_id"": ""DRF-CASE-0022"", ""case_id"": ""CASE-0022"", ""to"": ""payments-support@razorpay.com"", ""subject"": ""Settlement discrepancy on ORD-82 \u2014 \u20b97.48"", ""body"": ""Order ORD-82 (payment PAY-0082) was settled \u20b91372.4 against a contractual expectation of \u20b91378.74 (rate card + GST on MDR). We request a review and reversal of the unexplained difference of \u20b97.48. Evidence attached: EVID-00073, EVID-00074, EVID-00075, EVID-00076"", ""amount"": ""7.48""}, ""draft_id"": ""DRF-CASE-0022""}",DRF-CASE-0022,CASE-0022:DRAFT_DISPUTE,,,2025-04-05T00:00:00Z
ACT-0197,CASE-0054,draft_dispute,DRAFT_DISPUTE,AGENT,EXECUTED,L1_DRAFT,"{""case_id"": ""CASE-0054"", ""evidence_ids"": [""EVID-00184"", ""EVID-00185"", ""EVID-00186"", ""EVID-00187""]}","{""draft"": {""draft_id"": ""DRF-CASE-0054"", ""case_id"": ""CASE-0054"", ""to"": ""payments-support@razorpay.com"", ""subject"": ""Settlement discrepancy on ORD-291 \u2014 \u20b97.38"", ""body"": ""Order ORD-291 (payment PAY-0291) was settled \u20b91202.65 against a contractual expectation of \u20b91208.91 (rate card + GST on MDR). We request a review and reversal of the unexplained difference of \u20b97.38. Evidence attached: EVID-00184, EVID-00185, EVID-00186, EVID-00187"", ""amount"": ""7.38""}, ""draft_id"": ""DRF-CASE-0054""}",DRF-CASE-0054,CASE-0054:DRAFT_DISPUTE,,,2025-04-05T00:00:00Z
ACT-0198,CASE-0051,draft_dispute,DRAFT_DISPUTE,AGENT,EXECUTED,L1_DRAFT,"{""case_id"": ""CASE-0051"", ""evidence_ids"": [""EVID-00173"", ""EVID-00174"", ""EVID-00175"", ""EVID-00176""]}","{""draft"": {""draft_id"": ""DRF-CASE-0051"", ""case_id"": ""CASE-0051"", ""to"": ""payments-support@razorpay.com"", ""subject"": ""Settlement discrepancy on ORD-280 \u2014 \u20b97.07"", ""body"": ""Order ORD-280 (payment PAY-0280) was settled \u20b9584.84 against a contractual expectation of \u20b9590.83 (rate card + GST on MDR). We request a review and reversal of the unexplained difference of \u20b97.07. Evidence attached: EVID-00173, EVID-00174, EVID-00175, EVID-00176"", ""amount"": ""7.07""}, ""draft_id"": ""DRF-CASE-0051""}",DRF-CASE-0051,CASE-0051:DRAFT_DISPUTE,,,2025-04-05T00:00:00Z
ACT-0199,CASE-0142,draft_dispute,DRAFT_DISPUTE,AGENT,EXECUTED,L1_DRAFT,"{""case_id"": ""CASE-0142"", ""evidence_ids"": [""EVID-00487"", ""EVID-00488"", ""EVID-00489""]}","{""draft"": {""draft_id"": ""DRF-CASE-0142"", ""case_id"": ""CASE-0142"", ""to"": ""payments-support@razorpay.com"", ""subject"": ""Settlement discrepancy on ORD-939 \u2014 \u20b96.49"", ""body"": ""Order ORD-939 (payment PAY-0939) was settled \u20b9189.5 against a contractual expectation of \u20b9297.58 (rate card + GST on MDR). We request a review and reversal of the unexplained difference of \u20b96.49. Evidence attached: EVID-00487, EVID-00488, EVID-00489"", ""amount"": ""6.49""}, ""draft_id"": ""DRF-CASE-0142""}",DRF-CASE-0142,CASE-0142:DRAFT_DISPUTE,,,2025-04-05T00:00:00Z
ACT-0200,CASE-0142,create_dispute,CREATE_DISPUTE,AGENT,EXECUTED,L3_FINANCIAL,"{""case_id"": ""CASE-0142"", ""evidence_ids"": [""EVID-00487"", ""EVID-00488"", ""EVID-00489""]}","{""dispute_id"": ""DIS-CASE-0142"", ""status"": ""SUBMITTED""}",DIS-CASE-0142,CASE-0142:CREATE_DISPUTE,APR-0087,,2025-04-05T00:00:00Z
ACT-0201,CASE-0036,draft_dispute,DRAFT_DISPUTE,AGENT,EXECUTED,L1_DRAFT,"{""case_id"": ""CASE-0036"", ""evidence_ids"": [""EVID-00124"", ""EVID-00125"", ""EVID-00126""]}","{""draft"": {""draft_id"": ""DRF-CASE-0036"", ""case_id"": ""CASE-0036"", ""to"": ""payments-support@razorpay.com"", ""subject"": ""Settlement discrepancy on ORD-173 \u2014 \u20b96.39"", ""body"": ""Order ORD-173 (payment PAY-0173) was settled \u20b91218.43 against a contractual expectation of \u20b91537.95 (rate card + GST on MDR). We request a review and reversal of the unexplained difference of \u20b96.39. Evidence attached: EVID-00124, EVID-00125, EVID-00126"", ""amount"": ""6.39""}, ""draft_id"": ""DRF-CASE-0036""}",DRF-CASE-0036,CASE-0036:DRAFT_DISPUTE,,,2025-04-05T00:00:00Z
ACT-0202,CASE-0036,create_dispute,CREATE_DISPUTE,AGENT,EXECUTED,L3_FINANCIAL,"{""case_id"": ""CASE-0036"", ""evidence_ids"": [""EVID-00124"", ""EVID-00125"", ""EVID-00126""]}","{""dispute_id"": ""DIS-CASE-0036"", ""status"": ""SUBMITTED""}",DIS-CASE-0036,CASE-0036:CREATE_DISPUTE,APR-0088,,2025-04-05T00:00:00Z
ACT-0203,CASE-0065,draft_dispute,DRAFT_DISPUTE,AGENT,EXECUTED,L1_DRAFT,"{""case_id"": ""CASE-0065"", ""evidence_ids"": [""EVID-00221"", ""EVID-00222"", ""EVID-00223"", ""EVID-00224""]}","{""draft"": {""draft_id"": ""DRF-CASE-0065"", ""case_id"": ""CASE-0065"", ""to"": ""payments-support@razorpay.com"", ""subject"": ""Settlement discrepancy on ORD-391 \u2014 \u20b96.25"", ""body"": ""Order ORD-391 (payment PAY-0391) was settled \u20b9621.04 against a contractual expectation of \u20b9626.34 (rate card + GST on MDR). We request a review and reversal of the unexplained difference of \u20b96.25. Evidence attached: EVID-00221, EVID-00222, EVID-00223, EVID-00224"", ""amount"": ""6.25""}, ""draft_id"": ""DRF-CASE-0065""}",DRF-CASE-0065,CASE-0065:DRAFT_DISPUTE,,,2025-04-05T00:00:00Z
ACT-0204,CASE-0064,draft_dispute,DRAFT_DISPUTE,AGENT,EXECUTED,L1_DRAFT,"{""case_id"": ""CASE-0064"", ""evidence_ids"": [""EVID-00218"", ""EVID-00219"", ""EVID-00220""]}","{""draft"": {""draft_id"": ""DRF-CASE-0064"", ""case_id"": ""CASE-0064"", ""to"": ""payments-support@razorpay.com"", ""subject"": ""Settlement discrepancy on ORD-388 \u2014 \u20b96.08"", ""body"": ""Order ORD-388 (payment PAY-0388) was settled \u20b91212.96 against a contractual expectation of \u20b91532.92 (rate card + GST on MDR). We request a review and reversal of the unexplained difference of \u20b96.08. Evidence attached: EVID-00218, EVID-00219, EVID-00220"", ""amount"": ""6.08""}, ""draft_id"": ""DRF-CASE-0064""}",DRF-CASE-0064,CASE-0064:DRAFT_DISPUTE,,,2025-04-05T00:00:00Z
ACT-0205,CASE-0064,create_dispute,CREATE_DISPUTE,AGENT,EXECUTED,L3_FINANCIAL,"{""case_id"": ""CASE-0064"", ""evidence_ids"": [""EVID-00218"", ""EVID-00219"", ""EVID-00220""]}","{""dispute_id"": ""DIS-CASE-0064"", ""status"": ""SUBMITTED""}",DIS-CASE-0064,CASE-0064:CREATE_DISPUTE,APR-0089,,2025-04-05T00:00:00Z
ACT-0206,CASE-0085,draft_dispute,DRAFT_DISPUTE,AGENT,EXECUTED,L1_DRAFT,"{""case_id"": ""CASE-0085"", ""evidence_ids"": [""EVID-00290"", ""EVID-00291"", ""EVID-00292"", ""EVID-00293""]}","{""draft"": {""draft_id"": ""DRF-CASE-0085"", ""case_id"": ""CASE-0085"", ""to"": ""payments-support@razorpay.com"", ""subject"": ""Settlement discrepancy on ORD-563 \u2014 \u20b96.05"", ""body"": ""Order ORD-563 (payment PAY-0563) was settled \u20b9700.13 against a contractual expectation of \u20b9705.26 (rate card + GST on MDR). We request a review and reversal of the unexplained difference of \u20b96.05. Evidence attached: EVID-00290, EVID-00291, EVID-00292, EVID-00293"", ""amount"": ""6.05""}, ""draft_id"": ""DRF-CASE-0085""}",DRF-CASE-0085,CASE-0085:DRAFT_DISPUTE,,,2025-04-05T00:00:00Z
ACT-0207,CASE-0134,draft_dispute,DRAFT_DISPUTE,AGENT,EXECUTED,L1_DRAFT,"{""case_id"": ""CASE-0134"", ""evidence_ids"": [""EVID-00458"", ""EVID-00459"", ""EVID-00460"", ""EVID-00461""]}","{""draft"": {""draft_id"": ""DRF-CASE-0134"", ""case_id"": ""CASE-0134"", ""to"": ""payments-support@razorpay.com"", ""subject"": ""Settlement discrepancy on ORD-873 \u2014 \u20b95.98"", ""body"": ""Order ORD-873 (payment PAY-0873) was settled \u20b92372.66 against a contractual expectation of \u20b92377.73 (rate card + GST on MDR). We request a review and reversal of the unexplained difference of \u20b95.98. Evidence attached: EVID-00458, EVID-00459, EVID-00460, EVID-00461"", ""amount"": ""5.98""}, ""draft_id"": ""DRF-CASE-0134""}",DRF-CASE-0134,CASE-0134:DRAFT_DISPUTE,,,2025-04-05T00:00:00Z
ACT-0208,CASE-0074,draft_dispute,DRAFT_DISPUTE,AGENT,EXECUTED,L1_DRAFT,"{""case_id"": ""CASE-0074"", ""evidence_ids"": [""EVID-00253"", ""EVID-00254"", ""EVID-00255"", ""EVID-00256""]}","{""draft"": {""draft_id"": ""DRF-CASE-0074"", ""case_id"": ""CASE-0074"", ""to"": ""payments-support@razorpay.com"", ""subject"": ""Settlement discrepancy on ORD-460 \u2014 \u20b95.52"", ""body"": ""Order ORD-460 (payment PAY-0460) was settled \u20b9323.33 against a contractual expectation of \u20b9328.01 (rate card + GST on MDR). We request a review and reversal of the unexplained difference of \u20b95.52. Evidence attached: EVID-00253, EVID-00254, EVID-00255, EVID-00256"", ""amount"": ""5.52""}, ""draft_id"": ""DRF-CASE-0074""}",DRF-CASE-0074,CASE-0074:DRAFT_DISPUTE,,,2025-04-05T00:00:00Z
ACT-0209,CASE-0035,draft_dispute,DRAFT_DISPUTE,AGENT,EXECUTED,L1_DRAFT,"{""case_id"": ""CASE-0035"", ""evidence_ids"": [""EVID-00121"", ""EVID-00122"", ""EVID-00123""]}","{""draft"": {""draft_id"": ""DRF-CASE-0035"", ""case_id"": ""CASE-0035"", ""to"": ""payments-support@razorpay.com"", ""subject"": ""Settlement discrepancy on ORD-168 \u2014 \u20b95.45"", ""body"": ""Order ORD-168 (payment PAY-0168) was settled \u20b9441.31 against a contractual expectation of \u20b9446.76 (rate card + GST on MDR). We request a review and reversal of the unexplained difference of \u20b95.45. Evidence attached: EVID-00121, EVID-00122, EVID-00123"", ""amount"": ""5.45""}, ""draft_id"": ""DRF-CASE-0035""}",DRF-CASE-0035,CASE-0035:DRAFT_DISPUTE,,,2025-04-05T00:00:00Z
ACT-0210,CASE-0035,create_dispute,CREATE_DISPUTE,AGENT,EXECUTED,L3_FINANCIAL,"{""case_id"": ""CASE-0035"", ""evidence_ids"": [""EVID-00121"", ""EVID-00122"", ""EVID-00123""]}","{""dispute_id"": ""DIS-CASE-0035"", ""status"": ""SUBMITTED""}",DIS-CASE-0035,CASE-0035:CREATE_DISPUTE,APR-0090,,2025-04-05T00:00:00Z
ACT-0211,CASE-0013,draft_dispute,DRAFT_DISPUTE,AGENT,EXECUTED,L1_DRAFT,"{""case_id"": ""CASE-0013"", ""evidence_ids"": [""EVID-00043"", ""EVID-00044"", ""EVID-00045"", ""EVID-00046""]}","{""draft"": {""draft_id"": ""DRF-CASE-0013"", ""case_id"": ""CASE-0013"", ""to"": ""payments-support@razorpay.com"", ""subject"": ""Settlement discrepancy on ORD-51 \u2014 \u20b95.38"", ""body"": ""Order ORD-51 (payment PAY-0051) was settled \u20b9343.18 against a contractual expectation of \u20b9347.74 (rate card + GST on MDR). We request a review and reversal of the unexplained difference of \u20b95.38. Evidence attached: EVID-00043, EVID-00044, EVID-00045, EVID-00046"", ""amount"": ""5.38""}, ""draft_id"": ""DRF-CASE-0013""}",DRF-CASE-0013,CASE-0013:DRAFT_DISPUTE,,,2025-04-05T00:00:00Z
ACT-0212,CASE-0070,draft_dispute,DRAFT_DISPUTE,AGENT,EXECUTED,L1_DRAFT,"{""case_id"": ""CASE-0070"", ""evidence_ids"": [""EVID-00238"", ""EVID-00239"", ""EVID-00240"", ""EVID-00241""]}","{""draft"": {""draft_id"": ""DRF-CASE-0070"", ""case_id"": ""CASE-0070"", ""to"": ""payments-support@razorpay.com"", ""subject"": ""Settlement discrepancy on ORD-435 \u2014 \u20b95.38"", ""body"": ""Order ORD-435 (payment PAY-0435) was settled \u20b92125.42 against a contractual expectation of \u20b92129.98 (rate card + GST on MDR). We request a review and reversal of the unexplained difference of \u20b95.38. Evidence attached: EVID-00238, EVID-00239, EVID-00240, EVID-00241"", ""amount"": ""5.38""}, ""draft_id"": ""DRF-CASE-0070""}",DRF-CASE-0070,CASE-0070:DRAFT_DISPUTE,,,2025-04-05T00:00:00Z
ACT-0213,CASE-0014,draft_dispute,DRAFT_DISPUTE,AGENT,EXECUTED,L1_DRAFT,"{""case_id"": ""CASE-0014"", ""evidence_ids"": [""EVID-00047"", ""EVID-00048"", ""EVID-00049""]}","{""draft"": {""draft_id"": ""DRF-CASE-0014"", ""case_id"": ""CASE-0014"", ""to"": ""payments-support@razorpay.com"", ""subject"": ""Settlement discrepancy on ORD-54 \u2014 \u20b95.34"", ""body"": ""Order ORD-54 (payment PAY-0054) was settled \u20b9661.24 against a contractual expectation of \u20b9942.43 (rate card + GST on MDR). We request a review and reversal of the unexplained difference of \u20b95.34. Evidence attached: EVID-00047, EVID-00048, EVID-00049"", ""amount"": ""5.34""}, ""draft_id"": ""DRF-CASE-0014""}",DRF-CASE-0014,CASE-0014:DRAFT_DISPUTE,,,2025-04-05T00:00:00Z
ACT-0214,CASE-0014,create_dispute,CREATE_DISPUTE,AGENT,EXECUTED,L3_FINANCIAL,"{""case_id"": ""CASE-0014"", ""evidence_ids"": [""EVID-00047"", ""EVID-00048"", ""EVID-00049""]}","{""dispute_id"": ""DIS-CASE-0014"", ""status"": ""SUBMITTED""}",DIS-CASE-0014,CASE-0014:CREATE_DISPUTE,APR-0091,,2025-04-05T00:00:00Z
ACT-0215,CASE-0126,draft_dispute,DRAFT_DISPUTE,AGENT,EXECUTED,L1_DRAFT,"{""case_id"": ""CASE-0126"", ""evidence_ids"": [""EVID-00432"", ""EVID-00433"", ""EVID-00434"", ""EVID-00435""]}","{""draft"": {""draft_id"": ""DRF-CASE-0126"", ""case_id"": ""CASE-0126"", ""to"": ""payments-support@razorpay.com"", ""subject"": ""Settlement discrepancy on ORD-834 \u2014 \u20b95.27"", ""body"": ""Order ORD-834 (payment PAY-0834) was settled \u20b93031.27 against a contractual expectation of \u20b93035.74 (rate card + GST on MDR). We request a review and reversal of the unexplained difference of \u20b95.27. Evidence attached: EVID-00432, EVID-00433, EVID-00434, EVID-00435"", ""amount"": ""5.27""}, ""draft_id"": ""DRF-CASE-0126""}",DRF-CASE-0126,CASE-0126:DRAFT_DISPUTE,,,2025-04-05T00:00:00Z
ACT-0216,CASE-0008,draft_dispute,DRAFT_DISPUTE,AGENT,EXECUTED,L1_DRAFT,"{""case_id"": ""CASE-0008"", ""evidence_ids"": [""EVID-00025"", ""EVID-00026"", ""EVID-00027"", ""EVID-00028""]}","{""draft"": {""draft_id"": ""DRF-CASE-0008"", ""case_id"": ""CASE-0008"", ""to"": ""payments-support@razorpay.com"", ""subject"": ""Settlement discrepancy on ORD-35 \u2014 \u20b95.17"", ""body"": ""Order ORD-35 (payment PAY-0035) was settled \u20b9783.01 against a contractual expectation of \u20b91089.49 (rate card + GST on MDR). We request a review and reversal of the unexplained difference of \u20b95.17. Evidence attached: EVID-00025, EVID-00026, EVID-00027, EVID-00028"", ""amount"": ""5.17""}, ""draft_id"": ""DRF-CASE-0008""}",DRF-CASE-0008,CASE-0008:DRAFT_DISPUTE,,,2025-04-05T00:00:00Z
ACT-0217,CASE-0071,draft_dispute,DRAFT_DISPUTE,AGENT,EXECUTED,L1_DRAFT,"{""case_id"": ""CASE-0071"", ""evidence_ids"": [""EVID-00242"", ""EVID-00243"", ""EVID-00244"", ""EVID-00245""]}","{""draft"": {""draft_id"": ""DRF-CASE-0071"", ""case_id"": ""CASE-0071"", ""to"": ""payments-support@razorpay.com"", ""subject"": ""Settlement discrepancy on ORD-437 \u2014 \u20b95.12"", ""body"": ""Order ORD-437 (payment PAY-0437) was settled \u20b92632.72 against a contractual expectation of \u20b92637.06 (rate card + GST on MDR). We request a review and reversal of the unexplained difference of \u20b95.12. Evidence attached: EVID-00242, EVID-00243, EVID-00244, EVID-00245"", ""amount"": ""5.12""}, ""draft_id"": ""DRF-CASE-0071""}",DRF-CASE-0071,CASE-0071:DRAFT_DISPUTE,,,2025-04-05T00:00:00Z
ACT-0218,CASE-0057,draft_dispute,DRAFT_DISPUTE,AGENT,EXECUTED,L1_DRAFT,"{""case_id"": ""CASE-0057"", ""evidence_ids"": [""EVID-00194"", ""EVID-00195"", ""EVID-00196"", ""EVID-00197""]}","{""draft"": {""draft_id"": ""DRF-CASE-0057"", ""case_id"": ""CASE-0057"", ""to"": ""payments-support@razorpay.com"", ""subject"": ""Settlement discrepancy on ORD-304 \u2014 \u20b95.11"", ""body"": ""Order ORD-304 (payment PAY-0304) was settled \u20b9527.4 against a contractual expectation of \u20b9531.73 (rate card + GST on MDR). We request a review and reversal of the unexplained difference of \u20b95.11. Evidence attached: EVID-00194, EVID-00195, EVID-00196, EVID-00197"", ""amount"": ""5.11""}, ""draft_id"": ""DRF-CASE-0057""}",DRF-CASE-0057,CASE-0057:DRAFT_DISPUTE,,,2025-04-05T00:00:00Z
ACT-0219,CASE-0135,draft_dispute,DRAFT_DISPUTE,AGENT,EXECUTED,L1_DRAFT,"{""case_id"": ""CASE-0135"", ""evidence_ids"": [""EVID-00462"", ""EVID-00463"", ""EVID-00464""]}","{""draft"": {""draft_id"": ""DRF-CASE-0135"", ""case_id"": ""CASE-0135"", ""to"": ""payments-support@razorpay.com"", ""subject"": ""Settlement discrepancy on ORD-877 \u2014 \u20b94.47"", ""body"": ""Order ORD-877 (payment PAY-0877) was settled \u20b9597.67 against a contractual expectation of \u20b9821.09 (rate card + GST on MDR). We request a review and reversal of the unexplained difference of \u20b94.47. Evidence attached: EVID-00462, EVID-00463, EVID-00464"", ""amount"": ""4.47""}, ""draft_id"": ""DRF-CASE-0135""}",DRF-CASE-0135,CASE-0135:DRAFT_DISPUTE,,,2025-04-05T00:00:00Z
ACT-0220,CASE-0135,create_dispute,CREATE_DISPUTE,AGENT,EXECUTED,L3_FINANCIAL,"{""case_id"": ""CASE-0135"", ""evidence_ids"": [""EVID-00462"", ""EVID-00463"", ""EVID-00464""]}","{""dispute_id"": ""DIS-CASE-0135"", ""status"": ""SUBMITTED""}",DIS-CASE-0135,CASE-0135:CREATE_DISPUTE,APR-0092,,2025-04-05T00:00:00Z
ACT-0221,CASE-0050,draft_dispute,DRAFT_DISPUTE,AGENT,EXECUTED,L1_DRAFT,"{""case_id"": ""CASE-0050"", ""evidence_ids"": [""EVID-00169"", ""EVID-00170"", ""EVID-00171"", ""EVID-00172""]}","{""draft"": {""draft_id"": ""DRF-CASE-0050"", ""case_id"": ""CASE-0050"", ""to"": ""payments-support@razorpay.com"", ""subject"": ""Settlement discrepancy on ORD-273 \u2014 \u20b94.07"", ""body"": ""Order ORD-273 (payment PAY-0273) was settled \u20b91876.41 against a contractual expectation of \u20b91879.86 (rate card + GST on MDR). We request a review and reversal of the unexplained difference of \u20b94.07. Evidence attached: EVID-00169, EVID-00170, EVID-00171, EVID-00172"", ""amount"": ""4.07""}, ""draft_id"": ""DRF-CASE-0050""}",DRF-CASE-0050,CASE-0050:DRAFT_DISPUTE,,,2025-04-05T00:00:00Z
ACT-0222,CASE-0138,draft_dispute,DRAFT_DISPUTE,AGENT,EXECUTED,L1_DRAFT,"{""case_id"": ""CASE-0138"", ""evidence_ids"": [""EVID-00472"", ""EVID-00473"", ""EVID-00474"", ""EVID-00475""]}","{""draft"": {""draft_id"": ""DRF-CASE-0138"", ""case_id"": ""CASE-0138"", ""to"": ""payments-support@razorpay.com"", ""subject"": ""Settlement discrepancy on ORD-902 \u2014 \u20b93.94"", ""body"": ""Order ORD-902 (payment PAY-0902) was settled \u20b9825.96 against a contractual expectation of \u20b9829.9 (rate card + GST on MDR). We request a review and reversal of the unexplained difference of \u20b93.94. Evidence attached: EVID-00472, EVID-00473, EVID-00474, EVID-00475"", ""amount"": ""3.94""}, ""draft_id"": ""DRF-CASE-0138""}",DRF-CASE-0138,CASE-0138:DRAFT_DISPUTE,,,2025-04-05T00:00:00Z
ACT-0223,CASE-0012,draft_dispute,DRAFT_DISPUTE,AGENT,EXECUTED,L1_DRAFT,"{""case_id"": ""CASE-0012"", ""evidence_ids"": [""EVID-00039"", ""EVID-00040"", ""EVID-00041"", ""EVID-00042""]}","{""draft"": {""draft_id"": ""DRF-CASE-0012"", ""case_id"": ""CASE-0012"", ""to"": ""payments-support@razorpay.com"", ""subject"": ""Settlement discrepancy on ORD-50 \u2014 \u20b93.93"", ""body"": ""Order ORD-50 (payment PAY-0050) was settled \u20b9823.89 against a contractual expectation of \u20b9827.82 (rate card + GST on MDR). We request a review and reversal of the unexplained difference of \u20b93.93. Evidence attached: EVID-00039, EVID-00040, EVID-00041, EVID-00042"", ""amount"": ""3.93""}, ""draft_id"": ""DRF-CASE-0012""}",DRF-CASE-0012,CASE-0012:DRAFT_DISPUTE,,,2025-04-05T00:00:00Z
ACT-0224,CASE-0006,draft_dispute,DRAFT_DISPUTE,AGENT,EXECUTED,L1_DRAFT,"{""case_id"": ""CASE-0006"", ""evidence_ids"": [""EVID-00019"", ""EVID-00020"", ""EVID-00021""]}","{""draft"": {""draft_id"": ""DRF-CASE-0006"", ""case_id"": ""CASE-0006"", ""to"": ""payments-support@razorpay.com"", ""subject"": ""Settlement discrepancy on ORD-17 \u2014 \u20b93.57"", ""body"": ""Order ORD-17 (payment PAY-0017) was settled \u20b9206.34 against a contractual expectation of \u20b9384.83 (rate card + GST on MDR). We request a review and reversal of the unexplained difference of \u20b93.57. Evidence attached: EVID-00019, EVID-00020, EVID-00021"", ""amount"": ""3.57""}, ""draft_id"": ""DRF-CASE-0006""}",DRF-CASE-0006,CASE-0006:DRAFT_DISPUTE,,,2025-04-05T00:00:00Z
ACT-0225,CASE-0006,create_dispute,CREATE_DISPUTE,AGENT,EXECUTED,L3_FINANCIAL,"{""case_id"": ""CASE-0006"", ""evidence_ids"": [""EVID-00019"", ""EVID-00020"", ""EVID-00021""]}","{""dispute_id"": ""DIS-CASE-0006"", ""status"": ""SUBMITTED""}",DIS-CASE-0006,CASE-0006:CREATE_DISPUTE,APR-0093,,2025-04-05T00:00:00Z
ACT-0226,CASE-0100,draft_dispute,DRAFT_DISPUTE,AGENT,EXECUTED,L1_DRAFT,"{""case_id"": ""CASE-0100"", ""evidence_ids"": [""EVID-00342"", ""EVID-00343"", ""EVID-00344"", ""EVID-00345""]}","{""draft"": {""draft_id"": ""DRF-CASE-0100"", ""case_id"": ""CASE-0100"", ""to"": ""payments-support@razorpay.com"", ""subject"": ""Settlement discrepancy on ORD-667 \u2014 \u20b93.32"", ""body"": ""Order ORD-667 (payment PAY-0667) was settled \u20b91338.56 against a contractual expectation of \u20b91341.37 (rate card + GST on MDR). We request a review and reversal of the unexplained difference of \u20b93.32. Evidence attached: EVID-00342, EVID-00343, EVID-00344, EVID-00345"", ""amount"": ""3.32""}, ""draft_id"": ""DRF-CASE-0100""}",DRF-CASE-0100,CASE-0100:DRAFT_DISPUTE,,,2025-04-05T00:00:00Z
ACT-0227,CASE-0072,draft_dispute,DRAFT_DISPUTE,AGENT,EXECUTED,L1_DRAFT,"{""case_id"": ""CASE-0072"", ""evidence_ids"": [""EVID-00246"", ""EVID-00247"", ""EVID-00248"", ""EVID-00249""]}","{""draft"": {""draft_id"": ""DRF-CASE-0072"", ""case_id"": ""CASE-0072"", ""to"": ""payments-support@razorpay.com"", ""subject"": ""Settlement discrepancy on ORD-438 \u2014 \u20b93.18"", ""body"": ""Order ORD-438 (payment PAY-0438) was settled \u20b9289.24 against a contractual expectation of \u20b9291.94 (rate card + GST on MDR). We request a review and reversal of the unexplained difference of \u20b93.18. Evidence attached: EVID-00246, EVID-00247, EVID-00248, EVID-00249"", ""amount"": ""3.18""}, ""draft_id"": ""DRF-CASE-0072""}",DRF-CASE-0072,CASE-0072:DRAFT_DISPUTE,,,2025-04-05T00:00:00Z
ACT-0228,CASE-0023,draft_dispute,DRAFT_DISPUTE,AGENT,EXECUTED,L1_DRAFT,"{""case_id"": ""CASE-0023"", ""evidence_ids"": [""EVID-00077"", ""EVID-00078"", ""EVID-00079"", ""EVID-00080""]}","{""draft"": {""draft_id"": ""DRF-CASE-0023"", ""case_id"": ""CASE-0023"", ""to"": ""payments-support@razorpay.com"", ""subject"": ""Settlement discrepancy on ORD-91 \u2014 \u20b93.1"", ""body"": ""Order ORD-91 (payment PAY-0091) was settled \u20b92026.99 against a contractual expectation of \u20b92029.62 (rate card + GST on MDR). We request a review and reversal of the unexplained difference of \u20b93.1. Evidence attached: EVID-00077, EVID-00078, EVID-00079, EVID-00080"", ""amount"": ""3.1""}, ""draft_id"": ""DRF-CASE-0023""}",DRF-CASE-0023,CASE-0023:DRAFT_DISPUTE,,,2025-04-05T00:00:00Z
ACT-0229,CASE-0018,draft_dispute,DRAFT_DISPUTE,AGENT,EXECUTED,L1_DRAFT,"{""case_id"": ""CASE-0018"", ""evidence_ids"": [""EVID-00060"", ""EVID-00061"", ""EVID-00062"", ""EVID-00063""]}","{""draft"": {""draft_id"": ""DRF-CASE-0018"", ""case_id"": ""CASE-0018"", ""to"": ""payments-support@razorpay.com"", ""subject"": ""Settlement discrepancy on ORD-74 \u2014 \u20b92.65"", ""body"": ""Order ORD-74 (payment PAY-0074) was settled \u20b91723.82 against a contractual expectation of \u20b91726.07 (rate card + GST on MDR). We request a review and reversal of the unexplained difference of \u20b92.65. Evidence attached: EVID-00060, EVID-00061, EVID-00062, EVID-00063"", ""amount"": ""2.65""}, ""draft_id"": ""DRF-CASE-0018""}",DRF-CASE-0018,CASE-0018:DRAFT_DISPUTE,,,2025-04-05T00:00:00Z
ACT-0230,CASE-0109,draft_dispute,DRAFT_DISPUTE,AGENT,EXECUTED,L1_DRAFT,"{""case_id"": ""CASE-0109"", ""evidence_ids"": [""EVID-00370"", ""EVID-00371"", ""EVID-00372"", ""EVID-00373""]}","{""draft"": {""draft_id"": ""DRF-CASE-0109"", ""case_id"": ""CASE-0109"", ""to"": ""payments-support@razorpay.com"", ""subject"": ""Settlement discrepancy on ORD-711 \u2014 \u20b92.64"", ""body"": ""Order ORD-711 (payment PAY-0711) was settled \u20b91422.29 against a contractual expectation of \u20b91424.53 (rate card + GST on MDR). We request a review and reversal of the unexplained difference of \u20b92.64. Evidence attached: EVID-00370, EVID-00371, EVID-00372, EVID-00373"", ""amount"": ""2.64""}, ""draft_id"": ""DRF-CASE-0109""}",DRF-CASE-0109,CASE-0109:DRAFT_DISPUTE,,,2025-04-05T00:00:00Z
ACT-0231,CASE-0133,draft_dispute,DRAFT_DISPUTE,AGENT,EXECUTED,L1_DRAFT,"{""case_id"": ""CASE-0133"", ""evidence_ids"": [""EVID-00455"", ""EVID-00456"", ""EVID-00457""]}","{""draft"": {""draft_id"": ""DRF-CASE-0133"", ""case_id"": ""CASE-0133"", ""to"": ""payments-support@razorpay.com"", ""subject"": ""Settlement discrepancy on ORD-872 \u2014 \u20b92.43"", ""body"": ""Order ORD-872 (payment PAY-0872) was settled \u20b9170.43 against a contractual expectation of \u20b9291.94 (rate card + GST on MDR). We request a review and reversal of the unexplained difference of \u20b92.43. Evidence attached: EVID-00455, EVID-00456, EVID-00457"", ""amount"": ""2.43""}, ""draft_id"": ""DRF-CASE-0133""}",DRF-CASE-0133,CASE-0133:DRAFT_DISPUTE,,,2025-04-05T00:00:00Z
ACT-0232,CASE-0133,create_dispute,CREATE_DISPUTE,AGENT,EXECUTED,L3_FINANCIAL,"{""case_id"": ""CASE-0133"", ""evidence_ids"": [""EVID-00455"", ""EVID-00456"", ""EVID-00457""]}","{""dispute_id"": ""DIS-CASE-0133"", ""status"": ""SUBMITTED""}",DIS-CASE-0133,CASE-0133:CREATE_DISPUTE,APR-0094,,2025-04-05T00:00:00Z
ACT-0233,CASE-0010,draft_dispute,DRAFT_DISPUTE,AGENT,EXECUTED,L1_DRAFT,"{""case_id"": ""CASE-0010"", ""evidence_ids"": [""EVID-00032"", ""EVID-00033"", ""EVID-00034"", ""EVID-00035""]}","{""draft"": {""draft_id"": ""DRF-CASE-0010"", ""case_id"": ""CASE-0010"", ""to"": ""payments-support@razorpay.com"", ""subject"": ""Settlement discrepancy on ORD-41 \u2014 \u20b92.28"", ""body"": ""Order ORD-41 (payment PAY-0041) was settled \u20b91180.13 against a contractual expectation of \u20b91830.08 (rate card + GST on MDR). We request a review and reversal of the unexplained difference of \u20b92.28. Evidence attached: EVID-00032, EVID-00033, EVID-00034, EVID-00035"", ""amount"": ""2.28""}, ""draft_id"": ""DRF-CASE-0010""}",DRF-CASE-0010,CASE-0010:DRAFT_DISPUTE,,,2025-04-05T00:00:00Z
ACT-0234,CASE-0148,draft_dispute,DRAFT_DISPUTE,AGENT,EXECUTED,L1_DRAFT,"{""case_id"": ""CASE-0148"", ""evidence_ids"": [""EVID-00506"", ""EVID-00507"", ""EVID-00508"", ""EVID-00509""]}","{""draft"": {""draft_id"": ""DRF-CASE-0148"", ""case_id"": ""CASE-0148"", ""to"": ""payments-support@razorpay.com"", ""subject"": ""Settlement discrepancy on ORD-988 \u2014 \u20b92.25"", ""body"": ""Order ORD-988 (payment PAY-0988) was settled \u20b9327.25 against a contractual expectation of \u20b9329.15 (rate card + GST on MDR). We request a review and reversal of the unexplained difference of \u20b92.25. Evidence attached: EVID-00506, EVID-00507, EVID-00508, EVID-00509"", ""amount"": ""2.25""}, ""draft_id"": ""DRF-CASE-0148""}",DRF-CASE-0148,CASE-0148:DRAFT_DISPUTE,,,2025-04-05T00:00:00Z
ACT-0235,CASE-0045,draft_dispute,DRAFT_DISPUTE,AGENT,EXECUTED,L1_DRAFT,"{""case_id"": ""CASE-0045"", ""evidence_ids"": [""EVID-00153"", ""EVID-00154"", ""EVID-00155"", ""EVID-00156""]}","{""draft"": {""draft_id"": ""DRF-CASE-0045"", ""case_id"": ""CASE-0045"", ""to"": ""payments-support@razorpay.com"", ""subject"": ""Settlement discrepancy on ORD-219 \u2014 \u20b92.17"", ""body"": ""Order ORD-219 (payment PAY-0219) was settled \u20b91006.0 against a contractual expectation of \u20b91007.84 (rate card + GST on MDR). We request a review and reversal of the unexplained difference of \u20b92.17. Evidence attached: EVID-00153, EVID-00154, EVID-00155, EVID-00156"", ""amount"": ""2.17""}, ""draft_id"": ""DRF-CASE-0045""}",DRF-CASE-0045,CASE-0045:DRAFT_DISPUTE,,,2025-04-05T00:00:00Z
ACT-0236,CASE-0049,draft_dispute,DRAFT_DISPUTE,AGENT,EXECUTED,L1_DRAFT,"{""case_id"": ""CASE-0049"", ""evidence_ids"": [""EVID-00166"", ""EVID-00167"", ""EVID-00168""]}","{""draft"": {""draft_id"": ""DRF-CASE-0049"", ""case_id"": ""CASE-0049"", ""to"": ""payments-support@razorpay.com"", ""subject"": ""Settlement discrepancy on ORD-269 \u2014 \u20b92.1"", ""body"": ""Order ORD-269 (payment PAY-0269) was settled \u20b9227.44 against a contractual expectation of \u20b9332.66 (rate card + GST on MDR). We request a review and reversal of the unexplained difference of \u20b92.1. Evidence attached: EVID-00166, EVID-00167, EVID-00168"", ""amount"": ""2.1""}, ""draft_id"": ""DRF-CASE-0049""}",DRF-CASE-0049,CASE-0049:DRAFT_DISPUTE,,,2025-04-05T00:00:00Z
ACT-0237,CASE-0049,create_dispute,CREATE_DISPUTE,AGENT,EXECUTED,L3_FINANCIAL,"{""case_id"": ""CASE-0049"", ""evidence_ids"": [""EVID-00166"", ""EVID-00167"", ""EVID-00168""]}","{""dispute_id"": ""DIS-CASE-0049"", ""status"": ""SUBMITTED""}",DIS-CASE-0049,CASE-0049:CREATE_DISPUTE,APR-0095,,2025-04-05T00:00:00Z
ACT-0238,CASE-0028,draft_dispute,DRAFT_DISPUTE,AGENT,EXECUTED,L1_DRAFT,"{""case_id"": ""CASE-0028"", ""evidence_ids"": [""EVID-00096"", ""EVID-00097"", ""EVID-00098""]}","{""draft"": {""draft_id"": ""DRF-CASE-0028"", ""case_id"": ""CASE-0028"", ""to"": ""payments-support@razorpay.com"", ""subject"": ""Settlement discrepancy on ORD-137 \u2014 \u20b92.08"", ""body"": ""Order ORD-137 (payment PAY-0137) was settled \u20b9201.3 against a contractual expectation of \u20b9305.2 (rate card + GST on MDR). We request a review and reversal of the unexplained difference of \u20b92.08. Evidence attached: EVID-00096, EVID-00097, EVID-00098"", ""amount"": ""2.08""}, ""draft_id"": ""DRF-CASE-0028""}",DRF-CASE-0028,CASE-0028:DRAFT_DISPUTE,,,2025-04-05T00:00:00Z
ACT-0239,CASE-0028,create_dispute,CREATE_DISPUTE,AGENT,EXECUTED,L3_FINANCIAL,"{""case_id"": ""CASE-0028"", ""evidence_ids"": [""EVID-00096"", ""EVID-00097"", ""EVID-00098""]}","{""dispute_id"": ""DIS-CASE-0028"", ""status"": ""SUBMITTED""}",DIS-CASE-0028,CASE-0028:CREATE_DISPUTE,APR-0096,,2025-04-05T00:00:00Z
ACT-0240,CASE-0118,draft_dispute,DRAFT_DISPUTE,AGENT,EXECUTED,L1_DRAFT,"{""case_id"": ""CASE-0118"", ""evidence_ids"": [""EVID-00404"", ""EVID-00405"", ""EVID-00406"", ""EVID-00407""]}","{""draft"": {""draft_id"": ""DRF-CASE-0118"", ""case_id"": ""CASE-0118"", ""to"": ""payments-support@razorpay.com"", ""subject"": ""Settlement discrepancy on ORD-781 \u2014 \u20b91.77"", ""body"": ""Order ORD-781 (payment PAY-0781) was settled \u20b91170.14 against a contractual expectation of \u20b91171.64 (rate card + GST on MDR). We request a review and reversal of the unexplained difference of \u20b91.77. Evidence attached: EVID-00404, EVID-00405, EVID-00406, EVID-00407"", ""amount"": ""1.77""}, ""draft_id"": ""DRF-CASE-0118""}",DRF-CASE-0118,CASE-0118:DRAFT_DISPUTE,,,2025-04-05T00:00:00Z
ACT-0241,CASE-0094,draft_dispute,DRAFT_DISPUTE,AGENT,EXECUTED,L1_DRAFT,"{""case_id"": ""CASE-0094"", ""evidence_ids"": [""EVID-00319"", ""EVID-00320"", ""EVID-00321"", ""EVID-00322""]}","{""draft"": {""draft_id"": ""DRF-CASE-0094"", ""case_id"": ""CASE-0094"", ""to"": ""payments-support@razorpay.com"", ""subject"": ""Settlement discrepancy on ORD-627 \u2014 \u20b91.58"", ""body"": ""Order ORD-627 (payment PAY-0627) was settled \u20b9646.13 against a contractual expectation of \u20b9647.47 (rate card + GST on MDR). We request a review and reversal of the unexplained difference of \u20b91.58. Evidence attached: EVID-00319, EVID-00320, EVID-00321, EVID-00322"", ""amount"": ""1.58""}, ""draft_id"": ""DRF-CASE-0094""}",DRF-CASE-0094,CASE-0094:DRAFT_DISPUTE,,,2025-04-05T00:00:00Z
ACT-0242,CASE-0003,draft_dispute,DRAFT_DISPUTE,AGENT,EXECUTED,L1_DRAFT,"{""case_id"": ""CASE-0003"", ""evidence_ids"": [""EVID-00009"", ""EVID-00010"", ""EVID-00011"", ""EVID-00012""]}","{""draft"": {""draft_id"": ""DRF-CASE-0003"", ""case_id"": ""CASE-0003"", ""to"": ""payments-support@razorpay.com"", ""subject"": ""Settlement discrepancy on ORD-9 \u2014 \u20b91.44"", ""body"": ""Order ORD-9 (payment PAY-0009) was settled \u20b9644.24 against a contractual expectation of \u20b9645.46 (rate card + GST on MDR). We request a review and reversal of the unexplained difference of \u20b91.44. Evidence attached: EVID-00009, EVID-00010, EVID-00011, EVID-00012"", ""amount"": ""1.44""}, ""draft_id"": ""DRF-CASE-0003""}",DRF-CASE-0003,CASE-0003:DRAFT_DISPUTE,,,2025-04-05T00:00:00Z
ACT-0243,CASE-0025,draft_dispute,DRAFT_DISPUTE,AGENT,EXECUTED,L1_DRAFT,"{""case_id"": ""CASE-0025"", ""evidence_ids"": [""EVID-00086"", ""EVID-00087"", ""EVID-00088"", ""EVID-00089""]}","{""draft"": {""draft_id"": ""DRF-CASE-0025"", ""case_id"": ""CASE-0025"", ""to"": ""payments-support@razorpay.com"", ""subject"": ""Settlement discrepancy on ORD-118 \u2014 \u20b91.42"", ""body"": ""Order ORD-118 (payment PAY-0118) was settled \u20b9208.66 against a contractual expectation of \u20b9297.58 (rate card + GST on MDR). We request a review and reversal of the unexplained difference of \u20b91.42. Evidence attached: EVID-00086, EVID-00087, EVID-00088, EVID-00089"", ""amount"": ""1.42""}, ""draft_id"": ""DRF-CASE-0025""}",DRF-CASE-0025,CASE-0025:DRAFT_DISPUTE,,,2025-04-05T00:00:00Z
ACT-0244,CASE-0059,draft_dispute,DRAFT_DISPUTE,AGENT,EXECUTED,L1_DRAFT,"{""case_id"": ""CASE-0059"", ""evidence_ids"": [""EVID-00201"", ""EVID-00202"", ""EVID-00203"", ""EVID-00204""]}","{""draft"": {""draft_id"": ""DRF-CASE-0059"", ""case_id"": ""CASE-0059"", ""to"": ""payments-support@razorpay.com"", ""subject"": ""Settlement discrepancy on ORD-330 \u2014 \u20b91.25"", ""body"": ""Order ORD-330 (payment PAY-0330) was settled \u20b9554.61 against a contractual expectation of \u20b9555.67 (rate card + GST on MDR). We request a review and reversal of the unexplained difference of \u20b91.25. Evidence attached: EVID-00201, EVID-00202, EVID-00203, EVID-00204"", ""amount"": ""1.25""}, ""draft_id"": ""DRF-CASE-0059""}",DRF-CASE-0059,CASE-0059:DRAFT_DISPUTE,,,2025-04-05T00:00:00Z
ACT-0245,CASE-0002,draft_dispute,DRAFT_DISPUTE,AGENT,EXECUTED,L1_DRAFT,"{""case_id"": ""CASE-0002"", ""evidence_ids"": [""EVID-00005"", ""EVID-00006"", ""EVID-00007"", ""EVID-00008""]}","{""draft"": {""draft_id"": ""DRF-CASE-0002"", ""case_id"": ""CASE-0002"", ""to"": ""payments-support@razorpay.com"", ""subject"": ""Settlement discrepancy on ORD-4 \u2014 \u20b91.18"", ""body"": ""Order ORD-4 (payment PAY-0004) was settled \u20b9610.29 against a contractual expectation of \u20b9611.29 (rate card + GST on MDR). We request a review and reversal of the unexplained difference of \u20b91.18. Evidence attached: EVID-00005, EVID-00006, EVID-00007, EVID-00008"", ""amount"": ""1.18""}, ""draft_id"": ""DRF-CASE-0002""}",DRF-CASE-0002,CASE-0002:DRAFT_DISPUTE,,,2025-04-05T00:00:00Z
