action_id,case_id,tool_id,action_type,actor,status,risk_level,input_payload,result_payload,external_ref,idempotency_key,approval_id,amount,executed_at
ACT-0001,CASE-0091,draft_dispute,DRAFT_DISPUTE,AGENT,EXECUTED,L1,"{""case_id"": ""CASE-0091"", ""evidence_ids"": [""EVID-00310"", ""EVID-00311"", ""EVID-00312""], ""reason"": ""draft the gateway dispute with bound evidence; submission goes through the approval gate"", ""draft_content"": ""Subject: Settlement discrepancy on ORD-603 \u2014 \u20b95755.61\n\nOrder ORD-603 (payment PAY-0603) settled \u20b90 against contractual expectation \u20b95755.61 after rate-card MDR and GST. We request reversal of the unexplained difference of \u20b95755.61."", ""amount"": 5755.61}","{""draft_id"": ""DRF-CASE-0091"", ""draft"": ""Subject: Settlement discrepancy on ORD-603 \u2014 \u20b95755.61\n\nOrder ORD-603 (payment PAY-0603) settled \u20b90 against contractual expectation \u20b95755.61 after rate-card MDR and GST. We request reversal of the unexplained difference of \u20b95755.61.""}",,CASE-0091_DRAFT,,5755.61,2026-09-05T07:12:56Z
ACT-0002,CASE-0029,draft_dispute,DRAFT_DISPUTE,AGENT,EXECUTED,L1,"{""case_id"": ""CASE-0029"", ""evidence_ids"": [""EVID-00099"", ""EVID-00100"", ""EVID-00101""], ""reason"": ""draft the gateway dispute with bound evidence; submission goes through the approval gate"", ""draft_content"": ""Subject: Settlement discrepancy on ORD-138 \u2014 \u20b92092.88\n\nOrder ORD-138 (payment PAY-0138) settled \u20b90 against contractual expectation \u20b92092.88 after rate-card MDR and GST. We request reversal of the unexplained difference of \u20b92092.88."", ""amount"": 2092.88}","{""draft_id"": ""DRF-CASE-0029"", ""draft"": ""Subject: Settlement discrepancy on ORD-138 \u2014 \u20b92092.88\n\nOrder ORD-138 (payment PAY-0138) settled \u20b90 against contractual expectation \u20b92092.88 after rate-card MDR and GST. We request reversal of the unexplained difference of \u20b92092.88.""}",,CASE-0029_DRAFT,,2092.88,2026-09-05T07:12:56Z
ACT-0003,CASE-0029,create_dispute,CREATE_DISPUTE,AGENT,EXECUTED,L3,"{""case_id"": ""CASE-0029"", ""evidence_ids"": [""EVID-00099"", ""EVID-00100"", ""EVID-00101""], ""reason"": ""draft the gateway dispute with bound evidence; submission goes through the approval gate"", ""draft_content"": ""Subject: Settlement discrepancy on ORD-138 \u2014 \u20b92092.88\n\nOrder ORD-138 (payment PAY-0138) settled \u20b90 against contractual expectation \u20b92092.88 after rate-card MDR and GST. We request reversal of the unexplained difference of \u20b92092.88."", ""amount"": 2092.88}","{""external_reference"": ""DIS-CASE-0029"", ""dispute_id"": ""DIS-CASE-0029"", ""status"": ""SUBMITTED"", ""submitted_at"": ""2026-09-05T07:12:56Z"", ""simulated"": true}",DIS-CASE-0029,CASE-0029_CREATE,APR-0001,2092.88,2026-09-05T07:12:56Z
ACT-0004,CASE-0061,draft_dispute,DRAFT_DISPUTE,AGENT,EXECUTED,L1,"{""case_id"": ""CASE-0061"", ""evidence_ids"": [""EVID-00208"", ""EVID-00209"", ""EVID-00210""], ""reason"": ""draft the gateway dispute with bound evidence; submission goes through the approval gate"", ""draft_content"": ""Subject: Settlement discrepancy on ORD-346 \u2014 \u20b92058.75\n\nOrder ORD-346 (payment PAY-0346) settled \u20b90 against contractual expectation \u20b92058.75 after rate-card MDR and GST. We request reversal of the unexplained difference of \u20b92058.75."", ""amount"": 2058.75}","{""draft_id"": ""DRF-CASE-0061"", ""draft"": ""Subject: Settlement discrepancy on ORD-346 \u2014 \u20b92058.75\n\nOrder ORD-346 (payment PAY-0346) settled \u20b90 against contractual expectation \u20b92058.75 after rate-card MDR and GST. We request reversal of the unexplained difference of \u20b92058.75.""}",,CASE-0061_DRAFT,,2058.75,2026-09-05T07:12:56Z
ACT-0005,CASE-0061,create_dispute,CREATE_DISPUTE,AGENT,EXECUTED,L3,"{""case_id"": ""CASE-0061"", ""evidence_ids"": [""EVID-00208"", ""EVID-00209"", ""EVID-00210""], ""reason"": ""draft the gateway dispute with bound evidence; submission goes through the approval gate"", ""draft_content"": ""Subject: Settlement discrepancy on ORD-346 \u2014 \u20b92058.75\n\nOrder ORD-346 (payment PAY-0346) settled \u20b90 against contractual expectation \u20b92058.75 after rate-card MDR and GST. We request reversal of the unexplained difference of \u20b92058.75."", ""amount"": 2058.75}","{""external_reference"": ""DIS-CASE-0061"", ""dispute_id"": ""DIS-CASE-0061"", ""status"": ""SUBMITTED"", ""submitted_at"": ""2026-09-05T07:12:57Z"", ""simulated"": true}",DIS-CASE-0061,CASE-0061_CREATE,APR-0002,2058.75,2026-09-05T07:12:57Z
ACT-0006,CASE-0117,draft_dispute,DRAFT_DISPUTE,AGENT,EXECUTED,L1,"{""case_id"": ""CASE-0117"", ""evidence_ids"": [""EVID-00401"", ""EVID-00402"", ""EVID-00403""], ""reason"": ""draft the gateway dispute with bound evidence; submission goes through the approval gate"", ""draft_content"": ""Subject: Settlement discrepancy on ORD-773 \u2014 \u20b93632.03\n\nOrder ORD-773 (payment PAY-0773) settled \u20b90 against contractual expectation \u20b93632.03 after rate-card MDR and GST. We request reversal of the unexplained difference of \u20b93632.03."", ""amount"": 1988.32}","{""draft_id"": ""DRF-CASE-0117"", ""draft"": ""Subject: Settlement discrepancy on ORD-773 \u2014 \u20b93632.03\n\nOrder ORD-773 (payment PAY-0773) settled \u20b90 against contractual expectation \u20b93632.03 after rate-card MDR and GST. We request reversal of the unexplained difference of \u20b93632.03.""}",,CASE-0117_DRAFT,,1988.32,2026-09-05T07:12:57Z
ACT-0007,CASE-0117,create_dispute,CREATE_DISPUTE,AGENT,EXECUTED,L3,"{""case_id"": ""CASE-0117"", ""evidence_ids"": [""EVID-00401"", ""EVID-00402"", ""EVID-00403""], ""reason"": ""draft the gateway dispute with bound evidence; submission goes through the approval gate"", ""draft_content"": ""Subject: Settlement discrepancy on ORD-773 \u2014 \u20b93632.03\n\nOrder ORD-773 (payment PAY-0773) settled \u20b90 against contractual expectation \u20b93632.03 after rate-card MDR and GST. We request reversal of the unexplained difference of \u20b93632.03."", ""amount"": 1988.32}","{""external_reference"": ""DIS-CASE-0117"", ""dispute_id"": ""DIS-CASE-0117"", ""status"": ""SUBMITTED"", ""submitted_at"": ""2026-09-05T07:12:57Z"", ""simulated"": true}",DIS-CASE-0117,CASE-0117_CREATE,APR-0003,1988.32,2026-09-05T07:12:57Z
ACT-0008,CASE-0143,draft_dispute,DRAFT_DISPUTE,AGENT,EXECUTED,L1,"{""case_id"": ""CASE-0143"", ""evidence_ids"": [""EVID-00490"", ""EVID-00491"", ""EVID-00492""], ""reason"": ""draft the gateway dispute with bound evidence; submission goes through the approval gate"", ""draft_content"": ""Subject: Settlement discrepancy on ORD-952 \u2014 \u20b93949.51\n\nOrder ORD-952 (payment PAY-0952) settled \u20b90 against contractual expectation \u20b93949.51 after rate-card MDR and GST. We request reversal of the unexplained difference of \u20b93949.51."", ""amount"": 1980.46}","{""draft_id"": ""DRF-CASE-0143"", ""draft"": ""Subject: Settlement discrepancy on ORD-952 \u2014 \u20b93949.51\n\nOrder ORD-952 (payment PAY-0952) settled \u20b90 against contractual expectation \u20b93949.51 after rate-card MDR and GST. We request reversal of the unexplained difference of \u20b93949.51.""}",,CASE-0143_DRAFT,,1980.46,2026-09-05T07:12:57Z
ACT-0009,CASE-0143,create_dispute,CREATE_DISPUTE,AGENT,EXECUTED,L3,"{""case_id"": ""CASE-0143"", ""evidence_ids"": [""EVID-00490"", ""EVID-00491"", ""EVID-00492""], ""reason"": ""draft the gateway dispute with bound evidence; submission goes through the approval gate"", ""draft_content"": ""Subject: Settlement discrepancy on ORD-952 \u2014 \u20b93949.51\n\nOrder ORD-952 (payment PAY-0952) settled \u20b90 against contractual expectation \u20b93949.51 after rate-card MDR and GST. We request reversal of the unexplained difference of \u20b93949.51."", ""amount"": 1980.46}","{""external_reference"": ""DIS-CASE-0143"", ""dispute_id"": ""DIS-CASE-0143"", ""status"": ""SUBMITTED"", ""submitted_at"": ""2026-09-05T07:12:57Z"", ""simulated"": true}",DIS-CASE-0143,CASE-0143_CREATE,APR-0004,1980.46,2026-09-05T07:12:57Z
ACT-0010,CASE-0004,draft_dispute,DRAFT_DISPUTE,AGENT,EXECUTED,L1,"{""case_id"": ""CASE-0004"", ""evidence_ids"": [""EVID-00013"", ""EVID-00014"", ""EVID-00015""], ""reason"": ""draft the gateway dispute with bound evidence; submission goes through the approval gate"", ""draft_content"": ""Subject: Settlement discrepancy on ORD-12 \u2014 \u20b91945.43\n\nOrder ORD-12 (payment PAY-0012) settled \u20b90 against contractual expectation \u20b91945.43 after rate-card MDR and GST. We request reversal of the unexplained difference of \u20b91945.43."", ""amount"": 1945.43}","{""draft_id"": ""DRF-CASE-0004"", ""draft"": ""Subject: Settlement discrepancy on ORD-12 \u2014 \u20b91945.43\n\nOrder ORD-12 (payment PAY-0012) settled \u20b90 against contractual expectation \u20b91945.43 after rate-card MDR and GST. We request reversal of the unexplained difference of \u20b91945.43.""}",,CASE-0004_DRAFT,,1945.43,2026-09-05T07:12:58Z
ACT-0011,CASE-0004,create_dispute,CREATE_DISPUTE,AGENT,EXECUTED,L3,"{""case_id"": ""CASE-0004"", ""evidence_ids"": [""EVID-00013"", ""EVID-00014"", ""EVID-00015""], ""reason"": ""draft the gateway dispute with bound evidence; submission goes through the approval gate"", ""draft_content"": ""Subject: Settlement discrepancy on ORD-12 \u2014 \u20b91945.43\n\nOrder ORD-12 (payment PAY-0012) settled \u20b90 against contractual expectation \u20b91945.43 after rate-card MDR and GST. We request reversal of the unexplained difference of \u20b91945.43."", ""amount"": 1945.43}","{""external_reference"": ""DIS-CASE-0004"", ""dispute_id"": ""DIS-CASE-0004"", ""status"": ""SUBMITTED"", ""submitted_at"": ""2026-09-05T07:12:58Z"", ""simulated"": true}",DIS-CASE-0004,CASE-0004_CREATE,APR-0005,1945.43,2026-09-05T07:12:58Z
ACT-0012,CASE-0108,draft_dispute,DRAFT_DISPUTE,AGENT,EXECUTED,L1,"{""case_id"": ""CASE-0108"", ""evidence_ids"": [""EVID-00367"", ""EVID-00368"", ""EVID-00369""], ""reason"": ""draft the gateway dispute with bound evidence; submission goes through the approval gate"", ""draft_content"": ""Subject: Settlement discrepancy on ORD-705 \u2014 \u20b91722.34\n\nOrder ORD-705 (payment PAY-0705) settled \u20b90 against contractual expectation \u20b91722.34 after rate-card MDR and GST. We request reversal of the unexplained difference of \u20b91722.34."", ""amount"": 1722.34}","{""draft_id"": ""DRF-CASE-0108"", ""draft"": ""Subject: Settlement discrepancy on ORD-705 \u2014 \u20b91722.34\n\nOrder ORD-705 (payment PAY-0705) settled \u20b90 against contractual expectation \u20b91722.34 after rate-card MDR and GST. We request reversal of the unexplained difference of \u20b91722.34.""}",,CASE-0108_DRAFT,,1722.34,2026-09-05T07:12:58Z
ACT-0013,CASE-0108,create_dispute,CREATE_DISPUTE,AGENT,EXECUTED,L3,"{""case_id"": ""CASE-0108"", ""evidence_ids"": [""EVID-00367"", ""EVID-00368"", ""EVID-00369""], ""reason"": ""draft the gateway dispute with bound evidence; submission goes through the approval gate"", ""draft_content"": ""Subject: Settlement discrepancy on ORD-705 \u2014 \u20b91722.34\n\nOrder ORD-705 (payment PAY-0705) settled \u20b90 against contractual expectation \u20b91722.34 after rate-card MDR and GST. We request reversal of the unexplained difference of \u20b91722.34."", ""amount"": 1722.34}","{""external_reference"": ""DIS-CASE-0108"", ""dispute_id"": ""DIS-CASE-0108"", ""status"": ""SUBMITTED"", ""submitted_at"": ""2026-09-05T07:12:58Z"", ""simulated"": true}",DIS-CASE-0108,CASE-0108_CREATE,APR-0006,1722.34,2026-09-05T07:12:58Z
ACT-0014,CASE-0121,draft_dispute,DRAFT_DISPUTE,AGENT,EXECUTED,L1,"{""case_id"": ""CASE-0121"", ""evidence_ids"": [""EVID-00415"", ""EVID-00416"", ""EVID-00417""], ""reason"": ""draft the gateway dispute with bound evidence; submission goes through the approval gate"", ""draft_content"": ""Subject: Settlement discrepancy on ORD-807 \u2014 \u20b91616.44\n\nOrder ORD-807 (payment PAY-0807) settled \u20b90 against contractual expectation \u20b91616.44 after rate-card MDR and GST. We request reversal of the unexplained difference of \u20b91616.44."", ""amount"": 1616.44}","{""draft_id"": ""DRF-CASE-0121"", ""draft"": ""Subject: Settlement discrepancy on ORD-807 \u2014 \u20b91616.44\n\nOrder ORD-807 (payment PAY-0807) settled \u20b90 against contractual expectation \u20b91616.44 after rate-card MDR and GST. We request reversal of the unexplained difference of \u20b91616.44.""}",,CASE-0121_DRAFT,,1616.44,2026-09-05T07:12:58Z
ACT-0015,CASE-0121,create_dispute,CREATE_DISPUTE,AGENT,EXECUTED,L3,"{""case_id"": ""CASE-0121"", ""evidence_ids"": [""EVID-00415"", ""EVID-00416"", ""EVID-00417""], ""reason"": ""draft the gateway dispute with bound evidence; submission goes through the approval gate"", ""draft_content"": ""Subject: Settlement discrepancy on ORD-807 \u2014 \u20b91616.44\n\nOrder ORD-807 (payment PAY-0807) settled \u20b90 against contractual expectation \u20b91616.44 after rate-card MDR and GST. We request reversal of the unexplained difference of \u20b91616.44."", ""amount"": 1616.44}","{""external_reference"": ""DIS-CASE-0121"", ""dispute_id"": ""DIS-CASE-0121"", ""status"": ""SUBMITTED"", ""submitted_at"": ""2026-09-05T07:12:58Z"", ""simulated"": true}",DIS-CASE-0121,CASE-0121_CREATE,APR-0007,1616.44,2026-09-05T07:12:58Z
ACT-0016,CASE-0007,draft_dispute,DRAFT_DISPUTE,AGENT,EXECUTED,L1,"{""case_id"": ""CASE-0007"", ""evidence_ids"": [""EVID-00022"", ""EVID-00023"", ""EVID-00024""], ""reason"": ""draft the gateway dispute with bound evidence; submission goes through the approval gate"", ""draft_content"": ""Subject: Settlement discrepancy on ORD-25 \u2014 \u20b92844.83\n\nOrder ORD-25 (payment PAY-0025) settled \u20b90 against contractual expectation \u20b92844.83 after rate-card MDR and GST. We request reversal of the unexplained difference of \u20b92844.83."", ""amount"": 1541.86}","{""draft_id"": ""DRF-CASE-0007"", ""draft"": ""Subject: Settlement discrepancy on ORD-25 \u2014 \u20b92844.83\n\nOrder ORD-25 (payment PAY-0025) settled \u20b90 against contractual expectation \u20b92844.83 after rate-card MDR and GST. We request reversal of the unexplained difference of \u20b92844.83.""}",,CASE-0007_DRAFT,,1541.86,2026-09-05T07:12:58Z
ACT-0017,CASE-0007,create_dispute,CREATE_DISPUTE,AGENT,EXECUTED,L3,"{""case_id"": ""CASE-0007"", ""evidence_ids"": [""EVID-00022"", ""EVID-00023"", ""EVID-00024""], ""reason"": ""draft the gateway dispute with bound evidence; submission goes through the approval gate"", ""draft_content"": ""Subject: Settlement discrepancy on ORD-25 \u2014 \u20b92844.83\n\nOrder ORD-25 (payment PAY-0025) settled \u20b90 against contractual expectation \u20b92844.83 after rate-card MDR and GST. We request reversal of the unexplained difference of \u20b92844.83."", ""amount"": 1541.86}","{""external_reference"": ""DIS-CASE-0007"", ""dispute_id"": ""DIS-CASE-0007"", ""status"": ""SUBMITTED"", ""submitted_at"": ""2026-09-05T07:12:58Z"", ""simulated"": true}",DIS-CASE-0007,CASE-0007_CREATE,APR-0008,1541.86,2026-09-05T07:12:58Z
ACT-0018,CASE-0130,draft_dispute,DRAFT_DISPUTE,AGENT,EXECUTED,L1,"{""case_id"": ""CASE-0130"", ""evidence_ids"": [""EVID-00445"", ""EVID-00446"", ""EVID-00447""], ""reason"": ""draft the gateway dispute with bound evidence; submission goes through the approval gate"", ""draft_content"": ""Subject: Settlement discrepancy on ORD-844 \u2014 \u20b91291.07\n\nOrder ORD-844 (payment PAY-0844) settled \u20b90 against contractual expectation \u20b91291.07 after rate-card MDR and GST. We request reversal of the unexplained difference of \u20b91291.07."", ""amount"": 1291.07}","{""draft_id"": ""DRF-CASE-0130"", ""draft"": ""Subject: Settlement discrepancy on ORD-844 \u2014 \u20b91291.07\n\nOrder ORD-844 (payment PAY-0844) settled \u20b90 against contractual expectation \u20b91291.07 after rate-card MDR and GST. We request reversal of the unexplained difference of \u20b91291.07.""}",,CASE-0130_DRAFT,,1291.07,2026-09-05T07:12:59Z
ACT-0019,CASE-0130,create_dispute,CREATE_DISPUTE,AGENT,EXECUTED,L3,"{""case_id"": ""CASE-0130"", ""evidence_ids"": [""EVID-00445"", ""EVID-00446"", ""EVID-00447""], ""reason"": ""draft the gateway dispute with bound evidence; submission goes through the approval gate"", ""draft_content"": ""Subject: Settlement discrepancy on ORD-844 \u2014 \u20b91291.07\n\nOrder ORD-844 (payment PAY-0844) settled \u20b90 against contractual expectation \u20b91291.07 after rate-card MDR and GST. We request reversal of the unexplained difference of \u20b91291.07."", ""amount"": 1291.07}","{""external_reference"": ""DIS-CASE-0130"", ""dispute_id"": ""DIS-CASE-0130"", ""status"": ""SUBMITTED"", ""submitted_at"": ""2026-09-05T07:12:59Z"", ""simulated"": true}",DIS-CASE-0130,CASE-0130_CREATE,APR-0009,1291.07,2026-09-05T07:12:59Z
ACT-0020,CASE-0046,draft_dispute,DRAFT_DISPUTE,AGENT,EXECUTED,L1,"{""case_id"": ""CASE-0046"", ""evidence_ids"": [""EVID-00157"", ""EVID-00158"", ""EVID-00159""], ""reason"": ""draft the gateway dispute with bound evidence; submission goes through the approval gate"", ""draft_content"": ""Subject: Settlement discrepancy on ORD-231 \u2014 \u20b91253.00\n\nOrder ORD-231 (payment PAY-0231) settled \u20b90 against contractual expectation \u20b91253.0 after rate-card MDR and GST. We request reversal of the unexplained difference of \u20b91253.00."", ""amount"": 1253.0}","{""draft_id"": ""DRF-CASE-0046"", ""draft"": ""Subject: Settlement discrepancy on ORD-231 \u2014 \u20b91253.00\n\nOrder ORD-231 (payment PAY-0231) settled \u20b90 against contractual expectation \u20b91253.0 after rate-card MDR and GST. We request reversal of the unexplained difference of \u20b91253.00.""}",,CASE-0046_DRAFT,,1253.0,2026-09-05T07:12:59Z
ACT-0021,CASE-0046,create_dispute,CREATE_DISPUTE,AGENT,EXECUTED,L3,"{""case_id"": ""CASE-0046"", ""evidence_ids"": [""EVID-00157"", ""EVID-00158"", ""EVID-00159""], ""reason"": ""draft the gateway dispute with bound evidence; submission goes through the approval gate"", ""draft_content"": ""Subject: Settlement discrepancy on ORD-231 \u2014 \u20b91253.00\n\nOrder ORD-231 (payment PAY-0231) settled \u20b90 against contractual expectation \u20b91253.0 after rate-card MDR and GST. We request reversal of the unexplained difference of \u20b91253.00."", ""amount"": 1253.0}","{""external_reference"": ""DIS-CASE-0046"", ""dispute_id"": ""DIS-CASE-0046"", ""status"": ""SUBMITTED"", ""submitted_at"": ""2026-09-05T07:12:59Z"", ""simulated"": true}",DIS-CASE-0046,CASE-0046_CREATE,APR-0010,1253.0,2026-09-05T07:12:59Z
ACT-0022,CASE-0047,draft_dispute,DRAFT_DISPUTE,AGENT,EXECUTED,L1,"{""case_id"": ""CASE-0047"", ""evidence_ids"": [""EVID-00160"", ""EVID-00161"", ""EVID-00162""], ""reason"": ""draft the gateway dispute with bound evidence; submission goes through the approval gate"", ""draft_content"": ""Subject: Settlement discrepancy on ORD-238 \u2014 \u20b91555.29\n\nOrder ORD-238 (payment PAY-0238) settled \u20b90 against contractual expectation \u20b91555.29 after rate-card MDR and GST. We request reversal of the unexplained difference of \u20b91555.29."", ""amount"": 1237.65}","{""draft_id"": ""DRF-CASE-0047"", ""draft"": ""Subject: Settlement discrepancy on ORD-238 \u2014 \u20b91555.29\n\nOrder ORD-238 (payment PAY-0238) settled \u20b90 against contractual expectation \u20b91555.29 after rate-card MDR and GST. We request reversal of the unexplained difference of \u20b91555.29.""}",,CASE-0047_DRAFT,,1237.65,2026-09-05T07:13:00Z
ACT-0023,CASE-0047,create_dispute,CREATE_DISPUTE,AGENT,EXECUTED,L3,"{""case_id"": ""CASE-0047"", ""evidence_ids"": [""EVID-00160"", ""EVID-00161"", ""EVID-00162""], ""reason"": ""draft the gateway dispute with bound evidence; submission goes through the approval gate"", ""draft_content"": ""Subject: Settlement discrepancy on ORD-238 \u2014 \u20b91555.29\n\nOrder ORD-238 (payment PAY-0238) settled \u20b90 against contractual expectation \u20b91555.29 after rate-card MDR and GST. We request reversal of the unexplained difference of \u20b91555.29."", ""amount"": 1237.65}","{""external_reference"": ""DIS-CASE-0047"", ""dispute_id"": ""DIS-CASE-0047"", ""status"": ""SUBMITTED"", ""submitted_at"": ""2026-09-05T07:13:00Z"", ""simulated"": true}",DIS-CASE-0047,CASE-0047_CREATE,APR-0011,1237.65,2026-09-05T07:13:00Z
ACT-0024,CASE-0081,draft_dispute,DRAFT_DISPUTE,AGENT,EXECUTED,L1,"{""case_id"": ""CASE-0081"", ""evidence_ids"": [""EVID-00278"", ""EVID-00279"", ""EVID-00280""], ""reason"": ""draft the gateway dispute with bound evidence; submission goes through the approval gate"", ""draft_content"": ""Subject: Settlement discrepancy on ORD-490 \u2014 \u20b91183.71\n\nOrder ORD-490 (payment PAY-0490) settled \u20b90 against contractual expectation \u20b91183.71 after rate-card MDR and GST. We request reversal of the unexplained difference of \u20b91183.71."", ""amount"": 1183.71}","{""draft_id"": ""DRF-CASE-0081"", ""draft"": ""Subject: Settlement discrepancy on ORD-490 \u2014 \u20b91183.71\n\nOrder ORD-490 (payment PAY-0490) settled \u20b90 against contractual expectation \u20b91183.71 after rate-card MDR and GST. We request reversal of the unexplained difference of \u20b91183.71.""}",,CASE-0081_DRAFT,,1183.71,2026-09-05T07:13:00Z
ACT-0025,CASE-0081,create_dispute,CREATE_DISPUTE,AGENT,EXECUTED,L3,"{""case_id"": ""CASE-0081"", ""evidence_ids"": [""EVID-00278"", ""EVID-00279"", ""EVID-00280""], ""reason"": ""draft the gateway dispute with bound evidence; submission goes through the approval gate"", ""draft_content"": ""Subject: Settlement discrepancy on ORD-490 \u2014 \u20b91183.71\n\nOrder ORD-490 (payment PAY-0490) settled \u20b90 against contractual expectation \u20b91183.71 after rate-card MDR and GST. We request reversal of the unexplained difference of \u20b91183.71."", ""amount"": 1183.71}","{""external_reference"": ""DIS-CASE-0081"", ""dispute_id"": ""DIS-CASE-0081"", ""status"": ""SUBMITTED"", ""submitted_at"": ""2026-09-05T07:13:00Z"", ""simulated"": true}",DIS-CASE-0081,CASE-0081_CREATE,APR-0012,1183.71,2026-09-05T07:13:00Z
ACT-0026,CASE-0101,draft_dispute,DRAFT_DISPUTE,AGENT,EXECUTED,L1,"{""case_id"": ""CASE-0101"", ""evidence_ids"": [""EVID-00346"", ""EVID-00347"", ""EVID-00348""], ""reason"": ""draft the gateway dispute with bound evidence; submission goes through the approval gate"", ""draft_content"": ""Subject: Settlement discrepancy on ORD-668 \u2014 \u20b9958.15\n\nOrder ORD-668 (payment PAY-0668) settled \u20b90 against contractual expectation \u20b9958.15 after rate-card MDR and GST. We request reversal of the unexplained difference of \u20b9958.15."", ""amount"": 958.15}","{""draft_id"": ""DRF-CASE-0101"", ""draft"": ""Subject: Settlement discrepancy on ORD-668 \u2014 \u20b9958.15\n\nOrder ORD-668 (payment PAY-0668) settled \u20b90 against contractual expectation \u20b9958.15 after rate-card MDR and GST. We request reversal of the unexplained difference of \u20b9958.15.""}",,CASE-0101_DRAFT,,958.15,2026-09-05T07:13:00Z
ACT-0027,CASE-0101,create_dispute,CREATE_DISPUTE,AGENT,EXECUTED,L3,"{""case_id"": ""CASE-0101"", ""evidence_ids"": [""EVID-00346"", ""EVID-00347"", ""EVID-00348""], ""reason"": ""draft the gateway dispute with bound evidence; submission goes through the approval gate"", ""draft_content"": ""Subject: Settlement discrepancy on ORD-668 \u2014 \u20b9958.15\n\nOrder ORD-668 (payment PAY-0668) settled \u20b90 against contractual expectation \u20b9958.15 after rate-card MDR and GST. We request reversal of the unexplained difference of \u20b9958.15."", ""amount"": 958.15}","{""external_reference"": ""DIS-CASE-0101"", ""dispute_id"": ""DIS-CASE-0101"", ""status"": ""SUBMIT_FAILED"", ""submitted_at"": ""2026-09-05T07:13:00Z"", ""simulated"": true, ""error"": ""gateway rejected dispute payload""}",DIS-CASE-0101,CASE-0101_CREATE,APR-0013,958.15,2026-09-05T07:13:00Z
ACT-0028,CASE-0145,draft_dispute,DRAFT_DISPUTE,AGENT,EXECUTED,L1,"{""case_id"": ""CASE-0145"", ""evidence_ids"": [""EVID-00496"", ""EVID-00497"", ""EVID-00498""], ""reason"": ""draft the gateway dispute with bound evidence; submission goes through the approval gate"", ""draft_content"": ""Subject: Settlement discrepancy on ORD-971 \u2014 \u20b91328.14\n\nOrder ORD-971 (payment PAY-0971) settled \u20b90 against contractual expectation \u20b91328.14 after rate-card MDR and GST. We request reversal of the unexplained difference of \u20b91328.14."", ""amount"": 953.0}","{""draft_id"": ""DRF-CASE-0145"", ""draft"": ""Subject: Settlement discrepancy on ORD-971 \u2014 \u20b91328.14\n\nOrder ORD-971 (payment PAY-0971) settled \u20b90 against contractual expectation \u20b91328.14 after rate-card MDR and GST. We request reversal of the unexplained difference of \u20b91328.14.""}",,CASE-0145_DRAFT,,953.0,2026-09-05T07:13:01Z
ACT-0029,CASE-0145,create_dispute,CREATE_DISPUTE,AGENT,EXECUTED,L3,"{""case_id"": ""CASE-0145"", ""evidence_ids"": [""EVID-00496"", ""EVID-00497"", ""EVID-00498""], ""reason"": ""draft the gateway dispute with bound evidence; submission goes through the approval gate"", ""draft_content"": ""Subject: Settlement discrepancy on ORD-971 \u2014 \u20b91328.14\n\nOrder ORD-971 (payment PAY-0971) settled \u20b90 against contractual expectation \u20b91328.14 after rate-card MDR and GST. We request reversal of the unexplained difference of \u20b91328.14."", ""amount"": 953.0}","{""external_reference"": ""DIS-CASE-0145"", ""dispute_id"": ""DIS-CASE-0145"", ""status"": ""SUBMITTED"", ""submitted_at"": ""2026-09-05T07:13:01Z"", ""simulated"": true}",DIS-CASE-0145,CASE-0145_CREATE,APR-0014,953.0,2026-09-05T07:13:01Z
ACT-0030,CASE-0093,draft_dispute,DRAFT_DISPUTE,AGENT,EXECUTED,L1,"{""case_id"": ""CASE-0093"", ""evidence_ids"": [""EVID-00316"", ""EVID-00317"", ""EVID-00318""], ""reason"": ""draft the gateway dispute with bound evidence; submission goes through the approval gate"", ""draft_content"": ""Subject: Settlement discrepancy on ORD-623 \u2014 \u20b9876.80\n\nOrder ORD-623 (payment PAY-0623) settled \u20b90 against contractual expectation \u20b9876.8 after rate-card MDR and GST. We request reversal of the unexplained difference of \u20b9876.80."", ""amount"": 876.8}","{""draft_id"": ""DRF-CASE-0093"", ""draft"": ""Subject: Settlement discrepancy on ORD-623 \u2014 \u20b9876.80\n\nOrder ORD-623 (payment PAY-0623) settled \u20b90 against contractual expectation \u20b9876.8 after rate-card MDR and GST. We request reversal of the unexplained difference of \u20b9876.80.""}",,CASE-0093_DRAFT,,876.8,2026-09-05T07:13:01Z
ACT-0031,CASE-0093,create_dispute,CREATE_DISPUTE,AGENT,EXECUTED,L3,"{""case_id"": ""CASE-0093"", ""evidence_ids"": [""EVID-00316"", ""EVID-00317"", ""EVID-00318""], ""reason"": ""draft the gateway dispute with bound evidence; submission goes through the approval gate"", ""draft_content"": ""Subject: Settlement discrepancy on ORD-623 \u2014 \u20b9876.80\n\nOrder ORD-623 (payment PAY-0623) settled \u20b90 against contractual expectation \u20b9876.8 after rate-card MDR and GST. We request reversal of the unexplained difference of \u20b9876.80."", ""amount"": 876.8}","{""external_reference"": ""DIS-CASE-0093"", ""dispute_id"": ""DIS-CASE-0093"", ""status"": ""SUBMITTED"", ""submitted_at"": ""2026-09-05T07:13:01Z"", ""simulated"": true}",DIS-CASE-0093,CASE-0093_CREATE,APR-0015,876.8,2026-09-05T07:13:01Z
ACT-0032,CASE-0092,draft_dispute,DRAFT_DISPUTE,AGENT,EXECUTED,L1,"{""case_id"": ""CASE-0092"", ""evidence_ids"": [""EVID-00313"", ""EVID-00314"", ""EVID-00315""], ""reason"": ""draft the gateway dispute with bound evidence; submission goes through the approval gate"", ""draft_content"": ""Subject: Settlement discrepancy on ORD-614 \u2014 \u20b91120.72\n\nOrder ORD-614 (payment PAY-0614) settled \u20b90 against contractual expectation \u20b91120.72 after rate-card MDR and GST. We request reversal of the unexplained difference of \u20b91120.72."", ""amount"": 822.81}","{""draft_id"": ""DRF-CASE-0092"", ""draft"": ""Subject: Settlement discrepancy on ORD-614 \u2014 \u20b91120.72\n\nOrder ORD-614 (payment PAY-0614) settled \u20b90 against contractual expectation \u20b91120.72 after rate-card MDR and GST. We request reversal of the unexplained difference of \u20b91120.72.""}",,CASE-0092_DRAFT,,822.81,2026-09-05T07:13:02Z
ACT-0033,CASE-0092,create_dispute,CREATE_DISPUTE,AGENT,EXECUTED,L3,"{""case_id"": ""CASE-0092"", ""evidence_ids"": [""EVID-00313"", ""EVID-00314"", ""EVID-00315""], ""reason"": ""draft the gateway dispute with bound evidence; submission goes through the approval gate"", ""draft_content"": ""Subject: Settlement discrepancy on ORD-614 \u2014 \u20b91120.72\n\nOrder ORD-614 (payment PAY-0614) settled \u20b90 against contractual expectation \u20b91120.72 after rate-card MDR and GST. We request reversal of the unexplained difference of \u20b91120.72."", ""amount"": 822.81}","{""external_reference"": ""DIS-CASE-0092"", ""dispute_id"": ""DIS-CASE-0092"", ""status"": ""SUBMITTED"", ""submitted_at"": ""2026-09-05T07:13:02Z"", ""simulated"": true}",DIS-CASE-0092,CASE-0092_CREATE,APR-0016,822.81,2026-09-05T07:13:02Z
ACT-0034,CASE-0032,draft_dispute,DRAFT_DISPUTE,AGENT,EXECUTED,L1,"{""case_id"": ""CASE-0032"", ""evidence_ids"": [""EVID-00109"", ""EVID-00110"", ""EVID-00111""], ""reason"": ""draft the gateway dispute with bound evidence; submission goes through the approval gate"", ""draft_content"": ""Subject: Settlement discrepancy on ORD-157 \u2014 \u20b9814.95\n\nOrder ORD-157 (payment PAY-0157) settled \u20b90 against contractual expectation \u20b9814.95 after rate-card MDR and GST. We request reversal of the unexplained difference of \u20b9814.95."", ""amount"": 814.95}","{""draft_id"": ""DRF-CASE-0032"", ""draft"": ""Subject: Settlement discrepancy on ORD-157 \u2014 \u20b9814.95\n\nOrder ORD-157 (payment PAY-0157) settled \u20b90 against contractual expectation \u20b9814.95 after rate-card MDR and GST. We request reversal of the unexplained difference of \u20b9814.95.""}",,CASE-0032_DRAFT,,814.95,2026-09-05T07:13:02Z
ACT-0035,CASE-0032,create_dispute,CREATE_DISPUTE,AGENT,EXECUTED,L3,"{""case_id"": ""CASE-0032"", ""evidence_ids"": [""EVID-00109"", ""EVID-00110"", ""EVID-00111""], ""reason"": ""draft the gateway dispute with bound evidence; submission goes through the approval gate"", ""draft_content"": ""Subject: Settlement discrepancy on ORD-157 \u2014 \u20b9814.95\n\nOrder ORD-157 (payment PAY-0157) settled \u20b90 against contractual expectation \u20b9814.95 after rate-card MDR and GST. We request reversal of the unexplained difference of \u20b9814.95."", ""amount"": 814.95}","{""external_reference"": ""DIS-CASE-0032"", ""dispute_id"": ""DIS-CASE-0032"", ""status"": ""SUBMITTED"", ""submitted_at"": ""2026-09-05T07:13:02Z"", ""simulated"": true}",DIS-CASE-0032,CASE-0032_CREATE,APR-0017,814.95,2026-09-05T07:13:02Z
ACT-0036,CASE-0026,draft_dispute,DRAFT_DISPUTE,AGENT,EXECUTED,L1,"{""case_id"": ""CASE-0026"", ""evidence_ids"": [""EVID-00090"", ""EVID-00091"", ""EVID-00092""], ""reason"": ""draft the gateway dispute with bound evidence; submission goes through the approval gate"", ""draft_content"": ""Subject: Settlement discrepancy on ORD-126 \u2014 \u20b91283.49\n\nOrder ORD-126 (payment PAY-0126) settled \u20b90 against contractual expectation \u20b91283.49 after rate-card MDR and GST. We request reversal of the unexplained difference of \u20b91283.49."", ""amount"": 792.3}","{""draft_id"": ""DRF-CASE-0026"", ""draft"": ""Subject: Settlement discrepancy on ORD-126 \u2014 \u20b91283.49\n\nOrder ORD-126 (payment PAY-0126) settled \u20b90 against contractual expectation \u20b91283.49 after rate-card MDR and GST. We request reversal of the unexplained difference of \u20b91283.49.""}",,CASE-0026_DRAFT,,792.3,2026-09-05T07:13:03Z
ACT-0037,CASE-0026,create_dispute,CREATE_DISPUTE,AGENT,EXECUTED,L3,"{""case_id"": ""CASE-0026"", ""evidence_ids"": [""EVID-00090"", ""EVID-00091"", ""EVID-00092""], ""reason"": ""draft the gateway dispute with bound evidence; submission goes through the approval gate"", ""draft_content"": ""Subject: Settlement discrepancy on ORD-126 \u2014 \u20b91283.49\n\nOrder ORD-126 (payment PAY-0126) settled \u20b90 against contractual expectation \u20b91283.49 after rate-card MDR and GST. We request reversal of the unexplained difference of \u20b91283.49."", ""amount"": 792.3}","{""external_reference"": ""DIS-CASE-0026"", ""dispute_id"": ""DIS-CASE-0026"", ""status"": ""SUBMITTED"", ""submitted_at"": ""2026-09-05T07:13:03Z"", ""simulated"": true}",DIS-CASE-0026,CASE-0026_CREATE,APR-0018,792.3,2026-09-05T07:13:03Z
ACT-0038,CASE-0086,draft_dispute,DRAFT_DISPUTE,AGENT,EXECUTED,L1,"{""case_id"": ""CASE-0086"", ""evidence_ids"": [""EVID-00294"", ""EVID-00295"", ""EVID-00296""], ""reason"": ""draft the gateway dispute with bound evidence; submission goes through the approval gate"", ""draft_content"": ""Subject: Settlement discrepancy on ORD-568 \u2014 \u20b91188.26\n\nOrder ORD-568 (payment PAY-0568) settled \u20b90 against contractual expectation \u20b91188.26 after rate-card MDR and GST. We request reversal of the unexplained difference of \u20b91188.26."", ""amount"": 788.94}","{""draft_id"": ""DRF-CASE-0086"", ""draft"": ""Subject: Settlement discrepancy on ORD-568 \u2014 \u20b91188.26\n\nOrder ORD-568 (payment PAY-0568) settled \u20b90 against contractual expectation \u20b91188.26 after rate-card MDR and GST. We request reversal of the unexplained difference of \u20b91188.26.""}",,CASE-0086_DRAFT,,788.94,2026-09-05T07:13:03Z
ACT-0039,CASE-0086,create_dispute,CREATE_DISPUTE,AGENT,EXECUTED,L3,"{""case_id"": ""CASE-0086"", ""evidence_ids"": [""EVID-00294"", ""EVID-00295"", ""EVID-00296""], ""reason"": ""draft the gateway dispute with bound evidence; submission goes through the approval gate"", ""draft_content"": ""Subject: Settlement discrepancy on ORD-568 \u2014 \u20b91188.26\n\nOrder ORD-568 (payment PAY-0568) settled \u20b90 against contractual expectation \u20b91188.26 after rate-card MDR and GST. We request reversal of the unexplained difference of \u20b91188.26."", ""amount"": 788.94}","{""external_reference"": ""DIS-CASE-0086"", ""dispute_id"": ""DIS-CASE-0086"", ""status"": ""SUBMITTED"", ""submitted_at"": ""2026-09-05T07:13:03Z"", ""simulated"": true}",DIS-CASE-0086,CASE-0086_CREATE,APR-0019,788.94,2026-09-05T07:13:03Z
ACT-0040,CASE-0083,draft_dispute,DRAFT_DISPUTE,AGENT,EXECUTED,L1,"{""case_id"": ""CASE-0083"", ""evidence_ids"": [""EVID-00284"", ""EVID-00285"", ""EVID-00286""], ""reason"": ""draft the gateway dispute with bound evidence; submission goes through the approval gate"", ""draft_content"": ""Subject: Settlement discrepancy on ORD-498 \u2014 \u20b9751.74\n\nOrder ORD-498 (payment PAY-0498) settled \u20b90 against contractual expectation \u20b9751.74 after rate-card MDR and GST. We request reversal of the unexplained difference of \u20b9751.74."", ""amount"": 751.74}","{""draft_id"": ""DRF-CASE-0083"", ""draft"": ""Subject: Settlement discrepancy on ORD-498 \u2014 \u20b9751.74\n\nOrder ORD-498 (payment PAY-0498) settled \u20b90 against contractual expectation \u20b9751.74 after rate-card MDR and GST. We request reversal of the unexplained difference of \u20b9751.74.""}",,CASE-0083_DRAFT,,751.74,2026-09-05T07:13:04Z
ACT-0041,CASE-0083,create_dispute,CREATE_DISPUTE,AGENT,EXECUTED,L3,"{""case_id"": ""CASE-0083"", ""evidence_ids"": [""EVID-00284"", ""EVID-00285"", ""EVID-00286""], ""reason"": ""draft the gateway dispute with bound evidence; submission goes through the approval gate"", ""draft_content"": ""Subject: Settlement discrepancy on ORD-498 \u2014 \u20b9751.74\n\nOrder ORD-498 (payment PAY-0498) settled \u20b90 against contractual expectation \u20b9751.74 after rate-card MDR and GST. We request reversal of the unexplained difference of \u20b9751.74."", ""amount"": 751.74}","{""external_reference"": ""DIS-CASE-0083"", ""dispute_id"": ""DIS-CASE-0083"", ""status"": ""SUBMIT_FAILED"", ""submitted_at"": ""2026-09-05T07:13:04Z"", ""simulated"": true, ""error"": ""gateway rejected dispute payload""}",DIS-CASE-0083,CASE-0083_CREATE,APR-0020,751.74,2026-09-05T07:13:04Z
ACT-0042,CASE-0107,draft_dispute,DRAFT_DISPUTE,AGENT,EXECUTED,L1,"{""case_id"": ""CASE-0107"", ""evidence_ids"": [""EVID-00364"", ""EVID-00365"", ""EVID-00366""], ""reason"": ""draft the gateway dispute with bound evidence; submission goes through the approval gate"", ""draft_content"": ""Subject: Settlement discrepancy on ORD-702 \u2014 \u20b91129.65\n\nOrder ORD-702 (payment PAY-0702) settled \u20b90 against contractual expectation \u20b91129.65 after rate-card MDR and GST. We request reversal of the unexplained difference of \u20b91129.65."", ""amount"": 675.77}","{""draft_id"": ""DRF-CASE-0107"", ""draft"": ""Subject: Settlement discrepancy on ORD-702 \u2014 \u20b91129.65\n\nOrder ORD-702 (payment PAY-0702) settled \u20b90 against contractual expectation \u20b91129.65 after rate-card MDR and GST. We request reversal of the unexplained difference of \u20b91129.65.""}",,CASE-0107_DRAFT,,675.77,2026-09-05T07:13:04Z
ACT-0043,CASE-0107,create_dispute,CREATE_DISPUTE,AGENT,EXECUTED,L3,"{""case_id"": ""CASE-0107"", ""evidence_ids"": [""EVID-00364"", ""EVID-00365"", ""EVID-00366""], ""reason"": ""draft the gateway dispute with bound evidence; submission goes through the approval gate"", ""draft_content"": ""Subject: Settlement discrepancy on ORD-702 \u2014 \u20b91129.65\n\nOrder ORD-702 (payment PAY-0702) settled \u20b90 against contractual expectation \u20b91129.65 after rate-card MDR and GST. We request reversal of the unexplained difference of \u20b91129.65."", ""amount"": 675.77}","{""external_reference"": ""DIS-CASE-0107"", ""dispute_id"": ""DIS-CASE-0107"", ""status"": ""SUBMITTED"", ""submitted_at"": ""2026-09-05T07:13:04Z"", ""simulated"": true}",DIS-CASE-0107,CASE-0107_CREATE,APR-0021,675.77,2026-09-05T07:13:04Z
ACT-0044,CASE-0088,draft_dispute,DRAFT_DISPUTE,AGENT,EXECUTED,L1,"{""case_id"": ""CASE-0088"", ""evidence_ids"": [""EVID-00300"", ""EVID-00301"", ""EVID-00302""], ""reason"": ""draft the gateway dispute with bound evidence; submission goes through the approval gate"", ""draft_content"": ""Subject: Settlement discrepancy on ORD-580 \u2014 \u20b9607.89\n\nOrder ORD-580 (payment PAY-0580) settled \u20b97190.16 against contractual expectation \u20b97798.05 after rate-card MDR and GST. We request reversal of the unexplained difference of \u20b9607.89."", ""amount"": 607.89}","{""draft_id"": ""DRF-CASE-0088"", ""draft"": ""Subject: Settlement discrepancy on ORD-580 \u2014 \u20b9607.89\n\nOrder ORD-580 (payment PAY-0580) settled \u20b97190.16 against contractual expectation \u20b97798.05 after rate-card MDR and GST. We request reversal of the unexplained difference of \u20b9607.89.""}",,CASE-0088_DRAFT,,607.89,2026-09-05T07:13:05Z
ACT-0045,CASE-0088,create_dispute,CREATE_DISPUTE,AGENT,EXECUTED,L3,"{""case_id"": ""CASE-0088"", ""evidence_ids"": [""EVID-00300"", ""EVID-00301"", ""EVID-00302""], ""reason"": ""draft the gateway dispute with bound evidence; submission goes through the approval gate"", ""draft_content"": ""Subject: Settlement discrepancy on ORD-580 \u2014 \u20b9607.89\n\nOrder ORD-580 (payment PAY-0580) settled \u20b97190.16 against contractual expectation \u20b97798.05 after rate-card MDR and GST. We request reversal of the unexplained difference of \u20b9607.89."", ""amount"": 607.89}","{""external_reference"": ""DIS-CASE-0088"", ""dispute_id"": ""DIS-CASE-0088"", ""status"": ""SUBMITTED"", ""submitted_at"": ""2026-09-05T07:13:05Z"", ""simulated"": true}",DIS-CASE-0088,CASE-0088_CREATE,APR-0022,607.89,2026-09-05T07:13:05Z
ACT-0046,CASE-0030,draft_dispute,DRAFT_DISPUTE,AGENT,EXECUTED,L1,"{""case_id"": ""CASE-0030"", ""evidence_ids"": [""EVID-00102"", ""EVID-00103"", ""EVID-00104""], ""reason"": ""draft the gateway dispute with bound evidence; submission goes through the approval gate"", ""draft_content"": ""Subject: Settlement discrepancy on ORD-140 \u2014 \u20b9571.83\n\nOrder ORD-140 (payment PAY-0140) settled \u20b90 against contractual expectation \u20b9571.83 after rate-card MDR and GST. We request reversal of the unexplained difference of \u20b9571.83."", ""amount"": 571.83}","{""draft_id"": ""DRF-CASE-0030"", ""draft"": ""Subject: Settlement discrepancy on ORD-140 \u2014 \u20b9571.83\n\nOrder ORD-140 (payment PAY-0140) settled \u20b90 against contractual expectation \u20b9571.83 after rate-card MDR and GST. We request reversal of the unexplained difference of \u20b9571.83.""}",,CASE-0030_DRAFT,,571.83,2026-09-05T07:13:05Z
ACT-0047,CASE-0030,create_dispute,CREATE_DISPUTE,AGENT,EXECUTED,L3,"{""case_id"": ""CASE-0030"", ""evidence_ids"": [""EVID-00102"", ""EVID-00103"", ""EVID-00104""], ""reason"": ""draft the gateway dispute with bound evidence; submission goes through the approval gate"", ""draft_content"": ""Subject: Settlement discrepancy on ORD-140 \u2014 \u20b9571.83\n\nOrder ORD-140 (payment PAY-0140) settled \u20b90 against contractual expectation \u20b9571.83 after rate-card MDR and GST. We request reversal of the unexplained difference of \u20b9571.83."", ""amount"": 571.83}","{""external_reference"": ""DIS-CASE-0030"", ""dispute_id"": ""DIS-CASE-0030"", ""status"": ""SUBMITTED"", ""submitted_at"": ""2026-09-05T07:13:05Z"", ""simulated"": true}",DIS-CASE-0030,CASE-0030_CREATE,APR-0023,571.83,2026-09-05T07:13:05Z
ACT-0048,CASE-0042,draft_dispute,DRAFT_DISPUTE,AGENT,EXECUTED,L1,"{""case_id"": ""CASE-0042"", ""evidence_ids"": [""EVID-00143"", ""EVID-00144"", ""EVID-00145""], ""reason"": ""draft the gateway dispute with bound evidence; submission goes through the approval gate"", ""draft_content"": ""Subject: Settlement discrepancy on ORD-196 \u2014 \u20b9550.24\n\nOrder ORD-196 (payment PAY-0196) settled \u20b90 against contractual expectation \u20b9550.24 after rate-card MDR and GST. We request reversal of the unexplained difference of \u20b9550.24."", ""amount"": 550.24}","{""draft_id"": ""DRF-CASE-0042"", ""draft"": ""Subject: Settlement discrepancy on ORD-196 \u2014 \u20b9550.24\n\nOrder ORD-196 (payment PAY-0196) settled \u20b90 against contractual expectation \u20b9550.24 after rate-card MDR and GST. We request reversal of the unexplained difference of \u20b9550.24.""}",,CASE-0042_DRAFT,,550.24,2026-09-05T07:13:06Z
ACT-0049,CASE-0042,create_dispute,CREATE_DISPUTE,AGENT,EXECUTED,L3,"{""case_id"": ""CASE-0042"", ""evidence_ids"": [""EVID-00143"", ""EVID-00144"", ""EVID-00145""], ""reason"": ""draft the gateway dispute with bound evidence; submission goes through the approval gate"", ""draft_content"": ""Subject: Settlement discrepancy on ORD-196 \u2014 \u20b9550.24\n\nOrder ORD-196 (payment PAY-0196) settled \u20b90 against contractual expectation \u20b9550.24 after rate-card MDR and GST. We request reversal of the unexplained difference of \u20b9550.24."", ""amount"": 550.24}","{""external_reference"": ""DIS-CASE-0042"", ""dispute_id"": ""DIS-CASE-0042"", ""status"": ""SUBMITTED"", ""submitted_at"": ""2026-09-05T07:13:06Z"", ""simulated"": true}",DIS-CASE-0042,CASE-0042_CREATE,APR-0024,550.24,2026-09-05T07:13:06Z
ACT-0050,CASE-0122,draft_dispute,DRAFT_DISPUTE,AGENT,EXECUTED,L1,"{""case_id"": ""CASE-0122"", ""evidence_ids"": [""EVID-00418"", ""EVID-00419"", ""EVID-00420""], ""reason"": ""draft the gateway dispute with bound evidence; submission goes through the approval gate"", ""draft_content"": ""Subject: Settlement discrepancy on ORD-812 \u2014 \u20b9531.04\n\nOrder ORD-812 (payment PAY-0812) settled \u20b90 against contractual expectation \u20b9531.04 after rate-card MDR and GST. We request reversal of the unexplained difference of \u20b9531.04."", ""amount"": 531.04}","{""draft_id"": ""DRF-CASE-0122"", ""draft"": ""Subject: Settlement discrepancy on ORD-812 \u2014 \u20b9531.04\n\nOrder ORD-812 (payment PAY-0812) settled \u20b90 against contractual expectation \u20b9531.04 after rate-card MDR and GST. We request reversal of the unexplained difference of \u20b9531.04.""}",,CASE-0122_DRAFT,,531.04,2026-09-05T07:13:06Z
ACT-0051,CASE-0122,create_dispute,CREATE_DISPUTE,AGENT,EXECUTED,L3,"{""case_id"": ""CASE-0122"", ""evidence_ids"": [""EVID-00418"", ""EVID-00419"", ""EVID-00420""], ""reason"": ""draft the gateway dispute with bound evidence; submission goes through the approval gate"", ""draft_content"": ""Subject: Settlement discrepancy on ORD-812 \u2014 \u20b9531.04\n\nOrder ORD-812 (payment PAY-0812) settled \u20b90 against contractual expectation \u20b9531.04 after rate-card MDR and GST. We request reversal of the unexplained difference of \u20b9531.04."", ""amount"": 531.04}","{""external_reference"": ""DIS-CASE-0122"", ""dispute_id"": ""DIS-CASE-0122"", ""status"": ""SUBMITTED"", ""submitted_at"": ""2026-09-05T07:13:06Z"", ""simulated"": true}",DIS-CASE-0122,CASE-0122_CREATE,APR-0025,531.04,2026-09-05T07:13:06Z
ACT-0052,CASE-0147,draft_dispute,DRAFT_DISPUTE,AGENT,EXECUTED,L1,"{""case_id"": ""CASE-0147"", ""evidence_ids"": [""EVID-00503"", ""EVID-00504"", ""EVID-00505""], ""reason"": ""draft the gateway dispute with bound evidence; submission goes through the approval gate"", ""draft_content"": ""Subject: Settlement discrepancy on ORD-982 \u2014 \u20b9479.39\n\nOrder ORD-982 (payment PAY-0982) settled \u20b90 against contractual expectation \u20b9479.39 after rate-card MDR and GST. We request reversal of the unexplained difference of \u20b9479.39."", ""amount"": 479.39}","{""draft_id"": ""DRF-CASE-0147"", ""draft"": ""Subject: Settlement discrepancy on ORD-982 \u2014 \u20b9479.39\n\nOrder ORD-982 (payment PAY-0982) settled \u20b90 against contractual expectation \u20b9479.39 after rate-card MDR and GST. We request reversal of the unexplained difference of \u20b9479.39.""}",,CASE-0147_DRAFT,,479.39,2026-09-05T07:13:07Z
ACT-0053,CASE-0147,create_dispute,CREATE_DISPUTE,AGENT,EXECUTED,L3,"{""case_id"": ""CASE-0147"", ""evidence_ids"": [""EVID-00503"", ""EVID-00504"", ""EVID-00505""], ""reason"": ""draft the gateway dispute with bound evidence; submission goes through the approval gate"", ""draft_content"": ""Subject: Settlement discrepancy on ORD-982 \u2014 \u20b9479.39\n\nOrder ORD-982 (payment PAY-0982) settled \u20b90 against contractual expectation \u20b9479.39 after rate-card MDR and GST. We request reversal of the unexplained difference of \u20b9479.39."", ""amount"": 479.39}","{""external_reference"": ""DIS-CASE-0147"", ""dispute_id"": ""DIS-CASE-0147"", ""status"": ""SUBMITTED"", ""submitted_at"": ""2026-09-05T07:13:07Z"", ""simulated"": true}",DIS-CASE-0147,CASE-0147_CREATE,APR-0026,479.39,2026-09-05T07:13:07Z
ACT-0054,CASE-0125,draft_dispute,DRAFT_DISPUTE,AGENT,EXECUTED,L1,"{""case_id"": ""CASE-0125"", ""evidence_ids"": [""EVID-00429"", ""EVID-00430"", ""EVID-00431""], ""reason"": ""draft the gateway dispute with bound evidence; submission goes through the approval gate"", ""draft_content"": ""Subject: Settlement discrepancy on ORD-825 \u2014 \u20b920175.58\n\nOrder ORD-825 (payment PAY-0825) settled \u20b923576.57 against contractual expectation \u20b943752.15 after rate-card MDR and GST. We request reversal of the unexplained difference of \u20b920175.58."", ""amount"": 474.13}","{""draft_id"": ""DRF-CASE-0125"", ""draft"": ""Subject: Settlement discrepancy on ORD-825 \u2014 \u20b920175.58\n\nOrder ORD-825 (payment PAY-0825) settled \u20b923576.57 against contractual expectation \u20b943752.15 after rate-card MDR and GST. We request reversal of the unexplained difference of \u20b920175.58.""}",,CASE-0125_DRAFT,,474.13,2026-09-05T07:13:07Z
ACT-0055,CASE-0125,create_dispute,CREATE_DISPUTE,AGENT,EXECUTED,L3,"{""case_id"": ""CASE-0125"", ""evidence_ids"": [""EVID-00429"", ""EVID-00430"", ""EVID-00431""], ""reason"": ""draft the gateway dispute with bound evidence; submission goes through the approval gate"", ""draft_content"": ""Subject: Settlement discrepancy on ORD-825 \u2014 \u20b920175.58\n\nOrder ORD-825 (payment PAY-0825) settled \u20b923576.57 against contractual expectation \u20b943752.15 after rate-card MDR and GST. We request reversal of the unexplained difference of \u20b920175.58."", ""amount"": 474.13}","{""external_reference"": ""DIS-CASE-0125"", ""dispute_id"": ""DIS-CASE-0125"", ""status"": ""SUBMITTED"", ""submitted_at"": ""2026-09-05T07:13:07Z"", ""simulated"": true}",DIS-CASE-0125,CASE-0125_CREATE,APR-0027,474.13,2026-09-05T07:13:07Z
ACT-0056,CASE-0140,draft_dispute,DRAFT_DISPUTE,AGENT,EXECUTED,L1,"{""case_id"": ""CASE-0140"", ""evidence_ids"": [""EVID-00481"", ""EVID-00482"", ""EVID-00483""], ""reason"": ""draft the gateway dispute with bound evidence; submission goes through the approval gate"", ""draft_content"": ""Subject: Settlement discrepancy on ORD-928 \u2014 \u20b9433.87\n\nOrder ORD-928 (payment PAY-0928) settled \u20b90 against contractual expectation \u20b9433.87 after rate-card MDR and GST. We request reversal of the unexplained difference of \u20b9433.87."", ""amount"": 433.87}","{""draft_id"": ""DRF-CASE-0140"", ""draft"": ""Subject: Settlement discrepancy on ORD-928 \u2014 \u20b9433.87\n\nOrder ORD-928 (payment PAY-0928) settled \u20b90 against contractual expectation \u20b9433.87 after rate-card MDR and GST. We request reversal of the unexplained difference of \u20b9433.87.""}",,CASE-0140_DRAFT,,433.87,2026-09-05T07:13:08Z
ACT-0057,CASE-0140,create_dispute,CREATE_DISPUTE,AGENT,EXECUTED,L3,"{""case_id"": ""CASE-0140"", ""evidence_ids"": [""EVID-00481"", ""EVID-00482"", ""EVID-00483""], ""reason"": ""draft the gateway dispute with bound evidence; submission goes through the approval gate"", ""draft_content"": ""Subject: Settlement discrepancy on ORD-928 \u2014 \u20b9433.87\n\nOrder ORD-928 (payment PAY-0928) settled \u20b90 against contractual expectation \u20b9433.87 after rate-card MDR and GST. We request reversal of the unexplained difference of \u20b9433.87."", ""amount"": 433.87}","{""external_reference"": ""DIS-CASE-0140"", ""dispute_id"": ""DIS-CASE-0140"", ""status"": ""SUBMITTED"", ""submitted_at"": ""2026-09-05T07:13:08Z"", ""simulated"": true}",DIS-CASE-0140,CASE-0140_CREATE,APR-0028,433.87,2026-09-05T07:13:08Z
ACT-0058,CASE-0062,draft_dispute,DRAFT_DISPUTE,AGENT,EXECUTED,L1,"{""case_id"": ""CASE-0062"", ""evidence_ids"": [""EVID-00211"", ""EVID-00212"", ""EVID-00213""], ""reason"": ""draft the gateway dispute with bound evidence; submission goes through the approval gate"", ""draft_content"": ""Subject: Settlement discrepancy on ORD-347 \u2014 \u20b9429.35\n\nOrder ORD-347 (payment PAY-0347) settled \u20b95378.94 against contractual expectation \u20b95808.29 after rate-card MDR and GST. We request reversal of the unexplained difference of \u20b9429.35."", ""amount"": 429.35}","{""draft_id"": ""DRF-CASE-0062"", ""draft"": ""Subject: Settlement discrepancy on ORD-347 \u2014 \u20b9429.35\n\nOrder ORD-347 (payment PAY-0347) settled \u20b95378.94 against contractual expectation \u20b95808.29 after rate-card MDR and GST. We request reversal of the unexplained difference of \u20b9429.35.""}",,CASE-0062_DRAFT,,429.35,2026-09-05T07:13:08Z
ACT-0059,CASE-0062,create_dispute,CREATE_DISPUTE,AGENT,EXECUTED,L3,"{""case_id"": ""CASE-0062"", ""evidence_ids"": [""EVID-00211"", ""EVID-00212"", ""EVID-00213""], ""reason"": ""draft the gateway dispute with bound evidence; submission goes through the approval gate"", ""draft_content"": ""Subject: Settlement discrepancy on ORD-347 \u2014 \u20b9429.35\n\nOrder ORD-347 (payment PAY-0347) settled \u20b95378.94 against contractual expectation \u20b95808.29 after rate-card MDR and GST. We request reversal of the unexplained difference of \u20b9429.35."", ""amount"": 429.35}","{""external_reference"": ""DIS-CASE-0062"", ""dispute_id"": ""DIS-CASE-0062"", ""status"": ""SUBMITTED"", ""submitted_at"": ""2026-09-05T07:13:08Z"", ""simulated"": true}",DIS-CASE-0062,CASE-0062_CREATE,APR-0029,429.35,2026-09-05T07:13:08Z
ACT-0060,CASE-0098,draft_dispute,DRAFT_DISPUTE,AGENT,EXECUTED,L1,"{""case_id"": ""CASE-0098"", ""evidence_ids"": [""EVID-00336"", ""EVID-00337"", ""EVID-00338""], ""reason"": ""draft the gateway dispute with bound evidence; submission goes through the approval gate"", ""draft_content"": ""Subject: Settlement discrepancy on ORD-656 \u2014 \u20b9524.28\n\nOrder ORD-656 (payment PAY-0656) settled \u20b90 against contractual expectation \u20b9524.28 after rate-card MDR and GST. We request reversal of the unexplained difference of \u20b9524.28."", ""amount"": 389.35}","{""draft_id"": ""DRF-CASE-0098"", ""draft"": ""Subject: Settlement discrepancy on ORD-656 \u2014 \u20b9524.28\n\nOrder ORD-656 (payment PAY-0656) settled \u20b90 against contractual expectation \u20b9524.28 after rate-card MDR and GST. We request reversal of the unexplained difference of \u20b9524.28.""}",,CASE-0098_DRAFT,,389.35,2026-09-05T07:13:09Z
ACT-0061,CASE-0098,create_dispute,CREATE_DISPUTE,AGENT,EXECUTED,L3,"{""case_id"": ""CASE-0098"", ""evidence_ids"": [""EVID-00336"", ""EVID-00337"", ""EVID-00338""], ""reason"": ""draft the gateway dispute with bound evidence; submission goes through the approval gate"", ""draft_content"": ""Subject: Settlement discrepancy on ORD-656 \u2014 \u20b9524.28\n\nOrder ORD-656 (payment PAY-0656) settled \u20b90 against contractual expectation \u20b9524.28 after rate-card MDR and GST. We request reversal of the unexplained difference of \u20b9524.28."", ""amount"": 389.35}","{""external_reference"": ""DIS-CASE-0098"", ""dispute_id"": ""DIS-CASE-0098"", ""status"": ""ALREADY_RESOLVED"", ""submitted_at"": ""2026-09-05T07:13:09Z"", ""simulated"": true}",DIS-CASE-0098,CASE-0098_CREATE,APR-0030,389.35,2026-09-05T07:13:09Z
ACT-0062,CASE-0055,draft_dispute,DRAFT_DISPUTE,AGENT,EXECUTED,L1,"{""case_id"": ""CASE-0055"", ""evidence_ids"": [""EVID-00188"", ""EVID-00189"", ""EVID-00190""], ""reason"": ""draft the gateway dispute with bound evidence; submission goes through the approval gate"", ""draft_content"": ""Subject: Settlement discrepancy on ORD-294 \u2014 \u20b9310.74\n\nOrder ORD-294 (payment PAY-0294) settled \u20b90 against contractual expectation \u20b9310.74 after rate-card MDR and GST. We request reversal of the unexplained difference of \u20b9310.74."", ""amount"": 310.74}","{""draft_id"": ""DRF-CASE-0055"", ""draft"": ""Subject: Settlement discrepancy on ORD-294 \u2014 \u20b9310.74\n\nOrder ORD-294 (payment PAY-0294) settled \u20b90 against contractual expectation \u20b9310.74 after rate-card MDR and GST. We request reversal of the unexplained difference of \u20b9310.74.""}",,CASE-0055_DRAFT,,310.74,2026-09-05T07:13:09Z
ACT-0063,CASE-0055,create_dispute,CREATE_DISPUTE,AGENT,EXECUTED,L3,"{""case_id"": ""CASE-0055"", ""evidence_ids"": [""EVID-00188"", ""EVID-00189"", ""EVID-00190""], ""reason"": ""draft the gateway dispute with bound evidence; submission goes through the approval gate"", ""draft_content"": ""Subject: Settlement discrepancy on ORD-294 \u2014 \u20b9310.74\n\nOrder ORD-294 (payment PAY-0294) settled \u20b90 against contractual expectation \u20b9310.74 after rate-card MDR and GST. We request reversal of the unexplained difference of \u20b9310.74."", ""amount"": 310.74}","{""external_reference"": ""DIS-CASE-0055"", ""dispute_id"": ""DIS-CASE-0055"", ""status"": ""SUBMITTED"", ""submitted_at"": ""2026-09-05T07:13:09Z"", ""simulated"": true}",DIS-CASE-0055,CASE-0055_CREATE,APR-0031,310.74,2026-09-05T07:13:09Z
ACT-0064,CASE-0040,draft_dispute,DRAFT_DISPUTE,AGENT,EXECUTED,L1,"{""case_id"": ""CASE-0040"", ""evidence_ids"": [""EVID-00137"", ""EVID-00138"", ""EVID-00139""], ""reason"": ""draft the gateway dispute with bound evidence; submission goes through the approval gate"", ""draft_content"": ""Subject: Settlement discrepancy on ORD-182 \u2014 \u20b95137.90\n\nOrder ORD-182 (payment PAY-0182) settled \u20b911894.06 against contractual expectation \u20b917031.96 after rate-card MDR and GST. We request reversal of the unexplained difference of \u20b95137.90."", ""amount"": 300.05}","{""draft_id"": ""DRF-CASE-0040"", ""draft"": ""Subject: Settlement discrepancy on ORD-182 \u2014 \u20b95137.90\n\nOrder ORD-182 (payment PAY-0182) settled \u20b911894.06 against contractual expectation \u20b917031.96 after rate-card MDR and GST. We request reversal of the unexplained difference of \u20b95137.90.""}",,CASE-0040_DRAFT,,300.05,2026-09-05T07:13:10Z
ACT-0065,CASE-0040,create_dispute,CREATE_DISPUTE,AGENT,EXECUTED,L3,"{""case_id"": ""CASE-0040"", ""evidence_ids"": [""EVID-00137"", ""EVID-00138"", ""EVID-00139""], ""reason"": ""draft the gateway dispute with bound evidence; submission goes through the approval gate"", ""draft_content"": ""Subject: Settlement discrepancy on ORD-182 \u2014 \u20b95137.90\n\nOrder ORD-182 (payment PAY-0182) settled \u20b911894.06 against contractual expectation \u20b917031.96 after rate-card MDR and GST. We request reversal of the unexplained difference of \u20b95137.90."", ""amount"": 300.05}","{""external_reference"": ""DIS-CASE-0040"", ""dispute_id"": ""DIS-CASE-0040"", ""status"": ""SUBMITTED"", ""submitted_at"": ""2026-09-05T07:13:10Z"", ""simulated"": true}",DIS-CASE-0040,CASE-0040_CREATE,APR-0032,300.05,2026-09-05T07:13:10Z
ACT-0066,CASE-0009,draft_dispute,DRAFT_DISPUTE,AGENT,EXECUTED,L1,"{""case_id"": ""CASE-0009"", ""evidence_ids"": [""EVID-00029"", ""EVID-00030"", ""EVID-00031""], ""reason"": ""draft the gateway dispute with bound evidence; submission goes through the approval gate"", ""draft_content"": ""Subject: Settlement discrepancy on ORD-36 \u2014 \u20b9294.24\n\nOrder ORD-36 (payment PAY-0036) settled \u20b94018.73 against contractual expectation \u20b94312.97 after rate-card MDR and GST. We request reversal of the unexplained difference of \u20b9294.24."", ""amount"": 294.24}","{""draft_id"": ""DRF-CASE-0009"", ""draft"": ""Subject: Settlement discrepancy on ORD-36 \u2014 \u20b9294.24\n\nOrder ORD-36 (payment PAY-0036) settled \u20b94018.73 against contractual expectation \u20b94312.97 after rate-card MDR and GST. We request reversal of the unexplained difference of \u20b9294.24.""}",,CASE-0009_DRAFT,,294.24,2026-09-05T07:13:10Z
ACT-0067,CASE-0009,create_dispute,CREATE_DISPUTE,AGENT,EXECUTED,L3,"{""case_id"": ""CASE-0009"", ""evidence_ids"": [""EVID-00029"", ""EVID-00030"", ""EVID-00031""], ""reason"": ""draft the gateway dispute with bound evidence; submission goes through the approval gate"", ""draft_content"": ""Subject: Settlement discrepancy on ORD-36 \u2014 \u20b9294.24\n\nOrder ORD-36 (payment PAY-0036) settled \u20b94018.73 against contractual expectation \u20b94312.97 after rate-card MDR and GST. We request reversal of the unexplained difference of \u20b9294.24."", ""amount"": 294.24}","{""external_reference"": ""DIS-CASE-0009"", ""dispute_id"": ""DIS-CASE-0009"", ""status"": ""SUBMITTED"", ""submitted_at"": ""2026-09-05T07:13:10Z"", ""simulated"": true}",DIS-CASE-0009,CASE-0009_CREATE,APR-0033,294.24,2026-09-05T07:13:10Z
ACT-0068,CASE-0052,draft_dispute,DRAFT_DISPUTE,AGENT,EXECUTED,L1,"{""case_id"": ""CASE-0052"", ""evidence_ids"": [""EVID-00177"", ""EVID-00178"", ""EVID-00179""], ""reason"": ""draft the gateway dispute with bound evidence; submission goes through the approval gate"", ""draft_content"": ""Subject: Settlement discrepancy on ORD-282 \u2014 \u20b9292.62\n\nOrder ORD-282 (payment PAY-0282) settled \u20b95120.0 against contractual expectation \u20b95412.62 after rate-card MDR and GST. We request reversal of the unexplained difference of \u20b9292.62."", ""amount"": 292.62}","{""draft_id"": ""DRF-CASE-0052"", ""draft"": ""Subject: Settlement discrepancy on ORD-282 \u2014 \u20b9292.62\n\nOrder ORD-282 (payment PAY-0282) settled \u20b95120.0 against contractual expectation \u20b95412.62 after rate-card MDR and GST. We request reversal of the unexplained difference of \u20b9292.62.""}",,CASE-0052_DRAFT,,292.62,2026-09-05T07:13:11Z
ACT-0069,CASE-0052,create_dispute,CREATE_DISPUTE,AGENT,EXECUTED,L3,"{""case_id"": ""CASE-0052"", ""evidence_ids"": [""EVID-00177"", ""EVID-00178"", ""EVID-00179""], ""reason"": ""draft the gateway dispute with bound evidence; submission goes through the approval gate"", ""draft_content"": ""Subject: Settlement discrepancy on ORD-282 \u2014 \u20b9292.62\n\nOrder ORD-282 (payment PAY-0282) settled \u20b95120.0 against contractual expectation \u20b95412.62 after rate-card MDR and GST. We request reversal of the unexplained difference of \u20b9292.62."", ""amount"": 292.62}","{""external_reference"": ""DIS-CASE-0052"", ""dispute_id"": ""DIS-CASE-0052"", ""status"": ""SUBMITTED"", ""submitted_at"": ""2026-09-05T07:13:11Z"", ""simulated"": true}",DIS-CASE-0052,CASE-0052_CREATE,APR-0034,292.62,2026-09-05T07:13:11Z
ACT-0070,CASE-0041,draft_dispute,DRAFT_DISPUTE,AGENT,EXECUTED,L1,"{""case_id"": ""CASE-0041"", ""evidence_ids"": [""EVID-00140"", ""EVID-00141"", ""EVID-00142""], ""reason"": ""draft the gateway dispute with bound evidence; submission goes through the approval gate"", ""draft_content"": ""Subject: Settlement discrepancy on ORD-188 \u2014 \u20b9291.94\n\nOrder ORD-188 (payment PAY-0188) settled \u20b90 against contractual expectation \u20b9291.94 after rate-card MDR and GST. We request reversal of the unexplained difference of \u20b9291.94."", ""amount"": 291.94}","{""draft_id"": ""DRF-CASE-0041"", ""draft"": ""Subject: Settlement discrepancy on ORD-188 \u2014 \u20b9291.94\n\nOrder ORD-188 (payment PAY-0188) settled \u20b90 against contractual expectation \u20b9291.94 after rate-card MDR and GST. We request reversal of the unexplained difference of \u20b9291.94.""}",,CASE-0041_DRAFT,,291.94,2026-09-05T07:13:11Z
ACT-0071,CASE-0041,create_dispute,CREATE_DISPUTE,AGENT,EXECUTED,L3,"{""case_id"": ""CASE-0041"", ""evidence_ids"": [""EVID-00140"", ""EVID-00141"", ""EVID-00142""], ""reason"": ""draft the gateway dispute with bound evidence; submission goes through the approval gate"", ""draft_content"": ""Subject: Settlement discrepancy on ORD-188 \u2014 \u20b9291.94\n\nOrder ORD-188 (payment PAY-0188) settled \u20b90 against contractual expectation \u20b9291.94 after rate-card MDR and GST. We request reversal of the unexplained difference of \u20b9291.94."", ""amount"": 291.94}","{""external_reference"": ""DIS-CASE-0041"", ""dispute_id"": ""DIS-CASE-0041"", ""status"": ""SUBMIT_FAILED"", ""submitted_at"": ""2026-09-05T07:13:11Z"", ""simulated"": true, ""error"": ""gateway rejected dispute payload""}",DIS-CASE-0041,CASE-0041_CREATE,APR-0035,291.94,2026-09-05T07:13:11Z
ACT-0072,CASE-0075,draft_dispute,DRAFT_DISPUTE,AGENT,EXECUTED,L1,"{""case_id"": ""CASE-0075"", ""evidence_ids"": [""EVID-00257"", ""EVID-00258"", ""EVID-00259""], ""reason"": ""draft the gateway dispute with bound evidence; submission goes through the approval gate"", ""draft_content"": ""Subject: Settlement discrepancy on ORD-461 \u2014 \u20b9291.94\n\nOrder ORD-461 (payment PAY-0461) settled \u20b90 against contractual expectation \u20b9291.94 after rate-card MDR and GST. We request reversal of the unexplained difference of \u20b9291.94."", ""amount"": 291.94}","{""draft_id"": ""DRF-CASE-0075"", ""draft"": ""Subject: Settlement discrepancy on ORD-461 \u2014 \u20b9291.94\n\nOrder ORD-461 (payment PAY-0461) settled \u20b90 against contractual expectation \u20b9291.94 after rate-card MDR and GST. We request reversal of the unexplained difference of \u20b9291.94.""}",,CASE-0075_DRAFT,,291.94,2026-09-05T07:13:12Z
ACT-0073,CASE-0075,create_dispute,CREATE_DISPUTE,AGENT,EXECUTED,L3,"{""case_id"": ""CASE-0075"", ""evidence_ids"": [""EVID-00257"", ""EVID-00258"", ""EVID-00259""], ""reason"": ""draft the gateway dispute with bound evidence; submission goes through the approval gate"", ""draft_content"": ""Subject: Settlement discrepancy on ORD-461 \u2014 \u20b9291.94\n\nOrder ORD-461 (payment PAY-0461) settled \u20b90 against contractual expectation \u20b9291.94 after rate-card MDR and GST. We request reversal of the unexplained difference of \u20b9291.94."", ""amount"": 291.94}","{""external_reference"": ""DIS-CASE-0075"", ""dispute_id"": ""DIS-CASE-0075"", ""status"": ""SUBMIT_TIMEOUT"", ""submitted_at"": ""2026-09-05T07:13:12Z"", ""simulated"": true}",DIS-CASE-0075,CASE-0075_CREATE,APR-0036,291.94,2026-09-05T07:13:12Z
ACT-0074,CASE-0087,draft_dispute,DRAFT_DISPUTE,AGENT,EXECUTED,L1,"{""case_id"": ""CASE-0087"", ""evidence_ids"": [""EVID-00297"", ""EVID-00298"", ""EVID-00299""], ""reason"": ""draft the gateway dispute with bound evidence; submission goes through the approval gate"", ""draft_content"": ""Subject: Settlement discrepancy on ORD-579 \u2014 \u20b9291.94\n\nOrder ORD-579 (payment PAY-0579) settled \u20b90 against contractual expectation \u20b9291.94 after rate-card MDR and GST. We request reversal of the unexplained difference of \u20b9291.94."", ""amount"": 291.94}","{""draft_id"": ""DRF-CASE-0087"", ""draft"": ""Subject: Settlement discrepancy on ORD-579 \u2014 \u20b9291.94\n\nOrder ORD-579 (payment PAY-0579) settled \u20b90 against contractual expectation \u20b9291.94 after rate-card MDR and GST. We request reversal of the unexplained difference of \u20b9291.94.""}",,CASE-0087_DRAFT,,291.94,2026-09-05T07:13:12Z
ACT-0075,CASE-0087,create_dispute,CREATE_DISPUTE,AGENT,EXECUTED,L3,"{""case_id"": ""CASE-0087"", ""evidence_ids"": [""EVID-00297"", ""EVID-00298"", ""EVID-00299""], ""reason"": ""draft the gateway dispute with bound evidence; submission goes through the approval gate"", ""draft_content"": ""Subject: Settlement discrepancy on ORD-579 \u2014 \u20b9291.94\n\nOrder ORD-579 (payment PAY-0579) settled \u20b90 against contractual expectation \u20b9291.94 after rate-card MDR and GST. We request reversal of the unexplained difference of \u20b9291.94."", ""amount"": 291.94}","{""external_reference"": ""DIS-CASE-0087"", ""dispute_id"": ""DIS-CASE-0087"", ""status"": ""SUBMITTED"", ""submitted_at"": ""2026-09-05T07:13:12Z"", ""simulated"": true}",DIS-CASE-0087,CASE-0087_CREATE,APR-0037,291.94,2026-09-05T07:13:12Z
ACT-0076,CASE-0106,draft_dispute,DRAFT_DISPUTE,AGENT,EXECUTED,L1,"{""case_id"": ""CASE-0106"", ""evidence_ids"": [""EVID-00361"", ""EVID-00362"", ""EVID-00363""], ""reason"": ""draft the gateway dispute with bound evidence; submission goes through the approval gate"", ""draft_content"": ""Subject: Settlement discrepancy on ORD-699 \u2014 \u20b9284.84\n\nOrder ORD-699 (payment PAY-0699) settled \u20b90 against contractual expectation \u20b9284.84 after rate-card MDR and GST. We request reversal of the unexplained difference of \u20b9284.84."", ""amount"": 284.84}","{""draft_id"": ""DRF-CASE-0106"", ""draft"": ""Subject: Settlement discrepancy on ORD-699 \u2014 \u20b9284.84\n\nOrder ORD-699 (payment PAY-0699) settled \u20b90 against contractual expectation \u20b9284.84 after rate-card MDR and GST. We request reversal of the unexplained difference of \u20b9284.84.""}",,CASE-0106_DRAFT,,284.84,2026-09-05T07:13:13Z
ACT-0077,CASE-0106,create_dispute,CREATE_DISPUTE,AGENT,EXECUTED,L3,"{""case_id"": ""CASE-0106"", ""evidence_ids"": [""EVID-00361"", ""EVID-00362"", ""EVID-00363""], ""reason"": ""draft the gateway dispute with bound evidence; submission goes through the approval gate"", ""draft_content"": ""Subject: Settlement discrepancy on ORD-699 \u2014 \u20b9284.84\n\nOrder ORD-699 (payment PAY-0699) settled \u20b90 against contractual expectation \u20b9284.84 after rate-card MDR and GST. We request reversal of the unexplained difference of \u20b9284.84."", ""amount"": 284.84}","{""external_reference"": ""DIS-CASE-0106"", ""dispute_id"": ""DIS-CASE-0106"", ""status"": ""SUBMITTED"", ""submitted_at"": ""2026-09-05T07:13:13Z"", ""simulated"": true}",DIS-CASE-0106,CASE-0106_CREATE,APR-0038,284.84,2026-09-05T07:13:13Z
ACT-0078,CASE-0099,draft_dispute,DRAFT_DISPUTE,AGENT,EXECUTED,L1,"{""case_id"": ""CASE-0099"", ""evidence_ids"": [""EVID-00339"", ""EVID-00340"", ""EVID-00341""], ""reason"": ""draft the gateway dispute with bound evidence; submission goes through the approval gate"", ""draft_content"": ""Subject: Settlement discrepancy on ORD-663 \u2014 \u20b9257.29\n\nOrder ORD-663 (payment PAY-0663) settled \u20b96261.54 against contractual expectation \u20b96518.83 after rate-card MDR and GST. We request reversal of the unexplained difference of \u20b9257.29."", ""amount"": 257.29}","{""draft_id"": ""DRF-CASE-0099"", ""draft"": ""Subject: Settlement discrepancy on ORD-663 \u2014 \u20b9257.29\n\nOrder ORD-663 (payment PAY-0663) settled \u20b96261.54 against contractual expectation \u20b96518.83 after rate-card MDR and GST. We request reversal of the unexplained difference of \u20b9257.29.""}",,CASE-0099_DRAFT,,257.29,2026-09-05T07:13:13Z
ACT-0079,CASE-0099,create_dispute,CREATE_DISPUTE,AGENT,EXECUTED,L3,"{""case_id"": ""CASE-0099"", ""evidence_ids"": [""EVID-00339"", ""EVID-00340"", ""EVID-00341""], ""reason"": ""draft the gateway dispute with bound evidence; submission goes through the approval gate"", ""draft_content"": ""Subject: Settlement discrepancy on ORD-663 \u2014 \u20b9257.29\n\nOrder ORD-663 (payment PAY-0663) settled \u20b96261.54 against contractual expectation \u20b96518.83 after rate-card MDR and GST. We request reversal of the unexplained difference of \u20b9257.29."", ""amount"": 257.29}","{""external_reference"": ""DIS-CASE-0099"", ""dispute_id"": ""DIS-CASE-0099"", ""status"": ""SUBMITTED"", ""submitted_at"": ""2026-09-05T07:13:13Z"", ""simulated"": true}",DIS-CASE-0099,CASE-0099_CREATE,APR-0039,257.29,2026-09-05T07:13:13Z
ACT-0080,CASE-9001,draft_dispute,DRAFT_DISPUTE,AGENT,EXECUTED,L1,"{""case_id"": ""CASE-9001"", ""evidence_ids"": [""EVID-90001"", ""EVID-90002"", ""EVID-90003"", ""EVID-90004""], ""reason"": ""draft the gateway dispute with bound evidence; submission goes through the approval gate"", ""draft_content"": ""Subject: Settlement discrepancy on ORD-9001 \u2014 \u20b9250.00\n\nOrder ORD-9001 (payment PAY-9001) settled \u20b99514.00 against contractual expectation \u20b99764.00 after rate-card MDR and GST. We request reversal of the unexplained difference of \u20b9250.00."", ""amount"": 250.0}","{""draft_id"": ""DRF-CASE-9001"", ""draft"": ""Subject: Settlement discrepancy on ORD-9001 \u2014 \u20b9250.00\n\nOrder ORD-9001 (payment PAY-9001) settled \u20b99514.00 against contractual expectation \u20b99764.00 after rate-card MDR and GST. We request reversal of the unexplained difference of \u20b9250.00.""}",,CASE-9001_DRAFT,,250.0,2026-09-05T07:13:14Z
ACT-0081,CASE-9001,create_dispute,CREATE_DISPUTE,AGENT,EXECUTED,L3,"{""case_id"": ""CASE-9001"", ""evidence_ids"": [""EVID-90001"", ""EVID-90002"", ""EVID-90003"", ""EVID-90004""], ""reason"": ""draft the gateway dispute with bound evidence; submission goes through the approval gate"", ""draft_content"": ""Subject: Settlement discrepancy on ORD-9001 \u2014 \u20b9250.00\n\nOrder ORD-9001 (payment PAY-9001) settled \u20b99514.00 against contractual expectation \u20b99764.00 after rate-card MDR and GST. We request reversal of the unexplained difference of \u20b9250.00."", ""amount"": 250.0}","{""external_reference"": ""DIS-CASE-9001"", ""dispute_id"": ""DIS-CASE-9001"", ""status"": ""SUBMIT_FAILED"", ""submitted_at"": ""2026-09-05T07:13:14Z"", ""simulated"": true, ""error"": ""gateway rejected dispute payload""}",DIS-CASE-9001,CASE-9001_CREATE,APR-0040,250.0,2026-09-05T07:13:14Z
ACT-0082,CASE-0104,draft_dispute,DRAFT_DISPUTE,AGENT,EXECUTED,L1,"{""case_id"": ""CASE-0104"", ""evidence_ids"": [""EVID-00355"", ""EVID-00356"", ""EVID-00357""], ""reason"": ""draft the gateway dispute with bound evidence; submission goes through the approval gate"", ""draft_content"": ""Subject: Settlement discrepancy on ORD-681 \u2014 \u20b9219.92\n\nOrder ORD-681 (payment PAY-0681) settled \u20b92644.44 against contractual expectation \u20b92864.36 after rate-card MDR and GST. We request reversal of the unexplained difference of \u20b9219.92."", ""amount"": 219.92}","{""draft_id"": ""DRF-CASE-0104"", ""draft"": ""Subject: Settlement discrepancy on ORD-681 \u2014 \u20b9219.92\n\nOrder ORD-681 (payment PAY-0681) settled \u20b92644.44 against contractual expectation \u20b92864.36 after rate-card MDR and GST. We request reversal of the unexplained difference of \u20b9219.92.""}",,CASE-0104_DRAFT,,219.92,2026-09-05T07:13:14Z
ACT-0083,CASE-0104,create_dispute,CREATE_DISPUTE,AGENT,EXECUTED,L3,"{""case_id"": ""CASE-0104"", ""evidence_ids"": [""EVID-00355"", ""EVID-00356"", ""EVID-00357""], ""reason"": ""draft the gateway dispute with bound evidence; submission goes through the approval gate"", ""draft_content"": ""Subject: Settlement discrepancy on ORD-681 \u2014 \u20b9219.92\n\nOrder ORD-681 (payment PAY-0681) settled \u20b92644.44 against contractual expectation \u20b92864.36 after rate-card MDR and GST. We request reversal of the unexplained difference of \u20b9219.92."", ""amount"": 219.92}","{""external_reference"": ""DIS-CASE-0104"", ""dispute_id"": ""DIS-CASE-0104"", ""status"": ""SUBMIT_FAILED"", ""submitted_at"": ""2026-09-05T07:13:14Z"", ""simulated"": true, ""error"": ""gateway rejected dispute payload""}",DIS-CASE-0104,CASE-0104_CREATE,APR-0041,219.92,2026-09-05T07:13:14Z
ACT-0084,CASE-0095,draft_dispute,DRAFT_DISPUTE,AGENT,EXECUTED,L1,"{""case_id"": ""CASE-0095"", ""evidence_ids"": [""EVID-00323"", ""EVID-00324"", ""EVID-00325""], ""reason"": ""draft the gateway dispute with bound evidence; submission goes through the approval gate"", ""draft_content"": ""Subject: Settlement discrepancy on ORD-628 \u2014 \u20b9181.72\n\nOrder ORD-628 (payment PAY-0628) settled \u20b92305.58 against contractual expectation \u20b92487.3 after rate-card MDR and GST. We request reversal of the unexplained difference of \u20b9181.72."", ""amount"": 181.72}","{""draft_id"": ""DRF-CASE-0095"", ""draft"": ""Subject: Settlement discrepancy on ORD-628 \u2014 \u20b9181.72\n\nOrder ORD-628 (payment PAY-0628) settled \u20b92305.58 against contractual expectation \u20b92487.3 after rate-card MDR and GST. We request reversal of the unexplained difference of \u20b9181.72.""}",,CASE-0095_DRAFT,,181.72,2026-09-05T07:13:15Z
ACT-0085,CASE-0095,create_dispute,CREATE_DISPUTE,AGENT,EXECUTED,L3,"{""case_id"": ""CASE-0095"", ""evidence_ids"": [""EVID-00323"", ""EVID-00324"", ""EVID-00325""], ""reason"": ""draft the gateway dispute with bound evidence; submission goes through the approval gate"", ""draft_content"": ""Subject: Settlement discrepancy on ORD-628 \u2014 \u20b9181.72\n\nOrder ORD-628 (payment PAY-0628) settled \u20b92305.58 against contractual expectation \u20b92487.3 after rate-card MDR and GST. We request reversal of the unexplained difference of \u20b9181.72."", ""amount"": 181.72}","{""external_reference"": ""DIS-CASE-0095"", ""dispute_id"": ""DIS-CASE-0095"", ""status"": ""SUBMITTED"", ""submitted_at"": ""2026-09-05T07:13:15Z"", ""simulated"": true}",DIS-CASE-0095,CASE-0095_CREATE,APR-0042,181.72,2026-09-05T07:13:15Z
ACT-0086,CASE-0058,draft_dispute,DRAFT_DISPUTE,AGENT,EXECUTED,L1,"{""case_id"": ""CASE-0058"", ""evidence_ids"": [""EVID-00198"", ""EVID-00199"", ""EVID-00200""], ""reason"": ""draft the gateway dispute with bound evidence; submission goes through the approval gate"", ""draft_content"": ""Subject: Settlement discrepancy on ORD-316 \u2014 \u20b91798.30\n\nOrder ORD-316 (payment PAY-0316) settled \u20b95082.38 against contractual expectation \u20b96880.68 after rate-card MDR and GST. We request reversal of the unexplained difference of \u20b91798.30."", ""amount"": 175.78}","{""draft_id"": ""DRF-CASE-0058"", ""draft"": ""Subject: Settlement discrepancy on ORD-316 \u2014 \u20b91798.30\n\nOrder ORD-316 (payment PAY-0316) settled \u20b95082.38 against contractual expectation \u20b96880.68 after rate-card MDR and GST. We request reversal of the unexplained difference of \u20b91798.30.""}",,CASE-0058_DRAFT,,175.78,2026-09-05T07:13:16Z
ACT-0087,CASE-0058,create_dispute,CREATE_DISPUTE,AGENT,EXECUTED,L3,"{""case_id"": ""CASE-0058"", ""evidence_ids"": [""EVID-00198"", ""EVID-00199"", ""EVID-00200""], ""reason"": ""draft the gateway dispute with bound evidence; submission goes through the approval gate"", ""draft_content"": ""Subject: Settlement discrepancy on ORD-316 \u2014 \u20b91798.30\n\nOrder ORD-316 (payment PAY-0316) settled \u20b95082.38 against contractual expectation \u20b96880.68 after rate-card MDR and GST. We request reversal of the unexplained difference of \u20b91798.30."", ""amount"": 175.78}","{""external_reference"": ""DIS-CASE-0058"", ""dispute_id"": ""DIS-CASE-0058"", ""status"": ""SUBMITTED"", ""submitted_at"": ""2026-09-05T07:13:16Z"", ""simulated"": true}",DIS-CASE-0058,CASE-0058_CREATE,APR-0043,175.78,2026-09-05T07:13:16Z
ACT-0088,CASE-0136,draft_dispute,DRAFT_DISPUTE,AGENT,EXECUTED,L1,"{""case_id"": ""CASE-0136"", ""evidence_ids"": [""EVID-00465"", ""EVID-00466"", ""EVID-00467"", ""EVID-00468""], ""reason"": ""draft the gateway dispute with bound evidence; submission goes through the approval gate"", ""draft_content"": ""Subject: Settlement discrepancy on ORD-884 \u2014 \u20b9144.17\n\nOrder ORD-884 (payment PAY-0884) settled \u20b95820.53 against contractual expectation \u20b95964.7 after rate-card MDR and GST. We request reversal of the unexplained difference of \u20b9144.17."", ""amount"": 144.17}","{""draft_id"": ""DRF-CASE-0136"", ""draft"": ""Subject: Settlement discrepancy on ORD-884 \u2014 \u20b9144.17\n\nOrder ORD-884 (payment PAY-0884) settled \u20b95820.53 against contractual expectation \u20b95964.7 after rate-card MDR and GST. We request reversal of the unexplained difference of \u20b9144.17.""}",,CASE-0136_DRAFT,,144.17,2026-09-05T07:13:16Z
ACT-0089,CASE-0063,draft_dispute,DRAFT_DISPUTE,AGENT,EXECUTED,L1,"{""case_id"": ""CASE-0063"", ""evidence_ids"": [""EVID-00214"", ""EVID-00215"", ""EVID-00216"", ""EVID-00217""], ""reason"": ""draft the gateway dispute with bound evidence; submission goes through the approval gate"", ""draft_content"": ""Subject: Settlement discrepancy on ORD-381 \u2014 \u20b96428.11\n\nOrder ORD-381 (payment PAY-0381) settled \u20b99520.97 against contractual expectation \u20b915949.08 after rate-card MDR and GST. We request reversal of the unexplained difference of \u20b96428.11."", ""amount"": 137.7}","{""draft_id"": ""DRF-CASE-0063"", ""draft"": ""Subject: Settlement discrepancy on ORD-381 \u2014 \u20b96428.11\n\nOrder ORD-381 (payment PAY-0381) settled \u20b99520.97 against contractual expectation \u20b915949.08 after rate-card MDR and GST. We request reversal of the unexplained difference of \u20b96428.11.""}",,CASE-0063_DRAFT,,137.7,2026-09-05T07:13:17Z
ACT-0090,CASE-0021,draft_dispute,DRAFT_DISPUTE,AGENT,EXECUTED,L1,"{""case_id"": ""CASE-0021"", ""evidence_ids"": [""EVID-00070"", ""EVID-00071"", ""EVID-00072""], ""reason"": ""draft the gateway dispute with bound evidence; submission goes through the approval gate"", ""draft_content"": ""Subject: Settlement discrepancy on ORD-80 \u2014 \u20b9136.39\n\nOrder ORD-80 (payment PAY-0080) settled \u20b91906.44 against contractual expectation \u20b92042.83 after rate-card MDR and GST. We request reversal of the unexplained difference of \u20b9136.39."", ""amount"": 136.39}","{""draft_id"": ""DRF-CASE-0021"", ""draft"": ""Subject: Settlement discrepancy on ORD-80 \u2014 \u20b9136.39\n\nOrder ORD-80 (payment PAY-0080) settled \u20b91906.44 against contractual expectation \u20b92042.83 after rate-card MDR and GST. We request reversal of the unexplained difference of \u20b9136.39.""}",,CASE-0021_DRAFT,,136.39,2026-09-05T07:13:17Z
ACT-0091,CASE-0021,create_dispute,CREATE_DISPUTE,AGENT,EXECUTED,L3,"{""case_id"": ""CASE-0021"", ""evidence_ids"": [""EVID-00070"", ""EVID-00071"", ""EVID-00072""], ""reason"": ""draft the gateway dispute with bound evidence; submission goes through the approval gate"", ""draft_content"": ""Subject: Settlement discrepancy on ORD-80 \u2014 \u20b9136.39\n\nOrder ORD-80 (payment PAY-0080) settled \u20b91906.44 against contractual expectation \u20b92042.83 after rate-card MDR and GST. We request reversal of the unexplained difference of \u20b9136.39."", ""amount"": 136.39}","{""external_reference"": ""DIS-CASE-0021"", ""dispute_id"": ""DIS-CASE-0021"", ""status"": ""SUBMITTED"", ""submitted_at"": ""2026-09-05T07:13:17Z"", ""simulated"": true}",DIS-CASE-0021,CASE-0021_CREATE,APR-0044,136.39,2026-09-05T07:13:17Z
ACT-0092,CASE-0024,draft_dispute,DRAFT_DISPUTE,AGENT,EXECUTED,L1,"{""case_id"": ""CASE-0024"", ""evidence_ids"": [""EVID-00081"", ""EVID-00082"", ""EVID-00083"", ""EVID-00084"", ""EVID-00085""], ""reason"": ""draft the gateway dispute with bound evidence; submission goes through the approval gate"", ""draft_content"": ""Subject: Settlement discrepancy on ORD-101 \u2014 \u20b9131.65\n\nOrder ORD-101 (payment PAY-0101) settled \u20b92013.77 against contractual expectation \u20b92145.42 after rate-card MDR and GST. We request reversal of the unexplained difference of \u20b9131.65."", ""amount"": 131.65}","{""draft_id"": ""DRF-CASE-0024"", ""draft"": ""Subject: Settlement discrepancy on ORD-101 \u2014 \u20b9131.65\n\nOrder ORD-101 (payment PAY-0101) settled \u20b92013.77 against contractual expectation \u20b92145.42 after rate-card MDR and GST. We request reversal of the unexplained difference of \u20b9131.65.""}",,CASE-0024_DRAFT,,131.65,2026-09-05T07:13:18Z
ACT-0093,CASE-0024,create_dispute,CREATE_DISPUTE,AGENT,EXECUTED,L3,"{""case_id"": ""CASE-0024"", ""evidence_ids"": [""EVID-00081"", ""EVID-00082"", ""EVID-00083"", ""EVID-00084"", ""EVID-00085""], ""reason"": ""draft the gateway dispute with bound evidence; submission goes through the approval gate"", ""draft_content"": ""Subject: Settlement discrepancy on ORD-101 \u2014 \u20b9131.65\n\nOrder ORD-101 (payment PAY-0101) settled \u20b92013.77 against contractual expectation \u20b92145.42 after rate-card MDR and GST. We request reversal of the unexplained difference of \u20b9131.65."", ""amount"": 131.65}","{""external_reference"": ""DIS-CASE-0024"", ""dispute_id"": ""DIS-CASE-0024"", ""status"": ""SUBMITTED"", ""submitted_at"": ""2026-09-05T07:13:18Z"", ""simulated"": true}",DIS-CASE-0024,CASE-0024_CREATE,APR-0045,131.65,2026-09-05T07:13:18Z
ACT-0094,CASE-0044,draft_dispute,DRAFT_DISPUTE,AGENT,EXECUTED,L1,"{""case_id"": ""CASE-0044"", ""evidence_ids"": [""EVID-00150"", ""EVID-00151"", ""EVID-00152""], ""reason"": ""draft the gateway dispute with bound evidence; submission goes through the approval gate"", ""draft_content"": ""Subject: Settlement discrepancy on ORD-209 \u2014 \u20b9129.59\n\nOrder ORD-209 (payment PAY-0209) settled \u20b96419.57 against contractual expectation \u20b96549.16 after rate-card MDR and GST. We request reversal of the unexplained difference of \u20b9129.59."", ""amount"": 129.59}","{""draft_id"": ""DRF-CASE-0044"", ""draft"": ""Subject: Settlement discrepancy on ORD-209 \u2014 \u20b9129.59\n\nOrder ORD-209 (payment PAY-0209) settled \u20b96419.57 against contractual expectation \u20b96549.16 after rate-card MDR and GST. We request reversal of the unexplained difference of \u20b9129.59.""}",,CASE-0044_DRAFT,,129.59,2026-09-05T07:13:18Z
ACT-0095,CASE-0044,create_dispute,CREATE_DISPUTE,AGENT,EXECUTED,L3,"{""case_id"": ""CASE-0044"", ""evidence_ids"": [""EVID-00150"", ""EVID-00151"", ""EVID-00152""], ""reason"": ""draft the gateway dispute with bound evidence; submission goes through the approval gate"", ""draft_content"": ""Subject: Settlement discrepancy on ORD-209 \u2014 \u20b9129.59\n\nOrder ORD-209 (payment PAY-0209) settled \u20b96419.57 against contractual expectation \u20b96549.16 after rate-card MDR and GST. We request reversal of the unexplained difference of \u20b9129.59."", ""amount"": 129.59}","{""external_reference"": ""DIS-CASE-0044"", ""dispute_id"": ""DIS-CASE-0044"", ""status"": ""ALREADY_RESOLVED"", ""submitted_at"": ""2026-09-05T07:13:18Z"", ""simulated"": true}",DIS-CASE-0044,CASE-0044_CREATE,APR-0046,129.59,2026-09-05T07:13:18Z
ACT-0096,CASE-0039,draft_dispute,DRAFT_DISPUTE,AGENT,EXECUTED,L1,"{""case_id"": ""CASE-0039"", ""evidence_ids"": [""EVID-00134"", ""EVID-00135"", ""EVID-00136""], ""reason"": ""draft the gateway dispute with bound evidence; submission goes through the approval gate"", ""draft_content"": ""Subject: Settlement discrepancy on ORD-179 \u2014 \u20b9119.50\n\nOrder ORD-179 (payment PAY-0179) settled \u20b92011.23 against contractual expectation \u20b92130.73 after rate-card MDR and GST. We request reversal of the unexplained difference of \u20b9119.50."", ""amount"": 119.5}","{""draft_id"": ""DRF-CASE-0039"", ""draft"": ""Subject: Settlement discrepancy on ORD-179 \u2014 \u20b9119.50\n\nOrder ORD-179 (payment PAY-0179) settled \u20b92011.23 against contractual expectation \u20b92130.73 after rate-card MDR and GST. We request reversal of the unexplained difference of \u20b9119.50.""}",,CASE-0039_DRAFT,,119.5,2026-09-05T07:13:19Z
ACT-0097,CASE-0039,create_dispute,CREATE_DISPUTE,AGENT,EXECUTED,L3,"{""case_id"": ""CASE-0039"", ""evidence_ids"": [""EVID-00134"", ""EVID-00135"", ""EVID-00136""], ""reason"": ""draft the gateway dispute with bound evidence; submission goes through the approval gate"", ""draft_content"": ""Subject: Settlement discrepancy on ORD-179 \u2014 \u20b9119.50\n\nOrder ORD-179 (payment PAY-0179) settled \u20b92011.23 against contractual expectation \u20b92130.73 after rate-card MDR and GST. We request reversal of the unexplained difference of \u20b9119.50."", ""amount"": 119.5}","{""external_reference"": ""DIS-CASE-0039"", ""dispute_id"": ""DIS-CASE-0039"", ""status"": ""SUBMITTED"", ""submitted_at"": ""2026-09-05T07:13:19Z"", ""simulated"": true}",DIS-CASE-0039,CASE-0039_CREATE,APR-0047,119.5,2026-09-05T07:13:19Z
ACT-0098,CASE-0020,draft_dispute,DRAFT_DISPUTE,AGENT,EXECUTED,L1,"{""case_id"": ""CASE-0020"", ""evidence_ids"": [""EVID-00067"", ""EVID-00068"", ""EVID-00069""], ""reason"": ""draft the gateway dispute with bound evidence; submission goes through the approval gate"", ""draft_content"": ""Subject: Settlement discrepancy on ORD-77 \u2014 \u20b92260.85\n\nOrder ORD-77 (payment PAY-0077) settled \u20b92969.53 against contractual expectation \u20b95230.38 after rate-card MDR and GST. We request reversal of the unexplained difference of \u20b92260.85."", ""amount"": 114.35}","{""draft_id"": ""DRF-CASE-0020"", ""draft"": ""Subject: Settlement discrepancy on ORD-77 \u2014 \u20b92260.85\n\nOrder ORD-77 (payment PAY-0077) settled \u20b92969.53 against contractual expectation \u20b95230.38 after rate-card MDR and GST. We request reversal of the unexplained difference of \u20b92260.85.""}",,CASE-0020_DRAFT,,114.35,2026-09-05T07:13:19Z
ACT-0099,CASE-0020,create_dispute,CREATE_DISPUTE,AGENT,EXECUTED,L3,"{""case_id"": ""CASE-0020"", ""evidence_ids"": [""EVID-00067"", ""EVID-00068"", ""EVID-00069""], ""reason"": ""draft the gateway dispute with bound evidence; submission goes through the approval gate"", ""draft_content"": ""Subject: Settlement discrepancy on ORD-77 \u2014 \u20b92260.85\n\nOrder ORD-77 (payment PAY-0077) settled \u20b92969.53 against contractual expectation \u20b95230.38 after rate-card MDR and GST. We request reversal of the unexplained difference of \u20b92260.85."", ""amount"": 114.35}","{""external_reference"": ""DIS-CASE-0020"", ""dispute_id"": ""DIS-CASE-0020"", ""status"": ""SUBMITTED"", ""submitted_at"": ""2026-09-05T07:13:19Z"", ""simulated"": true}",DIS-CASE-0020,CASE-0020_CREATE,APR-0048,114.35,2026-09-05T07:13:19Z
ACT-0100,CASE-0048,draft_dispute,DRAFT_DISPUTE,AGENT,EXECUTED,L1,"{""case_id"": ""CASE-0048"", ""evidence_ids"": [""EVID-00163"", ""EVID-00164"", ""EVID-00165""], ""reason"": ""draft the gateway dispute with bound evidence; submission goes through the approval gate"", ""draft_content"": ""Subject: Settlement discrepancy on ORD-268 \u2014 \u20b9106.19\n\nOrder ORD-268 (payment PAY-0268) settled \u20b92806.79 against contractual expectation \u20b92912.98 after rate-card MDR and GST. We request reversal of the unexplained difference of \u20b9106.19."", ""amount"": 106.19}","{""draft_id"": ""DRF-CASE-0048"", ""draft"": ""Subject: Settlement discrepancy on ORD-268 \u2014 \u20b9106.19\n\nOrder ORD-268 (payment PAY-0268) settled \u20b92806.79 against contractual expectation \u20b92912.98 after rate-card MDR and GST. We request reversal of the unexplained difference of \u20b9106.19.""}",,CASE-0048_DRAFT,,106.19,2026-09-05T07:13:20Z
ACT-0101,CASE-0048,create_dispute,CREATE_DISPUTE,AGENT,EXECUTED,L3,"{""case_id"": ""CASE-0048"", ""evidence_ids"": [""EVID-00163"", ""EVID-00164"", ""EVID-00165""], ""reason"": ""draft the gateway dispute with bound evidence; submission goes through the approval gate"", ""draft_content"": ""Subject: Settlement discrepancy on ORD-268 \u2014 \u20b9106.19\n\nOrder ORD-268 (payment PAY-0268) settled \u20b92806.79 against contractual expectation \u20b92912.98 after rate-card MDR and GST. We request reversal of the unexplained difference of \u20b9106.19."", ""amount"": 106.19}","{""external_reference"": ""DIS-CASE-0048"", ""dispute_id"": ""DIS-CASE-0048"", ""status"": ""SUBMITTED"", ""submitted_at"": ""2026-09-05T07:13:20Z"", ""simulated"": true}",DIS-CASE-0048,CASE-0048_CREATE,APR-0049,106.19,2026-09-05T07:13:20Z
ACT-0102,CASE-0112,draft_dispute,DRAFT_DISPUTE,AGENT,EXECUTED,L1,"{""case_id"": ""CASE-0112"", ""evidence_ids"": [""EVID-00381"", ""EVID-00382"", ""EVID-00383"", ""EVID-00384"", ""EVID-00385""], ""reason"": ""draft the gateway dispute with bound evidence; submission goes through the approval gate"", ""draft_content"": ""Subject: Settlement discrepancy on ORD-741 \u2014 \u20b9105.67\n\nOrder ORD-741 (payment PAY-0741) settled \u20b91172.12 against contractual expectation \u20b91277.79 after rate-card MDR and GST. We request reversal of the unexplained difference of \u20b9105.67."", ""amount"": 105.67}","{""draft_id"": ""DRF-CASE-0112"", ""draft"": ""Subject: Settlement discrepancy on ORD-741 \u2014 \u20b9105.67\n\nOrder ORD-741 (payment PAY-0741) settled \u20b91172.12 against contractual expectation \u20b91277.79 after rate-card MDR and GST. We request reversal of the unexplained difference of \u20b9105.67.""}",,CASE-0112_DRAFT,,105.67,2026-09-05T07:13:21Z
ACT-0103,CASE-0112,create_dispute,CREATE_DISPUTE,AGENT,EXECUTED,L3,"{""case_id"": ""CASE-0112"", ""evidence_ids"": [""EVID-00381"", ""EVID-00382"", ""EVID-00383"", ""EVID-00384"", ""EVID-00385""], ""reason"": ""draft the gateway dispute with bound evidence; submission goes through the approval gate"", ""draft_content"": ""Subject: Settlement discrepancy on ORD-741 \u2014 \u20b9105.67\n\nOrder ORD-741 (payment PAY-0741) settled \u20b91172.12 against contractual expectation \u20b91277.79 after rate-card MDR and GST. We request reversal of the unexplained difference of \u20b9105.67."", ""amount"": 105.67}","{""external_reference"": ""DIS-CASE-0112"", ""dispute_id"": ""DIS-CASE-0112"", ""status"": ""SUBMITTED"", ""submitted_at"": ""2026-09-05T07:13:21Z"", ""simulated"": true}",DIS-CASE-0112,CASE-0112_CREATE,APR-0050,105.67,2026-09-05T07:13:21Z
ACT-0104,CASE-0027,draft_dispute,DRAFT_DISPUTE,AGENT,EXECUTED,L1,"{""case_id"": ""CASE-0027"", ""evidence_ids"": [""EVID-00093"", ""EVID-00094"", ""EVID-00095""], ""reason"": ""draft the gateway dispute with bound evidence; submission goes through the approval gate"", ""draft_content"": ""Subject: Settlement discrepancy on ORD-129 \u2014 \u20b9101.73\n\nOrder ORD-129 (payment PAY-0129) settled \u20b91392.38 against contractual expectation \u20b91494.11 after rate-card MDR and GST. We request reversal of the unexplained difference of \u20b9101.73."", ""amount"": 101.73}","{""draft_id"": ""DRF-CASE-0027"", ""draft"": ""Subject: Settlement discrepancy on ORD-129 \u2014 \u20b9101.73\n\nOrder ORD-129 (payment PAY-0129) settled \u20b91392.38 against contractual expectation \u20b91494.11 after rate-card MDR and GST. We request reversal of the unexplained difference of \u20b9101.73.""}",,CASE-0027_DRAFT,,101.73,2026-09-05T07:13:21Z
ACT-0105,CASE-0027,create_dispute,CREATE_DISPUTE,AGENT,EXECUTED,L3,"{""case_id"": ""CASE-0027"", ""evidence_ids"": [""EVID-00093"", ""EVID-00094"", ""EVID-00095""], ""reason"": ""draft the gateway dispute with bound evidence; submission goes through the approval gate"", ""draft_content"": ""Subject: Settlement discrepancy on ORD-129 \u2014 \u20b9101.73\n\nOrder ORD-129 (payment PAY-0129) settled \u20b91392.38 against contractual expectation \u20b91494.11 after rate-card MDR and GST. We request reversal of the unexplained difference of \u20b9101.73."", ""amount"": 101.73}","{""external_reference"": ""DIS-CASE-0027"", ""dispute_id"": ""DIS-CASE-0027"", ""status"": ""SUBMITTED"", ""submitted_at"": ""2026-09-05T07:13:21Z"", ""simulated"": true}",DIS-CASE-0027,CASE-0027_CREATE,APR-0051,101.73,2026-09-05T07:13:21Z
ACT-0106,CASE-0114,draft_dispute,DRAFT_DISPUTE,AGENT,EXECUTED,L1,"{""case_id"": ""CASE-0114"", ""evidence_ids"": [""EVID-00389"", ""EVID-00390"", ""EVID-00391"", ""EVID-00392""], ""reason"": ""draft the gateway dispute with bound evidence; submission goes through the approval gate"", ""draft_content"": ""Subject: Settlement discrepancy on ORD-758 \u2014 \u20b981.41\n\nOrder ORD-758 (payment PAY-0758) settled \u20b97011.95 against contractual expectation \u20b97093.36 after rate-card MDR and GST. We request reversal of the unexplained difference of \u20b981.41."", ""amount"": 96.07}","{""draft_id"": ""DRF-CASE-0114"", ""draft"": ""Subject: Settlement discrepancy on ORD-758 \u2014 \u20b981.41\n\nOrder ORD-758 (payment PAY-0758) settled \u20b97011.95 against contractual expectation \u20b97093.36 after rate-card MDR and GST. We request reversal of the unexplained difference of \u20b981.41.""}",,CASE-0114_DRAFT,,96.07,2026-09-05T07:13:22Z
ACT-0107,CASE-0141,draft_dispute,DRAFT_DISPUTE,AGENT,EXECUTED,L1,"{""case_id"": ""CASE-0141"", ""evidence_ids"": [""EVID-00484"", ""EVID-00485"", ""EVID-00486""], ""reason"": ""draft the gateway dispute with bound evidence; submission goes through the approval gate"", ""draft_content"": ""Subject: Settlement discrepancy on ORD-932 \u2014 \u20b988.94\n\nOrder ORD-932 (payment PAY-0932) settled \u20b91149.61 against contractual expectation \u20b91238.55 after rate-card MDR and GST. We request reversal of the unexplained difference of \u20b988.94."", ""amount"": 88.94}","{""draft_id"": ""DRF-CASE-0141"", ""draft"": ""Subject: Settlement discrepancy on ORD-932 \u2014 \u20b988.94\n\nOrder ORD-932 (payment PAY-0932) settled \u20b91149.61 against contractual expectation \u20b91238.55 after rate-card MDR and GST. We request reversal of the unexplained difference of \u20b988.94.""}",,CASE-0141_DRAFT,,88.94,2026-09-05T07:13:22Z
ACT-0108,CASE-0141,create_dispute,CREATE_DISPUTE,AGENT,EXECUTED,L3,"{""case_id"": ""CASE-0141"", ""evidence_ids"": [""EVID-00484"", ""EVID-00485"", ""EVID-00486""], ""reason"": ""draft the gateway dispute with bound evidence; submission goes through the approval gate"", ""draft_content"": ""Subject: Settlement discrepancy on ORD-932 \u2014 \u20b988.94\n\nOrder ORD-932 (payment PAY-0932) settled \u20b91149.61 against contractual expectation \u20b91238.55 after rate-card MDR and GST. We request reversal of the unexplained difference of \u20b988.94."", ""amount"": 88.94}","{""external_reference"": ""DIS-CASE-0141"", ""dispute_id"": ""DIS-CASE-0141"", ""status"": ""SUBMITTED"", ""submitted_at"": ""2026-09-05T07:13:22Z"", ""simulated"": true}",DIS-CASE-0141,CASE-0141_CREATE,APR-0052,88.94,2026-09-05T07:13:22Z
ACT-0109,CASE-0139,draft_dispute,DRAFT_DISPUTE,AGENT,EXECUTED,L1,"{""case_id"": ""CASE-0139"", ""evidence_ids"": [""EVID-00476"", ""EVID-00477"", ""EVID-00478"", ""EVID-00479"", ""EVID-00480""], ""reason"": ""draft the gateway dispute with bound evidence; submission goes through the approval gate"", ""draft_content"": ""Subject: Settlement discrepancy on ORD-924 \u2014 \u20b972.48\n\nOrder ORD-924 (payment PAY-0924) settled \u20b92786.92 against contractual expectation \u20b92859.4 after rate-card MDR and GST. We request reversal of the unexplained difference of \u20b972.48."", ""amount"": 72.48}","{""draft_id"": ""DRF-CASE-0139"", ""draft"": ""Subject: Settlement discrepancy on ORD-924 \u2014 \u20b972.48\n\nOrder ORD-924 (payment PAY-0924) settled \u20b92786.92 against contractual expectation \u20b92859.4 after rate-card MDR and GST. We request reversal of the unexplained difference of \u20b972.48.""}",,CASE-0139_DRAFT,,72.48,2026-09-05T07:13:23Z
ACT-0110,CASE-0139,create_dispute,CREATE_DISPUTE,AGENT,EXECUTED,L3,"{""case_id"": ""CASE-0139"", ""evidence_ids"": [""EVID-00476"", ""EVID-00477"", ""EVID-00478"", ""EVID-00479"", ""EVID-00480""], ""reason"": ""draft the gateway dispute with bound evidence; submission goes through the approval gate"", ""draft_content"": ""Subject: Settlement discrepancy on ORD-924 \u2014 \u20b972.48\n\nOrder ORD-924 (payment PAY-0924) settled \u20b92786.92 against contractual expectation \u20b92859.4 after rate-card MDR and GST. We request reversal of the unexplained difference of \u20b972.48."", ""amount"": 72.48}","{""external_reference"": ""DIS-CASE-0139"", ""dispute_id"": ""DIS-CASE-0139"", ""status"": ""SUBMIT_FAILED"", ""submitted_at"": ""2026-09-05T07:13:23Z"", ""simulated"": true, ""error"": ""gateway rejected dispute payload""}",DIS-CASE-0139,CASE-0139_CREATE,APR-0053,72.48,2026-09-05T07:13:23Z
ACT-0111,CASE-0149,draft_dispute,DRAFT_DISPUTE,AGENT,EXECUTED,L1,"{""case_id"": ""CASE-0149"", ""evidence_ids"": [""EVID-00510"", ""EVID-00511"", ""EVID-00512"", ""EVID-00513"", ""EVID-00514""], ""reason"": ""draft the gateway dispute with bound evidence; submission goes through the approval gate"", ""draft_content"": ""Subject: Settlement discrepancy on ORD-990 \u2014 \u20b971.33\n\nOrder ORD-990 (payment PAY-0990) settled \u20b91337.2 against contractual expectation \u20b91408.53 after rate-card MDR and GST. We request reversal of the unexplained difference of \u20b971.33."", ""amount"": 71.33}","{""draft_id"": ""DRF-CASE-0149"", ""draft"": ""Subject: Settlement discrepancy on ORD-990 \u2014 \u20b971.33\n\nOrder ORD-990 (payment PAY-0990) settled \u20b91337.2 against contractual expectation \u20b91408.53 after rate-card MDR and GST. We request reversal of the unexplained difference of \u20b971.33.""}",,CASE-0149_DRAFT,,71.33,2026-09-05T07:13:23Z
ACT-0112,CASE-0149,create_dispute,CREATE_DISPUTE,AGENT,EXECUTED,L3,"{""case_id"": ""CASE-0149"", ""evidence_ids"": [""EVID-00510"", ""EVID-00511"", ""EVID-00512"", ""EVID-00513"", ""EVID-00514""], ""reason"": ""draft the gateway dispute with bound evidence; submission goes through the approval gate"", ""draft_content"": ""Subject: Settlement discrepancy on ORD-990 \u2014 \u20b971.33\n\nOrder ORD-990 (payment PAY-0990) settled \u20b91337.2 against contractual expectation \u20b91408.53 after rate-card MDR and GST. We request reversal of the unexplained difference of \u20b971.33."", ""amount"": 71.33}","{""external_reference"": ""DIS-CASE-0149"", ""dispute_id"": ""DIS-CASE-0149"", ""status"": ""SUBMITTED"", ""submitted_at"": ""2026-09-05T07:13:23Z"", ""simulated"": true}",DIS-CASE-0149,CASE-0149_CREATE,APR-0054,71.33,2026-09-05T07:13:23Z
ACT-0113,CASE-0123,draft_dispute,DRAFT_DISPUTE,AGENT,EXECUTED,L1,"{""case_id"": ""CASE-0123"", ""evidence_ids"": [""EVID-00421"", ""EVID-00422"", ""EVID-00423"", ""EVID-00424"", ""EVID-00425""], ""reason"": ""draft the gateway dispute with bound evidence; submission goes through the approval gate"", ""draft_content"": ""Subject: Settlement discrepancy on ORD-815 \u2014 \u20b967.44\n\nOrder ORD-815 (payment PAY-0815) settled \u20b9933.74 against contractual expectation \u20b91001.18 after rate-card MDR and GST. We request reversal of the unexplained difference of \u20b967.44."", ""amount"": 67.44}","{""draft_id"": ""DRF-CASE-0123"", ""draft"": ""Subject: Settlement discrepancy on ORD-815 \u2014 \u20b967.44\n\nOrder ORD-815 (payment PAY-0815) settled \u20b9933.74 against contractual expectation \u20b91001.18 after rate-card MDR and GST. We request reversal of the unexplained difference of \u20b967.44.""}",,CASE-0123_DRAFT,,67.44,2026-09-05T07:13:24Z
ACT-0114,CASE-0123,create_dispute,CREATE_DISPUTE,AGENT,EXECUTED,L3,"{""case_id"": ""CASE-0123"", ""evidence_ids"": [""EVID-00421"", ""EVID-00422"", ""EVID-00423"", ""EVID-00424"", ""EVID-00425""], ""reason"": ""draft the gateway dispute with bound evidence; submission goes through the approval gate"", ""draft_content"": ""Subject: Settlement discrepancy on ORD-815 \u2014 \u20b967.44\n\nOrder ORD-815 (payment PAY-0815) settled \u20b9933.74 against contractual expectation \u20b91001.18 after rate-card MDR and GST. We request reversal of the unexplained difference of \u20b967.44."", ""amount"": 67.44}","{""external_reference"": ""DIS-CASE-0123"", ""dispute_id"": ""DIS-CASE-0123"", ""status"": ""SUBMITTED"", ""submitted_at"": ""2026-09-05T07:13:24Z"", ""simulated"": true}",DIS-CASE-0123,CASE-0123_CREATE,APR-0055,67.44,2026-09-05T07:13:24Z
ACT-0115,CASE-0132,draft_dispute,DRAFT_DISPUTE,AGENT,EXECUTED,L1,"{""case_id"": ""CASE-0132"", ""evidence_ids"": [""EVID-00452"", ""EVID-00453"", ""EVID-00454""], ""reason"": ""draft the gateway dispute with bound evidence; submission goes through the approval gate"", ""draft_content"": ""Subject: Settlement discrepancy on ORD-857 \u2014 \u20b966.74\n\nOrder ORD-857 (payment PAY-0857) settled \u20b9982.48 against contractual expectation \u20b91049.22 after rate-card MDR and GST. We request reversal of the unexplained difference of \u20b966.74."", ""amount"": 66.74}","{""draft_id"": ""DRF-CASE-0132"", ""draft"": ""Subject: Settlement discrepancy on ORD-857 \u2014 \u20b966.74\n\nOrder ORD-857 (payment PAY-0857) settled \u20b9982.48 against contractual expectation \u20b91049.22 after rate-card MDR and GST. We request reversal of the unexplained difference of \u20b966.74.""}",,CASE-0132_DRAFT,,66.74,2026-09-05T07:13:25Z
ACT-0116,CASE-0132,create_dispute,CREATE_DISPUTE,AGENT,EXECUTED,L3,"{""case_id"": ""CASE-0132"", ""evidence_ids"": [""EVID-00452"", ""EVID-00453"", ""EVID-00454""], ""reason"": ""draft the gateway dispute with bound evidence; submission goes through the approval gate"", ""draft_content"": ""Subject: Settlement discrepancy on ORD-857 \u2014 \u20b966.74\n\nOrder ORD-857 (payment PAY-0857) settled \u20b9982.48 against contractual expectation \u20b91049.22 after rate-card MDR and GST. We request reversal of the unexplained difference of \u20b966.74."", ""amount"": 66.74}","{""external_reference"": ""DIS-CASE-0132"", ""dispute_id"": ""DIS-CASE-0132"", ""status"": ""SUBMITTED"", ""submitted_at"": ""2026-09-05T07:13:25Z"", ""simulated"": true}",DIS-CASE-0132,CASE-0132_CREATE,APR-0056,66.74,2026-09-05T07:13:25Z
ACT-0117,CASE-0129,draft_dispute,DRAFT_DISPUTE,AGENT,EXECUTED,L1,"{""case_id"": ""CASE-0129"", ""evidence_ids"": [""EVID-00442"", ""EVID-00443"", ""EVID-00444""], ""reason"": ""draft the gateway dispute with bound evidence; submission goes through the approval gate"", ""draft_content"": ""Subject: Settlement discrepancy on ORD-840 \u2014 \u20b966.48\n\nOrder ORD-840 (payment PAY-0840) settled \u20b9786.73 against contractual expectation \u20b9853.21 after rate-card MDR and GST. We request reversal of the unexplained difference of \u20b966.48."", ""amount"": 66.48}","{""draft_id"": ""DRF-CASE-0129"", ""draft"": ""Subject: Settlement discrepancy on ORD-840 \u2014 \u20b966.48\n\nOrder ORD-840 (payment PAY-0840) settled \u20b9786.73 against contractual expectation \u20b9853.21 after rate-card MDR and GST. We request reversal of the unexplained difference of \u20b966.48.""}",,CASE-0129_DRAFT,,66.48,2026-09-05T07:13:25Z
ACT-0118,CASE-0129,create_dispute,CREATE_DISPUTE,AGENT,EXECUTED,L3,"{""case_id"": ""CASE-0129"", ""evidence_ids"": [""EVID-00442"", ""EVID-00443"", ""EVID-00444""], ""reason"": ""draft the gateway dispute with bound evidence; submission goes through the approval gate"", ""draft_content"": ""Subject: Settlement discrepancy on ORD-840 \u2014 \u20b966.48\n\nOrder ORD-840 (payment PAY-0840) settled \u20b9786.73 against contractual expectation \u20b9853.21 after rate-card MDR and GST. We request reversal of the unexplained difference of \u20b966.48."", ""amount"": 66.48}","{""external_reference"": ""DIS-CASE-0129"", ""dispute_id"": ""DIS-CASE-0129"", ""status"": ""SUBMITTED"", ""submitted_at"": ""2026-09-05T07:13:25Z"", ""simulated"": true}",DIS-CASE-0129,CASE-0129_CREATE,APR-0057,66.48,2026-09-05T07:13:25Z
ACT-0119,CASE-0128,draft_dispute,DRAFT_DISPUTE,AGENT,EXECUTED,L1,"{""case_id"": ""CASE-0128"", ""evidence_ids"": [""EVID-00439"", ""EVID-00440"", ""EVID-00441""], ""reason"": ""draft the gateway dispute with bound evidence; submission goes through the approval gate"", ""draft_content"": ""Subject: Settlement discrepancy on ORD-837 \u2014 \u20b965.58\n\nOrder ORD-837 (payment PAY-0837) settled \u20b9784.03 against contractual expectation \u20b9849.61 after rate-card MDR and GST. We request reversal of the unexplained difference of \u20b965.58."", ""amount"": 65.58}","{""draft_id"": ""DRF-CASE-0128"", ""draft"": ""Subject: Settlement discrepancy on ORD-837 \u2014 \u20b965.58\n\nOrder ORD-837 (payment PAY-0837) settled \u20b9784.03 against contractual expectation \u20b9849.61 after rate-card MDR and GST. We request reversal of the unexplained difference of \u20b965.58.""}",,CASE-0128_DRAFT,,65.58,2026-09-05T07:13:26Z
ACT-0120,CASE-0128,create_dispute,CREATE_DISPUTE,AGENT,EXECUTED,L3,"{""case_id"": ""CASE-0128"", ""evidence_ids"": [""EVID-00439"", ""EVID-00440"", ""EVID-00441""], ""reason"": ""draft the gateway dispute with bound evidence; submission goes through the approval gate"", ""draft_content"": ""Subject: Settlement discrepancy on ORD-837 \u2014 \u20b965.58\n\nOrder ORD-837 (payment PAY-0837) settled \u20b9784.03 against contractual expectation \u20b9849.61 after rate-card MDR and GST. We request reversal of the unexplained difference of \u20b965.58."", ""amount"": 65.58}","{""external_reference"": ""DIS-CASE-0128"", ""dispute_id"": ""DIS-CASE-0128"", ""status"": ""SUBMITTED"", ""submitted_at"": ""2026-09-05T07:13:26Z"", ""simulated"": true}",DIS-CASE-0128,CASE-0128_CREATE,APR-0058,65.58,2026-09-05T07:13:26Z
ACT-0121,CASE-0119,draft_dispute,DRAFT_DISPUTE,AGENT,EXECUTED,L1,"{""case_id"": ""CASE-0119"", ""evidence_ids"": [""EVID-00408"", ""EVID-00409"", ""EVID-00410""], ""reason"": ""draft the gateway dispute with bound evidence; submission goes through the approval gate"", ""draft_content"": ""Subject: Settlement discrepancy on ORD-789 \u2014 \u20b93185.57\n\nOrder ORD-789 (payment PAY-0789) settled \u20b93969.23 against contractual expectation \u20b97154.8 after rate-card MDR and GST. We request reversal of the unexplained difference of \u20b93185.57."", ""amount"": 63.71}","{""draft_id"": ""DRF-CASE-0119"", ""draft"": ""Subject: Settlement discrepancy on ORD-789 \u2014 \u20b93185.57\n\nOrder ORD-789 (payment PAY-0789) settled \u20b93969.23 against contractual expectation \u20b97154.8 after rate-card MDR and GST. We request reversal of the unexplained difference of \u20b93185.57.""}",,CASE-0119_DRAFT,,63.71,2026-09-05T07:13:27Z
ACT-0122,CASE-0119,create_dispute,CREATE_DISPUTE,AGENT,EXECUTED,L3,"{""case_id"": ""CASE-0119"", ""evidence_ids"": [""EVID-00408"", ""EVID-00409"", ""EVID-00410""], ""reason"": ""draft the gateway dispute with bound evidence; submission goes through the approval gate"", ""draft_content"": ""Subject: Settlement discrepancy on ORD-789 \u2014 \u20b93185.57\n\nOrder ORD-789 (payment PAY-0789) settled \u20b93969.23 against contractual expectation \u20b97154.8 after rate-card MDR and GST. We request reversal of the unexplained difference of \u20b93185.57."", ""amount"": 63.71}","{""external_reference"": ""DIS-CASE-0119"", ""dispute_id"": ""DIS-CASE-0119"", ""status"": ""SUBMITTED"", ""submitted_at"": ""2026-09-05T07:13:27Z"", ""simulated"": true}",DIS-CASE-0119,CASE-0119_CREATE,APR-0059,63.71,2026-09-05T07:13:27Z
ACT-0123,CASE-0017,draft_dispute,DRAFT_DISPUTE,AGENT,EXECUTED,L1,"{""case_id"": ""CASE-0017"", ""evidence_ids"": [""EVID-00057"", ""EVID-00058"", ""EVID-00059""], ""reason"": ""draft the gateway dispute with bound evidence; submission goes through the approval gate"", ""draft_content"": ""Subject: Settlement discrepancy on ORD-71 \u2014 \u20b958.05\n\nOrder ORD-71 (payment PAY-0071) settled \u20b91159.98 against contractual expectation \u20b91218.03 after rate-card MDR and GST. We request reversal of the unexplained difference of \u20b958.05."", ""amount"": 58.05}","{""draft_id"": ""DRF-CASE-0017"", ""draft"": ""Subject: Settlement discrepancy on ORD-71 \u2014 \u20b958.05\n\nOrder ORD-71 (payment PAY-0071) settled \u20b91159.98 against contractual expectation \u20b91218.03 after rate-card MDR and GST. We request reversal of the unexplained difference of \u20b958.05.""}",,CASE-0017_DRAFT,,58.05,2026-09-05T07:13:27Z
ACT-0124,CASE-0017,create_dispute,CREATE_DISPUTE,AGENT,EXECUTED,L3,"{""case_id"": ""CASE-0017"", ""evidence_ids"": [""EVID-00057"", ""EVID-00058"", ""EVID-00059""], ""reason"": ""draft the gateway dispute with bound evidence; submission goes through the approval gate"", ""draft_content"": ""Subject: Settlement discrepancy on ORD-71 \u2014 \u20b958.05\n\nOrder ORD-71 (payment PAY-0071) settled \u20b91159.98 against contractual expectation \u20b91218.03 after rate-card MDR and GST. We request reversal of the unexplained difference of \u20b958.05."", ""amount"": 58.05}","{""external_reference"": ""DIS-CASE-0017"", ""dispute_id"": ""DIS-CASE-0017"", ""status"": ""SUBMITTED"", ""submitted_at"": ""2026-09-05T07:13:27Z"", ""simulated"": true}",DIS-CASE-0017,CASE-0017_CREATE,APR-0060,58.05,2026-09-05T07:13:27Z
ACT-0125,CASE-0089,draft_dispute,DRAFT_DISPUTE,AGENT,EXECUTED,L1,"{""case_id"": ""CASE-0089"", ""evidence_ids"": [""EVID-00303"", ""EVID-00304"", ""EVID-00305"", ""EVID-00306""], ""reason"": ""draft the gateway dispute with bound evidence; submission goes through the approval gate"", ""draft_content"": ""Subject: Settlement discrepancy on ORD-585 \u2014 \u20b957.34\n\nOrder ORD-585 (payment PAY-0585) settled \u20b92314.9 against contractual expectation \u20b92372.24 after rate-card MDR and GST. We request reversal of the unexplained difference of \u20b957.34."", ""amount"": 57.34}","{""draft_id"": ""DRF-CASE-0089"", ""draft"": ""Subject: Settlement discrepancy on ORD-585 \u2014 \u20b957.34\n\nOrder ORD-585 (payment PAY-0585) settled \u20b92314.9 against contractual expectation \u20b92372.24 after rate-card MDR and GST. We request reversal of the unexplained difference of \u20b957.34.""}",,CASE-0089_DRAFT,,57.34,2026-09-05T07:13:28Z
ACT-0126,CASE-0073,draft_dispute,DRAFT_DISPUTE,AGENT,EXECUTED,L1,"{""case_id"": ""CASE-0073"", ""evidence_ids"": [""EVID-00250"", ""EVID-00251"", ""EVID-00252""], ""reason"": ""draft the gateway dispute with bound evidence; submission goes through the approval gate"", ""draft_content"": ""Subject: Settlement discrepancy on ORD-458 \u2014 \u20b946.00\n\nOrder ORD-458 (payment PAY-0458) settled \u20b91091.25 against contractual expectation \u20b91137.25 after rate-card MDR and GST. We request reversal of the unexplained difference of \u20b946.00."", ""amount"": 46.0}","{""draft_id"": ""DRF-CASE-0073"", ""draft"": ""Subject: Settlement discrepancy on ORD-458 \u2014 \u20b946.00\n\nOrder ORD-458 (payment PAY-0458) settled \u20b91091.25 against contractual expectation \u20b91137.25 after rate-card MDR and GST. We request reversal of the unexplained difference of \u20b946.00.""}",,CASE-0073_DRAFT,,46.0,2026-09-05T07:13:28Z
ACT-0127,CASE-0073,create_dispute,CREATE_DISPUTE,AGENT,EXECUTED,L3,"{""case_id"": ""CASE-0073"", ""evidence_ids"": [""EVID-00250"", ""EVID-00251"", ""EVID-00252""], ""reason"": ""draft the gateway dispute with bound evidence; submission goes through the approval gate"", ""draft_content"": ""Subject: Settlement discrepancy on ORD-458 \u2014 \u20b946.00\n\nOrder ORD-458 (payment PAY-0458) settled \u20b91091.25 against contractual expectation \u20b91137.25 after rate-card MDR and GST. We request reversal of the unexplained difference of \u20b946.00."", ""amount"": 46.0}","{""external_reference"": ""DIS-CASE-0073"", ""dispute_id"": ""DIS-CASE-0073"", ""status"": ""SUBMITTED"", ""submitted_at"": ""2026-09-05T07:13:28Z"", ""simulated"": true}",DIS-CASE-0073,CASE-0073_CREATE,APR-0061,46.0,2026-09-05T07:13:28Z
ACT-0128,CASE-0090,draft_dispute,DRAFT_DISPUTE,AGENT,EXECUTED,L1,"{""case_id"": ""CASE-0090"", ""evidence_ids"": [""EVID-00307"", ""EVID-00308"", ""EVID-00309""], ""reason"": ""draft the gateway dispute with bound evidence; submission goes through the approval gate"", ""draft_content"": ""Subject: Settlement discrepancy on ORD-590 \u2014 \u20b942.80\n\nOrder ORD-590 (payment PAY-0590) settled \u20b9556.49 against contractual expectation \u20b9599.29 after rate-card MDR and GST. We request reversal of the unexplained difference of \u20b942.80."", ""amount"": 42.8}","{""draft_id"": ""DRF-CASE-0090"", ""draft"": ""Subject: Settlement discrepancy on ORD-590 \u2014 \u20b942.80\n\nOrder ORD-590 (payment PAY-0590) settled \u20b9556.49 against contractual expectation \u20b9599.29 after rate-card MDR and GST. We request reversal of the unexplained difference of \u20b942.80.""}",,CASE-0090_DRAFT,,42.8,2026-09-05T07:13:29Z
ACT-0129,CASE-0090,create_dispute,CREATE_DISPUTE,AGENT,EXECUTED,L3,"{""case_id"": ""CASE-0090"", ""evidence_ids"": [""EVID-00307"", ""EVID-00308"", ""EVID-00309""], ""reason"": ""draft the gateway dispute with bound evidence; submission goes through the approval gate"", ""draft_content"": ""Subject: Settlement discrepancy on ORD-590 \u2014 \u20b942.80\n\nOrder ORD-590 (payment PAY-0590) settled \u20b9556.49 against contractual expectation \u20b9599.29 after rate-card MDR and GST. We request reversal of the unexplained difference of \u20b942.80."", ""amount"": 42.8}","{""external_reference"": ""DIS-CASE-0090"", ""dispute_id"": ""DIS-CASE-0090"", ""status"": ""SUBMITTED"", ""submitted_at"": ""2026-09-05T07:13:29Z"", ""simulated"": true}",DIS-CASE-0090,CASE-0090_CREATE,APR-0062,42.8,2026-09-05T07:13:29Z
ACT-0130,CASE-0116,draft_dispute,DRAFT_DISPUTE,AGENT,EXECUTED,L1,"{""case_id"": ""CASE-0116"", ""evidence_ids"": [""EVID-00397"", ""EVID-00398"", ""EVID-00399"", ""EVID-00400""], ""reason"": ""draft the gateway dispute with bound evidence; submission goes through the approval gate"", ""draft_content"": ""Subject: Settlement discrepancy on ORD-772 \u2014 \u20b935.51\n\nOrder ORD-772 (payment PAY-0772) settled \u20b93114.11 against contractual expectation \u20b93149.62 after rate-card MDR and GST. We request reversal of the unexplained difference of \u20b935.51."", ""amount"": 41.9}","{""draft_id"": ""DRF-CASE-0116"", ""draft"": ""Subject: Settlement discrepancy on ORD-772 \u2014 \u20b935.51\n\nOrder ORD-772 (payment PAY-0772) settled \u20b93114.11 against contractual expectation \u20b93149.62 after rate-card MDR and GST. We request reversal of the unexplained difference of \u20b935.51.""}",,CASE-0116_DRAFT,,41.9,2026-09-05T07:13:30Z
ACT-0131,CASE-0056,draft_dispute,DRAFT_DISPUTE,AGENT,EXECUTED,L1,"{""case_id"": ""CASE-0056"", ""evidence_ids"": [""EVID-00191"", ""EVID-00192"", ""EVID-00193""], ""reason"": ""draft the gateway dispute with bound evidence; submission goes through the approval gate"", ""draft_content"": ""Subject: Settlement discrepancy on ORD-301 \u2014 \u20b92072.39\n\nOrder ORD-301 (payment PAY-0301) settled \u20b92447.16 against contractual expectation \u20b94519.55 after rate-card MDR and GST. We request reversal of the unexplained difference of \u20b92072.39."", ""amount"": 41.45}","{""draft_id"": ""DRF-CASE-0056"", ""draft"": ""Subject: Settlement discrepancy on ORD-301 \u2014 \u20b92072.39\n\nOrder ORD-301 (payment PAY-0301) settled \u20b92447.16 against contractual expectation \u20b94519.55 after rate-card MDR and GST. We request reversal of the unexplained difference of \u20b92072.39.""}",,CASE-0056_DRAFT,,41.45,2026-09-05T07:13:30Z
ACT-0132,CASE-0056,create_dispute,CREATE_DISPUTE,AGENT,EXECUTED,L3,"{""case_id"": ""CASE-0056"", ""evidence_ids"": [""EVID-00191"", ""EVID-00192"", ""EVID-00193""], ""reason"": ""draft the gateway dispute with bound evidence; submission goes through the approval gate"", ""draft_content"": ""Subject: Settlement discrepancy on ORD-301 \u2014 \u20b92072.39\n\nOrder ORD-301 (payment PAY-0301) settled \u20b92447.16 against contractual expectation \u20b94519.55 after rate-card MDR and GST. We request reversal of the unexplained difference of \u20b92072.39."", ""amount"": 41.45}","{""external_reference"": ""DIS-CASE-0056"", ""dispute_id"": ""DIS-CASE-0056"", ""status"": ""SUBMITTED"", ""submitted_at"": ""2026-09-05T07:13:30Z"", ""simulated"": true}",DIS-CASE-0056,CASE-0056_CREATE,APR-0063,41.45,2026-09-05T07:13:30Z
ACT-0133,CASE-0146,draft_dispute,DRAFT_DISPUTE,AGENT,EXECUTED,L1,"{""case_id"": ""CASE-0146"", ""evidence_ids"": [""EVID-00499"", ""EVID-00500"", ""EVID-00501"", ""EVID-00502""], ""reason"": ""draft the gateway dispute with bound evidence; submission goes through the approval gate"", ""draft_content"": ""Subject: Settlement discrepancy on ORD-980 \u2014 \u20b933.20\n\nOrder ORD-980 (payment PAY-0980) settled \u20b95013.61 against contractual expectation \u20b95046.81 after rate-card MDR and GST. We request reversal of the unexplained difference of \u20b933.20."", ""amount"": 39.17}","{""draft_id"": ""DRF-CASE-0146"", ""draft"": ""Subject: Settlement discrepancy on ORD-980 \u2014 \u20b933.20\n\nOrder ORD-980 (payment PAY-0980) settled \u20b95013.61 against contractual expectation \u20b95046.81 after rate-card MDR and GST. We request reversal of the unexplained difference of \u20b933.20.""}",,CASE-0146_DRAFT,,39.17,2026-09-05T07:13:31Z
ACT-0134,CASE-0097,draft_dispute,DRAFT_DISPUTE,AGENT,EXECUTED,L1,"{""case_id"": ""CASE-0097"", ""evidence_ids"": [""EVID-00332"", ""EVID-00333"", ""EVID-00334"", ""EVID-00335""], ""reason"": ""draft the gateway dispute with bound evidence; submission goes through the approval gate"", ""draft_content"": ""Subject: Settlement discrepancy on ORD-655 \u2014 \u20b932.93\n\nOrder ORD-655 (payment PAY-0655) settled \u20b93930.75 against contractual expectation \u20b93963.68 after rate-card MDR and GST. We request reversal of the unexplained difference of \u20b932.93."", ""amount"": 38.85}","{""draft_id"": ""DRF-CASE-0097"", ""draft"": ""Subject: Settlement discrepancy on ORD-655 \u2014 \u20b932.93\n\nOrder ORD-655 (payment PAY-0655) settled \u20b93930.75 against contractual expectation \u20b93963.68 after rate-card MDR and GST. We request reversal of the unexplained difference of \u20b932.93.""}",,CASE-0097_DRAFT,,38.85,2026-09-05T07:13:31Z
ACT-0135,CASE-0127,draft_dispute,DRAFT_DISPUTE,AGENT,EXECUTED,L1,"{""case_id"": ""CASE-0127"", ""evidence_ids"": [""EVID-00436"", ""EVID-00437"", ""EVID-00438""], ""reason"": ""draft the gateway dispute with bound evidence; submission goes through the approval gate"", ""draft_content"": ""Subject: Settlement discrepancy on ORD-835 \u2014 \u20b91932.21\n\nOrder ORD-835 (payment PAY-0835) settled \u20b95938.05 against contractual expectation \u20b97870.26 after rate-card MDR and GST. We request reversal of the unexplained difference of \u20b91932.21."", ""amount"": 38.64}","{""draft_id"": ""DRF-CASE-0127"", ""draft"": ""Subject: Settlement discrepancy on ORD-835 \u2014 \u20b91932.21\n\nOrder ORD-835 (payment PAY-0835) settled \u20b95938.05 against contractual expectation \u20b97870.26 after rate-card MDR and GST. We request reversal of the unexplained difference of \u20b91932.21.""}",,CASE-0127_DRAFT,,38.64,2026-09-05T07:13:32Z
ACT-0136,CASE-0127,create_dispute,CREATE_DISPUTE,AGENT,EXECUTED,L3,"{""case_id"": ""CASE-0127"", ""evidence_ids"": [""EVID-00436"", ""EVID-00437"", ""EVID-00438""], ""reason"": ""draft the gateway dispute with bound evidence; submission goes through the approval gate"", ""draft_content"": ""Subject: Settlement discrepancy on ORD-835 \u2014 \u20b91932.21\n\nOrder ORD-835 (payment PAY-0835) settled \u20b95938.05 against contractual expectation \u20b97870.26 after rate-card MDR and GST. We request reversal of the unexplained difference of \u20b91932.21."", ""amount"": 38.64}","{""external_reference"": ""DIS-CASE-0127"", ""dispute_id"": ""DIS-CASE-0127"", ""status"": ""SUBMITTED"", ""submitted_at"": ""2026-09-05T07:13:32Z"", ""simulated"": true}",DIS-CASE-0127,CASE-0127_CREATE,APR-0064,38.64,2026-09-05T07:13:32Z
ACT-0137,CASE-0080,draft_dispute,DRAFT_DISPUTE,AGENT,EXECUTED,L1,"{""case_id"": ""CASE-0080"", ""evidence_ids"": [""EVID-00274"", ""EVID-00275"", ""EVID-00276"", ""EVID-00277""], ""reason"": ""draft the gateway dispute with bound evidence; submission goes through the approval gate"", ""draft_content"": ""Subject: Settlement discrepancy on ORD-476 \u2014 \u20b937.93\n\nOrder ORD-476 (payment PAY-0476) settled \u20b91615.98 against contractual expectation \u20b91653.91 after rate-card MDR and GST. We request reversal of the unexplained difference of \u20b937.93."", ""amount"": 37.93}","{""draft_id"": ""DRF-CASE-0080"", ""draft"": ""Subject: Settlement discrepancy on ORD-476 \u2014 \u20b937.93\n\nOrder ORD-476 (payment PAY-0476) settled \u20b91615.98 against contractual expectation \u20b91653.91 after rate-card MDR and GST. We request reversal of the unexplained difference of \u20b937.93.""}",,CASE-0080_DRAFT,,37.93,2026-09-05T07:13:33Z
ACT-0138,CASE-0019,draft_dispute,DRAFT_DISPUTE,AGENT,EXECUTED,L1,"{""case_id"": ""CASE-0019"", ""evidence_ids"": [""EVID-00064"", ""EVID-00065"", ""EVID-00066""], ""reason"": ""draft the gateway dispute with bound evidence; submission goes through the approval gate"", ""draft_content"": ""Subject: Settlement discrepancy on ORD-76 \u2014 \u20b936.80\n\nOrder ORD-76 (payment PAY-0076) settled \u20b9585.3 against contractual expectation \u20b9622.1 after rate-card MDR and GST. We request reversal of the unexplained difference of \u20b936.80."", ""amount"": 36.8}","{""draft_id"": ""DRF-CASE-0019"", ""draft"": ""Subject: Settlement discrepancy on ORD-76 \u2014 \u20b936.80\n\nOrder ORD-76 (payment PAY-0076) settled \u20b9585.3 against contractual expectation \u20b9622.1 after rate-card MDR and GST. We request reversal of the unexplained difference of \u20b936.80.""}",,CASE-0019_DRAFT,,36.8,2026-09-05T07:13:33Z
ACT-0139,CASE-0019,create_dispute,CREATE_DISPUTE,AGENT,EXECUTED,L3,"{""case_id"": ""CASE-0019"", ""evidence_ids"": [""EVID-00064"", ""EVID-00065"", ""EVID-00066""], ""reason"": ""draft the gateway dispute with bound evidence; submission goes through the approval gate"", ""draft_content"": ""Subject: Settlement discrepancy on ORD-76 \u2014 \u20b936.80\n\nOrder ORD-76 (payment PAY-0076) settled \u20b9585.3 against contractual expectation \u20b9622.1 after rate-card MDR and GST. We request reversal of the unexplained difference of \u20b936.80."", ""amount"": 36.8}","{""external_reference"": ""DIS-CASE-0019"", ""dispute_id"": ""DIS-CASE-0019"", ""status"": ""SUBMITTED"", ""submitted_at"": ""2026-09-05T07:13:33Z"", ""simulated"": true}",DIS-CASE-0019,CASE-0019_CREATE,APR-0065,36.8,2026-09-05T07:13:33Z
ACT-0140,CASE-0060,draft_dispute,DRAFT_DISPUTE,AGENT,EXECUTED,L1,"{""case_id"": ""CASE-0060"", ""evidence_ids"": [""EVID-00205"", ""EVID-00206"", ""EVID-00207""], ""reason"": ""draft the gateway dispute with bound evidence; submission goes through the approval gate"", ""draft_content"": ""Subject: Settlement discrepancy on ORD-345 \u2014 \u20b935.42\n\nOrder ORD-345 (payment PAY-0345) settled \u20b92046.33 against contractual expectation \u20b92081.75 after rate-card MDR and GST. We request reversal of the unexplained difference of \u20b935.42."", ""amount"": 35.42}","{""draft_id"": ""DRF-CASE-0060"", ""draft"": ""Subject: Settlement discrepancy on ORD-345 \u2014 \u20b935.42\n\nOrder ORD-345 (payment PAY-0345) settled \u20b92046.33 against contractual expectation \u20b92081.75 after rate-card MDR and GST. We request reversal of the unexplained difference of \u20b935.42.""}",,CASE-0060_DRAFT,,35.42,2026-09-05T07:13:34Z
ACT-0141,CASE-0060,create_dispute,CREATE_DISPUTE,AGENT,EXECUTED,L3,"{""case_id"": ""CASE-0060"", ""evidence_ids"": [""EVID-00205"", ""EVID-00206"", ""EVID-00207""], ""reason"": ""draft the gateway dispute with bound evidence; submission goes through the approval gate"", ""draft_content"": ""Subject: Settlement discrepancy on ORD-345 \u2014 \u20b935.42\n\nOrder ORD-345 (payment PAY-0345) settled \u20b92046.33 against contractual expectation \u20b92081.75 after rate-card MDR and GST. We request reversal of the unexplained difference of \u20b935.42."", ""amount"": 35.42}","{""external_reference"": ""DIS-CASE-0060"", ""dispute_id"": ""DIS-CASE-0060"", ""status"": ""SUBMITTED"", ""submitted_at"": ""2026-09-05T07:13:34Z"", ""simulated"": true}",DIS-CASE-0060,CASE-0060_CREATE,APR-0066,35.42,2026-09-05T07:13:34Z
ACT-0142,CASE-0037,draft_dispute,DRAFT_DISPUTE,AGENT,EXECUTED,L1,"{""case_id"": ""CASE-0037"", ""evidence_ids"": [""EVID-00127"", ""EVID-00128"", ""EVID-00129""], ""reason"": ""draft the gateway dispute with bound evidence; submission goes through the approval gate"", ""draft_content"": ""Subject: Settlement discrepancy on ORD-176 \u2014 \u20b91682.76\n\nOrder ORD-176 (payment PAY-0176) settled \u20b91742.84 against contractual expectation \u20b93425.6 after rate-card MDR and GST. We request reversal of the unexplained difference of \u20b91682.76."", ""amount"": 33.66}","{""draft_id"": ""DRF-CASE-0037"", ""draft"": ""Subject: Settlement discrepancy on ORD-176 \u2014 \u20b91682.76\n\nOrder ORD-176 (payment PAY-0176) settled \u20b91742.84 against contractual expectation \u20b93425.6 after rate-card MDR and GST. We request reversal of the unexplained difference of \u20b91682.76.""}",,CASE-0037_DRAFT,,33.66,2026-09-05T07:13:34Z
ACT-0143,CASE-0037,create_dispute,CREATE_DISPUTE,AGENT,EXECUTED,L3,"{""case_id"": ""CASE-0037"", ""evidence_ids"": [""EVID-00127"", ""EVID-00128"", ""EVID-00129""], ""reason"": ""draft the gateway dispute with bound evidence; submission goes through the approval gate"", ""draft_content"": ""Subject: Settlement discrepancy on ORD-176 \u2014 \u20b91682.76\n\nOrder ORD-176 (payment PAY-0176) settled \u20b91742.84 against contractual expectation \u20b93425.6 after rate-card MDR and GST. We request reversal of the unexplained difference of \u20b91682.76."", ""amount"": 33.66}","{""external_reference"": ""DIS-CASE-0037"", ""dispute_id"": ""DIS-CASE-0037"", ""status"": ""ALREADY_RESOLVED"", ""submitted_at"": ""2026-09-05T07:13:35Z"", ""simulated"": true}",DIS-CASE-0037,CASE-0037_CREATE,APR-0067,33.66,2026-09-05T07:13:35Z
ACT-0144,CASE-0102,draft_dispute,DRAFT_DISPUTE,AGENT,EXECUTED,L1,"{""case_id"": ""CASE-0102"", ""evidence_ids"": [""EVID-00349"", ""EVID-00350"", ""EVID-00351""], ""reason"": ""draft the gateway dispute with bound evidence; submission goes through the approval gate"", ""draft_content"": ""Subject: Settlement discrepancy on ORD-669 \u2014 \u20b91440.19\n\nOrder ORD-669 (payment PAY-0669) settled \u20b93853.1 against contractual expectation \u20b95293.29 after rate-card MDR and GST. We request reversal of the unexplained difference of \u20b91440.19."", ""amount"": 28.8}","{""draft_id"": ""DRF-CASE-0102"", ""draft"": ""Subject: Settlement discrepancy on ORD-669 \u2014 \u20b91440.19\n\nOrder ORD-669 (payment PAY-0669) settled \u20b93853.1 against contractual expectation \u20b95293.29 after rate-card MDR and GST. We request reversal of the unexplained difference of \u20b91440.19.""}",,CASE-0102_DRAFT,,28.8,2026-09-05T07:13:35Z
ACT-0145,CASE-0102,create_dispute,CREATE_DISPUTE,AGENT,EXECUTED,L3,"{""case_id"": ""CASE-0102"", ""evidence_ids"": [""EVID-00349"", ""EVID-00350"", ""EVID-00351""], ""reason"": ""draft the gateway dispute with bound evidence; submission goes through the approval gate"", ""draft_content"": ""Subject: Settlement discrepancy on ORD-669 \u2014 \u20b91440.19\n\nOrder ORD-669 (payment PAY-0669) settled \u20b93853.1 against contractual expectation \u20b95293.29 after rate-card MDR and GST. We request reversal of the unexplained difference of \u20b91440.19."", ""amount"": 28.8}","{""external_reference"": ""DIS-CASE-0102"", ""dispute_id"": ""DIS-CASE-0102"", ""status"": ""SUBMITTED"", ""submitted_at"": ""2026-09-05T07:13:35Z"", ""simulated"": true}",DIS-CASE-0102,CASE-0102_CREATE,APR-0068,28.8,2026-09-05T07:13:35Z
ACT-0146,CASE-0137,draft_dispute,DRAFT_DISPUTE,AGENT,EXECUTED,L1,"{""case_id"": ""CASE-0137"", ""evidence_ids"": [""EVID-00469"", ""EVID-00470"", ""EVID-00471""], ""reason"": ""draft the gateway dispute with bound evidence; submission goes through the approval gate"", ""draft_content"": ""Subject: Settlement discrepancy on ORD-893 \u2014 \u20b927.51\n\nOrder ORD-893 (payment PAY-0893) settled \u20b91247.45 against contractual expectation \u20b91274.96 after rate-card MDR and GST. We request reversal of the unexplained difference of \u20b927.51."", ""amount"": 27.51}","{""draft_id"": ""DRF-CASE-0137"", ""draft"": ""Subject: Settlement discrepancy on ORD-893 \u2014 \u20b927.51\n\nOrder ORD-893 (payment PAY-0893) settled \u20b91247.45 against contractual expectation \u20b91274.96 after rate-card MDR and GST. We request reversal of the unexplained difference of \u20b927.51.""}",,CASE-0137_DRAFT,,27.51,2026-09-05T07:13:36Z
ACT-0147,CASE-0137,create_dispute,CREATE_DISPUTE,AGENT,EXECUTED,L3,"{""case_id"": ""CASE-0137"", ""evidence_ids"": [""EVID-00469"", ""EVID-00470"", ""EVID-00471""], ""reason"": ""draft the gateway dispute with bound evidence; submission goes through the approval gate"", ""draft_content"": ""Subject: Settlement discrepancy on ORD-893 \u2014 \u20b927.51\n\nOrder ORD-893 (payment PAY-0893) settled \u20b91247.45 against contractual expectation \u20b91274.96 after rate-card MDR and GST. We request reversal of the unexplained difference of \u20b927.51."", ""amount"": 27.51}","{""external_reference"": ""DIS-CASE-0137"", ""dispute_id"": ""DIS-CASE-0137"", ""status"": ""ALREADY_RESOLVED"", ""submitted_at"": ""2026-09-05T07:13:36Z"", ""simulated"": true}",DIS-CASE-0137,CASE-0137_CREATE,APR-0069,27.51,2026-09-05T07:13:36Z
ACT-0148,CASE-0120,draft_dispute,DRAFT_DISPUTE,AGENT,EXECUTED,L1,"{""case_id"": ""CASE-0120"", ""evidence_ids"": [""EVID-00411"", ""EVID-00412"", ""EVID-00413"", ""EVID-00414""], ""reason"": ""draft the gateway dispute with bound evidence; submission goes through the approval gate"", ""draft_content"": ""Subject: Settlement discrepancy on ORD-796 \u2014 \u20b921.97\n\nOrder ORD-796 (payment PAY-0796) settled \u20b91795.21 against contractual expectation \u20b91817.18 after rate-card MDR and GST. We request reversal of the unexplained difference of \u20b921.97."", ""amount"": 25.92}","{""draft_id"": ""DRF-CASE-0120"", ""draft"": ""Subject: Settlement discrepancy on ORD-796 \u2014 \u20b921.97\n\nOrder ORD-796 (payment PAY-0796) settled \u20b91795.21 against contractual expectation \u20b91817.18 after rate-card MDR and GST. We request reversal of the unexplained difference of \u20b921.97.""}",,CASE-0120_DRAFT,,25.92,2026-09-05T07:13:37Z
ACT-0149,CASE-0031,draft_dispute,DRAFT_DISPUTE,AGENT,EXECUTED,L1,"{""case_id"": ""CASE-0031"", ""evidence_ids"": [""EVID-00105"", ""EVID-00106"", ""EVID-00107"", ""EVID-00108""], ""reason"": ""draft the gateway dispute with bound evidence; submission goes through the approval gate"", ""draft_content"": ""Subject: Settlement discrepancy on ORD-143 \u2014 \u20b921.81\n\nOrder ORD-143 (payment PAY-0143) settled \u20b91994.47 against contractual expectation \u20b92016.28 after rate-card MDR and GST. We request reversal of the unexplained difference of \u20b921.81."", ""amount"": 25.74}","{""draft_id"": ""DRF-CASE-0031"", ""draft"": ""Subject: Settlement discrepancy on ORD-143 \u2014 \u20b921.81\n\nOrder ORD-143 (payment PAY-0143) settled \u20b91994.47 against contractual expectation \u20b92016.28 after rate-card MDR and GST. We request reversal of the unexplained difference of \u20b921.81.""}",,CASE-0031_DRAFT,,25.74,2026-09-05T07:13:37Z
ACT-0150,CASE-0038,draft_dispute,DRAFT_DISPUTE,AGENT,EXECUTED,L1,"{""case_id"": ""CASE-0038"", ""evidence_ids"": [""EVID-00130"", ""EVID-00131"", ""EVID-00132"", ""EVID-00133""], ""reason"": ""draft the gateway dispute with bound evidence; submission goes through the approval gate"", ""draft_content"": ""Subject: Settlement discrepancy on ORD-178 \u2014 \u20b920.19\n\nOrder ORD-178 (payment PAY-0178) settled \u20b93558.29 against contractual expectation \u20b93578.48 after rate-card MDR and GST. We request reversal of the unexplained difference of \u20b920.19."", ""amount"": 23.82}","{""draft_id"": ""DRF-CASE-0038"", ""draft"": ""Subject: Settlement discrepancy on ORD-178 \u2014 \u20b920.19\n\nOrder ORD-178 (payment PAY-0178) settled \u20b93558.29 against contractual expectation \u20b93578.48 after rate-card MDR and GST. We request reversal of the unexplained difference of \u20b920.19.""}",,CASE-0038_DRAFT,,23.82,2026-09-05T07:13:38Z
ACT-0151,CASE-0069,draft_dispute,DRAFT_DISPUTE,AGENT,EXECUTED,L1,"{""case_id"": ""CASE-0069"", ""evidence_ids"": [""EVID-00235"", ""EVID-00236"", ""EVID-00237""], ""reason"": ""draft the gateway dispute with bound evidence; submission goes through the approval gate"", ""draft_content"": ""Subject: Settlement discrepancy on ORD-428 \u2014 \u20b922.20\n\nOrder ORD-428 (payment PAY-0428) settled \u20b91904.6 against contractual expectation \u20b91926.8 after rate-card MDR and GST. We request reversal of the unexplained difference of \u20b922.20."", ""amount"": 22.2}","{""draft_id"": ""DRF-CASE-0069"", ""draft"": ""Subject: Settlement discrepancy on ORD-428 \u2014 \u20b922.20\n\nOrder ORD-428 (payment PAY-0428) settled \u20b91904.6 against contractual expectation \u20b91926.8 after rate-card MDR and GST. We request reversal of the unexplained difference of \u20b922.20.""}",,CASE-0069_DRAFT,,22.2,2026-09-05T07:13:38Z
ACT-0152,CASE-0069,create_dispute,CREATE_DISPUTE,AGENT,EXECUTED,L3,"{""case_id"": ""CASE-0069"", ""evidence_ids"": [""EVID-00235"", ""EVID-00236"", ""EVID-00237""], ""reason"": ""draft the gateway dispute with bound evidence; submission goes through the approval gate"", ""draft_content"": ""Subject: Settlement discrepancy on ORD-428 \u2014 \u20b922.20\n\nOrder ORD-428 (payment PAY-0428) settled \u20b91904.6 against contractual expectation \u20b91926.8 after rate-card MDR and GST. We request reversal of the unexplained difference of \u20b922.20."", ""amount"": 22.2}","{""external_reference"": ""DIS-CASE-0069"", ""dispute_id"": ""DIS-CASE-0069"", ""status"": ""SUBMITTED"", ""submitted_at"": ""2026-09-05T07:13:38Z"", ""simulated"": true}",DIS-CASE-0069,CASE-0069_CREATE,APR-0070,22.2,2026-09-05T07:13:38Z
ACT-0153,CASE-0053,draft_dispute,DRAFT_DISPUTE,AGENT,EXECUTED,L1,"{""case_id"": ""CASE-0053"", ""evidence_ids"": [""EVID-00180"", ""EVID-00181"", ""EVID-00182"", ""EVID-00183""], ""reason"": ""draft the gateway dispute with bound evidence; submission goes through the approval gate"", ""draft_content"": ""Subject: Settlement discrepancy on ORD-288 \u2014 \u20b918.01\n\nOrder ORD-288 (payment PAY-0288) settled \u20b91568.85 against contractual expectation \u20b91586.86 after rate-card MDR and GST. We request reversal of the unexplained difference of \u20b918.01."", ""amount"": 21.25}","{""draft_id"": ""DRF-CASE-0053"", ""draft"": ""Subject: Settlement discrepancy on ORD-288 \u2014 \u20b918.01\n\nOrder ORD-288 (payment PAY-0288) settled \u20b91568.85 against contractual expectation \u20b91586.86 after rate-card MDR and GST. We request reversal of the unexplained difference of \u20b918.01.""}",,CASE-0053_DRAFT,,21.25,2026-09-05T07:13:39Z
ACT-0154,CASE-0131,draft_dispute,DRAFT_DISPUTE,AGENT,EXECUTED,L1,"{""case_id"": ""CASE-0131"", ""evidence_ids"": [""EVID-00448"", ""EVID-00449"", ""EVID-00450"", ""EVID-00451""], ""reason"": ""draft the gateway dispute with bound evidence; submission goes through the approval gate"", ""draft_content"": ""Subject: Settlement discrepancy on ORD-849 \u2014 \u20b917.64\n\nOrder ORD-849 (payment PAY-0849) settled \u20b912237.77 against contractual expectation \u20b912255.41 after rate-card MDR and GST. We request reversal of the unexplained difference of \u20b917.64."", ""amount"": 20.81}","{""draft_id"": ""DRF-CASE-0131"", ""draft"": ""Subject: Settlement discrepancy on ORD-849 \u2014 \u20b917.64\n\nOrder ORD-849 (payment PAY-0849) settled \u20b912237.77 against contractual expectation \u20b912255.41 after rate-card MDR and GST. We request reversal of the unexplained difference of \u20b917.64.""}",,CASE-0131_DRAFT,,20.81,2026-09-05T07:13:39Z
ACT-0155,CASE-0103,draft_dispute,DRAFT_DISPUTE,AGENT,EXECUTED,L1,"{""case_id"": ""CASE-0103"", ""evidence_ids"": [""EVID-00352"", ""EVID-00353"", ""EVID-00354""], ""reason"": ""draft the gateway dispute with bound evidence; submission goes through the approval gate"", ""draft_content"": ""Subject: Settlement discrepancy on ORD-680 \u2014 \u20b91034.33\n\nOrder ORD-680 (payment PAY-0680) settled \u20b91282.06 against contractual expectation \u20b92316.39 after rate-card MDR and GST. We request reversal of the unexplained difference of \u20b91034.33."", ""amount"": 20.69}","{""draft_id"": ""DRF-CASE-0103"", ""draft"": ""Subject: Settlement discrepancy on ORD-680 \u2014 \u20b91034.33\n\nOrder ORD-680 (payment PAY-0680) settled \u20b91282.06 against contractual expectation \u20b92316.39 after rate-card MDR and GST. We request reversal of the unexplained difference of \u20b91034.33.""}",,CASE-0103_DRAFT,,20.69,2026-09-05T07:13:40Z
ACT-0156,CASE-0103,create_dispute,CREATE_DISPUTE,AGENT,EXECUTED,L3,"{""case_id"": ""CASE-0103"", ""evidence_ids"": [""EVID-00352"", ""EVID-00353"", ""EVID-00354""], ""reason"": ""draft the gateway dispute with bound evidence; submission goes through the approval gate"", ""draft_content"": ""Subject: Settlement discrepancy on ORD-680 \u2014 \u20b91034.33\n\nOrder ORD-680 (payment PAY-0680) settled \u20b91282.06 against contractual expectation \u20b92316.39 after rate-card MDR and GST. We request reversal of the unexplained difference of \u20b91034.33."", ""amount"": 20.69}","{""external_reference"": ""DIS-CASE-0103"", ""dispute_id"": ""DIS-CASE-0103"", ""status"": ""SUBMITTED"", ""submitted_at"": ""2026-09-05T07:13:40Z"", ""simulated"": true}",DIS-CASE-0103,CASE-0103_CREATE,APR-0071,20.69,2026-09-05T07:13:40Z
ACT-0157,CASE-0084,draft_dispute,DRAFT_DISPUTE,AGENT,EXECUTED,L1,"{""case_id"": ""CASE-0084"", ""evidence_ids"": [""EVID-00287"", ""EVID-00288"", ""EVID-00289""], ""reason"": ""draft the gateway dispute with bound evidence; submission goes through the approval gate"", ""draft_content"": ""Subject: Settlement discrepancy on ORD-550 \u2014 \u20b91023.39\n\nOrder ORD-550 (payment PAY-0550) settled \u20b93897.95 against contractual expectation \u20b94921.34 after rate-card MDR and GST. We request reversal of the unexplained difference of \u20b91023.39."", ""amount"": 20.47}","{""draft_id"": ""DRF-CASE-0084"", ""draft"": ""Subject: Settlement discrepancy on ORD-550 \u2014 \u20b91023.39\n\nOrder ORD-550 (payment PAY-0550) settled \u20b93897.95 against contractual expectation \u20b94921.34 after rate-card MDR and GST. We request reversal of the unexplained difference of \u20b91023.39.""}",,CASE-0084_DRAFT,,20.47,2026-09-05T07:13:41Z
ACT-0158,CASE-0084,create_dispute,CREATE_DISPUTE,AGENT,EXECUTED,L3,"{""case_id"": ""CASE-0084"", ""evidence_ids"": [""EVID-00287"", ""EVID-00288"", ""EVID-00289""], ""reason"": ""draft the gateway dispute with bound evidence; submission goes through the approval gate"", ""draft_content"": ""Subject: Settlement discrepancy on ORD-550 \u2014 \u20b91023.39\n\nOrder ORD-550 (payment PAY-0550) settled \u20b93897.95 against contractual expectation \u20b94921.34 after rate-card MDR and GST. We request reversal of the unexplained difference of \u20b91023.39."", ""amount"": 20.47}","{""external_reference"": ""DIS-CASE-0084"", ""dispute_id"": ""DIS-CASE-0084"", ""status"": ""SUBMITTED"", ""submitted_at"": ""2026-09-05T07:13:41Z"", ""simulated"": true}",DIS-CASE-0084,CASE-0084_CREATE,APR-0072,20.47,2026-09-05T07:13:41Z
ACT-0159,CASE-0077,draft_dispute,DRAFT_DISPUTE,AGENT,EXECUTED,L1,"{""case_id"": ""CASE-0077"", ""evidence_ids"": [""EVID-00263"", ""EVID-00264"", ""EVID-00265"", ""EVID-00266""], ""reason"": ""draft the gateway dispute with bound evidence; submission goes through the approval gate"", ""draft_content"": ""Subject: Settlement discrepancy on ORD-468 \u2014 \u20b917.10\n\nOrder ORD-468 (payment PAY-0468) settled \u20b91523.85 against contractual expectation \u20b91540.95 after rate-card MDR and GST. We request reversal of the unexplained difference of \u20b917.10."", ""amount"": 20.18}","{""draft_id"": ""DRF-CASE-0077"", ""draft"": ""Subject: Settlement discrepancy on ORD-468 \u2014 \u20b917.10\n\nOrder ORD-468 (payment PAY-0468) settled \u20b91523.85 against contractual expectation \u20b91540.95 after rate-card MDR and GST. We request reversal of the unexplained difference of \u20b917.10.""}",,CASE-0077_DRAFT,,20.18,2026-09-05T07:13:42Z
ACT-0160,CASE-0082,draft_dispute,DRAFT_DISPUTE,AGENT,EXECUTED,L1,"{""case_id"": ""CASE-0082"", ""evidence_ids"": [""EVID-00281"", ""EVID-00282"", ""EVID-00283""], ""reason"": ""draft the gateway dispute with bound evidence; submission goes through the approval gate"", ""draft_content"": ""Subject: Settlement discrepancy on ORD-493 \u2014 \u20b919.35\n\nOrder ORD-493 (payment PAY-0493) settled \u20b9555.53 against contractual expectation \u20b9574.88 after rate-card MDR and GST. We request reversal of the unexplained difference of \u20b919.35."", ""amount"": 19.35}","{""draft_id"": ""DRF-CASE-0082"", ""draft"": ""Subject: Settlement discrepancy on ORD-493 \u2014 \u20b919.35\n\nOrder ORD-493 (payment PAY-0493) settled \u20b9555.53 against contractual expectation \u20b9574.88 after rate-card MDR and GST. We request reversal of the unexplained difference of \u20b919.35.""}",,CASE-0082_DRAFT,,19.35,2026-09-05T07:13:42Z
ACT-0161,CASE-0082,create_dispute,CREATE_DISPUTE,AGENT,EXECUTED,L3,"{""case_id"": ""CASE-0082"", ""evidence_ids"": [""EVID-00281"", ""EVID-00282"", ""EVID-00283""], ""reason"": ""draft the gateway dispute with bound evidence; submission goes through the approval gate"", ""draft_content"": ""Subject: Settlement discrepancy on ORD-493 \u2014 \u20b919.35\n\nOrder ORD-493 (payment PAY-0493) settled \u20b9555.53 against contractual expectation \u20b9574.88 after rate-card MDR and GST. We request reversal of the unexplained difference of \u20b919.35."", ""amount"": 19.35}","{""external_reference"": ""DIS-CASE-0082"", ""dispute_id"": ""DIS-CASE-0082"", ""status"": ""SUBMITTED"", ""submitted_at"": ""2026-09-05T07:13:42Z"", ""simulated"": true}",DIS-CASE-0082,CASE-0082_CREATE,APR-0073,19.35,2026-09-05T07:13:42Z
ACT-0162,CASE-0078,draft_dispute,DRAFT_DISPUTE,AGENT,EXECUTED,L1,"{""case_id"": ""CASE-0078"", ""evidence_ids"": [""EVID-00267"", ""EVID-00268"", ""EVID-00269""], ""reason"": ""draft the gateway dispute with bound evidence; submission goes through the approval gate"", ""draft_content"": ""Subject: Settlement discrepancy on ORD-469 \u2014 \u20b918.18\n\nOrder ORD-469 (payment PAY-0469) settled \u20b9638.65 against contractual expectation \u20b9656.83 after rate-card MDR and GST. We request reversal of the unexplained difference of \u20b918.18."", ""amount"": 18.18}","{""draft_id"": ""DRF-CASE-0078"", ""draft"": ""Subject: Settlement discrepancy on ORD-469 \u2014 \u20b918.18\n\nOrder ORD-469 (payment PAY-0469) settled \u20b9638.65 against contractual expectation \u20b9656.83 after rate-card MDR and GST. We request reversal of the unexplained difference of \u20b918.18.""}",,CASE-0078_DRAFT,,18.18,2026-09-05T07:13:43Z
ACT-0163,CASE-0078,create_dispute,CREATE_DISPUTE,AGENT,EXECUTED,L3,"{""case_id"": ""CASE-0078"", ""evidence_ids"": [""EVID-00267"", ""EVID-00268"", ""EVID-00269""], ""reason"": ""draft the gateway dispute with bound evidence; submission goes through the approval gate"", ""draft_content"": ""Subject: Settlement discrepancy on ORD-469 \u2014 \u20b918.18\n\nOrder ORD-469 (payment PAY-0469) settled \u20b9638.65 against contractual expectation \u20b9656.83 after rate-card MDR and GST. We request reversal of the unexplained difference of \u20b918.18."", ""amount"": 18.18}","{""external_reference"": ""DIS-CASE-0078"", ""dispute_id"": ""DIS-CASE-0078"", ""status"": ""SUBMITTED"", ""submitted_at"": ""2026-09-05T07:13:43Z"", ""simulated"": true}",DIS-CASE-0078,CASE-0078_CREATE,APR-0074,18.18,2026-09-05T07:13:43Z
ACT-0164,CASE-0015,draft_dispute,DRAFT_DISPUTE,AGENT,EXECUTED,L1,"{""case_id"": ""CASE-0015"", ""evidence_ids"": [""EVID-00050"", ""EVID-00051"", ""EVID-00052""], ""reason"": ""draft the gateway dispute with bound evidence; submission goes through the approval gate"", ""draft_content"": ""Subject: Settlement discrepancy on ORD-56 \u2014 \u20b9890.02\n\nOrder ORD-56 (payment PAY-0056) settled \u20b91136.36 against contractual expectation \u20b92026.38 after rate-card MDR and GST. We request reversal of the unexplained difference of \u20b9890.02."", ""amount"": 17.8}","{""draft_id"": ""DRF-CASE-0015"", ""draft"": ""Subject: Settlement discrepancy on ORD-56 \u2014 \u20b9890.02\n\nOrder ORD-56 (payment PAY-0056) settled \u20b91136.36 against contractual expectation \u20b92026.38 after rate-card MDR and GST. We request reversal of the unexplained difference of \u20b9890.02.""}",,CASE-0015_DRAFT,,17.8,2026-09-05T07:13:44Z
ACT-0165,CASE-0015,create_dispute,CREATE_DISPUTE,AGENT,EXECUTED,L3,"{""case_id"": ""CASE-0015"", ""evidence_ids"": [""EVID-00050"", ""EVID-00051"", ""EVID-00052""], ""reason"": ""draft the gateway dispute with bound evidence; submission goes through the approval gate"", ""draft_content"": ""Subject: Settlement discrepancy on ORD-56 \u2014 \u20b9890.02\n\nOrder ORD-56 (payment PAY-0056) settled \u20b91136.36 against contractual expectation \u20b92026.38 after rate-card MDR and GST. We request reversal of the unexplained difference of \u20b9890.02."", ""amount"": 17.8}","{""external_reference"": ""DIS-CASE-0015"", ""dispute_id"": ""DIS-CASE-0015"", ""status"": ""SUBMITTED"", ""submitted_at"": ""2026-09-05T07:13:44Z"", ""simulated"": true}",DIS-CASE-0015,CASE-0015_CREATE,APR-0075,17.8,2026-09-05T07:13:44Z
ACT-0166,CASE-0076,draft_dispute,DRAFT_DISPUTE,AGENT,EXECUTED,L1,"{""case_id"": ""CASE-0076"", ""evidence_ids"": [""EVID-00260"", ""EVID-00261"", ""EVID-00262""], ""reason"": ""draft the gateway dispute with bound evidence; submission goes through the approval gate"", ""draft_content"": ""Subject: Settlement discrepancy on ORD-465 \u2014 \u20b94200.97\n\nOrder ORD-465 (payment PAY-0465) settled \u20b97281.24 against contractual expectation \u20b911482.21 after rate-card MDR and GST. We request reversal of the unexplained difference of \u20b94200.97."", ""amount"": 16.81}","{""draft_id"": ""DRF-CASE-0076"", ""draft"": ""Subject: Settlement discrepancy on ORD-465 \u2014 \u20b94200.97\n\nOrder ORD-465 (payment PAY-0465) settled \u20b97281.24 against contractual expectation \u20b911482.21 after rate-card MDR and GST. We request reversal of the unexplained difference of \u20b94200.97.""}",,CASE-0076_DRAFT,,16.81,2026-09-05T07:13:44Z
ACT-0167,CASE-0076,create_dispute,CREATE_DISPUTE,AGENT,EXECUTED,L3,"{""case_id"": ""CASE-0076"", ""evidence_ids"": [""EVID-00260"", ""EVID-00261"", ""EVID-00262""], ""reason"": ""draft the gateway dispute with bound evidence; submission goes through the approval gate"", ""draft_content"": ""Subject: Settlement discrepancy on ORD-465 \u2014 \u20b94200.97\n\nOrder ORD-465 (payment PAY-0465) settled \u20b97281.24 against contractual expectation \u20b911482.21 after rate-card MDR and GST. We request reversal of the unexplained difference of \u20b94200.97."", ""amount"": 16.81}","{""external_reference"": ""DIS-CASE-0076"", ""dispute_id"": ""DIS-CASE-0076"", ""status"": ""SUBMITTED"", ""submitted_at"": ""2026-09-05T07:13:44Z"", ""simulated"": true}",DIS-CASE-0076,CASE-0076_CREATE,APR-0076,16.81,2026-09-05T07:13:44Z
ACT-0168,CASE-0096,draft_dispute,DRAFT_DISPUTE,AGENT,EXECUTED,L1,"{""case_id"": ""CASE-0096"", ""evidence_ids"": [""EVID-00326"", ""EVID-00327"", ""EVID-00328"", ""EVID-00329"", ""EVID-00330"", ""EVID-00331""], ""reason"": ""draft the gateway dispute with bound evidence; submission goes through the approval gate"", ""draft_content"": ""Subject: Settlement discrepancy on ORD-629 \u2014 \u20b9929.77\n\nOrder ORD-629 (payment PAY-0629) settled \u20b91522.96 against contractual expectation \u20b92452.73 after rate-card MDR and GST. We request reversal of the unexplained difference of \u20b9929.77."", ""amount"": 15.3}","{""draft_id"": ""DRF-CASE-0096"", ""draft"": ""Subject: Settlement discrepancy on ORD-629 \u2014 \u20b9929.77\n\nOrder ORD-629 (payment PAY-0629) settled \u20b91522.96 against contractual expectation \u20b92452.73 after rate-card MDR and GST. We request reversal of the unexplained difference of \u20b9929.77.""}",,CASE-0096_DRAFT,,15.3,2026-09-05T07:13:45Z
ACT-0169,CASE-0124,draft_dispute,DRAFT_DISPUTE,AGENT,EXECUTED,L1,"{""case_id"": ""CASE-0124"", ""evidence_ids"": [""EVID-00426"", ""EVID-00427"", ""EVID-00428""], ""reason"": ""draft the gateway dispute with bound evidence; submission goes through the approval gate"", ""draft_content"": ""Subject: Settlement discrepancy on ORD-816 \u2014 \u20b9277.63\n\nOrder ORD-816 (payment PAY-0816) settled \u20b9469.77 against contractual expectation \u20b9747.4 after rate-card MDR and GST. We request reversal of the unexplained difference of \u20b9277.63."", ""amount"": 14.34}","{""draft_id"": ""DRF-CASE-0124"", ""draft"": ""Subject: Settlement discrepancy on ORD-816 \u2014 \u20b9277.63\n\nOrder ORD-816 (payment PAY-0816) settled \u20b9469.77 against contractual expectation \u20b9747.4 after rate-card MDR and GST. We request reversal of the unexplained difference of \u20b9277.63.""}",,CASE-0124_DRAFT,,14.34,2026-09-05T07:13:46Z
ACT-0170,CASE-0124,create_dispute,CREATE_DISPUTE,AGENT,EXECUTED,L3,"{""case_id"": ""CASE-0124"", ""evidence_ids"": [""EVID-00426"", ""EVID-00427"", ""EVID-00428""], ""reason"": ""draft the gateway dispute with bound evidence; submission goes through the approval gate"", ""draft_content"": ""Subject: Settlement discrepancy on ORD-816 \u2014 \u20b9277.63\n\nOrder ORD-816 (payment PAY-0816) settled \u20b9469.77 against contractual expectation \u20b9747.4 after rate-card MDR and GST. We request reversal of the unexplained difference of \u20b9277.63."", ""amount"": 14.34}","{""external_reference"": ""DIS-CASE-0124"", ""dispute_id"": ""DIS-CASE-0124"", ""status"": ""SUBMITTED"", ""submitted_at"": ""2026-09-05T07:13:46Z"", ""simulated"": true}",DIS-CASE-0124,CASE-0124_CREATE,APR-0077,14.34,2026-09-05T07:13:46Z
ACT-0171,CASE-0067,draft_dispute,DRAFT_DISPUTE,AGENT,EXECUTED,L1,"{""case_id"": ""CASE-0067"", ""evidence_ids"": [""EVID-00228"", ""EVID-00229"", ""EVID-00230"", ""EVID-00231""], ""reason"": ""draft the gateway dispute with bound evidence; submission goes through the approval gate"", ""draft_content"": ""Subject: Settlement discrepancy on ORD-404 \u2014 \u20b914.16\n\nOrder ORD-404 (payment PAY-0404) settled \u20b9592.57 against contractual expectation \u20b9606.73 after rate-card MDR and GST. We request reversal of the unexplained difference of \u20b914.16."", ""amount"": 14.16}","{""draft_id"": ""DRF-CASE-0067"", ""draft"": ""Subject: Settlement discrepancy on ORD-404 \u2014 \u20b914.16\n\nOrder ORD-404 (payment PAY-0404) settled \u20b9592.57 against contractual expectation \u20b9606.73 after rate-card MDR and GST. We request reversal of the unexplained difference of \u20b914.16.""}",,CASE-0067_DRAFT,,14.16,2026-09-05T07:13:47Z
ACT-0172,CASE-0105,draft_dispute,DRAFT_DISPUTE,AGENT,EXECUTED,L1,"{""case_id"": ""CASE-0105"", ""evidence_ids"": [""EVID-00358"", ""EVID-00359"", ""EVID-00360""], ""reason"": ""draft the gateway dispute with bound evidence; submission goes through the approval gate"", ""draft_content"": ""Subject: Settlement discrepancy on ORD-686 \u2014 \u20b9696.81\n\nOrder ORD-686 (payment PAY-0686) settled \u20b91143.83 against contractual expectation \u20b91840.64 after rate-card MDR and GST. We request reversal of the unexplained difference of \u20b9696.81."", ""amount"": 13.94}","{""draft_id"": ""DRF-CASE-0105"", ""draft"": ""Subject: Settlement discrepancy on ORD-686 \u2014 \u20b9696.81\n\nOrder ORD-686 (payment PAY-0686) settled \u20b91143.83 against contractual expectation \u20b91840.64 after rate-card MDR and GST. We request reversal of the unexplained difference of \u20b9696.81.""}",,CASE-0105_DRAFT,,13.94,2026-09-05T07:13:47Z
ACT-0173,CASE-0105,create_dispute,CREATE_DISPUTE,AGENT,EXECUTED,L3,"{""case_id"": ""CASE-0105"", ""evidence_ids"": [""EVID-00358"", ""EVID-00359"", ""EVID-00360""], ""reason"": ""draft the gateway dispute with bound evidence; submission goes through the approval gate"", ""draft_content"": ""Subject: Settlement discrepancy on ORD-686 \u2014 \u20b9696.81\n\nOrder ORD-686 (payment PAY-0686) settled \u20b91143.83 against contractual expectation \u20b91840.64 after rate-card MDR and GST. We request reversal of the unexplained difference of \u20b9696.81."", ""amount"": 13.94}","{""external_reference"": ""DIS-CASE-0105"", ""dispute_id"": ""DIS-CASE-0105"", ""status"": ""SUBMITTED"", ""submitted_at"": ""2026-09-05T07:13:47Z"", ""simulated"": true}",DIS-CASE-0105,CASE-0105_CREATE,APR-0078,13.94,2026-09-05T07:13:47Z
ACT-0174,CASE-0016,draft_dispute,DRAFT_DISPUTE,AGENT,EXECUTED,L1,"{""case_id"": ""CASE-0016"", ""evidence_ids"": [""EVID-00053"", ""EVID-00054"", ""EVID-00055"", ""EVID-00056""], ""reason"": ""draft the gateway dispute with bound evidence; submission goes through the approval gate"", ""draft_content"": ""Subject: Settlement discrepancy on ORD-65 \u2014 \u20b911.78\n\nOrder ORD-65 (payment PAY-0065) settled \u20b91562.94 against contractual expectation \u20b91574.72 after rate-card MDR and GST. We request reversal of the unexplained difference of \u20b911.78."", ""amount"": 13.9}","{""draft_id"": ""DRF-CASE-0016"", ""draft"": ""Subject: Settlement discrepancy on ORD-65 \u2014 \u20b911.78\n\nOrder ORD-65 (payment PAY-0065) settled \u20b91562.94 against contractual expectation \u20b91574.72 after rate-card MDR and GST. We request reversal of the unexplained difference of \u20b911.78.""}",,CASE-0016_DRAFT,,13.9,2026-09-05T07:13:48Z
ACT-0175,CASE-0001,draft_dispute,DRAFT_DISPUTE,AGENT,EXECUTED,L1,"{""case_id"": ""CASE-0001"", ""evidence_ids"": [""EVID-00001"", ""EVID-00002"", ""EVID-00003"", ""EVID-00004""], ""reason"": ""draft the gateway dispute with bound evidence; submission goes through the approval gate"", ""draft_content"": ""Subject: Settlement discrepancy on ORD-1 \u2014 \u20b911.68\n\nOrder ORD-1 (payment PAY-0001) settled \u20b91189.73 against contractual expectation \u20b91201.41 after rate-card MDR and GST. We request reversal of the unexplained difference of \u20b911.68."", ""amount"": 13.78}","{""draft_id"": ""DRF-CASE-0001"", ""draft"": ""Subject: Settlement discrepancy on ORD-1 \u2014 \u20b911.68\n\nOrder ORD-1 (payment PAY-0001) settled \u20b91189.73 against contractual expectation \u20b91201.41 after rate-card MDR and GST. We request reversal of the unexplained difference of \u20b911.68.""}",,CASE-0001_DRAFT,,13.78,2026-09-05T07:13:49Z
ACT-0176,CASE-0066,draft_dispute,DRAFT_DISPUTE,AGENT,EXECUTED,L1,"{""case_id"": ""CASE-0066"", ""evidence_ids"": [""EVID-00225"", ""EVID-00226"", ""EVID-00227""], ""reason"": ""draft the gateway dispute with bound evidence; submission goes through the approval gate"", ""draft_content"": ""Subject: Settlement discrepancy on ORD-403 \u2014 \u20b913.19\n\nOrder ORD-403 (payment PAY-0403) settled \u20b9559.69 against contractual expectation \u20b9572.88 after rate-card MDR and GST. We request reversal of the unexplained difference of \u20b913.19."", ""amount"": 13.19}","{""draft_id"": ""DRF-CASE-0066"", ""draft"": ""Subject: Settlement discrepancy on ORD-403 \u2014 \u20b913.19\n\nOrder ORD-403 (payment PAY-0403) settled \u20b9559.69 against contractual expectation \u20b9572.88 after rate-card MDR and GST. We request reversal of the unexplained difference of \u20b913.19.""}",,CASE-0066_DRAFT,,13.19,2026-09-05T07:13:49Z
ACT-0177,CASE-0066,create_dispute,CREATE_DISPUTE,AGENT,EXECUTED,L3,"{""case_id"": ""CASE-0066"", ""evidence_ids"": [""EVID-00225"", ""EVID-00226"", ""EVID-00227""], ""reason"": ""draft the gateway dispute with bound evidence; submission goes through the approval gate"", ""draft_content"": ""Subject: Settlement discrepancy on ORD-403 \u2014 \u20b913.19\n\nOrder ORD-403 (payment PAY-0403) settled \u20b9559.69 against contractual expectation \u20b9572.88 after rate-card MDR and GST. We request reversal of the unexplained difference of \u20b913.19."", ""amount"": 13.19}","{""external_reference"": ""DIS-CASE-0066"", ""dispute_id"": ""DIS-CASE-0066"", ""status"": ""SUBMITTED"", ""submitted_at"": ""2026-09-05T07:13:49Z"", ""simulated"": true}",DIS-CASE-0066,CASE-0066_CREATE,APR-0079,13.19,2026-09-05T07:13:49Z
ACT-0178,CASE-0079,draft_dispute,DRAFT_DISPUTE,AGENT,EXECUTED,L1,"{""case_id"": ""CASE-0079"", ""evidence_ids"": [""EVID-00270"", ""EVID-00271"", ""EVID-00272"", ""EVID-00273""], ""reason"": ""draft the gateway dispute with bound evidence; submission goes through the approval gate"", ""draft_content"": ""Subject: Settlement discrepancy on ORD-471 \u2014 \u20b910.31\n\nOrder ORD-471 (payment PAY-0471) settled \u20b91311.59 against contractual expectation \u20b91321.9 after rate-card MDR and GST. We request reversal of the unexplained difference of \u20b910.31."", ""amount"": 12.17}","{""draft_id"": ""DRF-CASE-0079"", ""draft"": ""Subject: Settlement discrepancy on ORD-471 \u2014 \u20b910.31\n\nOrder ORD-471 (payment PAY-0471) settled \u20b91311.59 against contractual expectation \u20b91321.9 after rate-card MDR and GST. We request reversal of the unexplained difference of \u20b910.31.""}",,CASE-0079_DRAFT,,12.17,2026-09-05T07:13:50Z
ACT-0179,CASE-0033,draft_dispute,DRAFT_DISPUTE,AGENT,EXECUTED,L1,"{""case_id"": ""CASE-0033"", ""evidence_ids"": [""EVID-00112"", ""EVID-00113"", ""EVID-00114"", ""EVID-00115""], ""reason"": ""draft the gateway dispute with bound evidence; submission goes through the approval gate"", ""draft_content"": ""Subject: Settlement discrepancy on ORD-161 \u2014 \u20b99.63\n\nOrder ORD-161 (payment PAY-0161) settled \u20b9949.55 against contractual expectation \u20b9959.18 after rate-card MDR and GST. We request reversal of the unexplained difference of \u20b99.63."", ""amount"": 11.36}","{""draft_id"": ""DRF-CASE-0033"", ""draft"": ""Subject: Settlement discrepancy on ORD-161 \u2014 \u20b99.63\n\nOrder ORD-161 (payment PAY-0161) settled \u20b9949.55 against contractual expectation \u20b9959.18 after rate-card MDR and GST. We request reversal of the unexplained difference of \u20b99.63.""}",,CASE-0033_DRAFT,,11.36,2026-09-05T07:13:51Z
ACT-0180,CASE-0144,draft_dispute,DRAFT_DISPUTE,AGENT,EXECUTED,L1,"{""case_id"": ""CASE-0144"", ""evidence_ids"": [""EVID-00493"", ""EVID-00494"", ""EVID-00495""], ""reason"": ""draft the gateway dispute with bound evidence; submission goes through the approval gate"", ""draft_content"": ""Subject: Settlement discrepancy on ORD-964 \u2014 \u20b9564.39\n\nOrder ORD-964 (payment PAY-0964) settled \u20b9642.48 against contractual expectation \u20b91206.87 after rate-card MDR and GST. We request reversal of the unexplained difference of \u20b9564.39."", ""amount"": 11.29}","{""draft_id"": ""DRF-CASE-0144"", ""draft"": ""Subject: Settlement discrepancy on ORD-964 \u2014 \u20b9564.39\n\nOrder ORD-964 (payment PAY-0964) settled \u20b9642.48 against contractual expectation \u20b91206.87 after rate-card MDR and GST. We request reversal of the unexplained difference of \u20b9564.39.""}",,CASE-0144_DRAFT,,11.29,2026-09-05T07:13:51Z
ACT-0181,CASE-0144,create_dispute,CREATE_DISPUTE,AGENT,EXECUTED,L3,"{""case_id"": ""CASE-0144"", ""evidence_ids"": [""EVID-00493"", ""EVID-00494"", ""EVID-00495""], ""reason"": ""draft the gateway dispute with bound evidence; submission goes through the approval gate"", ""draft_content"": ""Subject: Settlement discrepancy on ORD-964 \u2014 \u20b9564.39\n\nOrder ORD-964 (payment PAY-0964) settled \u20b9642.48 against contractual expectation \u20b91206.87 after rate-card MDR and GST. We request reversal of the unexplained difference of \u20b9564.39."", ""amount"": 11.29}","{""external_reference"": ""DIS-CASE-0144"", ""dispute_id"": ""DIS-CASE-0144"", ""status"": ""SUBMITTED"", ""submitted_at"": ""2026-09-05T07:13:51Z"", ""simulated"": true}",DIS-CASE-0144,CASE-0144_CREATE,APR-0080,11.29,2026-09-05T07:13:51Z
ACT-0182,CASE-0034,draft_dispute,DRAFT_DISPUTE,AGENT,EXECUTED,L1,"{""case_id"": ""CASE-0034"", ""evidence_ids"": [""EVID-00116"", ""EVID-00117"", ""EVID-00118"", ""EVID-00119"", ""EVID-00120""], ""reason"": ""draft the gateway dispute with bound evidence; submission goes through the approval gate"", ""draft_content"": ""Subject: Settlement discrepancy on ORD-164 \u2014 \u20b910.56\n\nOrder ORD-164 (payment PAY-0164) settled \u20b9281.74 against contractual expectation \u20b9292.3 after rate-card MDR and GST. We request reversal of the unexplained difference of \u20b910.56."", ""amount"": 10.56}","{""draft_id"": ""DRF-CASE-0034"", ""draft"": ""Subject: Settlement discrepancy on ORD-164 \u2014 \u20b910.56\n\nOrder ORD-164 (payment PAY-0164) settled \u20b9281.74 against contractual expectation \u20b9292.3 after rate-card MDR and GST. We request reversal of the unexplained difference of \u20b910.56.""}",,CASE-0034_DRAFT,,10.56,2026-09-05T07:13:52Z
ACT-0183,CASE-0034,create_dispute,CREATE_DISPUTE,AGENT,EXECUTED,L3,"{""case_id"": ""CASE-0034"", ""evidence_ids"": [""EVID-00116"", ""EVID-00117"", ""EVID-00118"", ""EVID-00119"", ""EVID-00120""], ""reason"": ""draft the gateway dispute with bound evidence; submission goes through the approval gate"", ""draft_content"": ""Subject: Settlement discrepancy on ORD-164 \u2014 \u20b910.56\n\nOrder ORD-164 (payment PAY-0164) settled \u20b9281.74 against contractual expectation \u20b9292.3 after rate-card MDR and GST. We request reversal of the unexplained difference of \u20b910.56."", ""amount"": 10.56}","{""external_reference"": ""DIS-CASE-0034"", ""dispute_id"": ""DIS-CASE-0034"", ""status"": ""SUBMITTED"", ""submitted_at"": ""2026-09-05T07:13:52Z"", ""simulated"": true}",DIS-CASE-0034,CASE-0034_CREATE,APR-0081,10.56,2026-09-05T07:13:52Z
ACT-0184,CASE-0011,draft_dispute,DRAFT_DISPUTE,AGENT,EXECUTED,L1,"{""case_id"": ""CASE-0011"", ""evidence_ids"": [""EVID-00036"", ""EVID-00037"", ""EVID-00038""], ""reason"": ""draft the gateway dispute with bound evidence; submission goes through the approval gate"", ""draft_content"": ""Subject: Settlement discrepancy on ORD-48 \u2014 \u20b93040.04\n\nOrder ORD-48 (payment PAY-0048) settled \u20b93051.11 against contractual expectation \u20b96091.15 after rate-card MDR and GST. We request reversal of the unexplained difference of \u20b93040.04."", ""amount"": 9.94}","{""draft_id"": ""DRF-CASE-0011"", ""draft"": ""Subject: Settlement discrepancy on ORD-48 \u2014 \u20b93040.04\n\nOrder ORD-48 (payment PAY-0048) settled \u20b93051.11 against contractual expectation \u20b96091.15 after rate-card MDR and GST. We request reversal of the unexplained difference of \u20b93040.04.""}",,CASE-0011_DRAFT,,9.94,2026-09-05T07:13:53Z
ACT-0185,CASE-0011,create_dispute,CREATE_DISPUTE,AGENT,EXECUTED,L3,"{""case_id"": ""CASE-0011"", ""evidence_ids"": [""EVID-00036"", ""EVID-00037"", ""EVID-00038""], ""reason"": ""draft the gateway dispute with bound evidence; submission goes through the approval gate"", ""draft_content"": ""Subject: Settlement discrepancy on ORD-48 \u2014 \u20b93040.04\n\nOrder ORD-48 (payment PAY-0048) settled \u20b93051.11 against contractual expectation \u20b96091.15 after rate-card MDR and GST. We request reversal of the unexplained difference of \u20b93040.04."", ""amount"": 9.94}","{""external_reference"": ""DIS-CASE-0011"", ""dispute_id"": ""DIS-CASE-0011"", ""status"": ""SUBMITTED"", ""submitted_at"": ""2026-09-05T07:13:53Z"", ""simulated"": true}",DIS-CASE-0011,CASE-0011_CREATE,APR-0082,9.94,2026-09-05T07:13:53Z
ACT-0186,CASE-0110,draft_dispute,DRAFT_DISPUTE,AGENT,EXECUTED,L1,"{""case_id"": ""CASE-0110"", ""evidence_ids"": [""EVID-00374"", ""EVID-00375"", ""EVID-00376""], ""reason"": ""draft the gateway dispute with bound evidence; submission goes through the approval gate"", ""draft_content"": ""Subject: Settlement discrepancy on ORD-718 \u2014 \u20b98.86\n\nOrder ORD-718 (payment PAY-0718) settled \u20b9729.88 against contractual expectation \u20b9738.74 after rate-card MDR and GST. We request reversal of the unexplained difference of \u20b98.86."", ""amount"": 8.86}","{""draft_id"": ""DRF-CASE-0110"", ""draft"": ""Subject: Settlement discrepancy on ORD-718 \u2014 \u20b98.86\n\nOrder ORD-718 (payment PAY-0718) settled \u20b9729.88 against contractual expectation \u20b9738.74 after rate-card MDR and GST. We request reversal of the unexplained difference of \u20b98.86.""}",,CASE-0110_DRAFT,,8.86,2026-09-05T07:13:53Z
ACT-0187,CASE-0110,create_dispute,CREATE_DISPUTE,AGENT,EXECUTED,L3,"{""case_id"": ""CASE-0110"", ""evidence_ids"": [""EVID-00374"", ""EVID-00375"", ""EVID-00376""], ""reason"": ""draft the gateway dispute with bound evidence; submission goes through the approval gate"", ""draft_content"": ""Subject: Settlement discrepancy on ORD-718 \u2014 \u20b98.86\n\nOrder ORD-718 (payment PAY-0718) settled \u20b9729.88 against contractual expectation \u20b9738.74 after rate-card MDR and GST. We request reversal of the unexplained difference of \u20b98.86."", ""amount"": 8.86}","{""external_reference"": ""DIS-CASE-0110"", ""dispute_id"": ""DIS-CASE-0110"", ""status"": ""SUBMITTED"", ""submitted_at"": ""2026-09-05T07:13:53Z"", ""simulated"": true}",DIS-CASE-0110,CASE-0110_CREATE,APR-0083,8.86,2026-09-05T07:13:53Z
ACT-0188,CASE-0005,draft_dispute,DRAFT_DISPUTE,AGENT,EXECUTED,L1,"{""case_id"": ""CASE-0005"", ""evidence_ids"": [""EVID-00016"", ""EVID-00017"", ""EVID-00018""], ""reason"": ""draft the gateway dispute with bound evidence; submission goes through the approval gate"", ""draft_content"": ""Subject: Settlement discrepancy on ORD-16 \u2014 \u20b9441.43\n\nOrder ORD-16 (payment PAY-0016) settled \u20b9595.52 against contractual expectation \u20b91036.95 after rate-card MDR and GST. We request reversal of the unexplained difference of \u20b9441.43."", ""amount"": 8.83}","{""draft_id"": ""DRF-CASE-0005"", ""draft"": ""Subject: Settlement discrepancy on ORD-16 \u2014 \u20b9441.43\n\nOrder ORD-16 (payment PAY-0016) settled \u20b9595.52 against contractual expectation \u20b91036.95 after rate-card MDR and GST. We request reversal of the unexplained difference of \u20b9441.43.""}",,CASE-0005_DRAFT,,8.83,2026-09-05T07:13:54Z
ACT-0189,CASE-0005,create_dispute,CREATE_DISPUTE,AGENT,EXECUTED,L3,"{""case_id"": ""CASE-0005"", ""evidence_ids"": [""EVID-00016"", ""EVID-00017"", ""EVID-00018""], ""reason"": ""draft the gateway dispute with bound evidence; submission goes through the approval gate"", ""draft_content"": ""Subject: Settlement discrepancy on ORD-16 \u2014 \u20b9441.43\n\nOrder ORD-16 (payment PAY-0016) settled \u20b9595.52 against contractual expectation \u20b91036.95 after rate-card MDR and GST. We request reversal of the unexplained difference of \u20b9441.43."", ""amount"": 8.83}","{""external_reference"": ""DIS-CASE-0005"", ""dispute_id"": ""DIS-CASE-0005"", ""status"": ""SUBMITTED"", ""submitted_at"": ""2026-09-05T07:13:54Z"", ""simulated"": true}",DIS-CASE-0005,CASE-0005_CREATE,APR-0084,8.83,2026-09-05T07:13:54Z
ACT-0190,CASE-0068,draft_dispute,DRAFT_DISPUTE,AGENT,EXECUTED,L1,"{""case_id"": ""CASE-0068"", ""evidence_ids"": [""EVID-00232"", ""EVID-00233"", ""EVID-00234""], ""reason"": ""draft the gateway dispute with bound evidence; submission goes through the approval gate"", ""draft_content"": ""Subject: Settlement discrepancy on ORD-405 \u2014 \u20b9420.75\n\nOrder ORD-405 (payment PAY-0405) settled \u20b9520.07 against contractual expectation \u20b9940.82 after rate-card MDR and GST. We request reversal of the unexplained difference of \u20b9420.75."", ""amount"": 8.41}","{""draft_id"": ""DRF-CASE-0068"", ""draft"": ""Subject: Settlement discrepancy on ORD-405 \u2014 \u20b9420.75\n\nOrder ORD-405 (payment PAY-0405) settled \u20b9520.07 against contractual expectation \u20b9940.82 after rate-card MDR and GST. We request reversal of the unexplained difference of \u20b9420.75.""}",,CASE-0068_DRAFT,,8.41,2026-09-05T07:13:57Z
ACT-0191,CASE-0068,create_dispute,CREATE_DISPUTE,AGENT,EXECUTED,L3,"{""case_id"": ""CASE-0068"", ""evidence_ids"": [""EVID-00232"", ""EVID-00233"", ""EVID-00234""], ""reason"": ""draft the gateway dispute with bound evidence; submission goes through the approval gate"", ""draft_content"": ""Subject: Settlement discrepancy on ORD-405 \u2014 \u20b9420.75\n\nOrder ORD-405 (payment PAY-0405) settled \u20b9520.07 against contractual expectation \u20b9940.82 after rate-card MDR and GST. We request reversal of the unexplained difference of \u20b9420.75."", ""amount"": 8.41}","{""external_reference"": ""DIS-CASE-0068"", ""dispute_id"": ""DIS-CASE-0068"", ""status"": ""SUBMITTED"", ""submitted_at"": ""2026-09-05T07:13:57Z"", ""simulated"": true}",DIS-CASE-0068,CASE-0068_CREATE,APR-0085,8.41,2026-09-05T07:13:57Z
ACT-0192,CASE-0115,draft_dispute,DRAFT_DISPUTE,AGENT,EXECUTED,L1,"{""case_id"": ""CASE-0115"", ""evidence_ids"": [""EVID-00393"", ""EVID-00394"", ""EVID-00395"", ""EVID-00396""], ""reason"": ""draft the gateway dispute with bound evidence; submission goes through the approval gate"", ""draft_content"": ""Subject: Settlement discrepancy on ORD-768 \u2014 \u20b97.05\n\nOrder ORD-768 (payment PAY-0768) settled \u20b92809.43 against contractual expectation \u20b92816.48 after rate-card MDR and GST. We request reversal of the unexplained difference of \u20b97.05."", ""amount"": 8.32}","{""draft_id"": ""DRF-CASE-0115"", ""draft"": ""Subject: Settlement discrepancy on ORD-768 \u2014 \u20b97.05\n\nOrder ORD-768 (payment PAY-0768) settled \u20b92809.43 against contractual expectation \u20b92816.48 after rate-card MDR and GST. We request reversal of the unexplained difference of \u20b97.05.""}",,CASE-0115_DRAFT,,8.32,2026-09-05T07:13:58Z
ACT-0193,CASE-0111,draft_dispute,DRAFT_DISPUTE,AGENT,EXECUTED,L1,"{""case_id"": ""CASE-0111"", ""evidence_ids"": [""EVID-00377"", ""EVID-00378"", ""EVID-00379"", ""EVID-00380""], ""reason"": ""draft the gateway dispute with bound evidence; submission goes through the approval gate"", ""draft_content"": ""Subject: Settlement discrepancy on ORD-729 \u2014 \u20b98.12\n\nOrder ORD-729 (payment PAY-0729) settled \u20b91703.78 against contractual expectation \u20b91711.9 after rate-card MDR and GST. We request reversal of the unexplained difference of \u20b98.12."", ""amount"": 8.12}","{""draft_id"": ""DRF-CASE-0111"", ""draft"": ""Subject: Settlement discrepancy on ORD-729 \u2014 \u20b98.12\n\nOrder ORD-729 (payment PAY-0729) settled \u20b91703.78 against contractual expectation \u20b91711.9 after rate-card MDR and GST. We request reversal of the unexplained difference of \u20b98.12.""}",,CASE-0111_DRAFT,,8.12,2026-09-05T07:13:59Z
ACT-0194,CASE-0113,draft_dispute,DRAFT_DISPUTE,AGENT,EXECUTED,L1,"{""case_id"": ""CASE-0113"", ""evidence_ids"": [""EVID-00386"", ""EVID-00387"", ""EVID-00388""], ""reason"": ""draft the gateway dispute with bound evidence; submission goes through the approval gate"", ""draft_content"": ""Subject: Settlement discrepancy on ORD-747 \u2014 \u20b9424.97\n\nOrder ORD-747 (payment PAY-0747) settled \u20b9445.51 against contractual expectation \u20b9870.48 after rate-card MDR and GST. We request reversal of the unexplained difference of \u20b9424.97."", ""amount"": 8.08}","{""draft_id"": ""DRF-CASE-0113"", ""draft"": ""Subject: Settlement discrepancy on ORD-747 \u2014 \u20b9424.97\n\nOrder ORD-747 (payment PAY-0747) settled \u20b9445.51 against contractual expectation \u20b9870.48 after rate-card MDR and GST. We request reversal of the unexplained difference of \u20b9424.97.""}",,CASE-0113_DRAFT,,8.08,2026-09-05T07:13:59Z
ACT-0195,CASE-0113,create_dispute,CREATE_DISPUTE,AGENT,EXECUTED,L3,"{""case_id"": ""CASE-0113"", ""evidence_ids"": [""EVID-00386"", ""EVID-00387"", ""EVID-00388""], ""reason"": ""draft the gateway dispute with bound evidence; submission goes through the approval gate"", ""draft_content"": ""Subject: Settlement discrepancy on ORD-747 \u2014 \u20b9424.97\n\nOrder ORD-747 (payment PAY-0747) settled \u20b9445.51 against contractual expectation \u20b9870.48 after rate-card MDR and GST. We request reversal of the unexplained difference of \u20b9424.97."", ""amount"": 8.08}","{""external_reference"": ""DIS-CASE-0113"", ""dispute_id"": ""DIS-CASE-0113"", ""status"": ""SUBMITTED"", ""submitted_at"": ""2026-09-05T07:13:59Z"", ""simulated"": true}",DIS-CASE-0113,CASE-0113_CREATE,APR-0086,8.08,2026-09-05T07:13:59Z
ACT-0196,CASE-0043,draft_dispute,DRAFT_DISPUTE,AGENT,EXECUTED,L1,"{""case_id"": ""CASE-0043"", ""evidence_ids"": [""EVID-00146"", ""EVID-00147"", ""EVID-00148"", ""EVID-00149""], ""reason"": ""draft the gateway dispute with bound evidence; submission goes through the approval gate"", ""draft_content"": ""Subject: Settlement discrepancy on ORD-201 \u2014 \u20b981.45\n\nOrder ORD-201 (payment PAY-0201) settled \u20b9232.14 against contractual expectation \u20b9313.59 after rate-card MDR and GST. We request reversal of the unexplained difference of \u20b981.45."", ""amount"": 7.58}","{""draft_id"": ""DRF-CASE-0043"", ""draft"": ""Subject: Settlement discrepancy on ORD-201 \u2014 \u20b981.45\n\nOrder ORD-201 (payment PAY-0201) settled \u20b9232.14 against contractual expectation \u20b9313.59 after rate-card MDR and GST. We request reversal of the unexplained difference of \u20b981.45.""}",,CASE-0043_DRAFT,,7.58,2026-09-05T07:14:00Z
ACT-0197,CASE-0022,draft_dispute,DRAFT_DISPUTE,AGENT,EXECUTED,L1,"{""case_id"": ""CASE-0022"", ""evidence_ids"": [""EVID-00073"", ""EVID-00074"", ""EVID-00075"", ""EVID-00076""], ""reason"": ""draft the gateway dispute with bound evidence; submission goes through the approval gate"", ""draft_content"": ""Subject: Settlement discrepancy on ORD-82 \u2014 \u20b96.34\n\nOrder ORD-82 (payment PAY-0082) settled \u20b91372.4 against contractual expectation \u20b91378.74 after rate-card MDR and GST. We request reversal of the unexplained difference of \u20b96.34."", ""amount"": 7.48}","{""draft_id"": ""DRF-CASE-0022"", ""draft"": ""Subject: Settlement discrepancy on ORD-82 \u2014 \u20b96.34\n\nOrder ORD-82 (payment PAY-0082) settled \u20b91372.4 against contractual expectation \u20b91378.74 after rate-card MDR and GST. We request reversal of the unexplained difference of \u20b96.34.""}",,CASE-0022_DRAFT,,7.48,2026-09-05T07:14:01Z
ACT-0198,CASE-0054,draft_dispute,DRAFT_DISPUTE,AGENT,EXECUTED,L1,"{""case_id"": ""CASE-0054"", ""evidence_ids"": [""EVID-00184"", ""EVID-00185"", ""EVID-00186"", ""EVID-00187""], ""reason"": ""draft the gateway dispute with bound evidence; submission goes through the approval gate"", ""draft_content"": ""Subject: Settlement discrepancy on ORD-291 \u2014 \u20b96.26\n\nOrder ORD-291 (payment PAY-0291) settled \u20b91202.65 against contractual expectation \u20b91208.91 after rate-card MDR and GST. We request reversal of the unexplained difference of \u20b96.26."", ""amount"": 7.38}","{""draft_id"": ""DRF-CASE-0054"", ""draft"": ""Subject: Settlement discrepancy on ORD-291 \u2014 \u20b96.26\n\nOrder ORD-291 (payment PAY-0291) settled \u20b91202.65 against contractual expectation \u20b91208.91 after rate-card MDR and GST. We request reversal of the unexplained difference of \u20b96.26.""}",,CASE-0054_DRAFT,,7.38,2026-09-05T07:14:01Z
ACT-0199,CASE-0051,draft_dispute,DRAFT_DISPUTE,AGENT,EXECUTED,L1,"{""case_id"": ""CASE-0051"", ""evidence_ids"": [""EVID-00173"", ""EVID-00174"", ""EVID-00175"", ""EVID-00176""], ""reason"": ""draft the gateway dispute with bound evidence; submission goes through the approval gate"", ""draft_content"": ""Subject: Settlement discrepancy on ORD-280 \u2014 \u20b95.99\n\nOrder ORD-280 (payment PAY-0280) settled \u20b9584.84 against contractual expectation \u20b9590.83 after rate-card MDR and GST. We request reversal of the unexplained difference of \u20b95.99."", ""amount"": 7.07}","{""draft_id"": ""DRF-CASE-0051"", ""draft"": ""Subject: Settlement discrepancy on ORD-280 \u2014 \u20b95.99\n\nOrder ORD-280 (payment PAY-0280) settled \u20b9584.84 against contractual expectation \u20b9590.83 after rate-card MDR and GST. We request reversal of the unexplained difference of \u20b95.99.""}",,CASE-0051_DRAFT,,7.07,2026-09-05T07:14:02Z
ACT-0200,CASE-0142,draft_dispute,DRAFT_DISPUTE,AGENT,EXECUTED,L1,"{""case_id"": ""CASE-0142"", ""evidence_ids"": [""EVID-00487"", ""EVID-00488"", ""EVID-00489""], ""reason"": ""draft the gateway dispute with bound evidence; submission goes through the approval gate"", ""draft_content"": ""Subject: Settlement discrepancy on ORD-939 \u2014 \u20b9108.08\n\nOrder ORD-939 (payment PAY-0939) settled \u20b9189.5 against contractual expectation \u20b9297.58 after rate-card MDR and GST. We request reversal of the unexplained difference of \u20b9108.08."", ""amount"": 6.49}","{""draft_id"": ""DRF-CASE-0142"", ""draft"": ""Subject: Settlement discrepancy on ORD-939 \u2014 \u20b9108.08\n\nOrder ORD-939 (payment PAY-0939) settled \u20b9189.5 against contractual expectation \u20b9297.58 after rate-card MDR and GST. We request reversal of the unexplained difference of \u20b9108.08.""}",,CASE-0142_DRAFT,,6.49,2026-09-05T07:14:03Z
ACT-0201,CASE-0142,create_dispute,CREATE_DISPUTE,AGENT,EXECUTED,L3,"{""case_id"": ""CASE-0142"", ""evidence_ids"": [""EVID-00487"", ""EVID-00488"", ""EVID-00489""], ""reason"": ""draft the gateway dispute with bound evidence; submission goes through the approval gate"", ""draft_content"": ""Subject: Settlement discrepancy on ORD-939 \u2014 \u20b9108.08\n\nOrder ORD-939 (payment PAY-0939) settled \u20b9189.5 against contractual expectation \u20b9297.58 after rate-card MDR and GST. We request reversal of the unexplained difference of \u20b9108.08."", ""amount"": 6.49}","{""external_reference"": ""DIS-CASE-0142"", ""dispute_id"": ""DIS-CASE-0142"", ""status"": ""SUBMITTED"", ""submitted_at"": ""2026-09-05T07:14:03Z"", ""simulated"": true}",DIS-CASE-0142,CASE-0142_CREATE,APR-0087,6.49,2026-09-05T07:14:03Z
ACT-0202,CASE-0036,draft_dispute,DRAFT_DISPUTE,AGENT,EXECUTED,L1,"{""case_id"": ""CASE-0036"", ""evidence_ids"": [""EVID-00124"", ""EVID-00125"", ""EVID-00126""], ""reason"": ""draft the gateway dispute with bound evidence; submission goes through the approval gate"", ""draft_content"": ""Subject: Settlement discrepancy on ORD-173 \u2014 \u20b9319.52\n\nOrder ORD-173 (payment PAY-0173) settled \u20b91218.43 against contractual expectation \u20b91537.95 after rate-card MDR and GST. We request reversal of the unexplained difference of \u20b9319.52."", ""amount"": 6.39}","{""draft_id"": ""DRF-CASE-0036"", ""draft"": ""Subject: Settlement discrepancy on ORD-173 \u2014 \u20b9319.52\n\nOrder ORD-173 (payment PAY-0173) settled \u20b91218.43 against contractual expectation \u20b91537.95 after rate-card MDR and GST. We request reversal of the unexplained difference of \u20b9319.52.""}",,CASE-0036_DRAFT,,6.39,2026-09-05T07:14:03Z
ACT-0203,CASE-0036,create_dispute,CREATE_DISPUTE,AGENT,EXECUTED,L3,"{""case_id"": ""CASE-0036"", ""evidence_ids"": [""EVID-00124"", ""EVID-00125"", ""EVID-00126""], ""reason"": ""draft the gateway dispute with bound evidence; submission goes through the approval gate"", ""draft_content"": ""Subject: Settlement discrepancy on ORD-173 \u2014 \u20b9319.52\n\nOrder ORD-173 (payment PAY-0173) settled \u20b91218.43 against contractual expectation \u20b91537.95 after rate-card MDR and GST. We request reversal of the unexplained difference of \u20b9319.52."", ""amount"": 6.39}","{""external_reference"": ""DIS-CASE-0036"", ""dispute_id"": ""DIS-CASE-0036"", ""status"": ""SUBMITTED"", ""submitted_at"": ""2026-09-05T07:14:04Z"", ""simulated"": true}",DIS-CASE-0036,CASE-0036_CREATE,APR-0088,6.39,2026-09-05T07:14:04Z
ACT-0204,CASE-0065,draft_dispute,DRAFT_DISPUTE,AGENT,EXECUTED,L1,"{""case_id"": ""CASE-0065"", ""evidence_ids"": [""EVID-00221"", ""EVID-00222"", ""EVID-00223"", ""EVID-00224""], ""reason"": ""draft the gateway dispute with bound evidence; submission goes through the approval gate"", ""draft_content"": ""Subject: Settlement discrepancy on ORD-391 \u2014 \u20b95.30\n\nOrder ORD-391 (payment PAY-0391) settled \u20b9621.04 against contractual expectation \u20b9626.34 after rate-card MDR and GST. We request reversal of the unexplained difference of \u20b95.30."", ""amount"": 6.25}","{""draft_id"": ""DRF-CASE-0065"", ""draft"": ""Subject: Settlement discrepancy on ORD-391 \u2014 \u20b95.30\n\nOrder ORD-391 (payment PAY-0391) settled \u20b9621.04 against contractual expectation \u20b9626.34 after rate-card MDR and GST. We request reversal of the unexplained difference of \u20b95.30.""}",,CASE-0065_DRAFT,,6.25,2026-09-05T07:14:04Z
ACT-0205,CASE-0064,draft_dispute,DRAFT_DISPUTE,AGENT,EXECUTED,L1,"{""case_id"": ""CASE-0064"", ""evidence_ids"": [""EVID-00218"", ""EVID-00219"", ""EVID-00220""], ""reason"": ""draft the gateway dispute with bound evidence; submission goes through the approval gate"", ""draft_content"": ""Subject: Settlement discrepancy on ORD-388 \u2014 \u20b9319.96\n\nOrder ORD-388 (payment PAY-0388) settled \u20b91212.96 against contractual expectation \u20b91532.92 after rate-card MDR and GST. We request reversal of the unexplained difference of \u20b9319.96."", ""amount"": 6.08}","{""draft_id"": ""DRF-CASE-0064"", ""draft"": ""Subject: Settlement discrepancy on ORD-388 \u2014 \u20b9319.96\n\nOrder ORD-388 (payment PAY-0388) settled \u20b91212.96 against contractual expectation \u20b91532.92 after rate-card MDR and GST. We request reversal of the unexplained difference of \u20b9319.96.""}",,CASE-0064_DRAFT,,6.08,2026-09-05T07:14:05Z
ACT-0206,CASE-0064,create_dispute,CREATE_DISPUTE,AGENT,EXECUTED,L3,"{""case_id"": ""CASE-0064"", ""evidence_ids"": [""EVID-00218"", ""EVID-00219"", ""EVID-00220""], ""reason"": ""draft the gateway dispute with bound evidence; submission goes through the approval gate"", ""draft_content"": ""Subject: Settlement discrepancy on ORD-388 \u2014 \u20b9319.96\n\nOrder ORD-388 (payment PAY-0388) settled \u20b91212.96 against contractual expectation \u20b91532.92 after rate-card MDR and GST. We request reversal of the unexplained difference of \u20b9319.96."", ""amount"": 6.08}","{""external_reference"": ""DIS-CASE-0064"", ""dispute_id"": ""DIS-CASE-0064"", ""status"": ""ALREADY_RESOLVED"", ""submitted_at"": ""2026-09-05T07:14:05Z"", ""simulated"": true}",DIS-CASE-0064,CASE-0064_CREATE,APR-0089,6.08,2026-09-05T07:14:05Z
ACT-0207,CASE-0085,draft_dispute,DRAFT_DISPUTE,AGENT,EXECUTED,L1,"{""case_id"": ""CASE-0085"", ""evidence_ids"": [""EVID-00290"", ""EVID-00291"", ""EVID-00292"", ""EVID-00293""], ""reason"": ""draft the gateway dispute with bound evidence; submission goes through the approval gate"", ""draft_content"": ""Subject: Settlement discrepancy on ORD-563 \u2014 \u20b95.13\n\nOrder ORD-563 (payment PAY-0563) settled \u20b9700.13 against contractual expectation \u20b9705.26 after rate-card MDR and GST. We request reversal of the unexplained difference of \u20b95.13."", ""amount"": 6.05}","{""draft_id"": ""DRF-CASE-0085"", ""draft"": ""Subject: Settlement discrepancy on ORD-563 \u2014 \u20b95.13\n\nOrder ORD-563 (payment PAY-0563) settled \u20b9700.13 against contractual expectation \u20b9705.26 after rate-card MDR and GST. We request reversal of the unexplained difference of \u20b95.13.""}",,CASE-0085_DRAFT,,6.05,2026-09-05T07:14:06Z
ACT-0208,CASE-0134,draft_dispute,DRAFT_DISPUTE,AGENT,EXECUTED,L1,"{""case_id"": ""CASE-0134"", ""evidence_ids"": [""EVID-00458"", ""EVID-00459"", ""EVID-00460"", ""EVID-00461""], ""reason"": ""draft the gateway dispute with bound evidence; submission goes through the approval gate"", ""draft_content"": ""Subject: Settlement discrepancy on ORD-873 \u2014 \u20b95.07\n\nOrder ORD-873 (payment PAY-0873) settled \u20b92372.66 against contractual expectation \u20b92377.73 after rate-card MDR and GST. We request reversal of the unexplained difference of \u20b95.07."", ""amount"": 5.98}","{""draft_id"": ""DRF-CASE-0134"", ""draft"": ""Subject: Settlement discrepancy on ORD-873 \u2014 \u20b95.07\n\nOrder ORD-873 (payment PAY-0873) settled \u20b92372.66 against contractual expectation \u20b92377.73 after rate-card MDR and GST. We request reversal of the unexplained difference of \u20b95.07.""}",,CASE-0134_DRAFT,,5.98,2026-09-05T07:14:06Z
ACT-0209,CASE-0074,draft_dispute,DRAFT_DISPUTE,AGENT,EXECUTED,L1,"{""case_id"": ""CASE-0074"", ""evidence_ids"": [""EVID-00253"", ""EVID-00254"", ""EVID-00255"", ""EVID-00256""], ""reason"": ""draft the gateway dispute with bound evidence; submission goes through the approval gate"", ""draft_content"": ""Subject: Settlement discrepancy on ORD-460 \u2014 \u20b94.68\n\nOrder ORD-460 (payment PAY-0460) settled \u20b9323.33 against contractual expectation \u20b9328.01 after rate-card MDR and GST. We request reversal of the unexplained difference of \u20b94.68."", ""amount"": 5.52}","{""draft_id"": ""DRF-CASE-0074"", ""draft"": ""Subject: Settlement discrepancy on ORD-460 \u2014 \u20b94.68\n\nOrder ORD-460 (payment PAY-0460) settled \u20b9323.33 against contractual expectation \u20b9328.01 after rate-card MDR and GST. We request reversal of the unexplained difference of \u20b94.68.""}",,CASE-0074_DRAFT,,5.52,2026-09-05T07:14:07Z
ACT-0210,CASE-0035,draft_dispute,DRAFT_DISPUTE,AGENT,EXECUTED,L1,"{""case_id"": ""CASE-0035"", ""evidence_ids"": [""EVID-00121"", ""EVID-00122"", ""EVID-00123""], ""reason"": ""draft the gateway dispute with bound evidence; submission goes through the approval gate"", ""draft_content"": ""Subject: Settlement discrepancy on ORD-168 \u2014 \u20b95.45\n\nOrder ORD-168 (payment PAY-0168) settled \u20b9441.31 against contractual expectation \u20b9446.76 after rate-card MDR and GST. We request reversal of the unexplained difference of \u20b95.45."", ""amount"": 5.45}","{""draft_id"": ""DRF-CASE-0035"", ""draft"": ""Subject: Settlement discrepancy on ORD-168 \u2014 \u20b95.45\n\nOrder ORD-168 (payment PAY-0168) settled \u20b9441.31 against contractual expectation \u20b9446.76 after rate-card MDR and GST. We request reversal of the unexplained difference of \u20b95.45.""}",,CASE-0035_DRAFT,,5.45,2026-09-05T07:14:08Z
ACT-0211,CASE-0035,create_dispute,CREATE_DISPUTE,AGENT,EXECUTED,L3,"{""case_id"": ""CASE-0035"", ""evidence_ids"": [""EVID-00121"", ""EVID-00122"", ""EVID-00123""], ""reason"": ""draft the gateway dispute with bound evidence; submission goes through the approval gate"", ""draft_content"": ""Subject: Settlement discrepancy on ORD-168 \u2014 \u20b95.45\n\nOrder ORD-168 (payment PAY-0168) settled \u20b9441.31 against contractual expectation \u20b9446.76 after rate-card MDR and GST. We request reversal of the unexplained difference of \u20b95.45."", ""amount"": 5.45}","{""external_reference"": ""DIS-CASE-0035"", ""dispute_id"": ""DIS-CASE-0035"", ""status"": ""SUBMITTED"", ""submitted_at"": ""2026-09-05T07:14:08Z"", ""simulated"": true}",DIS-CASE-0035,CASE-0035_CREATE,APR-0090,5.45,2026-09-05T07:14:08Z
ACT-0212,CASE-0013,draft_dispute,DRAFT_DISPUTE,AGENT,EXECUTED,L1,"{""case_id"": ""CASE-0013"", ""evidence_ids"": [""EVID-00043"", ""EVID-00044"", ""EVID-00045"", ""EVID-00046""], ""reason"": ""draft the gateway dispute with bound evidence; submission goes through the approval gate"", ""draft_content"": ""Subject: Settlement discrepancy on ORD-51 \u2014 \u20b94.56\n\nOrder ORD-51 (payment PAY-0051) settled \u20b9343.18 against contractual expectation \u20b9347.74 after rate-card MDR and GST. We request reversal of the unexplained difference of \u20b94.56."", ""amount"": 5.38}","{""draft_id"": ""DRF-CASE-0013"", ""draft"": ""Subject: Settlement discrepancy on ORD-51 \u2014 \u20b94.56\n\nOrder ORD-51 (payment PAY-0051) settled \u20b9343.18 against contractual expectation \u20b9347.74 after rate-card MDR and GST. We request reversal of the unexplained difference of \u20b94.56.""}",,CASE-0013_DRAFT,,5.38,2026-09-05T07:14:09Z
ACT-0213,CASE-0070,draft_dispute,DRAFT_DISPUTE,AGENT,EXECUTED,L1,"{""case_id"": ""CASE-0070"", ""evidence_ids"": [""EVID-00238"", ""EVID-00239"", ""EVID-00240"", ""EVID-00241""], ""reason"": ""draft the gateway dispute with bound evidence; submission goes through the approval gate"", ""draft_content"": ""Subject: Settlement discrepancy on ORD-435 \u2014 \u20b94.56\n\nOrder ORD-435 (payment PAY-0435) settled \u20b92125.42 against contractual expectation \u20b92129.98 after rate-card MDR and GST. We request reversal of the unexplained difference of \u20b94.56."", ""amount"": 5.38}","{""draft_id"": ""DRF-CASE-0070"", ""draft"": ""Subject: Settlement discrepancy on ORD-435 \u2014 \u20b94.56\n\nOrder ORD-435 (payment PAY-0435) settled \u20b92125.42 against contractual expectation \u20b92129.98 after rate-card MDR and GST. We request reversal of the unexplained difference of \u20b94.56.""}",,CASE-0070_DRAFT,,5.38,2026-09-05T07:14:09Z
ACT-0214,CASE-0014,draft_dispute,DRAFT_DISPUTE,AGENT,EXECUTED,L1,"{""case_id"": ""CASE-0014"", ""evidence_ids"": [""EVID-00047"", ""EVID-00048"", ""EVID-00049""], ""reason"": ""draft the gateway dispute with bound evidence; submission goes through the approval gate"", ""draft_content"": ""Subject: Settlement discrepancy on ORD-54 \u2014 \u20b9281.19\n\nOrder ORD-54 (payment PAY-0054) settled \u20b9661.24 against contractual expectation \u20b9942.43 after rate-card MDR and GST. We request reversal of the unexplained difference of \u20b9281.19."", ""amount"": 5.34}","{""draft_id"": ""DRF-CASE-0014"", ""draft"": ""Subject: Settlement discrepancy on ORD-54 \u2014 \u20b9281.19\n\nOrder ORD-54 (payment PAY-0054) settled \u20b9661.24 against contractual expectation \u20b9942.43 after rate-card MDR and GST. We request reversal of the unexplained difference of \u20b9281.19.""}",,CASE-0014_DRAFT,,5.34,2026-09-05T07:14:10Z
ACT-0215,CASE-0014,create_dispute,CREATE_DISPUTE,AGENT,EXECUTED,L3,"{""case_id"": ""CASE-0014"", ""evidence_ids"": [""EVID-00047"", ""EVID-00048"", ""EVID-00049""], ""reason"": ""draft the gateway dispute with bound evidence; submission goes through the approval gate"", ""draft_content"": ""Subject: Settlement discrepancy on ORD-54 \u2014 \u20b9281.19\n\nOrder ORD-54 (payment PAY-0054) settled \u20b9661.24 against contractual expectation \u20b9942.43 after rate-card MDR and GST. We request reversal of the unexplained difference of \u20b9281.19."", ""amount"": 5.34}","{""external_reference"": ""DIS-CASE-0014"", ""dispute_id"": ""DIS-CASE-0014"", ""status"": ""SUBMITTED"", ""submitted_at"": ""2026-09-05T07:14:10Z"", ""simulated"": true}",DIS-CASE-0014,CASE-0014_CREATE,APR-0091,5.34,2026-09-05T07:14:10Z
ACT-0216,CASE-0126,draft_dispute,DRAFT_DISPUTE,AGENT,EXECUTED,L1,"{""case_id"": ""CASE-0126"", ""evidence_ids"": [""EVID-00432"", ""EVID-00433"", ""EVID-00434"", ""EVID-00435""], ""reason"": ""draft the gateway dispute with bound evidence; submission goes through the approval gate"", ""draft_content"": ""Subject: Settlement discrepancy on ORD-834 \u2014 \u20b94.47\n\nOrder ORD-834 (payment PAY-0834) settled \u20b93031.27 against contractual expectation \u20b93035.74 after rate-card MDR and GST. We request reversal of the unexplained difference of \u20b94.47."", ""amount"": 5.27}","{""draft_id"": ""DRF-CASE-0126"", ""draft"": ""Subject: Settlement discrepancy on ORD-834 \u2014 \u20b94.47\n\nOrder ORD-834 (payment PAY-0834) settled \u20b93031.27 against contractual expectation \u20b93035.74 after rate-card MDR and GST. We request reversal of the unexplained difference of \u20b94.47.""}",,CASE-0126_DRAFT,,5.27,2026-09-05T07:14:11Z
ACT-0217,CASE-0008,draft_dispute,DRAFT_DISPUTE,AGENT,EXECUTED,L1,"{""case_id"": ""CASE-0008"", ""evidence_ids"": [""EVID-00025"", ""EVID-00026"", ""EVID-00027"", ""EVID-00028""], ""reason"": ""draft the gateway dispute with bound evidence; submission goes through the approval gate"", ""draft_content"": ""Subject: Settlement discrepancy on ORD-35 \u2014 \u20b9306.48\n\nOrder ORD-35 (payment PAY-0035) settled \u20b9783.01 against contractual expectation \u20b91089.49 after rate-card MDR and GST. We request reversal of the unexplained difference of \u20b9306.48."", ""amount"": 5.17}","{""draft_id"": ""DRF-CASE-0008"", ""draft"": ""Subject: Settlement discrepancy on ORD-35 \u2014 \u20b9306.48\n\nOrder ORD-35 (payment PAY-0035) settled \u20b9783.01 against contractual expectation \u20b91089.49 after rate-card MDR and GST. We request reversal of the unexplained difference of \u20b9306.48.""}",,CASE-0008_DRAFT,,5.17,2026-09-05T07:14:11Z
ACT-0218,CASE-0071,draft_dispute,DRAFT_DISPUTE,AGENT,EXECUTED,L1,"{""case_id"": ""CASE-0071"", ""evidence_ids"": [""EVID-00242"", ""EVID-00243"", ""EVID-00244"", ""EVID-00245""], ""reason"": ""draft the gateway dispute with bound evidence; submission goes through the approval gate"", ""draft_content"": ""Subject: Settlement discrepancy on ORD-437 \u2014 \u20b94.34\n\nOrder ORD-437 (payment PAY-0437) settled \u20b92632.72 against contractual expectation \u20b92637.06 after rate-card MDR and GST. We request reversal of the unexplained difference of \u20b94.34."", ""amount"": 5.12}","{""draft_id"": ""DRF-CASE-0071"", ""draft"": ""Subject: Settlement discrepancy on ORD-437 \u2014 \u20b94.34\n\nOrder ORD-437 (payment PAY-0437) settled \u20b92632.72 against contractual expectation \u20b92637.06 after rate-card MDR and GST. We request reversal of the unexplained difference of \u20b94.34.""}",,CASE-0071_DRAFT,,5.12,2026-09-05T07:14:12Z
ACT-0219,CASE-0057,draft_dispute,DRAFT_DISPUTE,AGENT,EXECUTED,L1,"{""case_id"": ""CASE-0057"", ""evidence_ids"": [""EVID-00194"", ""EVID-00195"", ""EVID-00196"", ""EVID-00197""], ""reason"": ""draft the gateway dispute with bound evidence; submission goes through the approval gate"", ""draft_content"": ""Subject: Settlement discrepancy on ORD-304 \u2014 \u20b94.33\n\nOrder ORD-304 (payment PAY-0304) settled \u20b9527.4 against contractual expectation \u20b9531.73 after rate-card MDR and GST. We request reversal of the unexplained difference of \u20b94.33."", ""amount"": 5.11}","{""draft_id"": ""DRF-CASE-0057"", ""draft"": ""Subject: Settlement discrepancy on ORD-304 \u2014 \u20b94.33\n\nOrder ORD-304 (payment PAY-0304) settled \u20b9527.4 against contractual expectation \u20b9531.73 after rate-card MDR and GST. We request reversal of the unexplained difference of \u20b94.33.""}",,CASE-0057_DRAFT,,5.11,2026-09-05T07:14:13Z
ACT-0220,CASE-0135,draft_dispute,DRAFT_DISPUTE,AGENT,EXECUTED,L1,"{""case_id"": ""CASE-0135"", ""evidence_ids"": [""EVID-00462"", ""EVID-00463"", ""EVID-00464""], ""reason"": ""draft the gateway dispute with bound evidence; submission goes through the approval gate"", ""draft_content"": ""Subject: Settlement discrepancy on ORD-877 \u2014 \u20b9223.42\n\nOrder ORD-877 (payment PAY-0877) settled \u20b9597.67 against contractual expectation \u20b9821.09 after rate-card MDR and GST. We request reversal of the unexplained difference of \u20b9223.42."", ""amount"": 4.47}","{""draft_id"": ""DRF-CASE-0135"", ""draft"": ""Subject: Settlement discrepancy on ORD-877 \u2014 \u20b9223.42\n\nOrder ORD-877 (payment PAY-0877) settled \u20b9597.67 against contractual expectation \u20b9821.09 after rate-card MDR and GST. We request reversal of the unexplained difference of \u20b9223.42.""}",,CASE-0135_DRAFT,,4.47,2026-09-05T07:14:13Z
ACT-0221,CASE-0135,create_dispute,CREATE_DISPUTE,AGENT,EXECUTED,L3,"{""case_id"": ""CASE-0135"", ""evidence_ids"": [""EVID-00462"", ""EVID-00463"", ""EVID-00464""], ""reason"": ""draft the gateway dispute with bound evidence; submission goes through the approval gate"", ""draft_content"": ""Subject: Settlement discrepancy on ORD-877 \u2014 \u20b9223.42\n\nOrder ORD-877 (payment PAY-0877) settled \u20b9597.67 against contractual expectation \u20b9821.09 after rate-card MDR and GST. We request reversal of the unexplained difference of \u20b9223.42."", ""amount"": 4.47}","{""external_reference"": ""DIS-CASE-0135"", ""dispute_id"": ""DIS-CASE-0135"", ""status"": ""SUBMITTED"", ""submitted_at"": ""2026-09-05T07:14:13Z"", ""simulated"": true}",DIS-CASE-0135,CASE-0135_CREATE,APR-0092,4.47,2026-09-05T07:14:13Z
ACT-0222,CASE-0050,draft_dispute,DRAFT_DISPUTE,AGENT,EXECUTED,L1,"{""case_id"": ""CASE-0050"", ""evidence_ids"": [""EVID-00169"", ""EVID-00170"", ""EVID-00171"", ""EVID-00172""], ""reason"": ""draft the gateway dispute with bound evidence; submission goes through the approval gate"", ""draft_content"": ""Subject: Settlement discrepancy on ORD-273 \u2014 \u20b93.45\n\nOrder ORD-273 (payment PAY-0273) settled \u20b91876.41 against contractual expectation \u20b91879.86 after rate-card MDR and GST. We request reversal of the unexplained difference of \u20b93.45."", ""amount"": 4.07}","{""draft_id"": ""DRF-CASE-0050"", ""draft"": ""Subject: Settlement discrepancy on ORD-273 \u2014 \u20b93.45\n\nOrder ORD-273 (payment PAY-0273) settled \u20b91876.41 against contractual expectation \u20b91879.86 after rate-card MDR and GST. We request reversal of the unexplained difference of \u20b93.45.""}",,CASE-0050_DRAFT,,4.07,2026-09-05T07:14:14Z
ACT-0223,CASE-0138,draft_dispute,DRAFT_DISPUTE,AGENT,EXECUTED,L1,"{""case_id"": ""CASE-0138"", ""evidence_ids"": [""EVID-00472"", ""EVID-00473"", ""EVID-00474"", ""EVID-00475""], ""reason"": ""draft the gateway dispute with bound evidence; submission goes through the approval gate"", ""draft_content"": ""Subject: Settlement discrepancy on ORD-902 \u2014 \u20b93.94\n\nOrder ORD-902 (payment PAY-0902) settled \u20b9825.96 against contractual expectation \u20b9829.9 after rate-card MDR and GST. We request reversal of the unexplained difference of \u20b93.94."", ""amount"": 3.94}","{""draft_id"": ""DRF-CASE-0138"", ""draft"": ""Subject: Settlement discrepancy on ORD-902 \u2014 \u20b93.94\n\nOrder ORD-902 (payment PAY-0902) settled \u20b9825.96 against contractual expectation \u20b9829.9 after rate-card MDR and GST. We request reversal of the unexplained difference of \u20b93.94.""}",,CASE-0138_DRAFT,,3.94,2026-09-05T07:14:15Z
ACT-0224,CASE-0012,draft_dispute,DRAFT_DISPUTE,AGENT,EXECUTED,L1,"{""case_id"": ""CASE-0012"", ""evidence_ids"": [""EVID-00039"", ""EVID-00040"", ""EVID-00041"", ""EVID-00042""], ""reason"": ""draft the gateway dispute with bound evidence; submission goes through the approval gate"", ""draft_content"": ""Subject: Settlement discrepancy on ORD-50 \u2014 \u20b93.93\n\nOrder ORD-50 (payment PAY-0050) settled \u20b9823.89 against contractual expectation \u20b9827.82 after rate-card MDR and GST. We request reversal of the unexplained difference of \u20b93.93."", ""amount"": 3.93}","{""draft_id"": ""DRF-CASE-0012"", ""draft"": ""Subject: Settlement discrepancy on ORD-50 \u2014 \u20b93.93\n\nOrder ORD-50 (payment PAY-0050) settled \u20b9823.89 against contractual expectation \u20b9827.82 after rate-card MDR and GST. We request reversal of the unexplained difference of \u20b93.93.""}",,CASE-0012_DRAFT,,3.93,2026-09-05T07:14:16Z
ACT-0225,CASE-0006,draft_dispute,DRAFT_DISPUTE,AGENT,EXECUTED,L1,"{""case_id"": ""CASE-0006"", ""evidence_ids"": [""EVID-00019"", ""EVID-00020"", ""EVID-00021""], ""reason"": ""draft the gateway dispute with bound evidence; submission goes through the approval gate"", ""draft_content"": ""Subject: Settlement discrepancy on ORD-17 \u2014 \u20b9178.49\n\nOrder ORD-17 (payment PAY-0017) settled \u20b9206.34 against contractual expectation \u20b9384.83 after rate-card MDR and GST. We request reversal of the unexplained difference of \u20b9178.49."", ""amount"": 3.57}","{""draft_id"": ""DRF-CASE-0006"", ""draft"": ""Subject: Settlement discrepancy on ORD-17 \u2014 \u20b9178.49\n\nOrder ORD-17 (payment PAY-0017) settled \u20b9206.34 against contractual expectation \u20b9384.83 after rate-card MDR and GST. We request reversal of the unexplained difference of \u20b9178.49.""}",,CASE-0006_DRAFT,,3.57,2026-09-05T07:14:16Z
ACT-0226,CASE-0006,create_dispute,CREATE_DISPUTE,AGENT,EXECUTED,L3,"{""case_id"": ""CASE-0006"", ""evidence_ids"": [""EVID-00019"", ""EVID-00020"", ""EVID-00021""], ""reason"": ""draft the gateway dispute with bound evidence; submission goes through the approval gate"", ""draft_content"": ""Subject: Settlement discrepancy on ORD-17 \u2014 \u20b9178.49\n\nOrder ORD-17 (payment PAY-0017) settled \u20b9206.34 against contractual expectation \u20b9384.83 after rate-card MDR and GST. We request reversal of the unexplained difference of \u20b9178.49."", ""amount"": 3.57}","{""external_reference"": ""DIS-CASE-0006"", ""dispute_id"": ""DIS-CASE-0006"", ""status"": ""ALREADY_RESOLVED"", ""submitted_at"": ""2026-09-05T07:14:16Z"", ""simulated"": true}",DIS-CASE-0006,CASE-0006_CREATE,APR-0093,3.57,2026-09-05T07:14:16Z
ACT-0227,CASE-0100,draft_dispute,DRAFT_DISPUTE,AGENT,EXECUTED,L1,"{""case_id"": ""CASE-0100"", ""evidence_ids"": [""EVID-00342"", ""EVID-00343"", ""EVID-00344"", ""EVID-00345""], ""reason"": ""draft the gateway dispute with bound evidence; submission goes through the approval gate"", ""draft_content"": ""Subject: Settlement discrepancy on ORD-667 \u2014 \u20b92.81\n\nOrder ORD-667 (payment PAY-0667) settled \u20b91338.56 against contractual expectation \u20b91341.37 after rate-card MDR and GST. We request reversal of the unexplained difference of \u20b92.81."", ""amount"": 3.32}","{""draft_id"": ""DRF-CASE-0100"", ""draft"": ""Subject: Settlement discrepancy on ORD-667 \u2014 \u20b92.81\n\nOrder ORD-667 (payment PAY-0667) settled \u20b91338.56 against contractual expectation \u20b91341.37 after rate-card MDR and GST. We request reversal of the unexplained difference of \u20b92.81.""}",,CASE-0100_DRAFT,,3.32,2026-09-05T07:14:17Z
ACT-0228,CASE-0072,draft_dispute,DRAFT_DISPUTE,AGENT,EXECUTED,L1,"{""case_id"": ""CASE-0072"", ""evidence_ids"": [""EVID-00246"", ""EVID-00247"", ""EVID-00248"", ""EVID-00249""], ""reason"": ""draft the gateway dispute with bound evidence; submission goes through the approval gate"", ""draft_content"": ""Subject: Settlement discrepancy on ORD-438 \u2014 \u20b92.70\n\nOrder ORD-438 (payment PAY-0438) settled \u20b9289.24 against contractual expectation \u20b9291.94 after rate-card MDR and GST. We request reversal of the unexplained difference of \u20b92.70."", ""amount"": 3.18}","{""draft_id"": ""DRF-CASE-0072"", ""draft"": ""Subject: Settlement discrepancy on ORD-438 \u2014 \u20b92.70\n\nOrder ORD-438 (payment PAY-0438) settled \u20b9289.24 against contractual expectation \u20b9291.94 after rate-card MDR and GST. We request reversal of the unexplained difference of \u20b92.70.""}",,CASE-0072_DRAFT,,3.18,2026-09-05T07:14:18Z
ACT-0229,CASE-0023,draft_dispute,DRAFT_DISPUTE,AGENT,EXECUTED,L1,"{""case_id"": ""CASE-0023"", ""evidence_ids"": [""EVID-00077"", ""EVID-00078"", ""EVID-00079"", ""EVID-00080""], ""reason"": ""draft the gateway dispute with bound evidence; submission goes through the approval gate"", ""draft_content"": ""Subject: Settlement discrepancy on ORD-91 \u2014 \u20b92.63\n\nOrder ORD-91 (payment PAY-0091) settled \u20b92026.99 against contractual expectation \u20b92029.62 after rate-card MDR and GST. We request reversal of the unexplained difference of \u20b92.63."", ""amount"": 3.1}","{""draft_id"": ""DRF-CASE-0023"", ""draft"": ""Subject: Settlement discrepancy on ORD-91 \u2014 \u20b92.63\n\nOrder ORD-91 (payment PAY-0091) settled \u20b92026.99 against contractual expectation \u20b92029.62 after rate-card MDR and GST. We request reversal of the unexplained difference of \u20b92.63.""}",,CASE-0023_DRAFT,,3.1,2026-09-05T07:14:19Z
ACT-0230,CASE-0018,draft_dispute,DRAFT_DISPUTE,AGENT,EXECUTED,L1,"{""case_id"": ""CASE-0018"", ""evidence_ids"": [""EVID-00060"", ""EVID-00061"", ""EVID-00062"", ""EVID-00063""], ""reason"": ""draft the gateway dispute with bound evidence; submission goes through the approval gate"", ""draft_content"": ""Subject: Settlement discrepancy on ORD-74 \u2014 \u20b92.25\n\nOrder ORD-74 (payment PAY-0074) settled \u20b91723.82 against contractual expectation \u20b91726.07 after rate-card MDR and GST. We request reversal of the unexplained difference of \u20b92.25."", ""amount"": 2.65}","{""draft_id"": ""DRF-CASE-0018"", ""draft"": ""Subject: Settlement discrepancy on ORD-74 \u2014 \u20b92.25\n\nOrder ORD-74 (payment PAY-0074) settled \u20b91723.82 against contractual expectation \u20b91726.07 after rate-card MDR and GST. We request reversal of the unexplained difference of \u20b92.25.""}",,CASE-0018_DRAFT,,2.65,2026-09-05T07:14:19Z
ACT-0231,CASE-0109,draft_dispute,DRAFT_DISPUTE,AGENT,EXECUTED,L1,"{""case_id"": ""CASE-0109"", ""evidence_ids"": [""EVID-00370"", ""EVID-00371"", ""EVID-00372"", ""EVID-00373""], ""reason"": ""draft the gateway dispute with bound evidence; submission goes through the approval gate"", ""draft_content"": ""Subject: Settlement discrepancy on ORD-711 \u2014 \u20b92.24\n\nOrder ORD-711 (payment PAY-0711) settled \u20b91422.29 against contractual expectation \u20b91424.53 after rate-card MDR and GST. We request reversal of the unexplained difference of \u20b92.24."", ""amount"": 2.64}","{""draft_id"": ""DRF-CASE-0109"", ""draft"": ""Subject: Settlement discrepancy on ORD-711 \u2014 \u20b92.24\n\nOrder ORD-711 (payment PAY-0711) settled \u20b91422.29 against contractual expectation \u20b91424.53 after rate-card MDR and GST. We request reversal of the unexplained difference of \u20b92.24.""}",,CASE-0109_DRAFT,,2.64,2026-09-05T07:14:20Z
ACT-0232,CASE-0133,draft_dispute,DRAFT_DISPUTE,AGENT,EXECUTED,L1,"{""case_id"": ""CASE-0133"", ""evidence_ids"": [""EVID-00455"", ""EVID-00456"", ""EVID-00457""], ""reason"": ""draft the gateway dispute with bound evidence; submission goes through the approval gate"", ""draft_content"": ""Subject: Settlement discrepancy on ORD-872 \u2014 \u20b9121.51\n\nOrder ORD-872 (payment PAY-0872) settled \u20b9170.43 against contractual expectation \u20b9291.94 after rate-card MDR and GST. We request reversal of the unexplained difference of \u20b9121.51."", ""amount"": 2.43}","{""draft_id"": ""DRF-CASE-0133"", ""draft"": ""Subject: Settlement discrepancy on ORD-872 \u2014 \u20b9121.51\n\nOrder ORD-872 (payment PAY-0872) settled \u20b9170.43 against contractual expectation \u20b9291.94 after rate-card MDR and GST. We request reversal of the unexplained difference of \u20b9121.51.""}",,CASE-0133_DRAFT,,2.43,2026-09-05T07:14:21Z
ACT-0233,CASE-0133,create_dispute,CREATE_DISPUTE,AGENT,EXECUTED,L3,"{""case_id"": ""CASE-0133"", ""evidence_ids"": [""EVID-00455"", ""EVID-00456"", ""EVID-00457""], ""reason"": ""draft the gateway dispute with bound evidence; submission goes through the approval gate"", ""draft_content"": ""Subject: Settlement discrepancy on ORD-872 \u2014 \u20b9121.51\n\nOrder ORD-872 (payment PAY-0872) settled \u20b9170.43 against contractual expectation \u20b9291.94 after rate-card MDR and GST. We request reversal of the unexplained difference of \u20b9121.51."", ""amount"": 2.43}","{""external_reference"": ""DIS-CASE-0133"", ""dispute_id"": ""DIS-CASE-0133"", ""status"": ""SUBMIT_FAILED"", ""submitted_at"": ""2026-09-05T07:14:21Z"", ""simulated"": true, ""error"": ""gateway rejected dispute payload""}",DIS-CASE-0133,CASE-0133_CREATE,APR-0094,2.43,2026-09-05T07:14:21Z
ACT-0234,CASE-0010,draft_dispute,DRAFT_DISPUTE,AGENT,EXECUTED,L1,"{""case_id"": ""CASE-0010"", ""evidence_ids"": [""EVID-00032"", ""EVID-00033"", ""EVID-00034"", ""EVID-00035""], ""reason"": ""draft the gateway dispute with bound evidence; submission goes through the approval gate"", ""draft_content"": ""Subject: Settlement discrepancy on ORD-41 \u2014 \u20b9649.95\n\nOrder ORD-41 (payment PAY-0041) settled \u20b91180.13 against contractual expectation \u20b91830.08 after rate-card MDR and GST. We request reversal of the unexplained difference of \u20b9649.95."", ""amount"": 2.28}","{""draft_id"": ""DRF-CASE-0010"", ""draft"": ""Subject: Settlement discrepancy on ORD-41 \u2014 \u20b9649.95\n\nOrder ORD-41 (payment PAY-0041) settled \u20b91180.13 against contractual expectation \u20b91830.08 after rate-card MDR and GST. We request reversal of the unexplained difference of \u20b9649.95.""}",,CASE-0010_DRAFT,,2.28,2026-09-05T07:14:22Z
ACT-0235,CASE-0148,draft_dispute,DRAFT_DISPUTE,AGENT,EXECUTED,L1,"{""case_id"": ""CASE-0148"", ""evidence_ids"": [""EVID-00506"", ""EVID-00507"", ""EVID-00508"", ""EVID-00509""], ""reason"": ""draft the gateway dispute with bound evidence; submission goes through the approval gate"", ""draft_content"": ""Subject: Settlement discrepancy on ORD-988 \u2014 \u20b91.90\n\nOrder ORD-988 (payment PAY-0988) settled \u20b9327.25 against contractual expectation \u20b9329.15 after rate-card MDR and GST. We request reversal of the unexplained difference of \u20b91.90."", ""amount"": 2.25}","{""draft_id"": ""DRF-CASE-0148"", ""draft"": ""Subject: Settlement discrepancy on ORD-988 \u2014 \u20b91.90\n\nOrder ORD-988 (payment PAY-0988) settled \u20b9327.25 against contractual expectation \u20b9329.15 after rate-card MDR and GST. We request reversal of the unexplained difference of \u20b91.90.""}",,CASE-0148_DRAFT,,2.25,2026-09-05T07:14:22Z
ACT-0236,CASE-0045,draft_dispute,DRAFT_DISPUTE,AGENT,EXECUTED,L1,"{""case_id"": ""CASE-0045"", ""evidence_ids"": [""EVID-00153"", ""EVID-00154"", ""EVID-00155"", ""EVID-00156""], ""reason"": ""draft the gateway dispute with bound evidence; submission goes through the approval gate"", ""draft_content"": ""Subject: Settlement discrepancy on ORD-219 \u2014 \u20b91.84\n\nOrder ORD-219 (payment PAY-0219) settled \u20b91006.0 against contractual expectation \u20b91007.84 after rate-card MDR and GST. We request reversal of the unexplained difference of \u20b91.84."", ""amount"": 2.17}","{""draft_id"": ""DRF-CASE-0045"", ""draft"": ""Subject: Settlement discrepancy on ORD-219 \u2014 \u20b91.84\n\nOrder ORD-219 (payment PAY-0219) settled \u20b91006.0 against contractual expectation \u20b91007.84 after rate-card MDR and GST. We request reversal of the unexplained difference of \u20b91.84.""}",,CASE-0045_DRAFT,,2.17,2026-09-05T07:14:23Z
ACT-0237,CASE-0049,draft_dispute,DRAFT_DISPUTE,AGENT,EXECUTED,L1,"{""case_id"": ""CASE-0049"", ""evidence_ids"": [""EVID-00166"", ""EVID-00167"", ""EVID-00168""], ""reason"": ""draft the gateway dispute with bound evidence; submission goes through the approval gate"", ""draft_content"": ""Subject: Settlement discrepancy on ORD-269 \u2014 \u20b9105.22\n\nOrder ORD-269 (payment PAY-0269) settled \u20b9227.44 against contractual expectation \u20b9332.66 after rate-card MDR and GST. We request reversal of the unexplained difference of \u20b9105.22."", ""amount"": 2.1}","{""draft_id"": ""DRF-CASE-0049"", ""draft"": ""Subject: Settlement discrepancy on ORD-269 \u2014 \u20b9105.22\n\nOrder ORD-269 (payment PAY-0269) settled \u20b9227.44 against contractual expectation \u20b9332.66 after rate-card MDR and GST. We request reversal of the unexplained difference of \u20b9105.22.""}",,CASE-0049_DRAFT,,2.1,2026-09-05T07:14:24Z
ACT-0238,CASE-0049,create_dispute,CREATE_DISPUTE,AGENT,EXECUTED,L3,"{""case_id"": ""CASE-0049"", ""evidence_ids"": [""EVID-00166"", ""EVID-00167"", ""EVID-00168""], ""reason"": ""draft the gateway dispute with bound evidence; submission goes through the approval gate"", ""draft_content"": ""Subject: Settlement discrepancy on ORD-269 \u2014 \u20b9105.22\n\nOrder ORD-269 (payment PAY-0269) settled \u20b9227.44 against contractual expectation \u20b9332.66 after rate-card MDR and GST. We request reversal of the unexplained difference of \u20b9105.22."", ""amount"": 2.1}","{""external_reference"": ""DIS-CASE-0049"", ""dispute_id"": ""DIS-CASE-0049"", ""status"": ""SUBMITTED"", ""submitted_at"": ""2026-09-05T07:14:24Z"", ""simulated"": true}",DIS-CASE-0049,CASE-0049_CREATE,APR-0095,2.1,2026-09-05T07:14:24Z
ACT-0239,CASE-0028,draft_dispute,DRAFT_DISPUTE,AGENT,EXECUTED,L1,"{""case_id"": ""CASE-0028"", ""evidence_ids"": [""EVID-00096"", ""EVID-00097"", ""EVID-00098""], ""reason"": ""draft the gateway dispute with bound evidence; submission goes through the approval gate"", ""draft_content"": ""Subject: Settlement discrepancy on ORD-137 \u2014 \u20b9103.90\n\nOrder ORD-137 (payment PAY-0137) settled \u20b9201.3 against contractual expectation \u20b9305.2 after rate-card MDR and GST. We request reversal of the unexplained difference of \u20b9103.90."", ""amount"": 2.08}","{""draft_id"": ""DRF-CASE-0028"", ""draft"": ""Subject: Settlement discrepancy on ORD-137 \u2014 \u20b9103.90\n\nOrder ORD-137 (payment PAY-0137) settled \u20b9201.3 against contractual expectation \u20b9305.2 after rate-card MDR and GST. We request reversal of the unexplained difference of \u20b9103.90.""}",,CASE-0028_DRAFT,,2.08,2026-09-05T07:14:24Z
ACT-0240,CASE-0028,create_dispute,CREATE_DISPUTE,AGENT,EXECUTED,L3,"{""case_id"": ""CASE-0028"", ""evidence_ids"": [""EVID-00096"", ""EVID-00097"", ""EVID-00098""], ""reason"": ""draft the gateway dispute with bound evidence; submission goes through the approval gate"", ""draft_content"": ""Subject: Settlement discrepancy on ORD-137 \u2014 \u20b9103.90\n\nOrder ORD-137 (payment PAY-0137) settled \u20b9201.3 against contractual expectation \u20b9305.2 after rate-card MDR and GST. We request reversal of the unexplained difference of \u20b9103.90."", ""amount"": 2.08}","{""external_reference"": ""DIS-CASE-0028"", ""dispute_id"": ""DIS-CASE-0028"", ""status"": ""SUBMITTED"", ""submitted_at"": ""2026-09-05T07:14:24Z"", ""simulated"": true}",DIS-CASE-0028,CASE-0028_CREATE,APR-0096,2.08,2026-09-05T07:14:24Z
ACT-0241,CASE-0118,draft_dispute,DRAFT_DISPUTE,AGENT,EXECUTED,L1,"{""case_id"": ""CASE-0118"", ""evidence_ids"": [""EVID-00404"", ""EVID-00405"", ""EVID-00406"", ""EVID-00407""], ""reason"": ""draft the gateway dispute with bound evidence; submission goes through the approval gate"", ""draft_content"": ""Subject: Settlement discrepancy on ORD-781 \u2014 \u20b91.50\n\nOrder ORD-781 (payment PAY-0781) settled \u20b91170.14 against contractual expectation \u20b91171.64 after rate-card MDR and GST. We request reversal of the unexplained difference of \u20b91.50."", ""amount"": 1.77}","{""draft_id"": ""DRF-CASE-0118"", ""draft"": ""Subject: Settlement discrepancy on ORD-781 \u2014 \u20b91.50\n\nOrder ORD-781 (payment PAY-0781) settled \u20b91170.14 against contractual expectation \u20b91171.64 after rate-card MDR and GST. We request reversal of the unexplained difference of \u20b91.50.""}",,CASE-0118_DRAFT,,1.77,2026-09-05T07:14:25Z
ACT-0242,CASE-0094,draft_dispute,DRAFT_DISPUTE,AGENT,EXECUTED,L1,"{""case_id"": ""CASE-0094"", ""evidence_ids"": [""EVID-00319"", ""EVID-00320"", ""EVID-00321"", ""EVID-00322""], ""reason"": ""draft the gateway dispute with bound evidence; submission goes through the approval gate"", ""draft_content"": ""Subject: Settlement discrepancy on ORD-627 \u2014 \u20b91.34\n\nOrder ORD-627 (payment PAY-0627) settled \u20b9646.13 against contractual expectation \u20b9647.47 after rate-card MDR and GST. We request reversal of the unexplained difference of \u20b91.34."", ""amount"": 1.58}","{""draft_id"": ""DRF-CASE-0094"", ""draft"": ""Subject: Settlement discrepancy on ORD-627 \u2014 \u20b91.34\n\nOrder ORD-627 (payment PAY-0627) settled \u20b9646.13 against contractual expectation \u20b9647.47 after rate-card MDR and GST. We request reversal of the unexplained difference of \u20b91.34.""}",,CASE-0094_DRAFT,,1.58,2026-09-05T07:14:26Z
ACT-0243,CASE-0003,draft_dispute,DRAFT_DISPUTE,AGENT,EXECUTED,L1,"{""case_id"": ""CASE-0003"", ""evidence_ids"": [""EVID-00009"", ""EVID-00010"", ""EVID-00011"", ""EVID-00012""], ""reason"": ""draft the gateway dispute with bound evidence; submission goes through the approval gate"", ""draft_content"": ""Subject: Settlement discrepancy on ORD-9 \u2014 \u20b91.22\n\nOrder ORD-9 (payment PAY-0009) settled \u20b9644.24 against contractual expectation \u20b9645.46 after rate-card MDR and GST. We request reversal of the unexplained difference of \u20b91.22."", ""amount"": 1.44}","{""draft_id"": ""DRF-CASE-0003"", ""draft"": ""Subject: Settlement discrepancy on ORD-9 \u2014 \u20b91.22\n\nOrder ORD-9 (payment PAY-0009) settled \u20b9644.24 against contractual expectation \u20b9645.46 after rate-card MDR and GST. We request reversal of the unexplained difference of \u20b91.22.""}",,CASE-0003_DRAFT,,1.44,2026-09-05T07:14:27Z
ACT-0244,CASE-0025,draft_dispute,DRAFT_DISPUTE,AGENT,EXECUTED,L1,"{""case_id"": ""CASE-0025"", ""evidence_ids"": [""EVID-00086"", ""EVID-00087"", ""EVID-00088"", ""EVID-00089""], ""reason"": ""draft the gateway dispute with bound evidence; submission goes through the approval gate"", ""draft_content"": ""Subject: Settlement discrepancy on ORD-118 \u2014 \u20b988.92\n\nOrder ORD-118 (payment PAY-0118) settled \u20b9208.66 against contractual expectation \u20b9297.58 after rate-card MDR and GST. We request reversal of the unexplained difference of \u20b988.92."", ""amount"": 1.42}","{""draft_id"": ""DRF-CASE-0025"", ""draft"": ""Subject: Settlement discrepancy on ORD-118 \u2014 \u20b988.92\n\nOrder ORD-118 (payment PAY-0118) settled \u20b9208.66 against contractual expectation \u20b9297.58 after rate-card MDR and GST. We request reversal of the unexplained difference of \u20b988.92.""}",,CASE-0025_DRAFT,,1.42,2026-09-05T07:14:27Z
ACT-0245,CASE-0059,draft_dispute,DRAFT_DISPUTE,AGENT,EXECUTED,L1,"{""case_id"": ""CASE-0059"", ""evidence_ids"": [""EVID-00201"", ""EVID-00202"", ""EVID-00203"", ""EVID-00204""], ""reason"": ""draft the gateway dispute with bound evidence; submission goes through the approval gate"", ""draft_content"": ""Subject: Settlement discrepancy on ORD-330 \u2014 \u20b91.06\n\nOrder ORD-330 (payment PAY-0330) settled \u20b9554.61 against contractual expectation \u20b9555.67 after rate-card MDR and GST. We request reversal of the unexplained difference of \u20b91.06."", ""amount"": 1.25}","{""draft_id"": ""DRF-CASE-0059"", ""draft"": ""Subject: Settlement discrepancy on ORD-330 \u2014 \u20b91.06\n\nOrder ORD-330 (payment PAY-0330) settled \u20b9554.61 against contractual expectation \u20b9555.67 after rate-card MDR and GST. We request reversal of the unexplained difference of \u20b91.06.""}",,CASE-0059_DRAFT,,1.25,2026-09-05T07:14:28Z
ACT-0246,CASE-0002,draft_dispute,DRAFT_DISPUTE,AGENT,EXECUTED,L1,"{""case_id"": ""CASE-0002"", ""evidence_ids"": [""EVID-00005"", ""EVID-00006"", ""EVID-00007"", ""EVID-00008""], ""reason"": ""draft the gateway dispute with bound evidence; submission goes through the approval gate"", ""draft_content"": ""Subject: Settlement discrepancy on ORD-4 \u2014 \u20b91.00\n\nOrder ORD-4 (payment PAY-0004) settled \u20b9610.29 against contractual expectation \u20b9611.29 after rate-card MDR and GST. We request reversal of the unexplained difference of \u20b91.00."", ""amount"": 1.18}","{""draft_id"": ""DRF-CASE-0002"", ""draft"": ""Subject: Settlement discrepancy on ORD-4 \u2014 \u20b91.00\n\nOrder ORD-4 (payment PAY-0004) settled \u20b9610.29 against contractual expectation \u20b9611.29 after rate-card MDR and GST. We request reversal of the unexplained difference of \u20b91.00.""}",,CASE-0002_DRAFT,,1.18,2026-09-05T07:14:29Z
