gt_id,txn_id,order_id,payment_id,has_anomaly,actual_problem,anomaly_type,true_expected_amount,true_actual_amount,true_leakage_amount,true_recoverable,true_recovery_amount,true_root_cause,true_required_evidence,true_best_action,true_deadline,true_should_escalate
GT-0001,TXN-001,ORD-1,PAY-0001,TRUE,fee_excess on #1001,LEAK-FEE-EXCESS,1201.41,1189.73,11.68,TRUE,11.68,gateway charged MDR above negotiated rate card beyond tolerance,RECON_RESULT|RULE_RESULT|RATE_CARD,DRAFT_DISPUTE,2025-05-20,FALSE
GT-0002,TXN-002,ORD-2,PAY-0002,FALSE,,,1038.65,1038.65,0.0,FALSE,0.0,,,,2025-05-20,FALSE
GT-0003,TXN-003,ORD-3,PAY-0003,FALSE,,,2665.97,2665.97,0.0,FALSE,0.0,,,,2025-05-20,FALSE
GT-0004,TXN-004,ORD-4,PAY-0004,TRUE,fee_excess on #1004,LEAK-FEE-EXCESS,611.29,610.29,1.0,TRUE,1.0,gateway charged MDR above negotiated rate card beyond tolerance,RECON_RESULT|RULE_RESULT|RATE_CARD,DRAFT_DISPUTE,2025-05-20,FALSE
GT-0005,TXN-005,ORD-5,PAY-0005,FALSE,,,291.94,291.94,0.0,FALSE,0.0,,,,2025-05-20,FALSE
GT-0006,TXN-006,ORD-6,PAY-0006,FALSE,,,1136.1,1136.1,0.0,FALSE,0.0,,,,2025-05-20,FALSE
GT-0007,TXN-007,ORD-7,PAY-0007,FALSE,,,4921.63,4921.63,0.0,FALSE,0.0,,,,2025-05-20,FALSE
GT-0008,TXN-008,ORD-8,PAY-0008,FALSE,,,418.83,418.83,0.0,FALSE,0.0,,,,2025-05-20,FALSE
GT-0009,TXN-009,ORD-9,PAY-0009,TRUE,fee_excess on #1009,LEAK-FEE-EXCESS,645.46,644.24,1.22,TRUE,1.22,gateway charged MDR above negotiated rate card beyond tolerance,RECON_RESULT|RULE_RESULT|RATE_CARD,DRAFT_DISPUTE,2025-05-20,FALSE
GT-0010,TXN-010,ORD-10,PAY-0010,FALSE,,,671.6,671.6,0.0,FALSE,0.0,,,,2025-05-20,FALSE
GT-0011,TXN-011,ORD-11,PAY-0011,FALSE,,,295.0,295.0,0.0,FALSE,0.0,,,,2025-05-20,FALSE
GT-0012,TXN-012,ORD-12,PAY-0012,TRUE,missing_settlement on #1012,LEAK-MISSING-SETTLEMENT,1945.43,0,1945.43,TRUE,1945.43,payment captured but settlement never issued; funds held at gateway,RECON_RESULT|RULE_RESULT|RAW_PAYLOAD,CREATE_DISPUTE,2025-05-20,TRUE
GT-0013,TXN-013,ORD-13,PAY-0013,FALSE,,,708.94,708.94,0.0,FALSE,0.0,,,,2025-05-20,FALSE
GT-0014,TXN-014,ORD-14,PAY-0014,FALSE,,,983.73,983.73,0.0,FALSE,0.0,,,,2025-05-20,FALSE
GT-0015,TXN-015,ORD-15,PAY-0015,FALSE,,,507.93,507.93,0.0,FALSE,0.0,,,,2025-05-20,FALSE
GT-0016,TXN-016,ORD-16,PAY-0016,TRUE,refund_economics on #1016,LEAK-REFUND-ECONOMICS,604.35,595.52,8.83,TRUE,8.83,gateway did not return MDR fee pro-rata on processed refund,RECON_RESULT|RULE_RESULT|RAW_PAYLOAD,CREATE_DISPUTE,2025-05-20,FALSE
GT-0017,TXN-017,ORD-17,PAY-0017,TRUE,refund_economics on #1017,LEAK-REFUND-ECONOMICS,209.91,206.34,3.57,TRUE,3.57,gateway did not return MDR fee pro-rata on processed refund,RECON_RESULT|RULE_RESULT|RAW_PAYLOAD,CREATE_DISPUTE,2025-05-20,FALSE
GT-0018,TXN-018,ORD-18,PAY-0018,FALSE,,,376.6,376.6,0.0,FALSE,0.0,,,,2025-05-20,FALSE
GT-0019,TXN-019,ORD-19,PAY-0019,FALSE,,,1877.4,1877.4,0.0,FALSE,0.0,,,,2025-05-20,FALSE
GT-0020,TXN-020,ORD-20,PAY-0020,FALSE,,,890.78,890.78,0.0,FALSE,0.0,,,,2025-05-20,FALSE
GT-0021,TXN-021,ORD-21,PAY-0021,FALSE,,,377.36,377.36,0.0,FALSE,0.0,,,,2025-05-20,FALSE
GT-0022,TXN-022,ORD-22,PAY-0022,FALSE,,,630.84,630.84,0.0,FALSE,0.0,,,,2025-05-20,FALSE
GT-0023,TXN-023,ORD-23,PAY-0023,FALSE,,,2128.56,2128.56,0.0,FALSE,0.0,,,,2025-05-20,FALSE
GT-0024,TXN-024,ORD-24,PAY-0024,FALSE,,,19589.83,19589.83,0.0,FALSE,0.0,,,,2025-05-20,FALSE
GT-0025,TXN-025,ORD-25,PAY-0025,TRUE,missing_settlement on #1025,LEAK-MISSING-SETTLEMENT,1541.86,0,1541.86,TRUE,1541.86,payment captured but settlement never issued; funds held at gateway,RECON_RESULT|RULE_RESULT|RAW_PAYLOAD,CREATE_DISPUTE,2025-05-20,TRUE
GT-0026,TXN-026,ORD-26,PAY-0026,FALSE,,,595.0,595.0,0.0,FALSE,0.0,,,,2025-05-20,FALSE
GT-0027,TXN-027,ORD-27,PAY-0027,FALSE,,,913.85,913.85,0.0,FALSE,0.0,,,,2025-05-20,FALSE
GT-0028,TXN-028,ORD-28,PAY-0028,FALSE,,,4463.84,4463.84,0.0,FALSE,0.0,,,,2025-05-20,FALSE
GT-0029,TXN-029,ORD-29,PAY-0029,FALSE,,,2617.93,2617.93,0.0,FALSE,0.0,,,,2025-05-20,FALSE
GT-0030,TXN-030,ORD-30,PAY-0030,FALSE,,,576.77,576.77,0.0,FALSE,0.0,,,,2025-05-20,FALSE
GT-0031,TXN-031,ORD-31,PAY-0031,FALSE,,,749.35,749.35,0.0,FALSE,0.0,,,,2025-05-20,FALSE
GT-0032,TXN-032,ORD-32,PAY-0032,FALSE,,,3842.11,3842.11,0.0,FALSE,0.0,,,,2025-05-20,FALSE
GT-0033,TXN-033,ORD-33,PAY-0033,FALSE,,,4449.96,4449.96,0.0,FALSE,0.0,,,,2025-05-20,FALSE
GT-0034,TXN-034,ORD-34,PAY-0034,FALSE,,,1247.75,1247.75,0.0,FALSE,0.0,,,,2025-05-20,FALSE
GT-0035,TXN-035,ORD-35,PAY-0035,TRUE,duplicate_fee on #1035,LEAK-DUPLICATE-FEE,788.18,783.01,5.17,TRUE,5.17,duplicate MDR fee event charged for the same payment,RECON_RESULT|RATE_CARD|RAW_PAYLOAD,CREATE_DISPUTE,2025-05-20,FALSE
GT-0036,TXN-036,ORD-36,PAY-0036,TRUE,settlement_short on #1036,LEAK-SETTLEMENT-SHORT,4312.97,4018.73,294.24,TRUE,294.24,settlement credited below expected net of contractual fees and taxes,RECON_RESULT|RULE_RESULT|RAW_PAYLOAD,DRAFT_DISPUTE,2025-05-20,FALSE
GT-0037,TXN-037,ORD-37,PAY-0037,FALSE,,,1389.9,1389.9,0.0,FALSE,0.0,,,,2025-05-20,FALSE
GT-0038,TXN-038,ORD-38,PAY-0038,FALSE,,,2889.78,2889.78,0.0,FALSE,0.0,,,,2025-05-20,FALSE
GT-0039,TXN-039,ORD-39,PAY-0039,FALSE,,,300.81,300.81,0.0,FALSE,0.0,,,,2025-05-20,FALSE
GT-0040,TXN-040,ORD-40,PAY-0040,FALSE,,,382.31,382.31,0.0,FALSE,0.0,,,,2025-05-20,FALSE
GT-0041,TXN-041,ORD-41,PAY-0041,TRUE,fee_excess on #1041,LEAK-FEE-EXCESS,1182.06,1180.13,1.93,TRUE,1.93,gateway charged MDR above negotiated rate card beyond tolerance,RECON_RESULT|RULE_RESULT|RATE_CARD,DRAFT_DISPUTE,2025-05-20,FALSE
GT-0042,TXN-042,ORD-42,PAY-0042,FALSE,,,284.84,284.84,0.0,FALSE,0.0,,,,2025-05-20,FALSE
GT-0043,TXN-043,ORD-43,PAY-0043,FALSE,,,446.17,446.17,0.0,FALSE,0.0,,,,2025-05-20,FALSE
GT-0044,TXN-044,ORD-44,PAY-0044,FALSE,,,892.18,892.18,0.0,FALSE,0.0,,,,2025-05-20,FALSE
GT-0045,TXN-045,ORD-45,PAY-0045,FALSE,,,972.37,972.37,0.0,FALSE,0.0,,,,2025-05-20,FALSE
GT-0046,TXN-046,ORD-46,PAY-0046,FALSE,,,291.94,291.94,0.0,FALSE,0.0,,,,2025-05-20,FALSE
GT-0047,TXN-047,ORD-47,PAY-0047,FALSE,,,3647.78,3647.78,0.0,FALSE,0.0,,,,2025-05-20,FALSE
GT-0048,TXN-048,ORD-48,PAY-0048,TRUE,refund_economics on #1048,LEAK-REFUND-ECONOMICS,3061.05,3051.11,9.94,TRUE,9.94,gateway did not return MDR fee pro-rata on processed refund,RECON_RESULT|RULE_RESULT|RAW_PAYLOAD,CREATE_DISPUTE,2025-05-20,TRUE
GT-0049,TXN-049,ORD-49,PAY-0049,FALSE,,,763.99,763.99,0.0,FALSE,0.0,,,,2025-05-20,FALSE
GT-0050,TXN-050,ORD-50,PAY-0050,TRUE,duplicate_fee on #1050,LEAK-DUPLICATE-FEE,827.82,823.89,3.93,TRUE,3.93,duplicate MDR fee event charged for the same payment,RECON_RESULT|RATE_CARD|RAW_PAYLOAD,CREATE_DISPUTE,2025-05-20,FALSE
GT-0051,TXN-051,ORD-51,PAY-0051,TRUE,fee_excess on #1051,LEAK-FEE-EXCESS,347.74,343.18,4.56,TRUE,4.56,gateway charged MDR above negotiated rate card beyond tolerance,RECON_RESULT|RULE_RESULT|RATE_CARD,DRAFT_DISPUTE,2025-05-20,FALSE
GT-0052,TXN-052,ORD-52,PAY-0052,FALSE,,,783.76,783.76,0.0,FALSE,0.0,,,,2025-05-20,FALSE
GT-0053,TXN-053,ORD-53,PAY-0053,FALSE,,,1328.05,1328.05,0.0,FALSE,0.0,,,,2025-05-20,FALSE
GT-0054,TXN-054,ORD-54,PAY-0054,TRUE,refund_economics on #1054,LEAK-REFUND-ECONOMICS,666.58,661.24,5.34,TRUE,5.34,gateway did not return MDR fee pro-rata on processed refund,RECON_RESULT|RULE_RESULT|RAW_PAYLOAD,CREATE_DISPUTE,2025-05-20,FALSE
GT-0055,TXN-055,ORD-55,PAY-0055,FALSE,,,592.18,592.18,0.0,FALSE,0.0,,,,2025-05-20,FALSE
GT-0056,TXN-056,ORD-56,PAY-0056,TRUE,refund_economics on #1056,LEAK-REFUND-ECONOMICS,1154.16,1136.36,17.8,TRUE,17.8,gateway did not return MDR fee pro-rata on processed refund,RECON_RESULT|RULE_RESULT|RAW_PAYLOAD,CREATE_DISPUTE,2025-05-20,FALSE
GT-0057,TXN-057,ORD-57,PAY-0057,FALSE,,,325.77,325.77,0.0,FALSE,0.0,,,,2025-05-20,FALSE
GT-0058,TXN-058,ORD-58,PAY-0058,FALSE,,,4196.74,4196.74,0.0,FALSE,0.0,,,,2025-05-20,FALSE
GT-0059,TXN-059,ORD-59,PAY-0059,FALSE,,,2018.94,2018.94,0.0,FALSE,0.0,,,,2025-05-20,FALSE
GT-0060,TXN-060,ORD-60,PAY-0060,FALSE,,,342.08,342.08,0.0,FALSE,0.0,,,,2025-05-20,FALSE
GT-0061,TXN-061,ORD-61,PAY-0061,FALSE,,,1584.14,1584.14,0.0,FALSE,0.0,,,,2025-05-20,FALSE
GT-0062,TXN-062,ORD-62,PAY-0062,FALSE,,,15430.3,15430.3,0.0,FALSE,0.0,,,,2025-05-20,FALSE
GT-0063,TXN-063,ORD-63,PAY-0063,FALSE,,,1467.37,1467.37,0.0,FALSE,0.0,,,,2025-05-20,FALSE
GT-0064,TXN-064,ORD-64,PAY-0064,FALSE,,,4860.18,4860.18,0.0,FALSE,0.0,,,,2025-05-20,FALSE
GT-0065,TXN-065,ORD-65,PAY-0065,TRUE,fee_excess on #1065,LEAK-FEE-EXCESS,1574.72,1562.94,11.78,TRUE,11.78,gateway charged MDR above negotiated rate card beyond tolerance,RECON_RESULT|RULE_RESULT|RATE_CARD,DRAFT_DISPUTE,2025-05-20,FALSE
GT-0066,TXN-066,ORD-66,PAY-0066,FALSE,,,376.83,376.83,0.0,FALSE,0.0,,,,2025-05-20,FALSE
GT-0067,TXN-067,ORD-67,PAY-0067,FALSE,,,3129.19,3129.19,0.0,FALSE,0.0,,,,2025-05-20,FALSE
GT-0068,TXN-068,ORD-68,PAY-0068,FALSE,,,284.84,284.84,0.0,FALSE,0.0,,,,2025-05-20,FALSE
GT-0069,TXN-069,ORD-69,PAY-0069,FALSE,,,1540.5,1540.5,0.0,FALSE,0.0,,,,2025-05-20,FALSE
GT-0070,TXN-070,ORD-70,PAY-0070,FALSE,,,11240.02,11240.02,0.0,FALSE,0.0,,,,2025-05-20,FALSE
GT-0071,TXN-071,ORD-71,PAY-0071,TRUE,settlement_short on #1071,LEAK-SETTLEMENT-SHORT,1218.03,1159.98,58.05,TRUE,58.05,settlement credited below expected net of contractual fees and taxes,RECON_RESULT|RULE_RESULT|RAW_PAYLOAD,DRAFT_DISPUTE,2025-05-20,FALSE
GT-0072,TXN-072,ORD-72,PAY-0072,FALSE,,,853.54,853.54,0.0,FALSE,0.0,,,,2025-05-20,FALSE
GT-0073,TXN-073,ORD-73,PAY-0073,FALSE,,,5204.29,5204.29,0.0,FALSE,0.0,,,,2025-05-20,FALSE
GT-0074,TXN-074,ORD-74,PAY-0074,TRUE,fee_excess on #1074,LEAK-FEE-EXCESS,1726.07,1723.82,2.25,TRUE,2.25,gateway charged MDR above negotiated rate card beyond tolerance,RECON_RESULT|RULE_RESULT|RATE_CARD,DRAFT_DISPUTE,2025-05-20,FALSE
GT-0075,TXN-075,ORD-75,PAY-0075,FALSE,,,382.3,382.3,0.0,FALSE,0.0,,,,2025-05-20,FALSE
GT-0076,TXN-076,ORD-76,PAY-0076,TRUE,settlement_short on #1076,LEAK-SETTLEMENT-SHORT,622.1,585.3,36.8,TRUE,36.8,settlement credited below expected net of contractual fees and taxes,RECON_RESULT|RULE_RESULT|RAW_PAYLOAD,DRAFT_DISPUTE,2025-05-20,FALSE
GT-0077,TXN-077,ORD-77,PAY-0077,TRUE,settlement_short on #1077,LEAK-SETTLEMENT-SHORT,3083.88,2969.53,114.35,TRUE,114.35,settlement credited below expected net of contractual fees and taxes,RECON_RESULT|RULE_RESULT|RAW_PAYLOAD,CREATE_DISPUTE,2025-05-20,TRUE
GT-0078,TXN-078,ORD-78,PAY-0078,FALSE,,,429.26,429.26,0.0,FALSE,0.0,,,,2025-05-20,FALSE
GT-0079,TXN-079,ORD-79,PAY-0079,FALSE,,,291.94,291.94,0.0,FALSE,0.0,,,,2025-05-20,FALSE
GT-0080,TXN-080,ORD-80,PAY-0080,TRUE,settlement_short on #1080,LEAK-SETTLEMENT-SHORT,2042.83,1906.44,136.39,TRUE,136.39,settlement credited below expected net of contractual fees and taxes,RECON_RESULT|RULE_RESULT|RAW_PAYLOAD,DRAFT_DISPUTE,2025-05-20,FALSE
GT-0081,TXN-081,ORD-81,PAY-0081,FALSE,,,645.41,645.41,0.0,FALSE,0.0,,,,2025-05-20,FALSE
GT-0082,TXN-082,ORD-82,PAY-0082,TRUE,fee_excess on #1082,LEAK-FEE-EXCESS,1378.74,1372.4,6.34,TRUE,6.34,gateway charged MDR above negotiated rate card beyond tolerance,RECON_RESULT|RULE_RESULT|RATE_CARD,DRAFT_DISPUTE,2025-05-20,FALSE
GT-0083,TXN-083,ORD-83,PAY-0083,FALSE,,,3889.73,3889.73,0.0,FALSE,0.0,,,,2025-05-20,FALSE
GT-0084,TXN-084,ORD-84,PAY-0084,FALSE,,,1168.47,1168.47,0.0,FALSE,0.0,,,,2025-05-20,FALSE
GT-0085,TXN-085,ORD-85,PAY-0085,FALSE,,,321.26,321.26,0.0,FALSE,0.0,,,,2025-05-20,FALSE
GT-0086,TXN-086,ORD-86,PAY-0086,FALSE,,,217.56,217.56,0.0,FALSE,0.0,,,,2025-05-20,FALSE
GT-0087,TXN-087,ORD-87,PAY-0087,FALSE,,,2099.48,2099.48,0.0,FALSE,0.0,,,,2025-05-20,FALSE
GT-0088,TXN-088,ORD-88,PAY-0088,FALSE,,,4274.98,4274.98,0.0,FALSE,0.0,,,,2025-05-20,FALSE
GT-0089,TXN-089,ORD-89,PAY-0089,FALSE,,,1909.26,1909.26,0.0,FALSE,0.0,,,,2025-05-20,FALSE
GT-0090,TXN-090,ORD-90,PAY-0090,FALSE,,,1325.03,1325.03,0.0,FALSE,0.0,,,,2025-05-20,FALSE
GT-0091,TXN-091,ORD-91,PAY-0091,TRUE,fee_excess on #1091,LEAK-FEE-EXCESS,2029.62,2026.99,2.63,TRUE,2.63,gateway charged MDR above negotiated rate card beyond tolerance,RECON_RESULT|RULE_RESULT|RATE_CARD,DRAFT_DISPUTE,2025-05-20,FALSE
GT-0092,TXN-092,ORD-92,PAY-0092,FALSE,,,1351.74,1351.74,0.0,FALSE,0.0,,,,2025-05-20,FALSE
GT-0093,TXN-093,ORD-93,PAY-0093,FALSE,,,4987.81,4987.81,0.0,FALSE,0.0,,,,2025-05-20,FALSE
GT-0094,TXN-094,ORD-94,PAY-0094,FALSE,,,522.44,522.44,0.0,FALSE,0.0,,,,2025-05-20,FALSE
GT-0095,TXN-095,ORD-95,PAY-0095,FALSE,,,669.94,669.94,0.0,FALSE,0.0,,,,2025-05-20,FALSE
GT-0096,TXN-096,ORD-96,PAY-0096,FALSE,,,10555.25,10555.25,0.0,FALSE,0.0,,,,2025-05-20,FALSE
GT-0097,TXN-097,ORD-97,PAY-0097,FALSE,,,1497.65,1497.65,0.0,FALSE,0.0,,,,2025-05-20,FALSE
GT-0098,TXN-098,ORD-98,PAY-0098,FALSE,,,1447.07,1447.07,0.0,FALSE,0.0,,,,2025-05-20,FALSE
GT-0099,TXN-099,ORD-99,PAY-0099,FALSE,,,615.35,615.35,0.0,FALSE,0.0,,,,2025-05-20,FALSE
GT-0100,TXN-100,ORD-100,PAY-0100,FALSE,,,2146.44,2146.44,0.0,FALSE,0.0,,,,2025-05-20,FALSE
GT-0101,TXN-101,ORD-101,PAY-0101,TRUE,settlement_short on #1101,LEAK-SETTLEMENT-SHORT,2145.42,2013.77,131.65,TRUE,131.65,settlement credited below expected net of contractual fees and taxes,RECON_RESULT|RULE_RESULT|RAW_PAYLOAD,DRAFT_DISPUTE,2025-05-20,FALSE
GT-0102,TXN-102,ORD-102,PAY-0102,FALSE,,,2417.56,2417.56,0.0,FALSE,0.0,,,,2025-05-20,FALSE
GT-0103,TXN-103,ORD-103,PAY-0103,FALSE,,,3530.11,3530.11,0.0,FALSE,0.0,,,,2025-05-20,FALSE
GT-0104,TXN-104,ORD-104,PAY-0104,TRUE,refund_economics on #1104,LEAK-REFUND-ECONOMICS,517.83,516.34,1.49,TRUE,1.49,gateway did not return MDR fee pro-rata on processed refund,RECON_RESULT|RULE_RESULT|RAW_PAYLOAD,CREATE_DISPUTE,2025-05-20,FALSE
GT-0105,TXN-105,ORD-105,PAY-0105,FALSE,,,443.52,443.52,0.0,FALSE,0.0,,,,2025-05-20,FALSE
GT-0106,TXN-106,ORD-106,PAY-0106,FALSE,,,2507.66,2507.66,0.0,FALSE,0.0,,,,2025-05-20,FALSE
GT-0107,TXN-107,ORD-107,PAY-0107,FALSE,,,899.0,899.0,0.0,FALSE,0.0,,,,2025-05-20,FALSE
GT-0108,TXN-108,ORD-108,PAY-0108,FALSE,,,317.02,317.02,0.0,FALSE,0.0,,,,2025-05-20,FALSE
GT-0109,TXN-109,ORD-109,PAY-0109,FALSE,,,1174.37,1174.37,0.0,FALSE,0.0,,,,2025-05-20,FALSE
GT-0110,TXN-110,ORD-110,PAY-0110,FALSE,,,682.44,682.44,0.0,FALSE,0.0,,,,2025-05-20,FALSE
GT-0111,TXN-111,ORD-111,PAY-0111,FALSE,,,418.5,418.5,0.0,FALSE,0.0,,,,2025-05-20,FALSE
GT-0112,TXN-112,ORD-112,PAY-0112,FALSE,,,1749.42,1749.42,0.0,FALSE,0.0,,,,2025-05-20,FALSE
GT-0113,TXN-113,ORD-113,PAY-0113,FALSE,,,992.83,992.83,0.0,FALSE,0.0,,,,2025-05-20,FALSE
GT-0114,TXN-114,ORD-114,PAY-0114,FALSE,,,1470.36,1470.36,0.0,FALSE,0.0,,,,2025-05-20,FALSE
GT-0115,TXN-115,ORD-115,PAY-0115,FALSE,,,848.41,848.41,0.0,FALSE,0.0,,,,2025-05-20,FALSE
GT-0116,TXN-116,ORD-116,PAY-0116,FALSE,,,343.09,343.09,0.0,FALSE,0.0,,,,2025-05-20,FALSE
GT-0117,TXN-117,ORD-117,PAY-0117,FALSE,,,1899.21,1899.21,0.0,FALSE,0.0,,,,2025-05-20,FALSE
GT-0118,TXN-118,ORD-118,PAY-0118,TRUE,refund_economics on #1118,LEAK-REFUND-ECONOMICS,210.43,208.66,1.77,TRUE,1.77,gateway did not return MDR fee pro-rata on processed refund,RECON_RESULT|RULE_RESULT|RAW_PAYLOAD,CREATE_DISPUTE,2025-05-20,FALSE
GT-0119,TXN-119,ORD-119,PAY-0119,FALSE,,,2257.96,2257.96,0.0,FALSE,0.0,,,,2025-05-20,FALSE
GT-0120,TXN-120,ORD-120,PAY-0120,FALSE,,,4187.33,4187.33,0.0,FALSE,0.0,,,,2025-05-20,FALSE
GT-0121,TXN-121,ORD-121,PAY-0121,FALSE,,,943.41,943.41,0.0,FALSE,0.0,,,,2025-05-20,FALSE
GT-0122,TXN-122,ORD-122,PAY-0122,FALSE,,,1478.71,1478.71,0.0,FALSE,0.0,,,,2025-05-20,FALSE
GT-0123,TXN-123,ORD-123,PAY-0123,FALSE,,,592.16,592.16,0.0,FALSE,0.0,,,,2025-05-20,FALSE
GT-0124,TXN-124,ORD-124,PAY-0124,FALSE,,,1011.31,1011.31,0.0,FALSE,0.0,,,,2025-05-20,FALSE
GT-0125,TXN-125,ORD-125,PAY-0125,FALSE,,,5771.48,5771.48,0.0,FALSE,0.0,,,,2025-05-20,FALSE
GT-0126,TXN-126,ORD-126,PAY-0126,TRUE,missing_settlement on #1126,LEAK-MISSING-SETTLEMENT,792.3,0,792.3,TRUE,792.3,payment captured but settlement never issued; funds held at gateway,RECON_RESULT|RULE_RESULT|RAW_PAYLOAD,CREATE_DISPUTE,2025-05-20,TRUE
GT-0127,TXN-127,ORD-127,PAY-0127,FALSE,,,670.29,670.29,0.0,FALSE,0.0,,,,2025-05-20,FALSE
GT-0128,TXN-128,ORD-128,PAY-0128,FALSE,,,490.35,490.35,0.0,FALSE,0.0,,,,2025-05-20,FALSE
GT-0129,TXN-129,ORD-129,PAY-0129,TRUE,settlement_short on #1129,LEAK-SETTLEMENT-SHORT,1494.11,1392.38,101.73,TRUE,101.73,settlement credited below expected net of contractual fees and taxes,RECON_RESULT|RULE_RESULT|RAW_PAYLOAD,DRAFT_DISPUTE,2025-05-20,FALSE
GT-0130,TXN-130,ORD-130,PAY-0130,FALSE,,,1509.06,1509.06,0.0,FALSE,0.0,,,,2025-05-20,FALSE
GT-0131,TXN-131,ORD-131,PAY-0131,FALSE,,,1273.33,1273.33,0.0,FALSE,0.0,,,,2025-05-20,FALSE
GT-0132,TXN-132,ORD-132,PAY-0132,FALSE,,,533.23,533.23,0.0,FALSE,0.0,,,,2025-05-20,FALSE
GT-0133,TXN-133,ORD-133,PAY-0133,FALSE,,,1933.66,1933.66,0.0,FALSE,0.0,,,,2025-05-20,FALSE
GT-0134,TXN-134,ORD-134,PAY-0134,FALSE,,,369.8,369.8,0.0,FALSE,0.0,,,,2025-05-20,FALSE
GT-0135,TXN-135,ORD-135,,FALSE,,,0.0,0,0.0,FALSE,0.0,,,,2025-05-20,FALSE
GT-0136,TXN-136,ORD-136,PAY-0136,FALSE,,,317.36,317.36,0.0,FALSE,0.0,,,,2025-05-20,FALSE
GT-0137,TXN-137,ORD-137,PAY-0137,TRUE,refund_economics on #1137,LEAK-REFUND-ECONOMICS,203.38,201.3,2.08,TRUE,2.08,gateway did not return MDR fee pro-rata on processed refund,RECON_RESULT|RULE_RESULT|RAW_PAYLOAD,CREATE_DISPUTE,2025-05-20,FALSE
GT-0138,TXN-138,ORD-138,PAY-0138,TRUE,missing_settlement on #1138,LEAK-MISSING-SETTLEMENT,2092.88,0,2092.88,TRUE,2092.88,payment captured but settlement never issued; funds held at gateway,RECON_RESULT|RULE_RESULT|RAW_PAYLOAD,CREATE_DISPUTE,2025-05-20,TRUE
GT-0139,TXN-139,ORD-139,PAY-0139,FALSE,,,458.76,458.76,0.0,FALSE,0.0,,,,2025-05-20,FALSE
GT-0140,TXN-140,ORD-140,PAY-0140,TRUE,missing_settlement on #1140,LEAK-MISSING-SETTLEMENT,571.83,0,571.83,TRUE,571.83,payment captured but settlement never issued; funds held at gateway,RECON_RESULT|RULE_RESULT|RAW_PAYLOAD,CREATE_DISPUTE,2025-05-20,TRUE
GT-0141,TXN-141,ORD-141,PAY-0141,FALSE,,,2844.73,2844.73,0.0,FALSE,0.0,,,,2025-05-20,FALSE
GT-0142,TXN-142,ORD-142,PAY-0142,FALSE,,,579.63,579.63,0.0,FALSE,0.0,,,,2025-05-20,FALSE
GT-0143,TXN-143,ORD-143,PAY-0143,TRUE,fee_excess on #1143,LEAK-FEE-EXCESS,2016.28,1994.47,21.81,TRUE,21.81,gateway charged MDR above negotiated rate card beyond tolerance,RECON_RESULT|RULE_RESULT|RATE_CARD,DRAFT_DISPUTE,2025-05-20,FALSE
GT-0144,TXN-144,ORD-144,PAY-0144,FALSE,,,1781.73,1781.73,0.0,FALSE,0.0,,,,2025-05-20,FALSE
GT-0145,TXN-145,ORD-145,PAY-0145,FALSE,,,341.44,341.44,0.0,FALSE,0.0,,,,2025-05-20,FALSE
GT-0146,TXN-146,ORD-146,PAY-0146,FALSE,,,839.11,839.11,0.0,FALSE,0.0,,,,2025-05-20,FALSE
GT-0147,TXN-147,ORD-147,PAY-0147,FALSE,,,848.18,848.18,0.0,FALSE,0.0,,,,2025-05-20,FALSE
GT-0148,TXN-148,ORD-148,PAY-0148,FALSE,,,773.48,773.48,0.0,FALSE,0.0,,,,2025-05-20,FALSE
GT-0149,TXN-149,ORD-149,PAY-0149,FALSE,,,1643.51,1643.51,0.0,FALSE,0.0,,,,2025-05-20,FALSE
GT-0150,TXN-150,ORD-150,PAY-0150,FALSE,,,599.5,599.5,0.0,FALSE,0.0,,,,2025-05-20,FALSE
GT-0151,TXN-151,ORD-151,PAY-0151,FALSE,,,409.32,409.32,0.0,FALSE,0.0,,,,2025-05-20,FALSE
GT-0152,TXN-152,ORD-152,PAY-0152,FALSE,,,1735.17,1735.17,0.0,FALSE,0.0,,,,2025-05-20,FALSE
GT-0153,TXN-153,ORD-153,PAY-0153,FALSE,,,1306.09,1306.09,0.0,FALSE,0.0,,,,2025-05-20,FALSE
GT-0154,TXN-154,ORD-154,PAY-0154,FALSE,,,1256.15,1256.15,0.0,FALSE,0.0,,,,2025-05-20,FALSE
GT-0155,TXN-155,ORD-155,PAY-0155,FALSE,,,290.7,290.7,0.0,FALSE,0.0,,,,2025-05-20,FALSE
GT-0156,TXN-156,ORD-156,PAY-0156,FALSE,,,754.4,754.4,0.0,FALSE,0.0,,,,2025-05-20,FALSE
GT-0157,TXN-157,ORD-157,PAY-0157,TRUE,missing_settlement on #1157,LEAK-MISSING-SETTLEMENT,814.95,0,814.95,TRUE,814.95,payment captured but settlement never issued; funds held at gateway,RECON_RESULT|RULE_RESULT|RAW_PAYLOAD,CREATE_DISPUTE,2025-05-20,TRUE
GT-0158,TXN-158,ORD-158,PAY-0158,FALSE,,,6940.54,6940.54,0.0,FALSE,0.0,,,,2025-05-20,FALSE
GT-0159,TXN-159,ORD-159,PAY-0159,FALSE,,,2129.78,2129.78,0.0,FALSE,0.0,,,,2025-05-20,FALSE
GT-0160,TXN-160,ORD-160,PAY-0160,FALSE,,,1020.09,1020.09,0.0,FALSE,0.0,,,,2025-05-20,FALSE
GT-0161,TXN-161,ORD-161,PAY-0161,TRUE,fee_excess on #1161,LEAK-FEE-EXCESS,959.18,949.55,9.63,TRUE,9.63,gateway charged MDR above negotiated rate card beyond tolerance,RECON_RESULT|RULE_RESULT|RATE_CARD,DRAFT_DISPUTE,2025-05-20,FALSE
GT-0162,TXN-162,ORD-162,PAY-0162,FALSE,,,664.44,664.44,0.0,FALSE,0.0,,,,2025-05-20,FALSE
GT-0163,TXN-163,ORD-163,PAY-0163,FALSE,,,297.58,297.58,0.0,FALSE,0.0,,,,2025-05-20,FALSE
GT-0164,TXN-164,ORD-164,PAY-0164,TRUE,settlement_short on #1164,LEAK-SETTLEMENT-SHORT,292.3,281.74,10.56,TRUE,10.56,settlement credited below expected net of contractual fees and taxes,RECON_RESULT|RULE_RESULT|RAW_PAYLOAD,DRAFT_DISPUTE,2025-05-20,FALSE
GT-0165,TXN-165,ORD-165,PAY-0165,FALSE,,,3488.78,3488.78,0.0,FALSE,0.0,,,,2025-05-20,FALSE
GT-0166,TXN-166,ORD-166,PAY-0166,FALSE,,,336.83,336.83,0.0,FALSE,0.0,,,,2025-05-20,FALSE
GT-0167,TXN-167,ORD-167,PAY-0167,FALSE,,,297.58,297.58,0.0,FALSE,0.0,,,,2025-05-20,FALSE
GT-0168,TXN-168,ORD-168,PAY-0168,TRUE,settlement_short on #1168,LEAK-SETTLEMENT-SHORT,446.76,441.31,5.45,TRUE,5.45,settlement credited below expected net of contractual fees and taxes,RECON_RESULT|RULE_RESULT|RAW_PAYLOAD,DRAFT_DISPUTE,2025-05-20,FALSE
GT-0169,TXN-169,ORD-169,PAY-0169,FALSE,,,1584.83,1584.83,0.0,FALSE,0.0,,,,2025-05-20,FALSE
GT-0170,TXN-170,ORD-170,PAY-0170,FALSE,,,291.94,291.94,0.0,FALSE,0.0,,,,2025-05-20,FALSE
GT-0171,TXN-171,ORD-171,PAY-0171,FALSE,,,2370.61,2370.61,0.0,FALSE,0.0,,,,2025-05-20,FALSE
GT-0172,TXN-172,ORD-172,PAY-0172,FALSE,,,405.89,405.89,0.0,FALSE,0.0,,,,2025-05-20,FALSE
GT-0173,TXN-173,ORD-173,PAY-0173,TRUE,refund_economics on #1173,LEAK-REFUND-ECONOMICS,1224.82,1218.43,6.39,TRUE,6.39,gateway did not return MDR fee pro-rata on processed refund,RECON_RESULT|RULE_RESULT|RAW_PAYLOAD,CREATE_DISPUTE,2025-05-20,FALSE
GT-0174,TXN-174,ORD-174,PAY-0174,FALSE,,,675.03,675.03,0.0,FALSE,0.0,,,,2025-05-20,FALSE
GT-0175,TXN-175,ORD-175,PAY-0175,FALSE,,,297.58,297.58,0.0,FALSE,0.0,,,,2025-05-20,FALSE
GT-0176,TXN-176,ORD-176,PAY-0176,TRUE,refund_economics on #1176,LEAK-REFUND-ECONOMICS,1776.5,1742.84,33.66,TRUE,33.66,gateway did not return MDR fee pro-rata on processed refund,RECON_RESULT|RULE_RESULT|RAW_PAYLOAD,CREATE_DISPUTE,2025-05-20,FALSE
GT-0177,TXN-177,ORD-177,PAY-0177,FALSE,,,2474.3,2474.3,0.0,FALSE,0.0,,,,2025-05-20,FALSE
GT-0178,TXN-178,ORD-178,PAY-0178,TRUE,fee_excess on #1178,LEAK-FEE-EXCESS,3578.48,3558.29,20.19,TRUE,20.19,gateway charged MDR above negotiated rate card beyond tolerance,RECON_RESULT|RULE_RESULT|RATE_CARD,DRAFT_DISPUTE,2025-05-20,FALSE
GT-0179,TXN-179,ORD-179,PAY-0179,TRUE,settlement_short on #1179,LEAK-SETTLEMENT-SHORT,2130.73,2011.23,119.5,TRUE,119.5,settlement credited below expected net of contractual fees and taxes,RECON_RESULT|RULE_RESULT|RAW_PAYLOAD,DRAFT_DISPUTE,2025-05-20,FALSE
GT-0180,TXN-180,ORD-180,PAY-0180,FALSE,,,328.87,328.87,0.0,FALSE,0.0,,,,2025-05-20,FALSE
GT-0181,TXN-181,ORD-181,PAY-0181,FALSE,,,293.14,293.14,0.0,FALSE,0.0,,,,2025-05-20,FALSE
GT-0182,TXN-182,ORD-182,PAY-0182,TRUE,settlement_short on #1182,LEAK-SETTLEMENT-SHORT,12194.11,11894.06,300.05,TRUE,300.05,settlement credited below expected net of contractual fees and taxes,RECON_RESULT|RULE_RESULT|RAW_PAYLOAD,CREATE_DISPUTE,2025-05-20,TRUE
GT-0183,TXN-183,ORD-183,PAY-0183,FALSE,,,810.37,810.37,0.0,FALSE,0.0,,,,2025-05-20,FALSE
GT-0184,TXN-184,ORD-184,PAY-0184,FALSE,,,1362.28,1362.28,0.0,FALSE,0.0,,,,2025-05-20,FALSE
GT-0185,TXN-185,ORD-185,PAY-0185,FALSE,,,3706.71,3706.71,0.0,FALSE,0.0,,,,2025-05-20,FALSE
GT-0186,TXN-186,ORD-186,PAY-0186,FALSE,,,735.92,735.92,0.0,FALSE,0.0,,,,2025-05-20,FALSE
GT-0187,TXN-187,ORD-187,PAY-0187,FALSE,,,1215.63,1215.63,0.0,FALSE,0.0,,,,2025-05-20,FALSE
GT-0188,TXN-188,ORD-188,PAY-0188,TRUE,missing_settlement on #1188,LEAK-MISSING-SETTLEMENT,291.94,0,291.94,TRUE,291.94,payment captured but settlement never issued; funds held at gateway,RECON_RESULT|RULE_RESULT|RAW_PAYLOAD,CREATE_DISPUTE,2025-05-20,TRUE
GT-0189,TXN-189,ORD-189,PAY-0189,FALSE,,,2086.16,2086.16,0.0,FALSE,0.0,,,,2025-05-20,FALSE
GT-0190,TXN-190,ORD-190,PAY-0190,FALSE,,,1350.8,1350.8,0.0,FALSE,0.0,,,,2025-05-20,FALSE
GT-0191,TXN-191,ORD-191,PAY-0191,FALSE,,,1313.79,1313.79,0.0,FALSE,0.0,,,,2025-05-20,FALSE
GT-0192,TXN-192,ORD-192,PAY-0192,FALSE,,,1036.44,1036.44,0.0,FALSE,0.0,,,,2025-05-20,FALSE
GT-0193,TXN-193,ORD-193,PAY-0193,FALSE,,,676.65,676.65,0.0,FALSE,0.0,,,,2025-05-20,FALSE
GT-0194,TXN-194,ORD-194,PAY-0194,FALSE,,,594.45,594.45,0.0,FALSE,0.0,,,,2025-05-20,FALSE
GT-0195,TXN-195,ORD-195,PAY-0195,FALSE,,,581.48,581.48,0.0,FALSE,0.0,,,,2025-05-20,FALSE
GT-0196,TXN-196,ORD-196,PAY-0196,TRUE,missing_settlement on #1196,LEAK-MISSING-SETTLEMENT,550.24,0,550.24,TRUE,550.24,payment captured but settlement never issued; funds held at gateway,RECON_RESULT|RULE_RESULT|RAW_PAYLOAD,CREATE_DISPUTE,2025-05-20,TRUE
GT-0197,TXN-197,ORD-197,PAY-0197,FALSE,,,5541.34,5541.34,0.0,FALSE,0.0,,,,2025-05-20,FALSE
GT-0198,TXN-198,ORD-198,PAY-0198,FALSE,,,353.19,353.19,0.0,FALSE,0.0,,,,2025-05-20,FALSE
GT-0199,TXN-199,ORD-199,PAY-0199,FALSE,,,976.5,976.5,0.0,FALSE,0.0,,,,2025-05-20,FALSE
GT-0200,TXN-200,ORD-200,PAY-0200,FALSE,,,6091.3,6091.3,0.0,FALSE,0.0,,,,2025-05-20,FALSE
GT-0201,TXN-201,ORD-201,PAY-0201,TRUE,duplicate_fee on #1201,LEAK-DUPLICATE-FEE,239.72,232.14,7.58,TRUE,7.58,duplicate MDR fee event charged for the same payment,RECON_RESULT|RATE_CARD|RAW_PAYLOAD,CREATE_DISPUTE,2025-05-20,FALSE
GT-0202,TXN-202,ORD-202,PAY-0202,FALSE,,,1830.67,1830.67,0.0,FALSE,0.0,,,,2025-05-20,FALSE
GT-0203,TXN-203,ORD-203,PAY-0203,FALSE,,,423.02,423.02,0.0,FALSE,0.0,,,,2025-05-20,FALSE
GT-0204,TXN-204,ORD-204,PAY-0204,FALSE,,,355.98,355.98,0.0,FALSE,0.0,,,,2025-05-20,FALSE
GT-0205,TXN-205,ORD-205,PAY-0205,FALSE,,,606.5,606.5,0.0,FALSE,0.0,,,,2025-05-20,FALSE
GT-0206,TXN-206,ORD-206,PAY-0206,FALSE,,,627.6,627.6,0.0,FALSE,0.0,,,,2025-05-20,FALSE
GT-0207,TXN-207,ORD-207,PAY-0207,FALSE,,,1103.29,1103.29,0.0,FALSE,0.0,,,,2025-05-20,FALSE
GT-0208,TXN-208,ORD-208,PAY-0208,FALSE,,,519.18,519.18,0.0,FALSE,0.0,,,,2025-05-20,FALSE
GT-0209,TXN-209,ORD-209,PAY-0209,TRUE,settlement_short on #1209,LEAK-SETTLEMENT-SHORT,6549.16,6419.57,129.59,TRUE,129.59,settlement credited below expected net of contractual fees and taxes,RECON_RESULT|RULE_RESULT|RAW_PAYLOAD,CREATE_DISPUTE,2025-05-20,TRUE
GT-0210,TXN-210,ORD-210,PAY-0210,FALSE,,,10420.94,10420.94,0.0,FALSE,0.0,,,,2025-05-20,FALSE
GT-0211,TXN-211,ORD-211,PAY-0211,FALSE,,,291.94,291.94,0.0,FALSE,0.0,,,,2025-05-20,FALSE
GT-0212,TXN-212,ORD-212,PAY-0212,FALSE,,,362.39,362.39,0.0,FALSE,0.0,,,,2025-05-20,FALSE
GT-0213,TXN-213,ORD-213,PAY-0213,FALSE,,,837.11,837.11,0.0,FALSE,0.0,,,,2025-05-20,FALSE
GT-0214,TXN-214,ORD-214,PAY-0214,FALSE,,,1716.22,1716.22,0.0,FALSE,0.0,,,,2025-05-20,FALSE
GT-0215,TXN-215,ORD-215,PAY-0215,FALSE,,,937.02,937.02,0.0,FALSE,0.0,,,,2025-05-20,FALSE
GT-0216,TXN-216,ORD-216,PAY-0216,FALSE,,,3342.64,3342.64,0.0,FALSE,0.0,,,,2025-05-20,FALSE
GT-0217,TXN-217,ORD-217,PAY-0217,FALSE,,,3432.11,3432.11,0.0,FALSE,0.0,,,,2025-05-20,FALSE
GT-0218,TXN-218,ORD-218,PAY-0218,FALSE,,,640.47,640.47,0.0,FALSE,0.0,,,,2025-05-20,FALSE
GT-0219,TXN-219,ORD-219,PAY-0219,TRUE,fee_excess on #1219,LEAK-FEE-EXCESS,1007.84,1006.0,1.84,TRUE,1.84,gateway charged MDR above negotiated rate card beyond tolerance,RECON_RESULT|RULE_RESULT|RATE_CARD,DRAFT_DISPUTE,2025-05-20,FALSE
GT-0220,TXN-220,ORD-220,PAY-0220,FALSE,,,1435.0,1435.0,0.0,FALSE,0.0,,,,2025-05-20,FALSE
GT-0221,TXN-221,ORD-221,PAY-0221,FALSE,,,633.39,633.39,0.0,FALSE,0.0,,,,2025-05-20,FALSE
GT-0222,TXN-222,ORD-222,PAY-0222,FALSE,,,3269.41,3269.41,0.0,FALSE,0.0,,,,2025-05-20,FALSE
GT-0223,TXN-223,ORD-223,PAY-0223,FALSE,,,297.58,297.58,0.0,FALSE,0.0,,,,2025-05-20,FALSE
GT-0224,TXN-224,ORD-224,PAY-0224,FALSE,,,373.09,373.09,0.0,FALSE,0.0,,,,2025-05-20,FALSE
GT-0225,TXN-225,ORD-225,PAY-0225,FALSE,,,4030.19,4030.19,0.0,FALSE,0.0,,,,2025-05-20,FALSE
GT-0226,TXN-226,ORD-226,PAY-0226,FALSE,,,3325.14,3325.14,0.0,FALSE,0.0,,,,2025-05-20,FALSE
GT-0227,TXN-227,ORD-227,PAY-0227,FALSE,,,1459.15,1459.15,0.0,FALSE,0.0,,,,2025-05-20,FALSE
GT-0228,TXN-228,ORD-228,PAY-0228,FALSE,,,431.97,431.97,0.0,FALSE,0.0,,,,2025-05-20,FALSE
GT-0229,TXN-229,ORD-229,PAY-0229,FALSE,,,740.44,740.44,0.0,FALSE,0.0,,,,2025-05-20,FALSE
GT-0230,TXN-230,ORD-230,PAY-0230,FALSE,,,725.16,725.16,0.0,FALSE,0.0,,,,2025-05-20,FALSE
GT-0231,TXN-231,ORD-231,PAY-0231,TRUE,missing_settlement on #1231,LEAK-MISSING-SETTLEMENT,1253.0,0,1253.0,TRUE,1253.0,payment captured but settlement never issued; funds held at gateway,RECON_RESULT|RULE_RESULT|RAW_PAYLOAD,CREATE_DISPUTE,2025-05-20,TRUE
GT-0232,TXN-232,ORD-232,PAY-0232,FALSE,,,297.58,297.58,0.0,FALSE,0.0,,,,2025-05-20,FALSE
GT-0233,TXN-233,ORD-233,PAY-0233,FALSE,,,639.74,639.74,0.0,FALSE,0.0,,,,2025-05-20,FALSE
GT-0234,TXN-234,ORD-234,PAY-0234,FALSE,,,1884.22,1884.22,0.0,FALSE,0.0,,,,2025-05-20,FALSE
GT-0235,TXN-235,ORD-235,PAY-0235,FALSE,,,1106.91,1106.91,0.0,FALSE,0.0,,,,2025-05-20,FALSE
GT-0236,TXN-236,ORD-236,,FALSE,,,0.0,0,0.0,FALSE,0.0,,,,2025-05-20,FALSE
GT-0237,TXN-237,ORD-237,PAY-0237,FALSE,,,3466.16,3466.16,0.0,FALSE,0.0,,,,2025-05-20,FALSE
GT-0238,TXN-238,ORD-238,PAY-0238,TRUE,missing_settlement on #1238,LEAK-MISSING-SETTLEMENT,1237.65,0,1237.65,TRUE,1237.65,payment captured but settlement never issued; funds held at gateway,RECON_RESULT|RULE_RESULT|RAW_PAYLOAD,CREATE_DISPUTE,2025-05-20,TRUE
GT-0239,TXN-239,ORD-239,PAY-0239,FALSE,,,1121.56,1121.56,0.0,FALSE,0.0,,,,2025-05-20,FALSE
GT-0240,TXN-240,ORD-240,PAY-0240,FALSE,,,806.02,806.02,0.0,FALSE,0.0,,,,2025-05-20,FALSE
GT-0241,TXN-241,ORD-241,PAY-0241,FALSE,,,4380.7,4380.7,0.0,FALSE,0.0,,,,2025-05-20,FALSE
GT-0242,TXN-242,ORD-242,PAY-0242,FALSE,,,1338.79,1338.79,0.0,FALSE,0.0,,,,2025-05-20,FALSE
GT-0243,TXN-243,ORD-243,PAY-0243,FALSE,,,2465.21,2465.21,0.0,FALSE,0.0,,,,2025-05-20,FALSE
GT-0244,TXN-244,ORD-244,PAY-0244,FALSE,,,221.51,221.51,0.0,FALSE,0.0,,,,2025-05-20,FALSE
GT-0245,TXN-245,ORD-245,PAY-0245,FALSE,,,337.81,337.81,0.0,FALSE,0.0,,,,2025-05-20,FALSE
GT-0246,TXN-246,ORD-246,PAY-0246,FALSE,,,458.7,458.7,0.0,FALSE,0.0,,,,2025-05-20,FALSE
GT-0247,TXN-247,ORD-247,PAY-0247,FALSE,,,969.13,969.13,0.0,FALSE,0.0,,,,2025-05-20,FALSE
GT-0248,TXN-248,ORD-248,PAY-0248,TRUE,fee_excess on #1248,LEAK-FEE-EXCESS,297.58,297.12,0.46,TRUE,0.46,gateway charged MDR above negotiated rate card beyond tolerance,RECON_RESULT|RULE_RESULT|RATE_CARD,DRAFT_DISPUTE,2025-05-20,FALSE
GT-0249,TXN-249,ORD-249,PAY-0249,FALSE,,,10113.87,10113.87,0.0,FALSE,0.0,,,,2025-05-20,FALSE
GT-0250,TXN-250,ORD-250,PAY-0250,FALSE,,,527.75,527.75,0.0,FALSE,0.0,,,,2025-05-20,FALSE
GT-0251,TXN-251,ORD-251,PAY-0251,FALSE,,,297.58,297.58,0.0,FALSE,0.0,,,,2025-05-20,FALSE
GT-0252,TXN-252,ORD-252,PAY-0252,FALSE,,,2338.72,2338.72,0.0,FALSE,0.0,,,,2025-05-20,FALSE
GT-0253,TXN-253,ORD-253,PAY-0253,FALSE,,,861.29,861.29,0.0,FALSE,0.0,,,,2025-05-20,FALSE
GT-0254,TXN-254,ORD-254,PAY-0254,FALSE,,,5346.71,5346.71,0.0,FALSE,0.0,,,,2025-05-20,FALSE
GT-0255,TXN-255,ORD-255,PAY-0255,FALSE,,,2374.15,2374.15,0.0,FALSE,0.0,,,,2025-05-20,FALSE
GT-0256,TXN-256,ORD-256,PAY-0256,FALSE,,,2272.31,2272.31,0.0,FALSE,0.0,,,,2025-05-20,FALSE
GT-0257,TXN-257,ORD-257,PAY-0257,FALSE,,,291.94,291.94,0.0,FALSE,0.0,,,,2025-05-20,FALSE
GT-0258,TXN-258,ORD-258,PAY-0258,TRUE,refund_economics on #1258,LEAK-REFUND-ECONOMICS,472.23,470.63,1.6,TRUE,1.6,gateway did not return MDR fee pro-rata on processed refund,RECON_RESULT|RULE_RESULT|RAW_PAYLOAD,CREATE_DISPUTE,2025-05-20,FALSE
GT-0259,TXN-259,ORD-259,PAY-0259,FALSE,,,1507.47,1507.47,0.0,FALSE,0.0,,,,2025-05-20,FALSE
GT-0260,TXN-260,ORD-260,PAY-0260,FALSE,,,1146.49,1146.49,0.0,FALSE,0.0,,,,2025-05-20,FALSE
GT-0261,TXN-261,ORD-261,PAY-0261,FALSE,,,1598.16,1598.16,0.0,FALSE,0.0,,,,2025-05-20,FALSE
GT-0262,TXN-262,ORD-262,PAY-0262,FALSE,,,4537.4,4537.4,0.0,FALSE,0.0,,,,2025-05-20,FALSE
GT-0263,TXN-263,ORD-263,PAY-0263,FALSE,,,434.0,434.0,0.0,FALSE,0.0,,,,2025-05-20,FALSE
GT-0264,TXN-264,ORD-264,PAY-0264,FALSE,,,162.74,162.74,0.0,FALSE,0.0,,,,2025-05-20,FALSE
GT-0265,TXN-265,ORD-265,PAY-0265,FALSE,,,1204.86,1204.86,0.0,FALSE,0.0,,,,2025-05-20,FALSE
GT-0266,TXN-266,ORD-266,PAY-0266,FALSE,,,501.21,501.21,0.0,FALSE,0.0,,,,2025-05-20,FALSE
GT-0267,TXN-267,ORD-267,PAY-0267,FALSE,,,291.94,291.94,0.0,FALSE,0.0,,,,2025-05-20,FALSE
GT-0268,TXN-268,ORD-268,PAY-0268,TRUE,settlement_short on #1268,LEAK-SETTLEMENT-SHORT,2912.98,2806.79,106.19,TRUE,106.19,settlement credited below expected net of contractual fees and taxes,RECON_RESULT|RULE_RESULT|RAW_PAYLOAD,DRAFT_DISPUTE,2025-05-20,FALSE
GT-0269,TXN-269,ORD-269,PAY-0269,TRUE,refund_economics on #1269,LEAK-REFUND-ECONOMICS,229.54,227.44,2.1,TRUE,2.1,gateway did not return MDR fee pro-rata on processed refund,RECON_RESULT|RULE_RESULT|RAW_PAYLOAD,CREATE_DISPUTE,2025-05-20,FALSE
GT-0270,TXN-270,ORD-270,PAY-0270,FALSE,,,2393.45,2393.45,0.0,FALSE,0.0,,,,2025-05-20,FALSE
GT-0271,TXN-271,ORD-271,PAY-0271,FALSE,,,770.57,770.57,0.0,FALSE,0.0,,,,2025-05-20,FALSE
GT-0272,TXN-272,ORD-272,PAY-0272,FALSE,,,735.79,735.79,0.0,FALSE,0.0,,,,2025-05-20,FALSE
GT-0273,TXN-273,ORD-273,PAY-0273,TRUE,fee_excess on #1273,LEAK-FEE-EXCESS,1879.86,1876.41,3.45,TRUE,3.45,gateway charged MDR above negotiated rate card beyond tolerance,RECON_RESULT|RULE_RESULT|RATE_CARD,DRAFT_DISPUTE,2025-05-20,FALSE
GT-0274,TXN-274,ORD-274,PAY-0274,FALSE,,,1268.83,1268.83,0.0,FALSE,0.0,,,,2025-05-20,FALSE
GT-0275,TXN-275,ORD-275,PAY-0275,TRUE,fee_excess on #1275,LEAK-FEE-EXCESS,297.58,297.27,0.31,TRUE,0.31,gateway charged MDR above negotiated rate card beyond tolerance,RECON_RESULT|RULE_RESULT|RATE_CARD,DRAFT_DISPUTE,2025-05-20,FALSE
GT-0276,TXN-276,ORD-276,PAY-0276,FALSE,,,840.75,840.75,0.0,FALSE,0.0,,,,2025-05-20,FALSE
GT-0277,TXN-277,ORD-277,PAY-0277,FALSE,,,849.85,849.85,0.0,FALSE,0.0,,,,2025-05-20,FALSE
GT-0278,TXN-278,ORD-278,PAY-0278,FALSE,,,840.34,840.34,0.0,FALSE,0.0,,,,2025-05-20,FALSE
GT-0279,TXN-279,ORD-279,PAY-0279,FALSE,,,2461.84,2461.84,0.0,FALSE,0.0,,,,2025-05-20,FALSE
GT-0280,TXN-280,ORD-280,PAY-0280,TRUE,fee_excess on #1280,LEAK-FEE-EXCESS,590.83,584.84,5.99,TRUE,5.99,gateway charged MDR above negotiated rate card beyond tolerance,RECON_RESULT|RULE_RESULT|RATE_CARD,DRAFT_DISPUTE,2025-05-20,FALSE
GT-0281,TXN-281,ORD-281,,FALSE,,,0.0,0,0.0,FALSE,0.0,,,,2025-05-20,FALSE
GT-0282,TXN-282,ORD-282,PAY-0282,TRUE,settlement_short on #1282,LEAK-SETTLEMENT-SHORT,5412.62,5120.0,292.62,TRUE,292.62,settlement credited below expected net of contractual fees and taxes,RECON_RESULT|RULE_RESULT|RAW_PAYLOAD,CREATE_DISPUTE,2025-05-20,TRUE
GT-0283,TXN-283,ORD-283,PAY-0283,FALSE,,,1139.4,1139.4,0.0,FALSE,0.0,,,,2025-05-20,FALSE
GT-0284,TXN-284,ORD-284,PAY-0284,FALSE,,,534.86,534.86,0.0,FALSE,0.0,,,,2025-05-20,FALSE
GT-0285,TXN-285,ORD-285,PAY-0285,FALSE,,,297.58,297.58,0.0,FALSE,0.0,,,,2025-05-20,FALSE
GT-0286,TXN-286,ORD-286,PAY-0286,FALSE,,,7742.09,7742.09,0.0,FALSE,0.0,,,,2025-05-20,FALSE
GT-0287,TXN-287,ORD-287,,FALSE,,,0.0,0,0.0,FALSE,0.0,,,,2025-05-20,FALSE
GT-0288,TXN-288,ORD-288,PAY-0288,TRUE,fee_excess on #1288,LEAK-FEE-EXCESS,1586.86,1568.85,18.01,TRUE,18.01,gateway charged MDR above negotiated rate card beyond tolerance,RECON_RESULT|RULE_RESULT|RATE_CARD,DRAFT_DISPUTE,2025-05-20,FALSE
GT-0289,TXN-289,ORD-289,PAY-0289,FALSE,,,2862.45,2862.45,0.0,FALSE,0.0,,,,2025-05-20,FALSE
GT-0290,TXN-290,ORD-290,PAY-0290,FALSE,,,611.38,611.38,0.0,FALSE,0.0,,,,2025-05-20,FALSE
GT-0291,TXN-291,ORD-291,PAY-0291,TRUE,fee_excess on #1291,LEAK-FEE-EXCESS,1208.91,1202.65,6.26,TRUE,6.26,gateway charged MDR above negotiated rate card beyond tolerance,RECON_RESULT|RULE_RESULT|RATE_CARD,DRAFT_DISPUTE,2025-05-20,FALSE
GT-0292,TXN-292,ORD-292,PAY-0292,FALSE,,,2022.33,2022.33,0.0,FALSE,0.0,,,,2025-05-20,FALSE
GT-0293,TXN-293,ORD-293,PAY-0293,FALSE,,,469.28,469.28,0.0,FALSE,0.0,,,,2025-05-20,FALSE
GT-0294,TXN-294,ORD-294,PAY-0294,TRUE,missing_settlement on #1294,LEAK-MISSING-SETTLEMENT,310.74,0,310.74,TRUE,310.74,payment captured but settlement never issued; funds held at gateway,RECON_RESULT|RULE_RESULT|RAW_PAYLOAD,CREATE_DISPUTE,2025-05-20,TRUE
GT-0295,TXN-295,ORD-295,PAY-0295,FALSE,,,769.88,769.88,0.0,FALSE,0.0,,,,2025-05-20,FALSE
GT-0296,TXN-296,ORD-296,PAY-0296,FALSE,,,309.86,309.86,0.0,FALSE,0.0,,,,2025-05-20,FALSE
GT-0297,TXN-297,ORD-297,PAY-0297,FALSE,,,454.93,454.93,0.0,FALSE,0.0,,,,2025-05-20,FALSE
GT-0298,TXN-298,ORD-298,PAY-0298,FALSE,,,746.25,746.25,0.0,FALSE,0.0,,,,2025-05-20,FALSE
GT-0299,TXN-299,ORD-299,PAY-0299,FALSE,,,470.17,470.17,0.0,FALSE,0.0,,,,2025-05-20,FALSE
GT-0300,TXN-300,ORD-300,PAY-0300,FALSE,,,1966.17,1966.17,0.0,FALSE,0.0,,,,2025-05-20,FALSE
GT-0301,TXN-301,ORD-301,PAY-0301,TRUE,refund_economics on #1301,LEAK-REFUND-ECONOMICS,2488.61,2447.16,41.45,TRUE,41.45,gateway did not return MDR fee pro-rata on processed refund,RECON_RESULT|RULE_RESULT|RAW_PAYLOAD,CREATE_DISPUTE,2025-05-20,FALSE
GT-0302,TXN-302,ORD-302,PAY-0302,FALSE,,,811.22,811.22,0.0,FALSE,0.0,,,,2025-05-20,FALSE
GT-0303,TXN-303,ORD-303,PAY-0303,FALSE,,,1368.52,1368.52,0.0,FALSE,0.0,,,,2025-05-20,FALSE
GT-0304,TXN-304,ORD-304,PAY-0304,TRUE,fee_excess on #1304,LEAK-FEE-EXCESS,531.73,527.4,4.33,TRUE,4.33,gateway charged MDR above negotiated rate card beyond tolerance,RECON_RESULT|RULE_RESULT|RATE_CARD,DRAFT_DISPUTE,2025-05-20,FALSE
GT-0305,TXN-305,ORD-305,PAY-0305,FALSE,,,411.29,411.29,0.0,FALSE,0.0,,,,2025-05-20,FALSE
GT-0306,TXN-306,ORD-306,PAY-0306,FALSE,,,291.94,291.94,0.0,FALSE,0.0,,,,2025-05-20,FALSE
GT-0307,TXN-307,ORD-307,PAY-0307,FALSE,,,2407.61,2407.61,0.0,FALSE,0.0,,,,2025-05-20,FALSE
GT-0308,TXN-308,ORD-308,PAY-0308,FALSE,,,291.94,291.94,0.0,FALSE,0.0,,,,2025-05-20,FALSE
GT-0309,TXN-309,ORD-309,PAY-0309,FALSE,,,679.18,679.18,0.0,FALSE,0.0,,,,2025-05-20,FALSE
GT-0310,TXN-310,ORD-310,PAY-0310,FALSE,,,1396.03,1396.03,0.0,FALSE,0.0,,,,2025-05-20,FALSE
GT-0311,TXN-311,ORD-311,PAY-0311,FALSE,,,409.21,409.21,0.0,FALSE,0.0,,,,2025-05-20,FALSE
GT-0312,TXN-312,ORD-312,PAY-0312,FALSE,,,1053.78,1053.78,0.0,FALSE,0.0,,,,2025-05-20,FALSE
GT-0313,TXN-313,ORD-313,PAY-0313,FALSE,,,291.94,291.94,0.0,FALSE,0.0,,,,2025-05-20,FALSE
GT-0314,TXN-314,ORD-314,PAY-0314,FALSE,,,2136.09,2136.09,0.0,FALSE,0.0,,,,2025-05-20,FALSE
GT-0315,TXN-315,ORD-315,PAY-0315,FALSE,,,1542.47,1542.47,0.0,FALSE,0.0,,,,2025-05-20,FALSE
GT-0316,TXN-316,ORD-316,PAY-0316,TRUE,settlement_short on #1316,LEAK-SETTLEMENT-SHORT,5258.16,5082.38,175.78,TRUE,175.78,settlement credited below expected net of contractual fees and taxes,RECON_RESULT|RULE_RESULT|RAW_PAYLOAD,CREATE_DISPUTE,2025-05-20,TRUE
GT-0317,TXN-317,ORD-317,PAY-0317,FALSE,,,762.19,762.19,0.0,FALSE,0.0,,,,2025-05-20,FALSE
GT-0318,TXN-318,ORD-318,PAY-0318,FALSE,,,2432.87,2432.87,0.0,FALSE,0.0,,,,2025-05-20,FALSE
GT-0319,TXN-319,ORD-319,PAY-0319,FALSE,,,297.58,297.58,0.0,FALSE,0.0,,,,2025-05-20,FALSE
GT-0320,TXN-320,ORD-320,PAY-0320,FALSE,,,1829.22,1829.22,0.0,FALSE,0.0,,,,2025-05-20,FALSE
GT-0321,TXN-321,ORD-321,PAY-0321,FALSE,,,284.84,284.84,0.0,FALSE,0.0,,,,2025-05-20,FALSE
GT-0322,TXN-322,ORD-322,PAY-0322,FALSE,,,932.55,932.55,0.0,FALSE,0.0,,,,2025-05-20,FALSE
GT-0323,TXN-323,ORD-323,PAY-0323,FALSE,,,1047.63,1047.63,0.0,FALSE,0.0,,,,2025-05-20,FALSE
GT-0324,TXN-324,ORD-324,PAY-0324,FALSE,,,420.39,420.39,0.0,FALSE,0.0,,,,2025-05-20,FALSE
GT-0325,TXN-325,ORD-325,PAY-0325,FALSE,,,808.78,808.78,0.0,FALSE,0.0,,,,2025-05-20,FALSE
GT-0326,TXN-326,ORD-326,PAY-0326,FALSE,,,145.94,145.94,0.0,FALSE,0.0,,,,2025-05-20,FALSE
GT-0327,TXN-327,ORD-327,PAY-0327,FALSE,,,614.26,614.26,0.0,FALSE,0.0,,,,2025-05-20,FALSE
GT-0328,TXN-328,ORD-328,PAY-0328,FALSE,,,476.91,476.91,0.0,FALSE,0.0,,,,2025-05-20,FALSE
GT-0329,TXN-329,ORD-329,PAY-0329,FALSE,,,534.91,534.91,0.0,FALSE,0.0,,,,2025-05-20,FALSE
GT-0330,TXN-330,ORD-330,PAY-0330,TRUE,fee_excess on #1330,LEAK-FEE-EXCESS,555.67,554.61,1.06,TRUE,1.06,gateway charged MDR above negotiated rate card beyond tolerance,RECON_RESULT|RULE_RESULT|RATE_CARD,DRAFT_DISPUTE,2025-05-20,FALSE
GT-0331,TXN-331,ORD-331,PAY-0331,FALSE,,,3865.67,3865.67,0.0,FALSE,0.0,,,,2025-05-20,FALSE
GT-0332,TXN-332,ORD-332,PAY-0332,FALSE,,,580.19,580.19,0.0,FALSE,0.0,,,,2025-05-20,FALSE
GT-0333,TXN-333,ORD-333,PAY-0333,FALSE,,,2038.71,2038.71,0.0,FALSE,0.0,,,,2025-05-20,FALSE
GT-0334,TXN-334,ORD-334,PAY-0334,FALSE,,,5462.94,5462.94,0.0,FALSE,0.0,,,,2025-05-20,FALSE
GT-0335,TXN-335,ORD-335,PAY-0335,FALSE,,,6913.46,6913.46,0.0,FALSE,0.0,,,,2025-05-20,FALSE
GT-0336,TXN-336,ORD-336,PAY-0336,FALSE,,,357.15,357.15,0.0,FALSE,0.0,,,,2025-05-20,FALSE
GT-0337,TXN-337,ORD-337,PAY-0337,FALSE,,,1356.59,1356.59,0.0,FALSE,0.0,,,,2025-05-20,FALSE
GT-0338,TXN-338,ORD-338,PAY-0338,FALSE,,,1328.96,1328.96,0.0,FALSE,0.0,,,,2025-05-20,FALSE
GT-0339,TXN-339,ORD-339,PAY-0339,FALSE,,,5431.31,5431.31,0.0,FALSE,0.0,,,,2025-05-20,FALSE
GT-0340,TXN-340,ORD-340,PAY-0340,FALSE,,,5817.06,5817.06,0.0,FALSE,0.0,,,,2025-05-20,FALSE
GT-0341,TXN-341,ORD-341,PAY-0341,FALSE,,,2162.38,2162.38,0.0,FALSE,0.0,,,,2025-05-20,FALSE
GT-0342,TXN-342,ORD-342,PAY-0342,FALSE,,,640.8,640.8,0.0,FALSE,0.0,,,,2025-05-20,FALSE
GT-0343,TXN-343,ORD-343,PAY-0343,FALSE,,,1835.92,1835.92,0.0,FALSE,0.0,,,,2025-05-20,FALSE
GT-0344,TXN-344,ORD-344,PAY-0344,FALSE,,,430.13,430.13,0.0,FALSE,0.0,,,,2025-05-20,FALSE
GT-0345,TXN-345,ORD-345,PAY-0345,TRUE,settlement_short on #1345,LEAK-SETTLEMENT-SHORT,2081.75,2046.33,35.42,TRUE,35.42,settlement credited below expected net of contractual fees and taxes,RECON_RESULT|RULE_RESULT|RAW_PAYLOAD,DRAFT_DISPUTE,2025-05-20,FALSE
GT-0346,TXN-346,ORD-346,PAY-0346,TRUE,missing_settlement on #1346,LEAK-MISSING-SETTLEMENT,2058.75,0,2058.75,TRUE,2058.75,payment captured but settlement never issued; funds held at gateway,RECON_RESULT|RULE_RESULT|RAW_PAYLOAD,CREATE_DISPUTE,2025-05-20,TRUE
GT-0347,TXN-347,ORD-347,PAY-0347,TRUE,settlement_short on #1347,LEAK-SETTLEMENT-SHORT,5808.29,5378.94,429.35,TRUE,429.35,settlement credited below expected net of contractual fees and taxes,RECON_RESULT|RULE_RESULT|RAW_PAYLOAD,CREATE_DISPUTE,2025-05-20,TRUE
GT-0348,TXN-348,ORD-348,PAY-0348,FALSE,,,1406.77,1406.77,0.0,FALSE,0.0,,,,2025-05-20,FALSE
GT-0349,TXN-349,ORD-349,PAY-0349,FALSE,,,448.07,448.07,0.0,FALSE,0.0,,,,2025-05-20,FALSE
GT-0350,TXN-350,ORD-350,PAY-0350,FALSE,,,1528.29,1528.29,0.0,FALSE,0.0,,,,2025-05-20,FALSE
GT-0351,TXN-351,ORD-351,PAY-0351,FALSE,,,291.94,291.94,0.0,FALSE,0.0,,,,2025-05-20,FALSE
GT-0352,TXN-352,ORD-352,PAY-0352,FALSE,,,863.93,863.93,0.0,FALSE,0.0,,,,2025-05-20,FALSE
GT-0353,TXN-353,ORD-353,PAY-0353,FALSE,,,2416.98,2416.98,0.0,FALSE,0.0,,,,2025-05-20,FALSE
GT-0354,TXN-354,ORD-354,PAY-0354,FALSE,,,6822.1,6822.1,0.0,FALSE,0.0,,,,2025-05-20,FALSE
GT-0355,TXN-355,ORD-355,PAY-0355,FALSE,,,11721.69,11721.69,0.0,FALSE,0.0,,,,2025-05-20,FALSE
GT-0356,TXN-356,ORD-356,PAY-0356,FALSE,,,3419.47,3419.47,0.0,FALSE,0.0,,,,2025-05-20,FALSE
GT-0357,TXN-357,ORD-357,,FALSE,,,0.0,0,0.0,FALSE,0.0,,,,2025-05-20,FALSE
GT-0358,TXN-358,ORD-358,PAY-0358,FALSE,,,1590.38,1590.38,0.0,FALSE,0.0,,,,2025-05-20,FALSE
GT-0359,TXN-359,ORD-359,PAY-0359,FALSE,,,817.63,817.63,0.0,FALSE,0.0,,,,2025-05-20,FALSE
GT-0360,TXN-360,ORD-360,PAY-0360,FALSE,,,2452.55,2452.55,0.0,FALSE,0.0,,,,2025-05-20,FALSE
GT-0361,TXN-361,ORD-361,PAY-0361,FALSE,,,1043.33,1043.33,0.0,FALSE,0.0,,,,2025-05-20,FALSE
GT-0362,TXN-362,ORD-362,PAY-0362,FALSE,,,7373.37,7373.37,0.0,FALSE,0.0,,,,2025-05-20,FALSE
GT-0363,TXN-363,ORD-363,PAY-0363,FALSE,,,817.0,817.0,0.0,FALSE,0.0,,,,2025-05-20,FALSE
GT-0364,TXN-364,ORD-364,PAY-0364,FALSE,,,764.13,764.13,0.0,FALSE,0.0,,,,2025-05-20,FALSE
GT-0365,TXN-365,ORD-365,,FALSE,,,0.0,0,0.0,FALSE,0.0,,,,2025-05-20,FALSE
GT-0366,TXN-366,ORD-366,PAY-0366,FALSE,,,3154.16,3154.16,0.0,FALSE,0.0,,,,2025-05-20,FALSE
GT-0367,TXN-367,ORD-367,PAY-0367,FALSE,,,958.87,958.87,0.0,FALSE,0.0,,,,2025-05-20,FALSE
GT-0368,TXN-368,ORD-368,PAY-0368,FALSE,,,1415.24,1415.24,0.0,FALSE,0.0,,,,2025-05-20,FALSE
GT-0369,TXN-369,ORD-369,PAY-0369,FALSE,,,292.17,292.17,0.0,FALSE,0.0,,,,2025-05-20,FALSE
GT-0370,TXN-370,ORD-370,PAY-0370,FALSE,,,2631.15,2631.15,0.0,FALSE,0.0,,,,2025-05-20,FALSE
GT-0371,TXN-371,ORD-371,PAY-0371,FALSE,,,2564.67,2564.67,0.0,FALSE,0.0,,,,2025-05-20,FALSE
GT-0372,TXN-372,ORD-372,PAY-0372,FALSE,,,741.58,741.58,0.0,FALSE,0.0,,,,2025-05-20,FALSE
GT-0373,TXN-373,ORD-373,PAY-0373,FALSE,,,291.94,291.94,0.0,FALSE,0.0,,,,2025-05-20,FALSE
GT-0374,TXN-374,ORD-374,PAY-0374,FALSE,,,292.3,292.3,0.0,FALSE,0.0,,,,2025-05-20,FALSE
GT-0375,TXN-375,ORD-375,PAY-0375,FALSE,,,1305.69,1305.69,0.0,FALSE,0.0,,,,2025-05-20,FALSE
GT-0376,TXN-376,ORD-376,PAY-0376,FALSE,,,1284.22,1284.22,0.0,FALSE,0.0,,,,2025-05-20,FALSE
GT-0377,TXN-377,ORD-377,PAY-0377,FALSE,,,1109.03,1109.03,0.0,FALSE,0.0,,,,2025-05-20,FALSE
GT-0378,TXN-378,ORD-378,PAY-0378,FALSE,,,291.94,291.94,0.0,FALSE,0.0,,,,2025-05-20,FALSE
GT-0379,TXN-379,ORD-379,PAY-0379,FALSE,,,1101.84,1101.84,0.0,FALSE,0.0,,,,2025-05-20,FALSE
GT-0380,TXN-380,ORD-380,PAY-0380,FALSE,,,4633.55,4633.55,0.0,FALSE,0.0,,,,2025-05-20,FALSE
GT-0381,TXN-381,ORD-381,PAY-0381,TRUE,fee_excess on #1381,LEAK-FEE-EXCESS,9637.66,9520.97,116.69,TRUE,116.69,gateway charged MDR above negotiated rate card beyond tolerance,RECON_RESULT|RULE_RESULT|RATE_CARD,DRAFT_DISPUTE,2025-05-20,TRUE
GT-0382,TXN-382,ORD-382,PAY-0382,FALSE,,,173.15,173.15,0.0,FALSE,0.0,,,,2025-05-20,FALSE
GT-0383,TXN-383,ORD-383,PAY-0383,FALSE,,,1791.18,1791.18,0.0,FALSE,0.0,,,,2025-05-20,FALSE
GT-0384,TXN-384,ORD-384,PAY-0384,FALSE,,,5942.8,5942.8,0.0,FALSE,0.0,,,,2025-05-20,FALSE
GT-0385,TXN-385,ORD-385,PAY-0385,FALSE,,,1418.19,1418.19,0.0,FALSE,0.0,,,,2025-05-20,FALSE
GT-0386,TXN-386,ORD-386,PAY-0386,FALSE,,,1687.3,1687.3,0.0,FALSE,0.0,,,,2025-05-20,FALSE
GT-0387,TXN-387,ORD-387,PAY-0387,FALSE,,,1324.62,1324.62,0.0,FALSE,0.0,,,,2025-05-20,FALSE
GT-0388,TXN-388,ORD-388,PAY-0388,TRUE,refund_economics on #1388,LEAK-REFUND-ECONOMICS,1219.04,1212.96,6.08,TRUE,6.08,gateway did not return MDR fee pro-rata on processed refund,RECON_RESULT|RULE_RESULT|RAW_PAYLOAD,CREATE_DISPUTE,2025-05-20,FALSE
GT-0389,TXN-389,ORD-389,PAY-0389,FALSE,,,449.47,449.47,0.0,FALSE,0.0,,,,2025-05-20,FALSE
GT-0390,TXN-390,ORD-390,PAY-0390,FALSE,,,3247.96,3247.96,0.0,FALSE,0.0,,,,2025-05-20,FALSE
GT-0391,TXN-391,ORD-391,PAY-0391,TRUE,fee_excess on #1391,LEAK-FEE-EXCESS,626.34,621.04,5.3,TRUE,5.3,gateway charged MDR above negotiated rate card beyond tolerance,RECON_RESULT|RULE_RESULT|RATE_CARD,DRAFT_DISPUTE,2025-05-20,FALSE
GT-0392,TXN-392,ORD-392,PAY-0392,FALSE,,,176.19,176.19,0.0,FALSE,0.0,,,,2025-05-20,FALSE
GT-0393,TXN-393,ORD-393,PAY-0393,FALSE,,,284.84,284.84,0.0,FALSE,0.0,,,,2025-05-20,FALSE
GT-0394,TXN-394,ORD-394,PAY-0394,FALSE,,,1182.73,1182.73,0.0,FALSE,0.0,,,,2025-05-20,FALSE
GT-0395,TXN-395,ORD-395,PAY-0395,FALSE,,,1930.48,1930.48,0.0,FALSE,0.0,,,,2025-05-20,FALSE
GT-0396,TXN-396,ORD-396,PAY-0396,FALSE,,,2015.59,2015.59,0.0,FALSE,0.0,,,,2025-05-20,FALSE
GT-0397,TXN-397,ORD-397,,FALSE,,,0.0,0,0.0,FALSE,0.0,,,,2025-05-20,FALSE
GT-0398,TXN-398,ORD-398,PAY-0398,FALSE,,,458.65,458.65,0.0,FALSE,0.0,,,,2025-05-20,FALSE
GT-0399,TXN-399,ORD-399,PAY-0399,FALSE,,,332.82,332.82,0.0,FALSE,0.0,,,,2025-05-20,FALSE
GT-0400,TXN-400,ORD-400,PAY-0400,FALSE,,,4858.54,4858.54,0.0,FALSE,0.0,,,,2025-05-20,FALSE
GT-0401,TXN-401,ORD-401,PAY-0401,FALSE,,,3176.33,3176.33,0.0,FALSE,0.0,,,,2025-05-20,FALSE
GT-0402,TXN-402,ORD-402,PAY-0402,FALSE,,,284.84,284.84,0.0,FALSE,0.0,,,,2025-05-20,FALSE
GT-0403,TXN-403,ORD-403,PAY-0403,TRUE,settlement_short on #1403,LEAK-SETTLEMENT-SHORT,572.88,559.69,13.19,TRUE,13.19,settlement credited below expected net of contractual fees and taxes,RECON_RESULT|RULE_RESULT|RAW_PAYLOAD,DRAFT_DISPUTE,2025-05-20,FALSE
GT-0404,TXN-404,ORD-404,PAY-0404,TRUE,duplicate_fee on #1404,LEAK-DUPLICATE-FEE,606.73,592.57,14.16,TRUE,14.16,duplicate MDR fee event charged for the same payment,RECON_RESULT|RATE_CARD|RAW_PAYLOAD,CREATE_DISPUTE,2025-05-20,FALSE
GT-0405,TXN-405,ORD-405,PAY-0405,TRUE,refund_economics on #1405,LEAK-REFUND-ECONOMICS,528.48,520.07,8.41,TRUE,8.41,gateway did not return MDR fee pro-rata on processed refund,RECON_RESULT|RULE_RESULT|RAW_PAYLOAD,CREATE_DISPUTE,2025-05-20,FALSE
GT-0406,TXN-406,ORD-406,PAY-0406,FALSE,,,499.49,499.49,0.0,FALSE,0.0,,,,2025-05-20,FALSE
GT-0407,TXN-407,ORD-407,PAY-0407,FALSE,,,325.35,325.35,0.0,FALSE,0.0,,,,2025-05-20,FALSE
GT-0408,TXN-408,ORD-408,PAY-0408,FALSE,,,767.75,767.75,0.0,FALSE,0.0,,,,2025-05-20,FALSE
GT-0409,TXN-409,ORD-409,PAY-0409,FALSE,,,1653.38,1653.38,0.0,FALSE,0.0,,,,2025-05-20,FALSE
GT-0410,TXN-410,ORD-410,PAY-0410,FALSE,,,4507.09,4507.09,0.0,FALSE,0.0,,,,2025-05-20,FALSE
GT-0411,TXN-411,ORD-411,,FALSE,,,0.0,0,0.0,FALSE,0.0,,,,2025-05-20,FALSE
GT-0412,TXN-412,ORD-412,PAY-0412,FALSE,,,575.31,575.31,0.0,FALSE,0.0,,,,2025-05-20,FALSE
GT-0413,TXN-413,ORD-413,PAY-0413,FALSE,,,2043.29,2043.29,0.0,FALSE,0.0,,,,2025-05-20,FALSE
GT-0414,TXN-414,ORD-414,PAY-0414,FALSE,,,291.94,291.94,0.0,FALSE,0.0,,,,2025-05-20,FALSE
GT-0415,TXN-415,ORD-415,PAY-0415,FALSE,,,2612.13,2612.13,0.0,FALSE,0.0,,,,2025-05-20,FALSE
GT-0416,TXN-416,ORD-416,PAY-0416,FALSE,,,693.85,693.85,0.0,FALSE,0.0,,,,2025-05-20,FALSE
GT-0417,TXN-417,ORD-417,PAY-0417,FALSE,,,516.88,516.88,0.0,FALSE,0.0,,,,2025-05-20,FALSE
GT-0418,TXN-418,ORD-418,PAY-0418,FALSE,,,560.9,560.9,0.0,FALSE,0.0,,,,2025-05-20,FALSE
GT-0419,TXN-419,ORD-419,PAY-0419,FALSE,,,328.54,328.54,0.0,FALSE,0.0,,,,2025-05-20,FALSE
GT-0420,TXN-420,ORD-420,PAY-0420,FALSE,,,1219.65,1219.65,0.0,FALSE,0.0,,,,2025-05-20,FALSE
GT-0421,TXN-421,ORD-421,PAY-0421,FALSE,,,2372.13,2372.13,0.0,FALSE,0.0,,,,2025-05-20,FALSE
GT-0422,TXN-422,ORD-422,PAY-0422,FALSE,,,1081.63,1081.63,0.0,FALSE,0.0,,,,2025-05-20,FALSE
GT-0423,TXN-423,ORD-423,PAY-0423,FALSE,,,297.58,297.58,0.0,FALSE,0.0,,,,2025-05-20,FALSE
GT-0424,TXN-424,ORD-424,PAY-0424,FALSE,,,284.84,284.84,0.0,FALSE,0.0,,,,2025-05-20,FALSE
GT-0425,TXN-425,ORD-425,PAY-0425,FALSE,,,6705.83,6705.83,0.0,FALSE,0.0,,,,2025-05-20,FALSE
GT-0426,TXN-426,ORD-426,PAY-0426,FALSE,,,2509.19,2509.19,0.0,FALSE,0.0,,,,2025-05-20,FALSE
GT-0427,TXN-427,ORD-427,PAY-0427,FALSE,,,2538.08,2538.08,0.0,FALSE,0.0,,,,2025-05-20,FALSE
GT-0428,TXN-428,ORD-428,PAY-0428,TRUE,settlement_short on #1428,LEAK-SETTLEMENT-SHORT,1926.8,1904.6,22.2,TRUE,22.2,settlement credited below expected net of contractual fees and taxes,RECON_RESULT|RULE_RESULT|RAW_PAYLOAD,DRAFT_DISPUTE,2025-05-20,FALSE
GT-0429,TXN-429,ORD-429,PAY-0429,FALSE,,,4239.23,4239.23,0.0,FALSE,0.0,,,,2025-05-20,FALSE
GT-0430,TXN-430,ORD-430,PAY-0430,FALSE,,,579.78,579.78,0.0,FALSE,0.0,,,,2025-05-20,FALSE
GT-0431,TXN-431,ORD-431,PAY-0431,FALSE,,,578.67,578.67,0.0,FALSE,0.0,,,,2025-05-20,FALSE
GT-0432,TXN-432,ORD-432,PAY-0432,FALSE,,,284.84,284.84,0.0,FALSE,0.0,,,,2025-05-20,FALSE
GT-0433,TXN-433,ORD-433,PAY-0433,FALSE,,,878.2,878.2,0.0,FALSE,0.0,,,,2025-05-20,FALSE
GT-0434,TXN-434,ORD-434,PAY-0434,FALSE,,,2248.85,2248.85,0.0,FALSE,0.0,,,,2025-05-20,FALSE
GT-0435,TXN-435,ORD-435,PAY-0435,TRUE,fee_excess on #1435,LEAK-FEE-EXCESS,2129.98,2125.42,4.56,TRUE,4.56,gateway charged MDR above negotiated rate card beyond tolerance,RECON_RESULT|RULE_RESULT|RATE_CARD,DRAFT_DISPUTE,2025-05-20,FALSE
GT-0436,TXN-436,ORD-436,PAY-0436,FALSE,,,1584.91,1584.91,0.0,FALSE,0.0,,,,2025-05-20,FALSE
GT-0437,TXN-437,ORD-437,PAY-0437,TRUE,fee_excess on #1437,LEAK-FEE-EXCESS,2637.06,2632.72,4.34,TRUE,4.34,gateway charged MDR above negotiated rate card beyond tolerance,RECON_RESULT|RULE_RESULT|RATE_CARD,DRAFT_DISPUTE,2025-05-20,FALSE
GT-0438,TXN-438,ORD-438,PAY-0438,TRUE,fee_excess on #1438,LEAK-FEE-EXCESS,291.94,289.24,2.7,TRUE,2.7,gateway charged MDR above negotiated rate card beyond tolerance,RECON_RESULT|RULE_RESULT|RATE_CARD,DRAFT_DISPUTE,2025-05-20,FALSE
GT-0439,TXN-439,ORD-439,PAY-0439,FALSE,,,1955.31,1955.31,0.0,FALSE,0.0,,,,2025-05-20,FALSE
GT-0440,TXN-440,ORD-440,PAY-0440,FALSE,,,3393.64,3393.64,0.0,FALSE,0.0,,,,2025-05-20,FALSE
GT-0441,TXN-441,ORD-441,PAY-0441,FALSE,,,1835.21,1835.21,0.0,FALSE,0.0,,,,2025-05-20,FALSE
GT-0442,TXN-442,ORD-442,PAY-0442,FALSE,,,886.63,886.63,0.0,FALSE,0.0,,,,2025-05-20,FALSE
GT-0443,TXN-443,ORD-443,PAY-0443,FALSE,,,535.49,535.49,0.0,FALSE,0.0,,,,2025-05-20,FALSE
GT-0444,TXN-444,ORD-444,PAY-0444,FALSE,,,1953.6,1953.6,0.0,FALSE,0.0,,,,2025-05-20,FALSE
GT-0445,TXN-445,ORD-445,PAY-0445,FALSE,,,624.49,624.49,0.0,FALSE,0.0,,,,2025-05-20,FALSE
GT-0446,TXN-446,ORD-446,PAY-0446,FALSE,,,751.47,751.47,0.0,FALSE,0.0,,,,2025-05-20,FALSE
GT-0447,TXN-447,ORD-447,PAY-0447,FALSE,,,744.48,744.48,0.0,FALSE,0.0,,,,2025-05-20,FALSE
GT-0448,TXN-448,ORD-448,PAY-0448,FALSE,,,717.33,717.33,0.0,FALSE,0.0,,,,2025-05-20,FALSE
GT-0449,TXN-449,ORD-449,PAY-0449,FALSE,,,400.23,400.23,0.0,FALSE,0.0,,,,2025-05-20,FALSE
GT-0450,TXN-450,ORD-450,PAY-0450,FALSE,,,861.23,861.23,0.0,FALSE,0.0,,,,2025-05-20,FALSE
GT-0451,TXN-451,ORD-451,PAY-0451,FALSE,,,2780.51,2780.51,0.0,FALSE,0.0,,,,2025-05-20,FALSE
GT-0452,TXN-452,ORD-452,PAY-0452,FALSE,,,2826.91,2826.91,0.0,FALSE,0.0,,,,2025-05-20,FALSE
GT-0453,TXN-453,ORD-453,PAY-0453,FALSE,,,702.55,702.55,0.0,FALSE,0.0,,,,2025-05-20,FALSE
GT-0454,TXN-454,ORD-454,PAY-0454,FALSE,,,1230.92,1230.92,0.0,FALSE,0.0,,,,2025-05-20,FALSE
GT-0455,TXN-455,ORD-455,PAY-0455,FALSE,,,2769.65,2769.65,0.0,FALSE,0.0,,,,2025-05-20,FALSE
GT-0456,TXN-456,ORD-456,PAY-0456,FALSE,,,798.54,798.54,0.0,FALSE,0.0,,,,2025-05-20,FALSE
GT-0457,TXN-457,ORD-457,PAY-0457,FALSE,,,555.12,555.12,0.0,FALSE,0.0,,,,2025-05-20,FALSE
GT-0458,TXN-458,ORD-458,PAY-0458,TRUE,settlement_short on #1458,LEAK-SETTLEMENT-SHORT,1137.25,1091.25,46.0,TRUE,46.0,settlement credited below expected net of contractual fees and taxes,RECON_RESULT|RULE_RESULT|RAW_PAYLOAD,DRAFT_DISPUTE,2025-05-20,FALSE
GT-0459,TXN-459,ORD-459,PAY-0459,FALSE,,,290.7,290.7,0.0,FALSE,0.0,,,,2025-05-20,FALSE
GT-0460,TXN-460,ORD-460,PAY-0460,TRUE,fee_excess on #1460,LEAK-FEE-EXCESS,328.01,323.33,4.68,TRUE,4.68,gateway charged MDR above negotiated rate card beyond tolerance,RECON_RESULT|RULE_RESULT|RATE_CARD,DRAFT_DISPUTE,2025-05-20,FALSE
GT-0461,TXN-461,ORD-461,PAY-0461,TRUE,missing_settlement on #1461,LEAK-MISSING-SETTLEMENT,291.94,0,291.94,TRUE,291.94,payment captured but settlement never issued; funds held at gateway,RECON_RESULT|RULE_RESULT|RAW_PAYLOAD,CREATE_DISPUTE,2025-05-20,TRUE
GT-0462,TXN-462,ORD-462,PAY-0462,FALSE,,,300.6,300.6,0.0,FALSE,0.0,,,,2025-05-20,FALSE
GT-0463,TXN-463,ORD-463,,FALSE,,,0.0,0,0.0,FALSE,0.0,,,,2025-05-20,FALSE
GT-0464,TXN-464,ORD-464,PAY-0464,FALSE,,,1174.21,1174.21,0.0,FALSE,0.0,,,,2025-05-20,FALSE
GT-0465,TXN-465,ORD-465,PAY-0465,TRUE,refund_economics on #1465,LEAK-REFUND-ECONOMICS,7298.05,7281.24,16.81,TRUE,16.81,gateway did not return MDR fee pro-rata on processed refund,RECON_RESULT|RULE_RESULT|RAW_PAYLOAD,CREATE_DISPUTE,2025-05-20,TRUE
GT-0466,TXN-466,ORD-466,PAY-0466,FALSE,,,313.7,313.7,0.0,FALSE,0.0,,,,2025-05-20,FALSE
GT-0467,TXN-467,ORD-467,PAY-0467,FALSE,,,679.5,679.5,0.0,FALSE,0.0,,,,2025-05-20,FALSE
GT-0468,TXN-468,ORD-468,PAY-0468,TRUE,fee_excess on #1468,LEAK-FEE-EXCESS,1540.95,1523.85,17.1,TRUE,17.1,gateway charged MDR above negotiated rate card beyond tolerance,RECON_RESULT|RULE_RESULT|RATE_CARD,DRAFT_DISPUTE,2025-05-20,FALSE
GT-0469,TXN-469,ORD-469,PAY-0469,TRUE,settlement_short on #1469,LEAK-SETTLEMENT-SHORT,656.83,638.65,18.18,TRUE,18.18,settlement credited below expected net of contractual fees and taxes,RECON_RESULT|RULE_RESULT|RAW_PAYLOAD,DRAFT_DISPUTE,2025-05-20,FALSE
GT-0470,TXN-470,ORD-470,PAY-0470,FALSE,,,297.58,297.58,0.0,FALSE,0.0,,,,2025-05-20,FALSE
GT-0471,TXN-471,ORD-471,PAY-0471,TRUE,fee_excess on #1471,LEAK-FEE-EXCESS,1321.9,1311.59,10.31,TRUE,10.31,gateway charged MDR above negotiated rate card beyond tolerance,RECON_RESULT|RULE_RESULT|RATE_CARD,DRAFT_DISPUTE,2025-05-20,FALSE
GT-0472,TXN-472,ORD-472,PAY-0472,FALSE,,,6671.04,6671.04,0.0,FALSE,0.0,,,,2025-05-20,FALSE
GT-0473,TXN-473,ORD-473,PAY-0473,FALSE,,,486.02,486.02,0.0,FALSE,0.0,,,,2025-05-20,FALSE
GT-0474,TXN-474,ORD-474,PAY-0474,FALSE,,,1618.4,1618.4,0.0,FALSE,0.0,,,,2025-05-20,FALSE
GT-0475,TXN-475,ORD-475,PAY-0475,FALSE,,,297.58,297.58,0.0,FALSE,0.0,,,,2025-05-20,FALSE
GT-0476,TXN-476,ORD-476,PAY-0476,TRUE,duplicate_fee on #1476,LEAK-DUPLICATE-FEE,1653.91,1615.98,37.93,TRUE,37.93,duplicate MDR fee event charged for the same payment,RECON_RESULT|RATE_CARD|RAW_PAYLOAD,CREATE_DISPUTE,2025-05-20,FALSE
GT-0477,TXN-477,ORD-477,PAY-0477,FALSE,,,1366.29,1366.29,0.0,FALSE,0.0,,,,2025-05-20,FALSE
GT-0478,TXN-478,ORD-478,PAY-0478,FALSE,,,2040.07,2040.07,0.0,FALSE,0.0,,,,2025-05-20,FALSE
GT-0479,TXN-479,ORD-479,PAY-0479,FALSE,,,541.26,541.26,0.0,FALSE,0.0,,,,2025-05-20,FALSE
GT-0480,TXN-480,ORD-480,PAY-0480,FALSE,,,1996.21,1996.21,0.0,FALSE,0.0,,,,2025-05-20,FALSE
GT-0481,TXN-481,ORD-481,PAY-0481,FALSE,,,2415.3,2415.3,0.0,FALSE,0.0,,,,2025-05-20,FALSE
GT-0482,TXN-482,ORD-482,PAY-0482,FALSE,,,3462.73,3462.73,0.0,FALSE,0.0,,,,2025-05-20,FALSE
GT-0483,TXN-483,ORD-483,PAY-0483,FALSE,,,2208.76,2208.76,0.0,FALSE,0.0,,,,2025-05-20,FALSE
GT-0484,TXN-484,ORD-484,PAY-0484,FALSE,,,1404.53,1404.53,0.0,FALSE,0.0,,,,2025-05-20,FALSE
GT-0485,TXN-485,ORD-485,PAY-0485,FALSE,,,714.49,714.49,0.0,FALSE,0.0,,,,2025-05-20,FALSE
GT-0486,TXN-486,ORD-486,PAY-0486,FALSE,,,335.7,335.7,0.0,FALSE,0.0,,,,2025-05-20,FALSE
GT-0487,TXN-487,ORD-487,PAY-0487,FALSE,,,4279.1,4279.1,0.0,FALSE,0.0,,,,2025-05-20,FALSE
GT-0488,TXN-488,ORD-488,PAY-0488,FALSE,,,509.73,509.73,0.0,FALSE,0.0,,,,2025-05-20,FALSE
GT-0489,TXN-489,ORD-489,PAY-0489,FALSE,,,408.6,408.6,0.0,FALSE,0.0,,,,2025-05-20,FALSE
GT-0490,TXN-490,ORD-490,PAY-0490,TRUE,missing_settlement on #1490,LEAK-MISSING-SETTLEMENT,1183.71,0,1183.71,TRUE,1183.71,payment captured but settlement never issued; funds held at gateway,RECON_RESULT|RULE_RESULT|RAW_PAYLOAD,CREATE_DISPUTE,2025-05-20,TRUE
GT-0491,TXN-491,ORD-491,PAY-0491,FALSE,,,542.64,542.64,0.0,FALSE,0.0,,,,2025-05-20,FALSE
GT-0492,TXN-492,ORD-492,PAY-0492,FALSE,,,1949.94,1949.94,0.0,FALSE,0.0,,,,2025-05-20,FALSE
GT-0493,TXN-493,ORD-493,PAY-0493,TRUE,settlement_short on #1493,LEAK-SETTLEMENT-SHORT,574.88,555.53,19.35,TRUE,19.35,settlement credited below expected net of contractual fees and taxes,RECON_RESULT|RULE_RESULT|RAW_PAYLOAD,DRAFT_DISPUTE,2025-05-20,FALSE
GT-0494,TXN-494,ORD-494,PAY-0494,FALSE,,,715.19,715.19,0.0,FALSE,0.0,,,,2025-05-20,FALSE
GT-0495,TXN-495,ORD-495,PAY-0495,FALSE,,,5239.95,5239.95,0.0,FALSE,0.0,,,,2025-05-20,FALSE
GT-0496,TXN-496,ORD-496,PAY-0496,FALSE,,,585.95,585.95,0.0,FALSE,0.0,,,,2025-05-20,FALSE
GT-0497,TXN-497,ORD-497,PAY-0497,FALSE,,,2358.54,2358.54,0.0,FALSE,0.0,,,,2025-05-20,FALSE
GT-0498,TXN-498,ORD-498,PAY-0498,TRUE,missing_settlement on #1498,LEAK-MISSING-SETTLEMENT,751.74,0,751.74,TRUE,751.74,payment captured but settlement never issued; funds held at gateway,RECON_RESULT|RULE_RESULT|RAW_PAYLOAD,CREATE_DISPUTE,2025-05-20,TRUE
GT-0499,TXN-499,ORD-499,PAY-0499,FALSE,,,615.37,615.37,0.0,FALSE,0.0,,,,2025-05-20,FALSE
GT-0500,TXN-500,ORD-500,PAY-0500,FALSE,,,863.3,863.3,0.0,FALSE,0.0,,,,2025-05-20,FALSE
GT-0501,TXN-501,ORD-501,,FALSE,,,0.0,0,0.0,FALSE,0.0,,,,2025-05-20,FALSE
GT-0502,TXN-502,ORD-502,PAY-0502,FALSE,,,2075.59,2075.59,0.0,FALSE,0.0,,,,2025-05-20,FALSE
GT-0503,TXN-503,ORD-503,PAY-0503,FALSE,,,655.73,655.73,0.0,FALSE,0.0,,,,2025-05-20,FALSE
GT-0504,TXN-504,ORD-504,PAY-0504,FALSE,,,747.59,747.59,0.0,FALSE,0.0,,,,2025-05-20,FALSE
GT-0505,TXN-505,ORD-505,PAY-0505,FALSE,,,1877.73,1877.73,0.0,FALSE,0.0,,,,2025-05-20,FALSE
GT-0506,TXN-506,ORD-506,PAY-0506,FALSE,,,1084.31,1084.31,0.0,FALSE,0.0,,,,2025-05-20,FALSE
GT-0507,TXN-507,ORD-507,PAY-0507,FALSE,,,417.25,417.25,0.0,FALSE,0.0,,,,2025-05-20,FALSE
GT-0508,TXN-508,ORD-508,PAY-0508,FALSE,,,1451.76,1451.76,0.0,FALSE,0.0,,,,2025-05-20,FALSE
GT-0509,TXN-509,ORD-509,PAY-0509,FALSE,,,1262.97,1262.97,0.0,FALSE,0.0,,,,2025-05-20,FALSE
GT-0510,TXN-510,ORD-510,PAY-0510,FALSE,,,199.97,199.97,0.0,FALSE,0.0,,,,2025-05-20,FALSE
GT-0511,TXN-511,ORD-511,PAY-0511,FALSE,,,2000.83,2000.83,0.0,FALSE,0.0,,,,2025-05-20,FALSE
GT-0512,TXN-512,ORD-512,PAY-0512,FALSE,,,451.81,451.81,0.0,FALSE,0.0,,,,2025-05-20,FALSE
GT-0513,TXN-513,ORD-513,PAY-0513,FALSE,,,4133.79,4133.79,0.0,FALSE,0.0,,,,2025-05-20,FALSE
GT-0514,TXN-514,ORD-514,,FALSE,,,0.0,0,0.0,FALSE,0.0,,,,2025-05-20,FALSE
GT-0515,TXN-515,ORD-515,PAY-0515,FALSE,,,6666.48,6666.48,0.0,FALSE,0.0,,,,2025-05-20,FALSE
GT-0516,TXN-516,ORD-516,PAY-0516,FALSE,,,8531.04,8531.04,0.0,FALSE,0.0,,,,2025-05-20,FALSE
GT-0517,TXN-517,ORD-517,PAY-0517,FALSE,,,448.42,448.42,0.0,FALSE,0.0,,,,2025-05-20,FALSE
GT-0518,TXN-518,ORD-518,PAY-0518,FALSE,,,176.81,176.81,0.0,FALSE,0.0,,,,2025-05-20,FALSE
GT-0519,TXN-519,ORD-519,PAY-0519,FALSE,,,1596.15,1596.15,0.0,FALSE,0.0,,,,2025-05-20,FALSE
GT-0520,TXN-520,ORD-520,PAY-0520,FALSE,,,2192.17,2192.17,0.0,FALSE,0.0,,,,2025-05-20,FALSE
GT-0521,TXN-521,ORD-521,PAY-0521,FALSE,,,7695.62,7695.62,0.0,FALSE,0.0,,,,2025-05-20,FALSE
GT-0522,TXN-522,ORD-522,PAY-0522,FALSE,,,2000.86,2000.86,0.0,FALSE,0.0,,,,2025-05-20,FALSE
GT-0523,TXN-523,ORD-523,PAY-0523,FALSE,,,2136.66,2136.66,0.0,FALSE,0.0,,,,2025-05-20,FALSE
GT-0524,TXN-524,ORD-524,PAY-0524,FALSE,,,1614.56,1614.56,0.0,FALSE,0.0,,,,2025-05-20,FALSE
GT-0525,TXN-525,ORD-525,PAY-0525,FALSE,,,1031.51,1031.51,0.0,FALSE,0.0,,,,2025-05-20,FALSE
GT-0526,TXN-526,ORD-526,PAY-0526,FALSE,,,4339.19,4339.19,0.0,FALSE,0.0,,,,2025-05-20,FALSE
GT-0527,TXN-527,ORD-527,PAY-0527,FALSE,,,594.41,594.41,0.0,FALSE,0.0,,,,2025-05-20,FALSE
GT-0528,TXN-528,ORD-528,PAY-0528,FALSE,,,537.52,537.52,0.0,FALSE,0.0,,,,2025-05-20,FALSE
GT-0529,TXN-529,ORD-529,,FALSE,,,0.0,0,0.0,FALSE,0.0,,,,2025-05-20,FALSE
GT-0530,TXN-530,ORD-530,PAY-0530,FALSE,,,291.94,291.94,0.0,FALSE,0.0,,,,2025-05-20,FALSE
GT-0531,TXN-531,ORD-531,PAY-0531,FALSE,,,291.94,291.94,0.0,FALSE,0.0,,,,2025-05-20,FALSE
GT-0532,TXN-532,ORD-532,PAY-0532,FALSE,,,2871.08,2871.08,0.0,FALSE,0.0,,,,2025-05-20,FALSE
GT-0533,TXN-533,ORD-533,PAY-0533,FALSE,,,896.75,896.75,0.0,FALSE,0.0,,,,2025-05-20,FALSE
GT-0534,TXN-534,ORD-534,PAY-0534,FALSE,,,5349.5,5349.5,0.0,FALSE,0.0,,,,2025-05-20,FALSE
GT-0535,TXN-535,ORD-535,PAY-0535,FALSE,,,824.39,824.39,0.0,FALSE,0.0,,,,2025-05-20,FALSE
GT-0536,TXN-536,ORD-536,PAY-0536,FALSE,,,2027.6,2027.6,0.0,FALSE,0.0,,,,2025-05-20,FALSE
GT-0537,TXN-537,ORD-537,PAY-0537,FALSE,,,501.8,501.8,0.0,FALSE,0.0,,,,2025-05-20,FALSE
GT-0538,TXN-538,ORD-538,PAY-0538,FALSE,,,987.23,987.23,0.0,FALSE,0.0,,,,2025-05-20,FALSE
GT-0539,TXN-539,ORD-539,PAY-0539,FALSE,,,10205.2,10205.2,0.0,FALSE,0.0,,,,2025-05-20,FALSE
GT-0540,TXN-540,ORD-540,PAY-0540,FALSE,,,767.41,767.41,0.0,FALSE,0.0,,,,2025-05-20,FALSE
GT-0541,TXN-541,ORD-541,PAY-0541,FALSE,,,1529.72,1529.72,0.0,FALSE,0.0,,,,2025-05-20,FALSE
GT-0542,TXN-542,ORD-542,PAY-0542,FALSE,,,1089.9,1089.9,0.0,FALSE,0.0,,,,2025-05-20,FALSE
GT-0543,TXN-543,ORD-543,PAY-0543,FALSE,,,1008.93,1008.93,0.0,FALSE,0.0,,,,2025-05-20,FALSE
GT-0544,TXN-544,ORD-544,PAY-0544,FALSE,,,297.58,297.58,0.0,FALSE,0.0,,,,2025-05-20,FALSE
GT-0545,TXN-545,ORD-545,PAY-0545,FALSE,,,5152.59,5152.59,0.0,FALSE,0.0,,,,2025-05-20,FALSE
GT-0546,TXN-546,ORD-546,PAY-0546,FALSE,,,4562.43,4562.43,0.0,FALSE,0.0,,,,2025-05-20,FALSE
GT-0547,TXN-547,ORD-547,PAY-0547,FALSE,,,1449.9,1449.9,0.0,FALSE,0.0,,,,2025-05-20,FALSE
GT-0548,TXN-548,ORD-548,PAY-0548,FALSE,,,307.91,307.91,0.0,FALSE,0.0,,,,2025-05-20,FALSE
GT-0549,TXN-549,ORD-549,PAY-0549,FALSE,,,1405.41,1405.41,0.0,FALSE,0.0,,,,2025-05-20,FALSE
GT-0550,TXN-550,ORD-550,PAY-0550,TRUE,refund_economics on #1550,LEAK-REFUND-ECONOMICS,3918.42,3897.95,20.47,TRUE,20.47,gateway did not return MDR fee pro-rata on processed refund,RECON_RESULT|RULE_RESULT|RAW_PAYLOAD,CREATE_DISPUTE,2025-05-20,TRUE
GT-0551,TXN-551,ORD-551,PAY-0551,FALSE,,,1133.03,1133.03,0.0,FALSE,0.0,,,,2025-05-20,FALSE
GT-0552,TXN-552,ORD-552,PAY-0552,FALSE,,,1837.72,1837.72,0.0,FALSE,0.0,,,,2025-05-20,FALSE
GT-0553,TXN-553,ORD-553,PAY-0553,FALSE,,,1748.04,1748.04,0.0,FALSE,0.0,,,,2025-05-20,FALSE
GT-0554,TXN-554,ORD-554,PAY-0554,FALSE,,,2905.8,2905.8,0.0,FALSE,0.0,,,,2025-05-20,FALSE
GT-0555,TXN-555,ORD-555,PAY-0555,FALSE,,,3447.54,3447.54,0.0,FALSE,0.0,,,,2025-05-20,FALSE
GT-0556,TXN-556,ORD-556,,FALSE,,,0.0,0,0.0,FALSE,0.0,,,,2025-05-20,FALSE
GT-0557,TXN-557,ORD-557,PAY-0557,FALSE,,,3057.18,3057.18,0.0,FALSE,0.0,,,,2025-05-20,FALSE
GT-0558,TXN-558,ORD-558,PAY-0558,FALSE,,,297.58,297.58,0.0,FALSE,0.0,,,,2025-05-20,FALSE
GT-0559,TXN-559,ORD-559,PAY-0559,FALSE,,,1737.2,1737.2,0.0,FALSE,0.0,,,,2025-05-20,FALSE
GT-0560,TXN-560,ORD-560,PAY-0560,TRUE,fee_excess on #1560,LEAK-FEE-EXCESS,297.58,297.0,0.58,TRUE,0.58,gateway charged MDR above negotiated rate card beyond tolerance,RECON_RESULT|RULE_RESULT|RATE_CARD,DRAFT_DISPUTE,2025-05-20,FALSE
GT-0561,TXN-561,ORD-561,PAY-0561,FALSE,,,7432.53,7432.53,0.0,FALSE,0.0,,,,2025-05-20,FALSE
GT-0562,TXN-562,ORD-562,PAY-0562,FALSE,,,1940.59,1940.59,0.0,FALSE,0.0,,,,2025-05-20,FALSE
GT-0563,TXN-563,ORD-563,PAY-0563,TRUE,fee_excess on #1563,LEAK-FEE-EXCESS,705.26,700.13,5.13,TRUE,5.13,gateway charged MDR above negotiated rate card beyond tolerance,RECON_RESULT|RULE_RESULT|RATE_CARD,DRAFT_DISPUTE,2025-05-20,FALSE
GT-0564,TXN-564,ORD-564,PAY-0564,FALSE,,,284.84,284.84,0.0,FALSE,0.0,,,,2025-05-20,FALSE
GT-0565,TXN-565,ORD-565,PAY-0565,FALSE,,,1667.38,1667.38,0.0,FALSE,0.0,,,,2025-05-20,FALSE
GT-0566,TXN-566,ORD-566,PAY-0566,FALSE,,,380.6,380.6,0.0,FALSE,0.0,,,,2025-05-20,FALSE
GT-0567,TXN-567,ORD-567,PAY-0567,FALSE,,,1743.11,1743.11,0.0,FALSE,0.0,,,,2025-05-20,FALSE
GT-0568,TXN-568,ORD-568,PAY-0568,TRUE,missing_settlement on #1568,LEAK-MISSING-SETTLEMENT,788.94,0,788.94,TRUE,788.94,payment captured but settlement never issued; funds held at gateway,RECON_RESULT|RULE_RESULT|RAW_PAYLOAD,CREATE_DISPUTE,2025-05-20,TRUE
GT-0569,TXN-569,ORD-569,PAY-0569,FALSE,,,1145.09,1145.09,0.0,FALSE,0.0,,,,2025-05-20,FALSE
GT-0570,TXN-570,ORD-570,PAY-0570,FALSE,,,344.11,344.11,0.0,FALSE,0.0,,,,2025-05-20,FALSE
GT-0571,TXN-571,ORD-571,PAY-0571,FALSE,,,3070.66,3070.66,0.0,FALSE,0.0,,,,2025-05-20,FALSE
GT-0572,TXN-572,ORD-572,PAY-0572,FALSE,,,940.09,940.09,0.0,FALSE,0.0,,,,2025-05-20,FALSE
GT-0573,TXN-573,ORD-573,PAY-0573,FALSE,,,2322.17,2322.17,0.0,FALSE,0.0,,,,2025-05-20,FALSE
GT-0574,TXN-574,ORD-574,PAY-0574,FALSE,,,345.5,345.5,0.0,FALSE,0.0,,,,2025-05-20,FALSE
GT-0575,TXN-575,ORD-575,PAY-0575,FALSE,,,3563.28,3563.28,0.0,FALSE,0.0,,,,2025-05-20,FALSE
GT-0576,TXN-576,ORD-576,PAY-0576,FALSE,,,794.14,794.14,0.0,FALSE,0.0,,,,2025-05-20,FALSE
GT-0577,TXN-577,ORD-577,PAY-0577,FALSE,,,1640.53,1640.53,0.0,FALSE,0.0,,,,2025-05-20,FALSE
GT-0578,TXN-578,ORD-578,PAY-0578,FALSE,,,739.99,739.99,0.0,FALSE,0.0,,,,2025-05-20,FALSE
GT-0579,TXN-579,ORD-579,PAY-0579,TRUE,missing_settlement on #1579,LEAK-MISSING-SETTLEMENT,291.94,0,291.94,TRUE,291.94,payment captured but settlement never issued; funds held at gateway,RECON_RESULT|RULE_RESULT|RAW_PAYLOAD,CREATE_DISPUTE,2025-05-20,TRUE
GT-0580,TXN-580,ORD-580,PAY-0580,TRUE,settlement_short on #1580,LEAK-SETTLEMENT-SHORT,7798.05,7190.16,607.89,TRUE,607.89,settlement credited below expected net of contractual fees and taxes,RECON_RESULT|RULE_RESULT|RAW_PAYLOAD,CREATE_DISPUTE,2025-05-20,TRUE
GT-0581,TXN-581,ORD-581,PAY-0581,FALSE,,,1333.23,1333.23,0.0,FALSE,0.0,,,,2025-05-20,FALSE
GT-0582,TXN-582,ORD-582,PAY-0582,FALSE,,,5250.13,5250.13,0.0,FALSE,0.0,,,,2025-05-20,FALSE
GT-0583,TXN-583,ORD-583,PAY-0583,FALSE,,,1124.72,1124.72,0.0,FALSE,0.0,,,,2025-05-20,FALSE
GT-0584,TXN-584,ORD-584,PAY-0584,FALSE,,,919.89,919.89,0.0,FALSE,0.0,,,,2025-05-20,FALSE
GT-0585,TXN-585,ORD-585,PAY-0585,TRUE,duplicate_fee on #1585,LEAK-DUPLICATE-FEE,2372.24,2314.9,57.34,TRUE,57.34,duplicate MDR fee event charged for the same payment,RECON_RESULT|RATE_CARD|RAW_PAYLOAD,CREATE_DISPUTE,2025-05-20,FALSE
GT-0586,TXN-586,ORD-586,PAY-0586,FALSE,,,282.25,282.25,0.0,FALSE,0.0,,,,2025-05-20,FALSE
GT-0587,TXN-587,ORD-587,PAY-0587,FALSE,,,433.25,433.25,0.0,FALSE,0.0,,,,2025-05-20,FALSE
GT-0588,TXN-588,ORD-588,PAY-0588,FALSE,,,766.1,766.1,0.0,FALSE,0.0,,,,2025-05-20,FALSE
GT-0589,TXN-589,ORD-589,PAY-0589,FALSE,,,3113.26,3113.26,0.0,FALSE,0.0,,,,2025-05-20,FALSE
GT-0590,TXN-590,ORD-590,PAY-0590,TRUE,settlement_short on #1590,LEAK-SETTLEMENT-SHORT,599.29,556.49,42.8,TRUE,42.8,settlement credited below expected net of contractual fees and taxes,RECON_RESULT|RULE_RESULT|RAW_PAYLOAD,DRAFT_DISPUTE,2025-05-20,FALSE
GT-0591,TXN-591,ORD-591,PAY-0591,FALSE,,,189.92,189.92,0.0,FALSE,0.0,,,,2025-05-20,FALSE
GT-0592,TXN-592,ORD-592,PAY-0592,FALSE,,,292.3,292.3,0.0,FALSE,0.0,,,,2025-05-20,FALSE
GT-0593,TXN-593,ORD-593,PAY-0593,FALSE,,,6049.77,6049.77,0.0,FALSE,0.0,,,,2025-05-20,FALSE
GT-0594,TXN-594,ORD-594,PAY-0594,FALSE,,,1320.39,1320.39,0.0,FALSE,0.0,,,,2025-05-20,FALSE
GT-0595,TXN-595,ORD-595,PAY-0595,FALSE,,,1942.49,1942.49,0.0,FALSE,0.0,,,,2025-05-20,FALSE
GT-0596,TXN-596,ORD-596,PAY-0596,FALSE,,,1086.53,1086.53,0.0,FALSE,0.0,,,,2025-05-20,FALSE
GT-0597,TXN-597,ORD-597,PAY-0597,FALSE,,,4193.34,4193.34,0.0,FALSE,0.0,,,,2025-05-20,FALSE
GT-0598,TXN-598,ORD-598,PAY-0598,FALSE,,,2445.39,2445.39,0.0,FALSE,0.0,,,,2025-05-20,FALSE
GT-0599,TXN-599,ORD-599,PAY-0599,FALSE,,,556.18,556.18,0.0,FALSE,0.0,,,,2025-05-20,FALSE
GT-0600,TXN-600,ORD-600,PAY-0600,FALSE,,,291.94,291.94,0.0,FALSE,0.0,,,,2025-05-20,FALSE
GT-0601,TXN-601,ORD-601,PAY-0601,FALSE,,,366.97,366.97,0.0,FALSE,0.0,,,,2025-05-20,FALSE
GT-0602,TXN-602,ORD-602,PAY-0602,FALSE,,,421.37,421.37,0.0,FALSE,0.0,,,,2025-05-20,FALSE
GT-0603,TXN-603,ORD-603,PAY-0603,TRUE,missing_settlement on #1603,LEAK-MISSING-SETTLEMENT,5755.61,0,5755.61,TRUE,5755.61,payment captured but settlement never issued; funds held at gateway,RECON_RESULT|RULE_RESULT|RAW_PAYLOAD,CREATE_DISPUTE,2025-05-20,TRUE
GT-0604,TXN-604,ORD-604,PAY-0604,FALSE,,,461.67,461.67,0.0,FALSE,0.0,,,,2025-05-20,FALSE
GT-0605,TXN-605,ORD-605,PAY-0605,FALSE,,,1009.2,1009.2,0.0,FALSE,0.0,,,,2025-05-20,FALSE
GT-0606,TXN-606,ORD-606,PAY-0606,FALSE,,,566.85,566.85,0.0,FALSE,0.0,,,,2025-05-20,FALSE
GT-0607,TXN-607,ORD-607,PAY-0607,FALSE,,,1791.75,1791.75,0.0,FALSE,0.0,,,,2025-05-20,FALSE
GT-0608,TXN-608,ORD-608,PAY-0608,FALSE,,,1043.14,1043.14,0.0,FALSE,0.0,,,,2025-05-20,FALSE
GT-0609,TXN-609,ORD-609,PAY-0609,FALSE,,,291.94,291.94,0.0,FALSE,0.0,,,,2025-05-20,FALSE
GT-0610,TXN-610,ORD-610,PAY-0610,FALSE,,,2498.54,2498.54,0.0,FALSE,0.0,,,,2025-05-20,FALSE
GT-0611,TXN-611,ORD-611,,FALSE,,,0.0,0,0.0,FALSE,0.0,,,,2025-05-20,FALSE
GT-0612,TXN-612,ORD-612,PAY-0612,FALSE,,,299.14,299.14,0.0,FALSE,0.0,,,,2025-05-20,FALSE
GT-0613,TXN-613,ORD-613,PAY-0613,FALSE,,,2600.82,2600.82,0.0,FALSE,0.0,,,,2025-05-20,FALSE
GT-0614,TXN-614,ORD-614,PAY-0614,TRUE,missing_settlement on #1614,LEAK-MISSING-SETTLEMENT,822.81,0,822.81,TRUE,822.81,payment captured but settlement never issued; funds held at gateway,RECON_RESULT|RULE_RESULT|RAW_PAYLOAD,CREATE_DISPUTE,2025-05-20,TRUE
GT-0615,TXN-615,ORD-615,PAY-0615,FALSE,,,1353.19,1353.19,0.0,FALSE,0.0,,,,2025-05-20,FALSE
GT-0616,TXN-616,ORD-616,PAY-0616,FALSE,,,3968.11,3968.11,0.0,FALSE,0.0,,,,2025-05-20,FALSE
GT-0617,TXN-617,ORD-617,PAY-0617,FALSE,,,4765.14,4765.14,0.0,FALSE,0.0,,,,2025-05-20,FALSE
GT-0618,TXN-618,ORD-618,PAY-0618,FALSE,,,20099.85,20099.85,0.0,FALSE,0.0,,,,2025-05-20,FALSE
GT-0619,TXN-619,ORD-619,PAY-0619,FALSE,,,4411.35,4411.35,0.0,FALSE,0.0,,,,2025-05-20,FALSE
GT-0620,TXN-620,ORD-620,PAY-0620,FALSE,,,2005.87,2005.87,0.0,FALSE,0.0,,,,2025-05-20,FALSE
GT-0621,TXN-621,ORD-621,PAY-0621,FALSE,,,639.44,639.44,0.0,FALSE,0.0,,,,2025-05-20,FALSE
GT-0622,TXN-622,ORD-622,PAY-0622,FALSE,,,1382.35,1382.35,0.0,FALSE,0.0,,,,2025-05-20,FALSE
GT-0623,TXN-623,ORD-623,PAY-0623,TRUE,missing_settlement on #1623,LEAK-MISSING-SETTLEMENT,876.8,0,876.8,TRUE,876.8,payment captured but settlement never issued; funds held at gateway,RECON_RESULT|RULE_RESULT|RAW_PAYLOAD,CREATE_DISPUTE,2025-05-20,TRUE
GT-0624,TXN-624,ORD-624,PAY-0624,FALSE,,,2619.59,2619.59,0.0,FALSE,0.0,,,,2025-05-20,FALSE
GT-0625,TXN-625,ORD-625,PAY-0625,FALSE,,,1548.43,1548.43,0.0,FALSE,0.0,,,,2025-05-20,FALSE
GT-0626,TXN-626,ORD-626,PAY-0626,FALSE,,,868.15,868.15,0.0,FALSE,0.0,,,,2025-05-20,FALSE
GT-0627,TXN-627,ORD-627,PAY-0627,TRUE,fee_excess on #1627,LEAK-FEE-EXCESS,647.47,646.13,1.34,TRUE,1.34,gateway charged MDR above negotiated rate card beyond tolerance,RECON_RESULT|RULE_RESULT|RATE_CARD,DRAFT_DISPUTE,2025-05-20,FALSE
GT-0628,TXN-628,ORD-628,PAY-0628,TRUE,settlement_short on #1628,LEAK-SETTLEMENT-SHORT,2487.3,2305.58,181.72,TRUE,181.72,settlement credited below expected net of contractual fees and taxes,RECON_RESULT|RULE_RESULT|RAW_PAYLOAD,DRAFT_DISPUTE,2025-05-20,FALSE
GT-0629,TXN-629,ORD-629,PAY-0629,TRUE,refund_economics on #1629,LEAK-REFUND-ECONOMICS,1538.26,1522.96,15.3,TRUE,15.3,gateway did not return MDR fee pro-rata on processed refund,RECON_RESULT|RULE_RESULT|RAW_PAYLOAD,CREATE_DISPUTE,2025-05-20,FALSE
GT-0630,TXN-630,ORD-630,PAY-0630,FALSE,,,819.29,819.29,0.0,FALSE,0.0,,,,2025-05-20,FALSE
GT-0631,TXN-631,ORD-631,PAY-0631,FALSE,,,297.58,297.58,0.0,FALSE,0.0,,,,2025-05-20,FALSE
GT-0632,TXN-632,ORD-632,PAY-0632,FALSE,,,656.62,656.62,0.0,FALSE,0.0,,,,2025-05-20,FALSE
GT-0633,TXN-633,ORD-633,PAY-0633,FALSE,,,2190.82,2190.82,0.0,FALSE,0.0,,,,2025-05-20,FALSE
GT-0634,TXN-634,ORD-634,PAY-0634,FALSE,,,1248.3,1248.3,0.0,FALSE,0.0,,,,2025-05-20,FALSE
GT-0635,TXN-635,ORD-635,,FALSE,,,0.0,0,0.0,FALSE,0.0,,,,2025-05-20,FALSE
GT-0636,TXN-636,ORD-636,PAY-0636,FALSE,,,2356.8,2356.8,0.0,FALSE,0.0,,,,2025-05-20,FALSE
GT-0637,TXN-637,ORD-637,PAY-0637,FALSE,,,2771.88,2771.88,0.0,FALSE,0.0,,,,2025-05-20,FALSE
GT-0638,TXN-638,ORD-638,PAY-0638,FALSE,,,548.48,548.48,0.0,FALSE,0.0,,,,2025-05-20,FALSE
GT-0639,TXN-639,ORD-639,PAY-0639,FALSE,,,768.35,768.35,0.0,FALSE,0.0,,,,2025-05-20,FALSE
GT-0640,TXN-640,ORD-640,PAY-0640,FALSE,,,2758.0,2758.0,0.0,FALSE,0.0,,,,2025-05-20,FALSE
GT-0641,TXN-641,ORD-641,PAY-0641,FALSE,,,384.61,384.61,0.0,FALSE,0.0,,,,2025-05-20,FALSE
GT-0642,TXN-642,ORD-642,PAY-0642,FALSE,,,389.23,389.23,0.0,FALSE,0.0,,,,2025-05-20,FALSE
GT-0643,TXN-643,ORD-643,PAY-0643,FALSE,,,789.87,789.87,0.0,FALSE,0.0,,,,2025-05-20,FALSE
GT-0644,TXN-644,ORD-644,PAY-0644,FALSE,,,4053.32,4053.32,0.0,FALSE,0.0,,,,2025-05-20,FALSE
GT-0645,TXN-645,ORD-645,PAY-0645,FALSE,,,7976.81,7976.81,0.0,FALSE,0.0,,,,2025-05-20,FALSE
GT-0646,TXN-646,ORD-646,PAY-0646,FALSE,,,1047.93,1047.93,0.0,FALSE,0.0,,,,2025-05-20,FALSE
GT-0647,TXN-647,ORD-647,PAY-0647,FALSE,,,1617.71,1617.71,0.0,FALSE,0.0,,,,2025-05-20,FALSE
GT-0648,TXN-648,ORD-648,PAY-0648,FALSE,,,651.47,651.47,0.0,FALSE,0.0,,,,2025-05-20,FALSE
GT-0649,TXN-649,ORD-649,PAY-0649,FALSE,,,4739.69,4739.69,0.0,FALSE,0.0,,,,2025-05-20,FALSE
GT-0650,TXN-650,ORD-650,PAY-0650,FALSE,,,297.58,297.58,0.0,FALSE,0.0,,,,2025-05-20,FALSE
GT-0651,TXN-651,ORD-651,PAY-0651,FALSE,,,297.58,297.58,0.0,FALSE,0.0,,,,2025-05-20,FALSE
GT-0652,TXN-652,ORD-652,PAY-0652,FALSE,,,2751.7,2751.7,0.0,FALSE,0.0,,,,2025-05-20,FALSE
GT-0653,TXN-653,ORD-653,PAY-0653,FALSE,,,2755.38,2755.38,0.0,FALSE,0.0,,,,2025-05-20,FALSE
GT-0654,TXN-654,ORD-654,PAY-0654,FALSE,,,766.23,766.23,0.0,FALSE,0.0,,,,2025-05-20,FALSE
GT-0655,TXN-655,ORD-655,PAY-0655,TRUE,fee_excess on #1655,LEAK-FEE-EXCESS,3963.68,3930.75,32.93,TRUE,32.93,gateway charged MDR above negotiated rate card beyond tolerance,RECON_RESULT|RULE_RESULT|RATE_CARD,DRAFT_DISPUTE,2025-05-20,FALSE
GT-0656,TXN-656,ORD-656,PAY-0656,TRUE,missing_settlement on #1656,LEAK-MISSING-SETTLEMENT,389.35,0,389.35,TRUE,389.35,payment captured but settlement never issued; funds held at gateway,RECON_RESULT|RULE_RESULT|RAW_PAYLOAD,CREATE_DISPUTE,2025-05-20,TRUE
GT-0657,TXN-657,ORD-657,PAY-0657,FALSE,,,996.17,996.17,0.0,FALSE,0.0,,,,2025-05-20,FALSE
GT-0658,TXN-658,ORD-658,PAY-0658,FALSE,,,1364.3,1364.3,0.0,FALSE,0.0,,,,2025-05-20,FALSE
GT-0659,TXN-659,ORD-659,PAY-0659,FALSE,,,315.71,315.71,0.0,FALSE,0.0,,,,2025-05-20,FALSE
GT-0660,TXN-660,ORD-660,PAY-0660,FALSE,,,500.66,500.66,0.0,FALSE,0.0,,,,2025-05-20,FALSE
GT-0661,TXN-661,ORD-661,PAY-0661,FALSE,,,676.2,676.2,0.0,FALSE,0.0,,,,2025-05-20,FALSE
GT-0662,TXN-662,ORD-662,PAY-0662,FALSE,,,719.18,719.18,0.0,FALSE,0.0,,,,2025-05-20,FALSE
GT-0663,TXN-663,ORD-663,PAY-0663,TRUE,settlement_short on #1663,LEAK-SETTLEMENT-SHORT,6518.83,6261.54,257.29,TRUE,257.29,settlement credited below expected net of contractual fees and taxes,RECON_RESULT|RULE_RESULT|RAW_PAYLOAD,CREATE_DISPUTE,2025-05-20,TRUE
GT-0664,TXN-664,ORD-664,PAY-0664,FALSE,,,2386.37,2386.37,0.0,FALSE,0.0,,,,2025-05-20,FALSE
GT-0665,TXN-665,ORD-665,PAY-0665,FALSE,,,335.31,335.31,0.0,FALSE,0.0,,,,2025-05-20,FALSE
GT-0666,TXN-666,ORD-666,PAY-0666,FALSE,,,1197.26,1197.26,0.0,FALSE,0.0,,,,2025-05-20,FALSE
GT-0667,TXN-667,ORD-667,PAY-0667,TRUE,fee_excess on #1667,LEAK-FEE-EXCESS,1341.37,1338.56,2.81,TRUE,2.81,gateway charged MDR above negotiated rate card beyond tolerance,RECON_RESULT|RULE_RESULT|RATE_CARD,DRAFT_DISPUTE,2025-05-20,FALSE
GT-0668,TXN-668,ORD-668,PAY-0668,TRUE,missing_settlement on #1668,LEAK-MISSING-SETTLEMENT,958.15,0,958.15,TRUE,958.15,payment captured but settlement never issued; funds held at gateway,RECON_RESULT|RULE_RESULT|RAW_PAYLOAD,CREATE_DISPUTE,2025-05-20,TRUE
GT-0669,TXN-669,ORD-669,PAY-0669,TRUE,refund_economics on #1669,LEAK-REFUND-ECONOMICS,3881.9,3853.1,28.8,TRUE,28.8,gateway did not return MDR fee pro-rata on processed refund,RECON_RESULT|RULE_RESULT|RAW_PAYLOAD,CREATE_DISPUTE,2025-05-20,TRUE
GT-0670,TXN-670,ORD-670,PAY-0670,FALSE,,,299.03,299.03,0.0,FALSE,0.0,,,,2025-05-20,FALSE
GT-0671,TXN-671,ORD-671,PAY-0671,FALSE,,,601.89,601.89,0.0,FALSE,0.0,,,,2025-05-20,FALSE
GT-0672,TXN-672,ORD-672,PAY-0672,FALSE,,,3402.63,3402.63,0.0,FALSE,0.0,,,,2025-05-20,FALSE
GT-0673,TXN-673,ORD-673,PAY-0673,FALSE,,,6771.94,6771.94,0.0,FALSE,0.0,,,,2025-05-20,FALSE
GT-0674,TXN-674,ORD-674,PAY-0674,FALSE,,,1952.28,1952.28,0.0,FALSE,0.0,,,,2025-05-20,FALSE
GT-0675,TXN-675,ORD-675,PAY-0675,FALSE,,,674.32,674.32,0.0,FALSE,0.0,,,,2025-05-20,FALSE
GT-0676,TXN-676,ORD-676,PAY-0676,FALSE,,,2727.88,2727.88,0.0,FALSE,0.0,,,,2025-05-20,FALSE
GT-0677,TXN-677,ORD-677,PAY-0677,FALSE,,,444.4,444.4,0.0,FALSE,0.0,,,,2025-05-20,FALSE
GT-0678,TXN-678,ORD-678,PAY-0678,FALSE,,,4958.9,4958.9,0.0,FALSE,0.0,,,,2025-05-20,FALSE
GT-0679,TXN-679,ORD-679,PAY-0679,FALSE,,,1381.13,1381.13,0.0,FALSE,0.0,,,,2025-05-20,FALSE
GT-0680,TXN-680,ORD-680,PAY-0680,TRUE,refund_economics on #1680,LEAK-REFUND-ECONOMICS,1302.75,1282.06,20.69,TRUE,20.69,gateway did not return MDR fee pro-rata on processed refund,RECON_RESULT|RULE_RESULT|RAW_PAYLOAD,CREATE_DISPUTE,2025-05-20,FALSE
GT-0681,TXN-681,ORD-681,PAY-0681,TRUE,settlement_short on #1681,LEAK-SETTLEMENT-SHORT,2864.36,2644.44,219.92,TRUE,219.92,settlement credited below expected net of contractual fees and taxes,RECON_RESULT|RULE_RESULT|RAW_PAYLOAD,DRAFT_DISPUTE,2025-05-20,FALSE
GT-0682,TXN-682,ORD-682,PAY-0682,FALSE,,,6096.51,6096.51,0.0,FALSE,0.0,,,,2025-05-20,FALSE
GT-0683,TXN-683,ORD-683,PAY-0683,FALSE,,,297.58,297.58,0.0,FALSE,0.0,,,,2025-05-20,FALSE
GT-0684,TXN-684,ORD-684,PAY-0684,FALSE,,,776.84,776.84,0.0,FALSE,0.0,,,,2025-05-20,FALSE
GT-0685,TXN-685,ORD-685,PAY-0685,FALSE,,,625.97,625.97,0.0,FALSE,0.0,,,,2025-05-20,FALSE
GT-0686,TXN-686,ORD-686,PAY-0686,TRUE,refund_economics on #1686,LEAK-REFUND-ECONOMICS,1157.77,1143.83,13.94,TRUE,13.94,gateway did not return MDR fee pro-rata on processed refund,RECON_RESULT|RULE_RESULT|RAW_PAYLOAD,CREATE_DISPUTE,2025-05-20,FALSE
GT-0687,TXN-687,ORD-687,,FALSE,,,0.0,0,0.0,FALSE,0.0,,,,2025-05-20,FALSE
GT-0688,TXN-688,ORD-688,PAY-0688,FALSE,,,2584.72,2584.72,0.0,FALSE,0.0,,,,2025-05-20,FALSE
GT-0689,TXN-689,ORD-689,PAY-0689,FALSE,,,923.47,923.47,0.0,FALSE,0.0,,,,2025-05-20,FALSE
GT-0690,TXN-690,ORD-690,PAY-0690,FALSE,,,621.78,621.78,0.0,FALSE,0.0,,,,2025-05-20,FALSE
GT-0691,TXN-691,ORD-691,PAY-0691,FALSE,,,1736.98,1736.98,0.0,FALSE,0.0,,,,2025-05-20,FALSE
GT-0692,TXN-692,ORD-692,PAY-0692,FALSE,,,2340.14,2340.14,0.0,FALSE,0.0,,,,2025-05-20,FALSE
GT-0693,TXN-693,ORD-693,PAY-0693,FALSE,,,824.09,824.09,0.0,FALSE,0.0,,,,2025-05-20,FALSE
GT-0694,TXN-694,ORD-694,PAY-0694,FALSE,,,2782.08,2782.08,0.0,FALSE,0.0,,,,2025-05-20,FALSE
GT-0695,TXN-695,ORD-695,PAY-0695,FALSE,,,621.2,621.2,0.0,FALSE,0.0,,,,2025-05-20,FALSE
GT-0696,TXN-696,ORD-696,PAY-0696,FALSE,,,2351.89,2351.89,0.0,FALSE,0.0,,,,2025-05-20,FALSE
GT-0697,TXN-697,ORD-697,PAY-0697,FALSE,,,1833.33,1833.33,0.0,FALSE,0.0,,,,2025-05-20,FALSE
GT-0698,TXN-698,ORD-698,,FALSE,,,0.0,0,0.0,FALSE,0.0,,,,2025-05-20,FALSE
GT-0699,TXN-699,ORD-699,PAY-0699,TRUE,missing_settlement on #1699,LEAK-MISSING-SETTLEMENT,284.84,0,284.84,TRUE,284.84,payment captured but settlement never issued; funds held at gateway,RECON_RESULT|RULE_RESULT|RAW_PAYLOAD,CREATE_DISPUTE,2025-05-20,TRUE
GT-0700,TXN-700,ORD-700,PAY-0700,FALSE,,,217.35,217.35,0.0,FALSE,0.0,,,,2025-05-20,FALSE
GT-0701,TXN-701,ORD-701,PAY-0701,FALSE,,,917.16,917.16,0.0,FALSE,0.0,,,,2025-05-20,FALSE
GT-0702,TXN-702,ORD-702,PAY-0702,TRUE,missing_settlement on #1702,LEAK-MISSING-SETTLEMENT,675.77,0,675.77,TRUE,675.77,payment captured but settlement never issued; funds held at gateway,RECON_RESULT|RULE_RESULT|RAW_PAYLOAD,CREATE_DISPUTE,2025-05-20,TRUE
GT-0703,TXN-703,ORD-703,PAY-0703,FALSE,,,1636.71,1636.71,0.0,FALSE,0.0,,,,2025-05-20,FALSE
GT-0704,TXN-704,ORD-704,PAY-0704,FALSE,,,295.43,295.43,0.0,FALSE,0.0,,,,2025-05-20,FALSE
GT-0705,TXN-705,ORD-705,PAY-0705,TRUE,missing_settlement on #1705,LEAK-MISSING-SETTLEMENT,1722.34,0,1722.34,TRUE,1722.34,payment captured but settlement never issued; funds held at gateway,RECON_RESULT|RULE_RESULT|RAW_PAYLOAD,CREATE_DISPUTE,2025-05-20,TRUE
GT-0706,TXN-706,ORD-706,PAY-0706,FALSE,,,434.45,434.45,0.0,FALSE,0.0,,,,2025-05-20,FALSE
GT-0707,TXN-707,ORD-707,PAY-0707,FALSE,,,4875.58,4875.58,0.0,FALSE,0.0,,,,2025-05-20,FALSE
GT-0708,TXN-708,ORD-708,PAY-0708,FALSE,,,9095.79,9095.79,0.0,FALSE,0.0,,,,2025-05-20,FALSE
GT-0709,TXN-709,ORD-709,PAY-0709,FALSE,,,297.58,297.58,0.0,FALSE,0.0,,,,2025-05-20,FALSE
GT-0710,TXN-710,ORD-710,PAY-0710,FALSE,,,1025.9,1025.9,0.0,FALSE,0.0,,,,2025-05-20,FALSE
GT-0711,TXN-711,ORD-711,PAY-0711,TRUE,fee_excess on #1711,LEAK-FEE-EXCESS,1424.53,1422.29,2.24,TRUE,2.24,gateway charged MDR above negotiated rate card beyond tolerance,RECON_RESULT|RULE_RESULT|RATE_CARD,DRAFT_DISPUTE,2025-05-20,FALSE
GT-0712,TXN-712,ORD-712,PAY-0712,FALSE,,,4106.29,4106.29,0.0,FALSE,0.0,,,,2025-05-20,FALSE
GT-0713,TXN-713,ORD-713,PAY-0713,FALSE,,,1232.09,1232.09,0.0,FALSE,0.0,,,,2025-05-20,FALSE
GT-0714,TXN-714,ORD-714,PAY-0714,FALSE,,,6588.76,6588.76,0.0,FALSE,0.0,,,,2025-05-20,FALSE
GT-0715,TXN-715,ORD-715,PAY-0715,FALSE,,,2183.28,2183.28,0.0,FALSE,0.0,,,,2025-05-20,FALSE
GT-0716,TXN-716,ORD-716,PAY-0716,FALSE,,,1478.71,1478.71,0.0,FALSE,0.0,,,,2025-05-20,FALSE
GT-0717,TXN-717,ORD-717,PAY-0717,FALSE,,,276.17,276.17,0.0,FALSE,0.0,,,,2025-05-20,FALSE
GT-0718,TXN-718,ORD-718,PAY-0718,TRUE,settlement_short on #1718,LEAK-SETTLEMENT-SHORT,738.74,729.88,8.86,TRUE,8.86,settlement credited below expected net of contractual fees and taxes,RECON_RESULT|RULE_RESULT|RAW_PAYLOAD,DRAFT_DISPUTE,2025-05-20,FALSE
GT-0719,TXN-719,ORD-719,,FALSE,,,0.0,0,0.0,FALSE,0.0,,,,2025-05-20,FALSE
GT-0720,TXN-720,ORD-720,PAY-0720,FALSE,,,915.84,915.84,0.0,FALSE,0.0,,,,2025-05-20,FALSE
GT-0721,TXN-721,ORD-721,PAY-0721,FALSE,,,845.93,845.93,0.0,FALSE,0.0,,,,2025-05-20,FALSE
GT-0722,TXN-722,ORD-722,PAY-0722,FALSE,,,1332.86,1332.86,0.0,FALSE,0.0,,,,2025-05-20,FALSE
GT-0723,TXN-723,ORD-723,PAY-0723,FALSE,,,2556.61,2556.61,0.0,FALSE,0.0,,,,2025-05-20,FALSE
GT-0724,TXN-724,ORD-724,PAY-0724,FALSE,,,12102.6,12102.6,0.0,FALSE,0.0,,,,2025-05-20,FALSE
GT-0725,TXN-725,ORD-725,PAY-0725,FALSE,,,3334.1,3334.1,0.0,FALSE,0.0,,,,2025-05-20,FALSE
GT-0726,TXN-726,ORD-726,PAY-0726,FALSE,,,2504.83,2504.83,0.0,FALSE,0.0,,,,2025-05-20,FALSE
GT-0727,TXN-727,ORD-727,PAY-0727,FALSE,,,2012.5,2012.5,0.0,FALSE,0.0,,,,2025-05-20,FALSE
GT-0728,TXN-728,ORD-728,PAY-0728,FALSE,,,3090.97,3090.97,0.0,FALSE,0.0,,,,2025-05-20,FALSE
GT-0729,TXN-729,ORD-729,PAY-0729,TRUE,duplicate_fee on #1729,LEAK-DUPLICATE-FEE,1711.9,1703.78,8.12,TRUE,8.12,duplicate MDR fee event charged for the same payment,RECON_RESULT|RATE_CARD|RAW_PAYLOAD,CREATE_DISPUTE,2025-05-20,FALSE
GT-0730,TXN-730,ORD-730,PAY-0730,FALSE,,,2179.21,2179.21,0.0,FALSE,0.0,,,,2025-05-20,FALSE
GT-0731,TXN-731,ORD-731,,FALSE,,,0.0,0,0.0,FALSE,0.0,,,,2025-05-20,FALSE
GT-0732,TXN-732,ORD-732,PAY-0732,FALSE,,,642.13,642.13,0.0,FALSE,0.0,,,,2025-05-20,FALSE
GT-0733,TXN-733,ORD-733,PAY-0733,FALSE,,,1126.05,1126.05,0.0,FALSE,0.0,,,,2025-05-20,FALSE
GT-0734,TXN-734,ORD-734,PAY-0734,FALSE,,,462.39,462.39,0.0,FALSE,0.0,,,,2025-05-20,FALSE
GT-0735,TXN-735,ORD-735,PAY-0735,FALSE,,,315.59,315.59,0.0,FALSE,0.0,,,,2025-05-20,FALSE
GT-0736,TXN-736,ORD-736,PAY-0736,FALSE,,,2032.62,2032.62,0.0,FALSE,0.0,,,,2025-05-20,FALSE
GT-0737,TXN-737,ORD-737,PAY-0737,FALSE,,,2068.44,2068.44,0.0,FALSE,0.0,,,,2025-05-20,FALSE
GT-0738,TXN-738,ORD-738,PAY-0738,FALSE,,,967.97,967.97,0.0,FALSE,0.0,,,,2025-05-20,FALSE
GT-0739,TXN-739,ORD-739,PAY-0739,FALSE,,,344.29,344.29,0.0,FALSE,0.0,,,,2025-05-20,FALSE
GT-0740,TXN-740,ORD-740,PAY-0740,FALSE,,,1545.15,1545.15,0.0,FALSE,0.0,,,,2025-05-20,FALSE
GT-0741,TXN-741,ORD-741,PAY-0741,TRUE,settlement_short on #1741,LEAK-SETTLEMENT-SHORT,1277.79,1172.12,105.67,TRUE,105.67,settlement credited below expected net of contractual fees and taxes,RECON_RESULT|RULE_RESULT|RAW_PAYLOAD,DRAFT_DISPUTE,2025-05-20,FALSE
GT-0742,TXN-742,ORD-742,PAY-0742,FALSE,,,1964.67,1964.67,0.0,FALSE,0.0,,,,2025-05-20,FALSE
GT-0743,TXN-743,ORD-743,PAY-0743,FALSE,,,413.26,413.26,0.0,FALSE,0.0,,,,2025-05-20,FALSE
GT-0744,TXN-744,ORD-744,PAY-0744,FALSE,,,527.48,527.48,0.0,FALSE,0.0,,,,2025-05-20,FALSE
GT-0745,TXN-745,ORD-745,PAY-0745,FALSE,,,1028.99,1028.99,0.0,FALSE,0.0,,,,2025-05-20,FALSE
GT-0746,TXN-746,ORD-746,PAY-0746,FALSE,,,570.54,570.54,0.0,FALSE,0.0,,,,2025-05-20,FALSE
GT-0747,TXN-747,ORD-747,PAY-0747,TRUE,refund_economics on #1747,LEAK-REFUND-ECONOMICS,453.59,445.51,8.08,TRUE,8.08,gateway did not return MDR fee pro-rata on processed refund,RECON_RESULT|RULE_RESULT|RAW_PAYLOAD,CREATE_DISPUTE,2025-05-20,FALSE
GT-0748,TXN-748,ORD-748,PAY-0748,FALSE,,,1964.68,1964.68,0.0,FALSE,0.0,,,,2025-05-20,FALSE
GT-0749,TXN-749,ORD-749,PAY-0749,FALSE,,,946.79,946.79,0.0,FALSE,0.0,,,,2025-05-20,FALSE
GT-0750,TXN-750,ORD-750,PAY-0750,FALSE,,,420.32,420.32,0.0,FALSE,0.0,,,,2025-05-20,FALSE
GT-0751,TXN-751,ORD-751,PAY-0751,FALSE,,,322.82,322.82,0.0,FALSE,0.0,,,,2025-05-20,FALSE
GT-0752,TXN-752,ORD-752,PAY-0752,FALSE,,,279.59,279.59,0.0,FALSE,0.0,,,,2025-05-20,FALSE
GT-0753,TXN-753,ORD-753,PAY-0753,FALSE,,,348.66,348.66,0.0,FALSE,0.0,,,,2025-05-20,FALSE
GT-0754,TXN-754,ORD-754,PAY-0754,FALSE,,,1773.44,1773.44,0.0,FALSE,0.0,,,,2025-05-20,FALSE
GT-0755,TXN-755,ORD-755,PAY-0755,FALSE,,,726.32,726.32,0.0,FALSE,0.0,,,,2025-05-20,FALSE
GT-0756,TXN-756,ORD-756,PAY-0756,FALSE,,,1362.57,1362.57,0.0,FALSE,0.0,,,,2025-05-20,FALSE
GT-0757,TXN-757,ORD-757,PAY-0757,TRUE,refund_economics on #1757,LEAK-REFUND-ECONOMICS,212.4,210.78,1.62,TRUE,1.62,gateway did not return MDR fee pro-rata on processed refund,RECON_RESULT|RULE_RESULT|RAW_PAYLOAD,CREATE_DISPUTE,2025-05-20,FALSE
GT-0758,TXN-758,ORD-758,PAY-0758,TRUE,fee_excess on #1758,LEAK-FEE-EXCESS,7093.36,7011.95,81.41,TRUE,81.41,gateway charged MDR above negotiated rate card beyond tolerance,RECON_RESULT|RULE_RESULT|RATE_CARD,DRAFT_DISPUTE,2025-05-20,TRUE
GT-0759,TXN-759,ORD-759,PAY-0759,FALSE,,,568.26,568.26,0.0,FALSE,0.0,,,,2025-05-20,FALSE
GT-0760,TXN-760,ORD-760,PAY-0760,FALSE,,,391.82,391.82,0.0,FALSE,0.0,,,,2025-05-20,FALSE
GT-0761,TXN-761,ORD-761,PAY-0761,FALSE,,,539.96,539.96,0.0,FALSE,0.0,,,,2025-05-20,FALSE
GT-0762,TXN-762,ORD-762,PAY-0762,FALSE,,,739.36,739.36,0.0,FALSE,0.0,,,,2025-05-20,FALSE
GT-0763,TXN-763,ORD-763,PAY-0763,FALSE,,,6952.45,6952.45,0.0,FALSE,0.0,,,,2025-05-20,FALSE
GT-0764,TXN-764,ORD-764,PAY-0764,FALSE,,,504.69,504.69,0.0,FALSE,0.0,,,,2025-05-20,FALSE
GT-0765,TXN-765,ORD-765,PAY-0765,FALSE,,,1206.02,1206.02,0.0,FALSE,0.0,,,,2025-05-20,FALSE
GT-0766,TXN-766,ORD-766,PAY-0766,FALSE,,,1350.37,1350.37,0.0,FALSE,0.0,,,,2025-05-20,FALSE
GT-0767,TXN-767,ORD-767,PAY-0767,FALSE,,,291.94,291.94,0.0,FALSE,0.0,,,,2025-05-20,FALSE
GT-0768,TXN-768,ORD-768,PAY-0768,TRUE,fee_excess on #1768,LEAK-FEE-EXCESS,2816.48,2809.43,7.05,TRUE,7.05,gateway charged MDR above negotiated rate card beyond tolerance,RECON_RESULT|RULE_RESULT|RATE_CARD,DRAFT_DISPUTE,2025-05-20,FALSE
GT-0769,TXN-769,ORD-769,PAY-0769,FALSE,,,292.3,292.3,0.0,FALSE,0.0,,,,2025-05-20,FALSE
GT-0770,TXN-770,ORD-770,PAY-0770,FALSE,,,3233.3,3233.3,0.0,FALSE,0.0,,,,2025-05-20,FALSE
GT-0771,TXN-771,ORD-771,PAY-0771,FALSE,,,3607.72,3607.72,0.0,FALSE,0.0,,,,2025-05-20,FALSE
GT-0772,TXN-772,ORD-772,PAY-0772,TRUE,fee_excess on #1772,LEAK-FEE-EXCESS,3149.62,3114.11,35.51,TRUE,35.51,gateway charged MDR above negotiated rate card beyond tolerance,RECON_RESULT|RULE_RESULT|RATE_CARD,DRAFT_DISPUTE,2025-05-20,FALSE
GT-0773,TXN-773,ORD-773,PAY-0773,TRUE,missing_settlement on #1773,LEAK-MISSING-SETTLEMENT,1988.32,0,1988.32,TRUE,1988.32,payment captured but settlement never issued; funds held at gateway,RECON_RESULT|RULE_RESULT|RAW_PAYLOAD,CREATE_DISPUTE,2025-05-20,TRUE
GT-0774,TXN-774,ORD-774,PAY-0774,FALSE,,,1371.98,1371.98,0.0,FALSE,0.0,,,,2025-05-20,FALSE
GT-0775,TXN-775,ORD-775,PAY-0775,FALSE,,,1005.91,1005.91,0.0,FALSE,0.0,,,,2025-05-20,FALSE
GT-0776,TXN-776,ORD-776,PAY-0776,FALSE,,,432.25,432.25,0.0,FALSE,0.0,,,,2025-05-20,FALSE
GT-0777,TXN-777,ORD-777,PAY-0777,FALSE,,,291.94,291.94,0.0,FALSE,0.0,,,,2025-05-20,FALSE
GT-0778,TXN-778,ORD-778,PAY-0778,FALSE,,,3927.37,3927.37,0.0,FALSE,0.0,,,,2025-05-20,FALSE
GT-0779,TXN-779,ORD-779,PAY-0779,FALSE,,,600.2,600.2,0.0,FALSE,0.0,,,,2025-05-20,FALSE
GT-0780,TXN-780,ORD-780,PAY-0780,FALSE,,,291.94,291.94,0.0,FALSE,0.0,,,,2025-05-20,FALSE
GT-0781,TXN-781,ORD-781,PAY-0781,TRUE,fee_excess on #1781,LEAK-FEE-EXCESS,1171.64,1170.14,1.5,TRUE,1.5,gateway charged MDR above negotiated rate card beyond tolerance,RECON_RESULT|RULE_RESULT|RATE_CARD,DRAFT_DISPUTE,2025-05-20,FALSE
GT-0782,TXN-782,ORD-782,PAY-0782,FALSE,,,399.11,399.11,0.0,FALSE,0.0,,,,2025-05-20,FALSE
GT-0783,TXN-783,ORD-783,PAY-0783,FALSE,,,1184.4,1184.4,0.0,FALSE,0.0,,,,2025-05-20,FALSE
GT-0784,TXN-784,ORD-784,PAY-0784,FALSE,,,2142.1,2142.1,0.0,FALSE,0.0,,,,2025-05-20,FALSE
GT-0785,TXN-785,ORD-785,PAY-0785,FALSE,,,297.58,297.58,0.0,FALSE,0.0,,,,2025-05-20,FALSE
GT-0786,TXN-786,ORD-786,PAY-0786,TRUE,refund_economics on #1786,LEAK-REFUND-ECONOMICS,166.59,166.06,0.53,TRUE,0.53,gateway did not return MDR fee pro-rata on processed refund,RECON_RESULT|RULE_RESULT|RAW_PAYLOAD,CREATE_DISPUTE,2025-05-20,FALSE
GT-0787,TXN-787,ORD-787,PAY-0787,FALSE,,,1617.97,1617.97,0.0,FALSE,0.0,,,,2025-05-20,FALSE
GT-0788,TXN-788,ORD-788,PAY-0788,FALSE,,,1891.86,1891.86,0.0,FALSE,0.0,,,,2025-05-20,FALSE
GT-0789,TXN-789,ORD-789,PAY-0789,TRUE,refund_economics on #1789,LEAK-REFUND-ECONOMICS,4032.94,3969.23,63.71,TRUE,63.71,gateway did not return MDR fee pro-rata on processed refund,RECON_RESULT|RULE_RESULT|RAW_PAYLOAD,CREATE_DISPUTE,2025-05-20,TRUE
GT-0790,TXN-790,ORD-790,PAY-0790,FALSE,,,1425.62,1425.62,0.0,FALSE,0.0,,,,2025-05-20,FALSE
GT-0791,TXN-791,ORD-791,PAY-0791,FALSE,,,1657.05,1657.05,0.0,FALSE,0.0,,,,2025-05-20,FALSE
GT-0792,TXN-792,ORD-792,PAY-0792,FALSE,,,5932.64,5932.64,0.0,FALSE,0.0,,,,2025-05-20,FALSE
GT-0793,TXN-793,ORD-793,PAY-0793,TRUE,refund_economics on #1793,LEAK-REFUND-ECONOMICS,214.19,212.6,1.59,TRUE,1.59,gateway did not return MDR fee pro-rata on processed refund,RECON_RESULT|RULE_RESULT|RAW_PAYLOAD,CREATE_DISPUTE,2025-05-20,FALSE
GT-0794,TXN-794,ORD-794,PAY-0794,FALSE,,,3518.61,3518.61,0.0,FALSE,0.0,,,,2025-05-20,FALSE
GT-0795,TXN-795,ORD-795,PAY-0795,FALSE,,,1060.49,1060.49,0.0,FALSE,0.0,,,,2025-05-20,FALSE
GT-0796,TXN-796,ORD-796,PAY-0796,TRUE,fee_excess on #1796,LEAK-FEE-EXCESS,1817.18,1795.21,21.97,TRUE,21.97,gateway charged MDR above negotiated rate card beyond tolerance,RECON_RESULT|RULE_RESULT|RATE_CARD,DRAFT_DISPUTE,2025-05-20,FALSE
GT-0797,TXN-797,ORD-797,PAY-0797,FALSE,,,396.41,396.41,0.0,FALSE,0.0,,,,2025-05-20,FALSE
GT-0798,TXN-798,ORD-798,PAY-0798,FALSE,,,410.05,410.05,0.0,FALSE,0.0,,,,2025-05-20,FALSE
GT-0799,TXN-799,ORD-799,PAY-0799,FALSE,,,6878.87,6878.87,0.0,FALSE,0.0,,,,2025-05-20,FALSE
GT-0800,TXN-800,ORD-800,PAY-0800,FALSE,,,895.29,895.29,0.0,FALSE,0.0,,,,2025-05-20,FALSE
GT-0801,TXN-801,ORD-801,PAY-0801,FALSE,,,2540.14,2540.14,0.0,FALSE,0.0,,,,2025-05-20,FALSE
GT-0802,TXN-802,ORD-802,PAY-0802,FALSE,,,5564.8,5564.8,0.0,FALSE,0.0,,,,2025-05-20,FALSE
GT-0803,TXN-803,ORD-803,PAY-0803,FALSE,,,11700.71,11700.71,0.0,FALSE,0.0,,,,2025-05-20,FALSE
GT-0804,TXN-804,ORD-804,PAY-0804,FALSE,,,635.49,635.49,0.0,FALSE,0.0,,,,2025-05-20,FALSE
GT-0805,TXN-805,ORD-805,PAY-0805,FALSE,,,996.07,996.07,0.0,FALSE,0.0,,,,2025-05-20,FALSE
GT-0806,TXN-806,ORD-806,PAY-0806,FALSE,,,2503.39,2503.39,0.0,FALSE,0.0,,,,2025-05-20,FALSE
GT-0807,TXN-807,ORD-807,PAY-0807,TRUE,missing_settlement on #1807,LEAK-MISSING-SETTLEMENT,1616.44,0,1616.44,TRUE,1616.44,payment captured but settlement never issued; funds held at gateway,RECON_RESULT|RULE_RESULT|RAW_PAYLOAD,CREATE_DISPUTE,2025-05-20,TRUE
GT-0808,TXN-808,ORD-808,PAY-0808,FALSE,,,297.58,297.58,0.0,FALSE,0.0,,,,2025-05-20,FALSE
GT-0809,TXN-809,ORD-809,PAY-0809,FALSE,,,786.82,786.82,0.0,FALSE,0.0,,,,2025-05-20,FALSE
GT-0810,TXN-810,ORD-810,PAY-0810,FALSE,,,5085.9,5085.9,0.0,FALSE,0.0,,,,2025-05-20,FALSE
GT-0811,TXN-811,ORD-811,PAY-0811,FALSE,,,284.84,284.84,0.0,FALSE,0.0,,,,2025-05-20,FALSE
GT-0812,TXN-812,ORD-812,PAY-0812,TRUE,missing_settlement on #1812,LEAK-MISSING-SETTLEMENT,531.04,0,531.04,TRUE,531.04,payment captured but settlement never issued; funds held at gateway,RECON_RESULT|RULE_RESULT|RAW_PAYLOAD,CREATE_DISPUTE,2025-05-20,TRUE
GT-0813,TXN-813,ORD-813,PAY-0813,FALSE,,,380.83,380.83,0.0,FALSE,0.0,,,,2025-05-20,FALSE
GT-0814,TXN-814,ORD-814,PAY-0814,FALSE,,,4723.78,4723.78,0.0,FALSE,0.0,,,,2025-05-20,FALSE
GT-0815,TXN-815,ORD-815,PAY-0815,TRUE,settlement_short on #1815,LEAK-SETTLEMENT-SHORT,1001.18,933.74,67.44,TRUE,67.44,settlement credited below expected net of contractual fees and taxes,RECON_RESULT|RULE_RESULT|RAW_PAYLOAD,DRAFT_DISPUTE,2025-05-20,FALSE
GT-0816,TXN-816,ORD-816,PAY-0816,TRUE,settlement_short on #1816,LEAK-SETTLEMENT-SHORT,484.11,469.77,14.34,TRUE,14.34,settlement credited below expected net of contractual fees and taxes,RECON_RESULT|RULE_RESULT|RAW_PAYLOAD,DRAFT_DISPUTE,2025-05-20,FALSE
GT-0817,TXN-817,ORD-817,PAY-0817,FALSE,,,284.84,284.84,0.0,FALSE,0.0,,,,2025-05-20,FALSE
GT-0818,TXN-818,ORD-818,PAY-0818,FALSE,,,5687.12,5687.12,0.0,FALSE,0.0,,,,2025-05-20,FALSE
GT-0819,TXN-819,ORD-819,PAY-0819,FALSE,,,4522.53,4522.53,0.0,FALSE,0.0,,,,2025-05-20,FALSE
GT-0820,TXN-820,ORD-820,PAY-0820,FALSE,,,1841.91,1841.91,0.0,FALSE,0.0,,,,2025-05-20,FALSE
GT-0821,TXN-821,ORD-821,PAY-0821,FALSE,,,291.94,291.94,0.0,FALSE,0.0,,,,2025-05-20,FALSE
GT-0822,TXN-822,ORD-822,PAY-0822,FALSE,,,848.78,848.78,0.0,FALSE,0.0,,,,2025-05-20,FALSE
GT-0823,TXN-823,ORD-823,PAY-0823,FALSE,,,417.76,417.76,0.0,FALSE,0.0,,,,2025-05-20,FALSE
GT-0824,TXN-824,ORD-824,PAY-0824,FALSE,,,1954.08,1954.08,0.0,FALSE,0.0,,,,2025-05-20,FALSE
GT-0825,TXN-825,ORD-825,PAY-0825,TRUE,refund_economics on #1825,LEAK-REFUND-ECONOMICS,24050.7,23576.57,474.13,TRUE,474.13,gateway did not return MDR fee pro-rata on processed refund,RECON_RESULT|RULE_RESULT|RAW_PAYLOAD,CREATE_DISPUTE,2025-05-20,TRUE
GT-0826,TXN-826,ORD-826,,FALSE,,,0.0,0,0.0,FALSE,0.0,,,,2025-05-20,FALSE
GT-0827,TXN-827,ORD-827,PAY-0827,FALSE,,,2933.36,2933.36,0.0,FALSE,0.0,,,,2025-05-20,FALSE
GT-0828,TXN-828,ORD-828,PAY-0828,FALSE,,,1660.5,1660.5,0.0,FALSE,0.0,,,,2025-05-20,FALSE
GT-0829,TXN-829,ORD-829,PAY-0829,FALSE,,,569.39,569.39,0.0,FALSE,0.0,,,,2025-05-20,FALSE
GT-0830,TXN-830,ORD-830,PAY-0830,FALSE,,,1640.87,1640.87,0.0,FALSE,0.0,,,,2025-05-20,FALSE
GT-0831,TXN-831,ORD-831,PAY-0831,FALSE,,,1210.56,1210.56,0.0,FALSE,0.0,,,,2025-05-20,FALSE
GT-0832,TXN-832,ORD-832,PAY-0832,FALSE,,,1261.7,1261.7,0.0,FALSE,0.0,,,,2025-05-20,FALSE
GT-0833,TXN-833,ORD-833,PAY-0833,FALSE,,,853.84,853.84,0.0,FALSE,0.0,,,,2025-05-20,FALSE
GT-0834,TXN-834,ORD-834,PAY-0834,TRUE,fee_excess on #1834,LEAK-FEE-EXCESS,3035.74,3031.27,4.47,TRUE,4.47,gateway charged MDR above negotiated rate card beyond tolerance,RECON_RESULT|RULE_RESULT|RATE_CARD,DRAFT_DISPUTE,2025-05-20,FALSE
GT-0835,TXN-835,ORD-835,PAY-0835,TRUE,refund_economics on #1835,LEAK-REFUND-ECONOMICS,5976.69,5938.05,38.64,TRUE,38.64,gateway did not return MDR fee pro-rata on processed refund,RECON_RESULT|RULE_RESULT|RAW_PAYLOAD,CREATE_DISPUTE,2025-05-20,TRUE
GT-0836,TXN-836,ORD-836,PAY-0836,FALSE,,,1228.81,1228.81,0.0,FALSE,0.0,,,,2025-05-20,FALSE
GT-0837,TXN-837,ORD-837,PAY-0837,TRUE,settlement_short on #1837,LEAK-SETTLEMENT-SHORT,849.61,784.03,65.58,TRUE,65.58,settlement credited below expected net of contractual fees and taxes,RECON_RESULT|RULE_RESULT|RAW_PAYLOAD,DRAFT_DISPUTE,2025-05-20,FALSE
GT-0838,TXN-838,ORD-838,PAY-0838,FALSE,,,2861.26,2861.26,0.0,FALSE,0.0,,,,2025-05-20,FALSE
GT-0839,TXN-839,ORD-839,PAY-0839,FALSE,,,4478.31,4478.31,0.0,FALSE,0.0,,,,2025-05-20,FALSE
GT-0840,TXN-840,ORD-840,PAY-0840,TRUE,settlement_short on #1840,LEAK-SETTLEMENT-SHORT,853.21,786.73,66.48,TRUE,66.48,settlement credited below expected net of contractual fees and taxes,RECON_RESULT|RULE_RESULT|RAW_PAYLOAD,DRAFT_DISPUTE,2025-05-20,FALSE
GT-0841,TXN-841,ORD-841,PAY-0841,FALSE,,,447.45,447.45,0.0,FALSE,0.0,,,,2025-05-20,FALSE
GT-0842,TXN-842,ORD-842,PAY-0842,FALSE,,,1356.3,1356.3,0.0,FALSE,0.0,,,,2025-05-20,FALSE
GT-0843,TXN-843,ORD-843,PAY-0843,FALSE,,,778.6,778.6,0.0,FALSE,0.0,,,,2025-05-20,FALSE
GT-0844,TXN-844,ORD-844,PAY-0844,TRUE,missing_settlement on #1844,LEAK-MISSING-SETTLEMENT,1291.07,0,1291.07,TRUE,1291.07,payment captured but settlement never issued; funds held at gateway,RECON_RESULT|RULE_RESULT|RAW_PAYLOAD,CREATE_DISPUTE,2025-05-20,TRUE
GT-0845,TXN-845,ORD-845,PAY-0845,FALSE,,,1420.33,1420.33,0.0,FALSE,0.0,,,,2025-05-20,FALSE
GT-0846,TXN-846,ORD-846,PAY-0846,FALSE,,,2171.75,2171.75,0.0,FALSE,0.0,,,,2025-05-20,FALSE
GT-0847,TXN-847,ORD-847,PAY-0847,FALSE,,,2505.61,2505.61,0.0,FALSE,0.0,,,,2025-05-20,FALSE
GT-0848,TXN-848,ORD-848,PAY-0848,FALSE,,,1503.51,1503.51,0.0,FALSE,0.0,,,,2025-05-20,FALSE
GT-0849,TXN-849,ORD-849,PAY-0849,TRUE,fee_excess on #1849,LEAK-FEE-EXCESS,12255.41,12237.77,17.64,TRUE,17.64,gateway charged MDR above negotiated rate card beyond tolerance,RECON_RESULT|RULE_RESULT|RATE_CARD,DRAFT_DISPUTE,2025-05-20,TRUE
GT-0850,TXN-850,ORD-850,PAY-0850,FALSE,,,404.33,404.33,0.0,FALSE,0.0,,,,2025-05-20,FALSE
GT-0851,TXN-851,ORD-851,PAY-0851,FALSE,,,507.53,507.53,0.0,FALSE,0.0,,,,2025-05-20,FALSE
GT-0852,TXN-852,ORD-852,PAY-0852,FALSE,,,1578.06,1578.06,0.0,FALSE,0.0,,,,2025-05-20,FALSE
GT-0853,TXN-853,ORD-853,PAY-0853,FALSE,,,403.32,403.32,0.0,FALSE,0.0,,,,2025-05-20,FALSE
GT-0854,TXN-854,ORD-854,PAY-0854,FALSE,,,828.0,828.0,0.0,FALSE,0.0,,,,2025-05-20,FALSE
GT-0855,TXN-855,ORD-855,PAY-0855,FALSE,,,1875.36,1875.36,0.0,FALSE,0.0,,,,2025-05-20,FALSE
GT-0856,TXN-856,ORD-856,PAY-0856,FALSE,,,700.08,700.08,0.0,FALSE,0.0,,,,2025-05-20,FALSE
GT-0857,TXN-857,ORD-857,PAY-0857,TRUE,settlement_short on #1857,LEAK-SETTLEMENT-SHORT,1049.22,982.48,66.74,TRUE,66.74,settlement credited below expected net of contractual fees and taxes,RECON_RESULT|RULE_RESULT|RAW_PAYLOAD,DRAFT_DISPUTE,2025-05-20,FALSE
GT-0858,TXN-858,ORD-858,PAY-0858,FALSE,,,1613.37,1613.37,0.0,FALSE,0.0,,,,2025-05-20,FALSE
GT-0859,TXN-859,ORD-859,PAY-0859,FALSE,,,794.92,794.92,0.0,FALSE,0.0,,,,2025-05-20,FALSE
GT-0860,TXN-860,ORD-860,PAY-0860,FALSE,,,4643.58,4643.58,0.0,FALSE,0.0,,,,2025-05-20,FALSE
GT-0861,TXN-861,ORD-861,PAY-0861,FALSE,,,844.89,844.89,0.0,FALSE,0.0,,,,2025-05-20,FALSE
GT-0862,TXN-862,ORD-862,PAY-0862,FALSE,,,1499.91,1499.91,0.0,FALSE,0.0,,,,2025-05-20,FALSE
GT-0863,TXN-863,ORD-863,PAY-0863,FALSE,,,297.58,297.58,0.0,FALSE,0.0,,,,2025-05-20,FALSE
GT-0864,TXN-864,ORD-864,PAY-0864,FALSE,,,2248.2,2248.2,0.0,FALSE,0.0,,,,2025-05-20,FALSE
GT-0865,TXN-865,ORD-865,PAY-0865,FALSE,,,1144.79,1144.79,0.0,FALSE,0.0,,,,2025-05-20,FALSE
GT-0866,TXN-866,ORD-866,PAY-0866,FALSE,,,2265.98,2265.98,0.0,FALSE,0.0,,,,2025-05-20,FALSE
GT-0867,TXN-867,ORD-867,PAY-0867,FALSE,,,5567.86,5567.86,0.0,FALSE,0.0,,,,2025-05-20,FALSE
GT-0868,TXN-868,ORD-868,PAY-0868,FALSE,,,1522.13,1522.13,0.0,FALSE,0.0,,,,2025-05-20,FALSE
GT-0869,TXN-869,ORD-869,PAY-0869,FALSE,,,1066.21,1066.21,0.0,FALSE,0.0,,,,2025-05-20,FALSE
GT-0870,TXN-870,ORD-870,PAY-0870,FALSE,,,335.86,335.86,0.0,FALSE,0.0,,,,2025-05-20,FALSE
GT-0871,TXN-871,ORD-871,PAY-0871,FALSE,,,8605.51,8605.51,0.0,FALSE,0.0,,,,2025-05-20,FALSE
GT-0872,TXN-872,ORD-872,PAY-0872,TRUE,refund_economics on #1872,LEAK-REFUND-ECONOMICS,172.86,170.43,2.43,TRUE,2.43,gateway did not return MDR fee pro-rata on processed refund,RECON_RESULT|RULE_RESULT|RAW_PAYLOAD,CREATE_DISPUTE,2025-05-20,FALSE
GT-0873,TXN-873,ORD-873,PAY-0873,TRUE,fee_excess on #1873,LEAK-FEE-EXCESS,2377.73,2372.66,5.07,TRUE,5.07,gateway charged MDR above negotiated rate card beyond tolerance,RECON_RESULT|RULE_RESULT|RATE_CARD,DRAFT_DISPUTE,2025-05-20,FALSE
GT-0874,TXN-874,ORD-874,PAY-0874,FALSE,,,291.94,291.94,0.0,FALSE,0.0,,,,2025-05-20,FALSE
GT-0875,TXN-875,ORD-875,PAY-0875,FALSE,,,1842.58,1842.58,0.0,FALSE,0.0,,,,2025-05-20,FALSE
GT-0876,TXN-876,ORD-876,PAY-0876,TRUE,fee_excess on #1876,LEAK-FEE-EXCESS,479.23,478.44,0.79,TRUE,0.79,gateway charged MDR above negotiated rate card beyond tolerance,RECON_RESULT|RULE_RESULT|RATE_CARD,DRAFT_DISPUTE,2025-05-20,FALSE
GT-0877,TXN-877,ORD-877,PAY-0877,TRUE,refund_economics on #1877,LEAK-REFUND-ECONOMICS,602.14,597.67,4.47,TRUE,4.47,gateway did not return MDR fee pro-rata on processed refund,RECON_RESULT|RULE_RESULT|RAW_PAYLOAD,CREATE_DISPUTE,2025-05-20,FALSE
GT-0878,TXN-878,ORD-878,PAY-0878,FALSE,,,787.28,787.28,0.0,FALSE,0.0,,,,2025-05-20,FALSE
GT-0879,TXN-879,ORD-879,PAY-0879,FALSE,,,291.94,291.94,0.0,FALSE,0.0,,,,2025-05-20,FALSE
GT-0880,TXN-880,ORD-880,PAY-0880,FALSE,,,372.18,372.18,0.0,FALSE,0.0,,,,2025-05-20,FALSE
GT-0881,TXN-881,ORD-881,PAY-0881,FALSE,,,3055.14,3055.14,0.0,FALSE,0.0,,,,2025-05-20,FALSE
GT-0882,TXN-882,ORD-882,PAY-0882,FALSE,,,297.58,297.58,0.0,FALSE,0.0,,,,2025-05-20,FALSE
GT-0883,TXN-883,ORD-883,PAY-0883,FALSE,,,1847.41,1847.41,0.0,FALSE,0.0,,,,2025-05-20,FALSE
GT-0884,TXN-884,ORD-884,PAY-0884,TRUE,duplicate_fee on #1884,LEAK-DUPLICATE-FEE,5964.7,5820.53,144.17,TRUE,144.17,duplicate MDR fee event charged for the same payment,RECON_RESULT|RATE_CARD|RAW_PAYLOAD,CREATE_DISPUTE,2025-05-20,TRUE
GT-0885,TXN-885,ORD-885,PAY-0885,FALSE,,,291.94,291.94,0.0,FALSE,0.0,,,,2025-05-20,FALSE
GT-0886,TXN-886,ORD-886,PAY-0886,FALSE,,,40333.31,40333.31,0.0,FALSE,0.0,,,,2025-05-20,FALSE
GT-0887,TXN-887,ORD-887,PAY-0887,FALSE,,,422.62,422.62,0.0,FALSE,0.0,,,,2025-05-20,FALSE
GT-0888,TXN-888,ORD-888,PAY-0888,FALSE,,,5173.96,5173.96,0.0,FALSE,0.0,,,,2025-05-20,FALSE
GT-0889,TXN-889,ORD-889,PAY-0889,FALSE,,,1109.49,1109.49,0.0,FALSE,0.0,,,,2025-05-20,FALSE
GT-0890,TXN-890,ORD-890,PAY-0890,FALSE,,,291.94,291.94,0.0,FALSE,0.0,,,,2025-05-20,FALSE
GT-0891,TXN-891,ORD-891,PAY-0891,FALSE,,,7937.8,7937.8,0.0,FALSE,0.0,,,,2025-05-20,FALSE
GT-0892,TXN-892,ORD-892,PAY-0892,FALSE,,,1995.08,1995.08,0.0,FALSE,0.0,,,,2025-05-20,FALSE
GT-0893,TXN-893,ORD-893,PAY-0893,TRUE,settlement_short on #1893,LEAK-SETTLEMENT-SHORT,1274.96,1247.45,27.51,TRUE,27.51,settlement credited below expected net of contractual fees and taxes,RECON_RESULT|RULE_RESULT|RAW_PAYLOAD,DRAFT_DISPUTE,2025-05-20,FALSE
GT-0894,TXN-894,ORD-894,PAY-0894,FALSE,,,297.58,297.58,0.0,FALSE,0.0,,,,2025-05-20,FALSE
GT-0895,TXN-895,ORD-895,PAY-0895,FALSE,,,1419.17,1419.17,0.0,FALSE,0.0,,,,2025-05-20,FALSE
GT-0896,TXN-896,ORD-896,PAY-0896,FALSE,,,579.72,579.72,0.0,FALSE,0.0,,,,2025-05-20,FALSE
GT-0897,TXN-897,ORD-897,PAY-0897,FALSE,,,3308.38,3308.38,0.0,FALSE,0.0,,,,2025-05-20,FALSE
GT-0898,TXN-898,ORD-898,PAY-0898,FALSE,,,546.91,546.91,0.0,FALSE,0.0,,,,2025-05-20,FALSE
GT-0899,TXN-899,ORD-899,PAY-0899,FALSE,,,297.58,297.58,0.0,FALSE,0.0,,,,2025-05-20,FALSE
GT-0900,TXN-900,ORD-900,PAY-0900,FALSE,,,4278.45,4278.45,0.0,FALSE,0.0,,,,2025-05-20,FALSE
GT-0901,TXN-901,ORD-901,PAY-0901,FALSE,,,1616.3,1616.3,0.0,FALSE,0.0,,,,2025-05-20,FALSE
GT-0902,TXN-902,ORD-902,PAY-0902,TRUE,duplicate_fee on #1902,LEAK-DUPLICATE-FEE,829.9,825.96,3.94,TRUE,3.94,duplicate MDR fee event charged for the same payment,RECON_RESULT|RATE_CARD|RAW_PAYLOAD,CREATE_DISPUTE,2025-05-20,FALSE
GT-0903,TXN-903,ORD-903,PAY-0903,FALSE,,,291.94,291.94,0.0,FALSE,0.0,,,,2025-05-20,FALSE
GT-0904,TXN-904,ORD-904,PAY-0904,FALSE,,,1799.92,1799.92,0.0,FALSE,0.0,,,,2025-05-20,FALSE
GT-0905,TXN-905,ORD-905,PAY-0905,FALSE,,,1873.62,1873.62,0.0,FALSE,0.0,,,,2025-05-20,FALSE
GT-0906,TXN-906,ORD-906,PAY-0906,FALSE,,,1367.49,1367.49,0.0,FALSE,0.0,,,,2025-05-20,FALSE
GT-0907,TXN-907,ORD-907,PAY-0907,FALSE,,,1423.3,1423.3,0.0,FALSE,0.0,,,,2025-05-20,FALSE
GT-0908,TXN-908,ORD-908,PAY-0908,FALSE,,,291.94,291.94,0.0,FALSE,0.0,,,,2025-05-20,FALSE
GT-0909,TXN-909,ORD-909,PAY-0909,FALSE,,,284.84,284.84,0.0,FALSE,0.0,,,,2025-05-20,FALSE
GT-0910,TXN-910,ORD-910,PAY-0910,FALSE,,,530.58,530.58,0.0,FALSE,0.0,,,,2025-05-20,FALSE
GT-0911,TXN-911,ORD-911,PAY-0911,FALSE,,,10081.79,10081.79,0.0,FALSE,0.0,,,,2025-05-20,FALSE
GT-0912,TXN-912,ORD-912,PAY-0912,FALSE,,,355.74,355.74,0.0,FALSE,0.0,,,,2025-05-20,FALSE
GT-0913,TXN-913,ORD-913,,FALSE,,,0.0,0,0.0,FALSE,0.0,,,,2025-05-20,FALSE
GT-0914,TXN-914,ORD-914,PAY-0914,FALSE,,,569.75,569.75,0.0,FALSE,0.0,,,,2025-05-20,FALSE
GT-0915,TXN-915,ORD-915,PAY-0915,FALSE,,,12257.41,12257.41,0.0,FALSE,0.0,,,,2025-05-20,FALSE
GT-0916,TXN-916,ORD-916,PAY-0916,FALSE,,,1152.76,1152.76,0.0,FALSE,0.0,,,,2025-05-20,FALSE
GT-0917,TXN-917,ORD-917,PAY-0917,FALSE,,,2021.39,2021.39,0.0,FALSE,0.0,,,,2025-05-20,FALSE
GT-0918,TXN-918,ORD-918,,FALSE,,,0.0,0,0.0,FALSE,0.0,,,,2025-05-20,FALSE
GT-0919,TXN-919,ORD-919,PAY-0919,FALSE,,,1101.62,1101.62,0.0,FALSE,0.0,,,,2025-05-20,FALSE
GT-0920,TXN-920,ORD-920,PAY-0920,FALSE,,,473.02,473.02,0.0,FALSE,0.0,,,,2025-05-20,FALSE
GT-0921,TXN-921,ORD-921,PAY-0921,FALSE,,,297.58,297.58,0.0,FALSE,0.0,,,,2025-05-20,FALSE
GT-0922,TXN-922,ORD-922,PAY-0922,FALSE,,,900.01,900.01,0.0,FALSE,0.0,,,,2025-05-20,FALSE
GT-0923,TXN-923,ORD-923,PAY-0923,FALSE,,,1185.91,1185.91,0.0,FALSE,0.0,,,,2025-05-20,FALSE
GT-0924,TXN-924,ORD-924,PAY-0924,TRUE,settlement_short on #1924,LEAK-SETTLEMENT-SHORT,2859.4,2786.92,72.48,TRUE,72.48,settlement credited below expected net of contractual fees and taxes,RECON_RESULT|RULE_RESULT|RAW_PAYLOAD,DRAFT_DISPUTE,2025-05-20,FALSE
GT-0925,TXN-925,ORD-925,PAY-0925,FALSE,,,1760.8,1760.8,0.0,FALSE,0.0,,,,2025-05-20,FALSE
GT-0926,TXN-926,ORD-926,PAY-0926,FALSE,,,882.18,882.18,0.0,FALSE,0.0,,,,2025-05-20,FALSE
GT-0927,TXN-927,ORD-927,PAY-0927,FALSE,,,847.15,847.15,0.0,FALSE,0.0,,,,2025-05-20,FALSE
GT-0928,TXN-928,ORD-928,PAY-0928,TRUE,settlement_short on #1928,LEAK-SETTLEMENT-SHORT,433.87,0,433.87,TRUE,433.87,settlement credited below expected net of contractual fees and taxes,RECON_RESULT|RULE_RESULT|RAW_PAYLOAD,DRAFT_DISPUTE,2025-05-20,FALSE
GT-0929,TXN-929,ORD-929,PAY-0929,FALSE,,,222.77,222.77,0.0,FALSE,0.0,,,,2025-05-20,FALSE
GT-0930,TXN-930,ORD-930,PAY-0930,FALSE,,,981.57,981.57,0.0,FALSE,0.0,,,,2025-05-20,FALSE
GT-0931,TXN-931,ORD-931,PAY-0931,FALSE,,,4536.71,4536.71,0.0,FALSE,0.0,,,,2025-05-20,FALSE
GT-0932,TXN-932,ORD-932,PAY-0932,TRUE,settlement_short on #1932,LEAK-SETTLEMENT-SHORT,1238.55,1149.61,88.94,TRUE,88.94,settlement credited below expected net of contractual fees and taxes,RECON_RESULT|RULE_RESULT|RAW_PAYLOAD,DRAFT_DISPUTE,2025-05-20,FALSE
GT-0933,TXN-933,ORD-933,PAY-0933,FALSE,,,2541.34,2541.34,0.0,FALSE,0.0,,,,2025-05-20,FALSE
GT-0934,TXN-934,ORD-934,PAY-0934,FALSE,,,481.8,481.8,0.0,FALSE,0.0,,,,2025-05-20,FALSE
GT-0935,TXN-935,ORD-935,,FALSE,,,0.0,0,0.0,FALSE,0.0,,,,2025-05-20,FALSE
GT-0936,TXN-936,ORD-936,PAY-0936,FALSE,,,2508.55,2508.55,0.0,FALSE,0.0,,,,2025-05-20,FALSE
GT-0937,TXN-937,ORD-937,PAY-0937,FALSE,,,978.03,978.03,0.0,FALSE,0.0,,,,2025-05-20,FALSE
GT-0938,TXN-938,ORD-938,PAY-0938,FALSE,,,882.91,882.91,0.0,FALSE,0.0,,,,2025-05-20,FALSE
GT-0939,TXN-939,ORD-939,PAY-0939,TRUE,settlement_short on #1939,LEAK-SETTLEMENT-SHORT,195.99,189.5,6.49,TRUE,6.49,settlement credited below expected net of contractual fees and taxes,RECON_RESULT|RULE_RESULT|RAW_PAYLOAD,DRAFT_DISPUTE,2025-05-20,FALSE
GT-0940,TXN-940,ORD-940,PAY-0940,FALSE,,,1484.51,1484.51,0.0,FALSE,0.0,,,,2025-05-20,FALSE
GT-0941,TXN-941,ORD-941,PAY-0941,FALSE,,,3403.13,3403.13,0.0,FALSE,0.0,,,,2025-05-20,FALSE
GT-0942,TXN-942,ORD-942,PAY-0942,FALSE,,,1589.43,1589.43,0.0,FALSE,0.0,,,,2025-05-20,FALSE
GT-0943,TXN-943,ORD-943,PAY-0943,FALSE,,,4855.32,4855.32,0.0,FALSE,0.0,,,,2025-05-20,FALSE
GT-0944,TXN-944,ORD-944,PAY-0944,FALSE,,,1919.05,1919.05,0.0,FALSE,0.0,,,,2025-05-20,FALSE
GT-0945,TXN-945,ORD-945,PAY-0945,FALSE,,,1444.25,1444.25,0.0,FALSE,0.0,,,,2025-05-20,FALSE
GT-0946,TXN-946,ORD-946,PAY-0946,FALSE,,,1006.38,1006.38,0.0,FALSE,0.0,,,,2025-05-20,FALSE
GT-0947,TXN-947,ORD-947,PAY-0947,TRUE,fee_excess on #1947,LEAK-FEE-EXCESS,643.68,642.96,0.72,TRUE,0.72,gateway charged MDR above negotiated rate card beyond tolerance,RECON_RESULT|RULE_RESULT|RATE_CARD,DRAFT_DISPUTE,2025-05-20,FALSE
GT-0948,TXN-948,ORD-948,PAY-0948,FALSE,,,10419.49,10419.49,0.0,FALSE,0.0,,,,2025-05-20,FALSE
GT-0949,TXN-949,ORD-949,PAY-0949,FALSE,,,4550.88,4550.88,0.0,FALSE,0.0,,,,2025-05-20,FALSE
GT-0950,TXN-950,ORD-950,PAY-0950,FALSE,,,904.38,904.38,0.0,FALSE,0.0,,,,2025-05-20,FALSE
GT-0951,TXN-951,ORD-951,PAY-0951,FALSE,,,2177.41,2177.41,0.0,FALSE,0.0,,,,2025-05-20,FALSE
GT-0952,TXN-952,ORD-952,PAY-0952,TRUE,missing_settlement on #1952,LEAK-MISSING-SETTLEMENT,1980.46,0,1980.46,TRUE,1980.46,payment captured but settlement never issued; funds held at gateway,RECON_RESULT|RULE_RESULT|RAW_PAYLOAD,CREATE_DISPUTE,2025-05-20,TRUE
GT-0953,TXN-953,ORD-953,PAY-0953,FALSE,,,406.41,406.41,0.0,FALSE,0.0,,,,2025-05-20,FALSE
GT-0954,TXN-954,ORD-954,PAY-0954,FALSE,,,1186.97,1186.97,0.0,FALSE,0.0,,,,2025-05-20,FALSE
GT-0955,TXN-955,ORD-955,PAY-0955,FALSE,,,4800.68,4800.68,0.0,FALSE,0.0,,,,2025-05-20,FALSE
GT-0956,TXN-956,ORD-956,PAY-0956,FALSE,,,733.3,733.3,0.0,FALSE,0.0,,,,2025-05-20,FALSE
GT-0957,TXN-957,ORD-957,PAY-0957,FALSE,,,1145.96,1145.96,0.0,FALSE,0.0,,,,2025-05-20,FALSE
GT-0958,TXN-958,ORD-958,PAY-0958,TRUE,fee_excess on #1958,LEAK-FEE-EXCESS,507.2,506.52,0.68,TRUE,0.68,gateway charged MDR above negotiated rate card beyond tolerance,RECON_RESULT|RULE_RESULT|RATE_CARD,DRAFT_DISPUTE,2025-05-20,FALSE
GT-0959,TXN-959,ORD-959,PAY-0959,FALSE,,,919.24,919.24,0.0,FALSE,0.0,,,,2025-05-20,FALSE
GT-0960,TXN-960,ORD-960,PAY-0960,FALSE,,,490.6,490.6,0.0,FALSE,0.0,,,,2025-05-20,FALSE
GT-0961,TXN-961,ORD-961,PAY-0961,FALSE,,,1385.49,1385.49,0.0,FALSE,0.0,,,,2025-05-20,FALSE
GT-0962,TXN-962,ORD-962,PAY-0962,FALSE,,,7824.7,7824.7,0.0,FALSE,0.0,,,,2025-05-20,FALSE
GT-0963,TXN-963,ORD-963,PAY-0963,FALSE,,,202.29,202.29,0.0,FALSE,0.0,,,,2025-05-20,FALSE
GT-0964,TXN-964,ORD-964,PAY-0964,TRUE,refund_economics on #1964,LEAK-REFUND-ECONOMICS,653.77,642.48,11.29,TRUE,11.29,gateway did not return MDR fee pro-rata on processed refund,RECON_RESULT|RULE_RESULT|RAW_PAYLOAD,CREATE_DISPUTE,2025-05-20,FALSE
GT-0965,TXN-965,ORD-965,PAY-0965,FALSE,,,1170.21,1170.21,0.0,FALSE,0.0,,,,2025-05-20,FALSE
GT-0966,TXN-966,ORD-966,PAY-0966,FALSE,,,6940.74,6940.74,0.0,FALSE,0.0,,,,2025-05-20,FALSE
GT-0967,TXN-967,ORD-967,PAY-0967,FALSE,,,1024.71,1024.71,0.0,FALSE,0.0,,,,2025-05-20,FALSE
GT-0968,TXN-968,ORD-968,PAY-0968,FALSE,,,7992.31,7992.31,0.0,FALSE,0.0,,,,2025-05-20,FALSE
GT-0969,TXN-969,ORD-969,PAY-0969,FALSE,,,297.58,297.58,0.0,FALSE,0.0,,,,2025-05-20,FALSE
GT-0970,TXN-970,ORD-970,PAY-0970,FALSE,,,499.94,499.94,0.0,FALSE,0.0,,,,2025-05-20,FALSE
GT-0971,TXN-971,ORD-971,PAY-0971,TRUE,missing_settlement on #1971,LEAK-MISSING-SETTLEMENT,953.0,0,953.0,TRUE,953.0,payment captured but settlement never issued; funds held at gateway,RECON_RESULT|RULE_RESULT|RAW_PAYLOAD,CREATE_DISPUTE,2025-05-20,TRUE
GT-0972,TXN-972,ORD-972,PAY-0972,FALSE,,,1216.77,1216.77,0.0,FALSE,0.0,,,,2025-05-20,FALSE
GT-0973,TXN-973,ORD-973,PAY-0973,FALSE,,,736.36,736.36,0.0,FALSE,0.0,,,,2025-05-20,FALSE
GT-0974,TXN-974,ORD-974,PAY-0974,FALSE,,,3401.24,3401.24,0.0,FALSE,0.0,,,,2025-05-20,FALSE
GT-0975,TXN-975,ORD-975,PAY-0975,FALSE,,,779.75,779.75,0.0,FALSE,0.0,,,,2025-05-20,FALSE
GT-0976,TXN-976,ORD-976,PAY-0976,FALSE,,,2320.12,2320.12,0.0,FALSE,0.0,,,,2025-05-20,FALSE
GT-0977,TXN-977,ORD-977,PAY-0977,FALSE,,,2171.85,2171.85,0.0,FALSE,0.0,,,,2025-05-20,FALSE
GT-0978,TXN-978,ORD-978,PAY-0978,FALSE,,,1150.28,1150.28,0.0,FALSE,0.0,,,,2025-05-20,FALSE
GT-0979,TXN-979,ORD-979,PAY-0979,FALSE,,,299.32,299.32,0.0,FALSE,0.0,,,,2025-05-20,FALSE
GT-0980,TXN-980,ORD-980,PAY-0980,TRUE,fee_excess on #1980,LEAK-FEE-EXCESS,5046.81,5013.61,33.2,TRUE,33.2,gateway charged MDR above negotiated rate card beyond tolerance,RECON_RESULT|RULE_RESULT|RATE_CARD,DRAFT_DISPUTE,2025-05-20,TRUE
GT-0981,TXN-981,ORD-981,PAY-0981,FALSE,,,508.33,508.33,0.0,FALSE,0.0,,,,2025-05-20,FALSE
GT-0982,TXN-982,ORD-982,PAY-0982,TRUE,missing_settlement on #1982,LEAK-MISSING-SETTLEMENT,479.39,0,479.39,TRUE,479.39,payment captured but settlement never issued; funds held at gateway,RECON_RESULT|RULE_RESULT|RAW_PAYLOAD,CREATE_DISPUTE,2025-05-20,TRUE
GT-0983,TXN-983,ORD-983,PAY-0983,FALSE,,,437.33,437.33,0.0,FALSE,0.0,,,,2025-05-20,FALSE
GT-0984,TXN-984,ORD-984,PAY-0984,FALSE,,,14474.64,14474.64,0.0,FALSE,0.0,,,,2025-05-20,FALSE
GT-0985,TXN-985,ORD-985,PAY-0985,FALSE,,,1406.45,1406.45,0.0,FALSE,0.0,,,,2025-05-20,FALSE
GT-0986,TXN-986,ORD-986,PAY-0986,FALSE,,,1496.79,1496.79,0.0,FALSE,0.0,,,,2025-05-20,FALSE
GT-0987,TXN-987,ORD-987,,FALSE,,,0.0,0,0.0,FALSE,0.0,,,,2025-05-20,FALSE
GT-0988,TXN-988,ORD-988,PAY-0988,TRUE,fee_excess on #1988,LEAK-FEE-EXCESS,329.15,327.25,1.9,TRUE,1.9,gateway charged MDR above negotiated rate card beyond tolerance,RECON_RESULT|RULE_RESULT|RATE_CARD,DRAFT_DISPUTE,2025-05-20,FALSE
GT-0989,TXN-989,ORD-989,PAY-0989,FALSE,,,540.05,540.05,0.0,FALSE,0.0,,,,2025-05-20,FALSE
GT-0990,TXN-990,ORD-990,PAY-0990,TRUE,settlement_short on #1990,LEAK-SETTLEMENT-SHORT,1408.53,1337.2,71.33,TRUE,71.33,settlement credited below expected net of contractual fees and taxes,RECON_RESULT|RULE_RESULT|RAW_PAYLOAD,DRAFT_DISPUTE,2025-05-20,FALSE
GT-0991,TXN-991,ORD-991,PAY-0991,FALSE,,,1329.8,1329.8,0.0,FALSE,0.0,,,,2025-05-20,FALSE
GT-0992,TXN-992,ORD-992,PAY-0992,FALSE,,,1757.67,1757.67,0.0,FALSE,0.0,,,,2025-05-20,FALSE
GT-0993,TXN-993,ORD-993,,FALSE,,,0.0,0,0.0,FALSE,0.0,,,,2025-05-20,FALSE
GT-0994,TXN-994,ORD-994,PAY-0994,FALSE,,,291.94,291.94,0.0,FALSE,0.0,,,,2025-05-20,FALSE
GT-0995,TXN-995,ORD-995,PAY-0995,FALSE,,,1509.64,1509.64,0.0,FALSE,0.0,,,,2025-05-20,FALSE
GT-0996,TXN-996,ORD-996,PAY-0996,FALSE,,,1130.1,1130.1,0.0,FALSE,0.0,,,,2025-05-20,FALSE
GT-0997,TXN-997,ORD-997,PAY-0997,FALSE,,,292.3,292.3,0.0,FALSE,0.0,,,,2025-05-20,FALSE
GT-0998,TXN-998,ORD-998,PAY-0998,FALSE,,,6282.96,6282.96,0.0,FALSE,0.0,,,,2025-05-20,FALSE
GT-0999,TXN-999,ORD-999,PAY-0999,FALSE,,,248.99,248.99,0.0,FALSE,0.0,,,,2025-05-20,FALSE
GT-1000,TXN-1000,ORD-1000,PAY-1000,FALSE,,,465.75,465.75,0.0,FALSE,0.0,,,,2025-05-20,FALSE
