gst_record_id,invoice_id,order_id,gst_type,return_period,gstin,taxable_value,igst,cgst,sgst,cess,total_tax,itc_eligible,itc_matched,filed_status
GST-0001-OUT,INV-0001,ORD-1,OUTPUT,2025-01,29ABCDE0001F1Z5,1042.75,0,93.85,93.85,0,187.7,FALSE,,FILED
GST-0001-IN,INV-0001,ORD-1,INPUT,2025-01,29AAACR2288E1ZK,24.61,0,2.21,2.22,0,4.43,TRUE,TRUE,RECONCILED
GST-0002-OUT,INV-0002,ORD-2,OUTPUT,2025-01,29ABCDE0002F1Z5,884.38,0,79.59,79.6,0,159.19,FALSE,,FILED
GST-0002-IN,INV-0002,ORD-2,INPUT,2025-01,29AAACR2288E1ZK,4.17,0,0.38,0.37,0,0.75,TRUE,TRUE,RECONCILED
GST-0003-OUT,INV-0003,ORD-3,OUTPUT,2025-01,29ABCDE0003F1Z5,2313.91,416.5,0,0,0,416.5,FALSE,,FILED
GST-0003-IN,INV-0003,ORD-3,INPUT,2025-01,29AAACR2288E1ZK,54.61,0,4.92,4.91,0,9.83,TRUE,TRUE,RECONCILED
GST-0004-OUT,INV-0004,ORD-4,OUTPUT,2025-01,29ABCDE0004F1Z5,520.5,93.69,0,0,0,93.69,FALSE,,FILED
GST-0004-IN,INV-0004,ORD-4,INPUT,2025-01,29AAACR2288E1ZK,2.46,0,0.22,0.22,0,0.44,TRUE,TRUE,RECONCILED
GST-0005-OUT,INV-0005,ORD-5,OUTPUT,2025-01,29ABCDE0005F1Z5,253.39,45.61,0,0,0,45.61,FALSE,,FILED
GST-0005-IN,INV-0005,ORD-5,INPUT,2025-01,29AAACR2288E1ZK,5.98,0,0.54,0.54,0,1.08,TRUE,TRUE,RECONCILED
GST-0006-OUT,INV-0006,ORD-6,OUTPUT,2025-01,29ABCDE0006F1Z5,967.36,0,87.06,87.07,0,174.13,FALSE,,FILED
GST-0006-IN,INV-0006,ORD-6,INPUT,2025-01,29AAACR2288E1ZK,4.57,0,0.41,0.41,0,0.82,TRUE,TRUE,RECONCILED
GST-0007-OUT,INV-0007,ORD-7,OUTPUT,2025-01,29ABCDE0007F1Z5,4190.65,754.32,0,0,0,754.32,FALSE,,FILED
GST-0007-IN,INV-0007,ORD-7,INPUT,2025-01,29AAACR2288E1ZK,19.78,0,1.78,1.78,0,3.56,TRUE,TRUE,RECONCILED
GST-0008-OUT,INV-0008,ORD-8,OUTPUT,2025-01,29ABCDE0008F1Z5,363.52,65.43,0,0,0,65.43,FALSE,,FILED
GST-0008-IN,INV-0008,ORD-8,INPUT,2025-01,29AAACR2288E1ZK,8.58,0,0.77,0.77,0,1.54,TRUE,TRUE,RECONCILED
GST-0009-OUT,INV-0009,ORD-9,OUTPUT,2025-01,29ABCDE0009F1Z5,549.59,0,49.47,49.46,0,98.93,FALSE,,FILED
GST-0009-IN,INV-0009,ORD-9,INPUT,2025-01,29AAACR2288E1ZK,2.59,0,0.23,0.24,0,0.47,TRUE,TRUE,RECONCILED
GST-0010-OUT,INV-0010,ORD-10,OUTPUT,2025-01,29ABCDE0010F1Z5,571.86,102.93,0,0,0,102.93,FALSE,,FILED
GST-0010-IN,INV-0010,ORD-10,INPUT,2025-01,29AAACR2288E1ZK,2.7,0,0.24,0.25,0,0.49,TRUE,TRUE,RECONCILED
GST-0011-OUT,INV-0011,ORD-11,OUTPUT,2025-01,29ABCDE0011F1Z5,256.04,0,23.05,23.04,0,46.09,FALSE,,FILED
GST-0011-IN,INV-0011,ORD-11,INPUT,2025-01,29AAACR2288E1ZK,6.04,0,0.55,0.54,0,1.09,TRUE,TRUE,RECONCILED
GST-0012-OUT,INV-0012,ORD-12,OUTPUT,2025-01,29ABCDE0012F1Z5,1688.52,0,151.97,151.96,0,303.93,FALSE,,FILED
GST-0012-IN,INV-0012,ORD-12,INPUT,2025-01,29AAACR2288E1ZK,39.85,0,3.58,3.59,0,7.17,TRUE,TRUE,RECONCILED
GST-0013-OUT,INV-0013,ORD-13,OUTPUT,2025-01,29ABCDE0013F1Z5,603.64,0,54.33,54.33,0,108.66,FALSE,,FILED
GST-0013-IN,INV-0013,ORD-13,INPUT,2025-01,29AAACR2288E1ZK,2.85,0,0.26,0.25,0,0.51,TRUE,TRUE,RECONCILED
GST-0014-OUT,INV-0014,ORD-14,OUTPUT,2025-01,29ABCDE0014F1Z5,1280.75,0,115.27,115.27,0,230.54,FALSE,,FILED
GST-0014-IN,INV-0014,ORD-14,INPUT,2025-01,29AAACR2288E1ZK,30.23,0,2.72,2.72,0,5.44,TRUE,TRUE,RECONCILED
GST-0015-OUT,INV-0015,ORD-15,OUTPUT,2025-01,29ABCDE0015F1Z5,442.45,0,39.82,39.82,0,79.64,FALSE,,FILED
GST-0015-IN,INV-0015,ORD-15,INPUT,2025-01,29AAACR2288E1ZK,12.0,0,1.08,1.08,0,2.16,TRUE,TRUE,RECONCILED
GST-0016-OUT,INV-0016,ORD-16,OUTPUT,2025-01,29ABCDE0016F1Z5,900.01,0,81.0,81.0,0,162.0,FALSE,,FILED
GST-0016-IN,INV-0016,ORD-16,INPUT,2025-01,29AAACR2288E1ZK,21.24,0,1.91,1.91,0,3.82,TRUE,TRUE,RECONCILED
GST-0017-OUT,INV-0017,ORD-17,OUTPUT,2025-01,29ABCDE0017F1Z5,334.01,60.12,0,0,0,60.12,FALSE,,FILED
GST-0017-IN,INV-0017,ORD-17,INPUT,2025-01,29AAACR2288E1ZK,7.88,0,0.71,0.71,0,1.42,TRUE,TRUE,RECONCILED
GST-0018-OUT,INV-0018,ORD-18,OUTPUT,2025-01,29ABCDE0018F1Z5,331.15,0,29.8,29.81,0,59.61,FALSE,,FILED
GST-0018-IN,INV-0018,ORD-18,INPUT,2025-01,29AAACR2288E1ZK,12.0,0,1.08,1.08,0,2.16,TRUE,TRUE,RECONCILED
GST-0019-OUT,INV-0019,ORD-19,OUTPUT,2025-01,29ABCDE0019F1Z5,1629.47,0,146.66,146.65,0,293.31,FALSE,,FILED
GST-0019-IN,INV-0019,ORD-19,INPUT,2025-01,29AAACR2288E1ZK,38.46,0,3.46,3.46,0,6.92,TRUE,TRUE,RECONCILED
GST-0020-OUT,INV-0020,ORD-20,OUTPUT,2025-01,29ABCDE0020F1Z5,1267.76,228.2,0,0,0,228.2,FALSE,,FILED
GST-0020-IN,INV-0020,ORD-20,INPUT,2025-01,29AAACR2288E1ZK,12.0,0,1.08,1.08,0,2.16,TRUE,TRUE,RECONCILED
GST-0021-OUT,INV-0021,ORD-21,OUTPUT,2025-01,29ABCDE0021F1Z5,327.53,58.95,0,0,0,58.95,FALSE,,FILED
GST-0021-IN,INV-0021,ORD-21,INPUT,2025-01,29AAACR2288E1ZK,7.73,0,0.69,0.7,0,1.39,TRUE,TRUE,RECONCILED
GST-0022-OUT,INV-0022,ORD-22,OUTPUT,2025-01,29ABCDE0022F1Z5,547.53,0,49.28,49.28,0,98.56,FALSE,,FILED
GST-0022-IN,INV-0022,ORD-22,INPUT,2025-01,29AAACR2288E1ZK,12.92,0,1.17,1.16,0,2.33,TRUE,TRUE,RECONCILED
GST-0023-OUT,INV-0023,ORD-23,OUTPUT,2025-01,29ABCDE0023F1Z5,1812.42,0,163.12,163.11,0,326.23,FALSE,,FILED
GST-0023-IN,INV-0023,ORD-23,INPUT,2025-01,29AAACR2288E1ZK,8.55,0,0.77,0.77,0,1.54,TRUE,TRUE,RECONCILED
GST-0024-OUT,INV-0024,ORD-24,OUTPUT,2025-01,29ABCDE0024F1Z5,17002.82,3060.51,0,0,0,3060.51,FALSE,,FILED
GST-0024-IN,INV-0024,ORD-24,INPUT,2025-01,29AAACR2288E1ZK,401.27,0,36.12,36.11,0,72.23,TRUE,TRUE,RECONCILED
GST-0025-OUT,INV-0025,ORD-25,OUTPUT,2025-01,29ABCDE0025F1Z5,2469.14,444.45,0,0,0,444.45,FALSE,,FILED
GST-0025-IN,INV-0025,ORD-25,INPUT,2025-01,29AAACR2288E1ZK,58.27,0,5.25,5.24,0,10.49,TRUE,TRUE,RECONCILED
GST-0026-OUT,INV-0026,ORD-26,OUTPUT,2025-01,29ABCDE0026F1Z5,516.42,92.96,0,0,0,92.96,FALSE,,FILED
GST-0026-IN,INV-0026,ORD-26,INPUT,2025-01,29AAACR2288E1ZK,12.19,0,1.09,1.1,0,2.19,TRUE,TRUE,RECONCILED
GST-0027-OUT,INV-0027,ORD-27,OUTPUT,2025-01,29ABCDE0027F1Z5,778.12,0,70.03,70.03,0,140.06,FALSE,,FILED
GST-0027-IN,INV-0027,ORD-27,INPUT,2025-01,29AAACR2288E1ZK,3.67,0,0.33,0.33,0,0.66,TRUE,TRUE,RECONCILED
GST-0028-OUT,INV-0028,ORD-28,OUTPUT,2025-01,29ABCDE0028F1Z5,3874.35,0,348.69,348.69,0,697.38,FALSE,,FILED
GST-0028-IN,INV-0028,ORD-28,INPUT,2025-01,29AAACR2288E1ZK,91.43,0,8.23,8.23,0,16.46,TRUE,TRUE,RECONCILED
GST-0029-OUT,INV-0029,ORD-29,OUTPUT,2025-01,29ABCDE0029F1Z5,2229.1,0,200.62,200.62,0,401.24,FALSE,,FILED
GST-0029-IN,INV-0029,ORD-29,INPUT,2025-01,29AAACR2288E1ZK,10.52,0,0.94,0.95,0,1.89,TRUE,TRUE,RECONCILED
GST-0030-OUT,INV-0030,ORD-30,OUTPUT,2025-01,29ABCDE0030F1Z5,500.6,90.11,0,0,0,90.11,FALSE,,FILED
GST-0030-IN,INV-0030,ORD-30,INPUT,2025-01,29AAACR2288E1ZK,11.81,0,1.06,1.07,0,2.13,TRUE,TRUE,RECONCILED
GST-0031-OUT,INV-0031,ORD-31,OUTPUT,2025-01,29ABCDE0031F1Z5,650.39,0,58.53,58.54,0,117.07,FALSE,,FILED
GST-0031-IN,INV-0031,ORD-31,INPUT,2025-01,29AAACR2288E1ZK,15.35,0,1.38,1.38,0,2.76,TRUE,TRUE,RECONCILED
GST-0032-OUT,INV-0032,ORD-32,OUTPUT,2025-01,29ABCDE0032F1Z5,3271.47,0,294.43,294.43,0,588.86,FALSE,,FILED
GST-0032-IN,INV-0032,ORD-32,INPUT,2025-01,29AAACR2288E1ZK,15.44,0,1.39,1.39,0,2.78,TRUE,TRUE,RECONCILED
GST-0033-OUT,INV-0033,ORD-33,OUTPUT,2025-01,29ABCDE0033F1Z5,3862.31,0,347.61,347.6,0,695.21,FALSE,,FILED
GST-0033-IN,INV-0033,ORD-33,INPUT,2025-01,29AAACR2288E1ZK,91.15,0,8.21,8.2,0,16.41,TRUE,TRUE,RECONCILED
GST-0034-OUT,INV-0034,ORD-34,OUTPUT,2025-01,29ABCDE0034F1Z5,1062.42,0,95.62,95.62,0,191.24,FALSE,,FILED
GST-0034-IN,INV-0034,ORD-34,INPUT,2025-01,29AAACR2288E1ZK,5.01,0,0.45,0.45,0,0.9,TRUE,TRUE,RECONCILED
GST-0035-OUT,INV-0035,ORD-35,OUTPUT,2025-01,29ABCDE0035F1Z5,927.68,166.98,0,0,0,166.98,FALSE,,FILED
GST-0035-IN,INV-0035,ORD-35,INPUT,2025-01,29AAACR2288E1ZK,4.38,0,0.4,0.39,0,0.79,TRUE,TRUE,RECONCILED
GST-0036-OUT,INV-0036,ORD-36,OUTPUT,2025-01,29ABCDE0036F1Z5,3672.39,0,330.51,330.52,0,661.03,FALSE,,FILED
GST-0036-IN,INV-0036,ORD-36,INPUT,2025-01,29AAACR2288E1ZK,17.33,0,1.56,1.56,0,3.12,TRUE,TRUE,RECONCILED
GST-0037-OUT,INV-0037,ORD-37,OUTPUT,2025-01,29ABCDE0037F1Z5,1206.35,0,108.57,108.57,0,217.14,FALSE,,FILED
GST-0037-IN,INV-0037,ORD-37,INPUT,2025-01,29AAACR2288E1ZK,28.47,0,2.56,2.56,0,5.12,TRUE,TRUE,RECONCILED
GST-0038-OUT,INV-0038,ORD-38,OUTPUT,2025-01,29ABCDE0038F1Z5,3709.62,0,333.87,333.86,0,667.73,FALSE,,FILED
GST-0038-IN,INV-0038,ORD-38,INPUT,2025-01,29AAACR2288E1ZK,87.55,0,7.88,7.88,0,15.76,TRUE,TRUE,RECONCILED
GST-0039-OUT,INV-0039,ORD-39,OUTPUT,2025-01,29ABCDE0039F1Z5,261.08,0,23.5,23.5,0,47.0,FALSE,,FILED
GST-0039-IN,INV-0039,ORD-39,INPUT,2025-01,29AAACR2288E1ZK,6.16,0,0.56,0.55,0,1.11,TRUE,TRUE,RECONCILED
GST-0040-OUT,INV-0040,ORD-40,OUTPUT,2025-01,29ABCDE0040F1Z5,333.23,59.98,0,0,0,59.98,FALSE,,FILED
GST-0040-IN,INV-0040,ORD-40,INPUT,2025-01,29AAACR2288E1ZK,9.24,0,0.83,0.83,0,1.66,TRUE,TRUE,RECONCILED
GST-0041-OUT,INV-0041,ORD-41,OUTPUT,2025-01,29ABCDE0041F1Z5,1558.27,280.49,0,0,0,280.49,FALSE,,FILED
GST-0041-IN,INV-0041,ORD-41,INPUT,2025-01,29AAACR2288E1ZK,7.36,0,0.66,0.66,0,1.32,TRUE,TRUE,RECONCILED
GST-0042-OUT,INV-0042,ORD-42,OUTPUT,2025-01,29ABCDE0042F1Z5,253.39,0,22.8,22.81,0,45.61,FALSE,,FILED
GST-0042-IN,INV-0042,ORD-42,INPUT,2025-01,29AAACR2288E1ZK,12.0,0,1.08,1.08,0,2.16,TRUE,TRUE,RECONCILED
GST-0043-OUT,INV-0043,ORD-43,OUTPUT,2025-01,29ABCDE0043F1Z5,387.25,0,34.85,34.86,0,69.71,FALSE,,FILED
GST-0043-IN,INV-0043,ORD-43,INPUT,2025-01,29AAACR2288E1ZK,9.14,0,0.82,0.83,0,1.65,TRUE,TRUE,RECONCILED
GST-0044-OUT,INV-0044,ORD-44,OUTPUT,2025-01,29ABCDE0044F1Z5,773.42,139.22,0,0,0,139.22,FALSE,,FILED
GST-0044-IN,INV-0044,ORD-44,INPUT,2025-01,29AAACR2288E1ZK,17.34,0,1.56,1.56,0,3.12,TRUE,TRUE,RECONCILED
GST-0045-OUT,INV-0045,ORD-45,OUTPUT,2025-01,29ABCDE0045F1Z5,827.95,149.03,0,0,0,149.03,FALSE,,FILED
GST-0045-IN,INV-0045,ORD-45,INPUT,2025-01,29AAACR2288E1ZK,3.91,0,0.35,0.35,0,0.7,TRUE,TRUE,RECONCILED
GST-0046-OUT,INV-0046,ORD-46,OUTPUT,2025-01,29ABCDE0046F1Z5,253.39,45.61,0,0,0,45.61,FALSE,,FILED
GST-0046-IN,INV-0046,ORD-46,INPUT,2025-01,29AAACR2288E1ZK,3.59,0,0.33,0.32,0,0.65,TRUE,TRUE,RECONCILED
GST-0047-OUT,INV-0047,ORD-47,OUTPUT,2025-01,29ABCDE0047F1Z5,3106.0,559.08,0,0,0,559.08,FALSE,,FILED
GST-0047-IN,INV-0047,ORD-47,INPUT,2025-01,29AAACR2288E1ZK,14.66,0,1.32,1.32,0,2.64,TRUE,TRUE,RECONCILED
GST-0048-OUT,INV-0048,ORD-48,OUTPUT,2025-01,29ABCDE0048F1Z5,5185.99,0,466.74,466.74,0,933.48,FALSE,,FILED
GST-0048-IN,INV-0048,ORD-48,INPUT,2025-01,29AAACR2288E1ZK,12.0,0,1.08,1.08,0,2.16,TRUE,TRUE,RECONCILED
GST-0049-OUT,INV-0049,ORD-49,OUTPUT,2025-01,29ABCDE0049F1Z5,665.92,0,59.93,59.93,0,119.86,FALSE,,FILED
GST-0049-IN,INV-0049,ORD-49,INPUT,2025-01,29AAACR2288E1ZK,18.47,0,1.66,1.66,0,3.32,TRUE,TRUE,RECONCILED
GST-0050-OUT,INV-0050,ORD-50,OUTPUT,2025-01,29ABCDE0050F1Z5,704.87,126.88,0,0,0,126.88,FALSE,,FILED
GST-0050-IN,INV-0050,ORD-50,INPUT,2025-01,29AAACR2288E1ZK,3.33,0,0.3,0.3,0,0.6,TRUE,TRUE,RECONCILED
GST-0051-OUT,INV-0051,ORD-51,OUTPUT,2025-01,29ABCDE0051F1Z5,303.1,0,27.28,27.28,0,54.56,FALSE,,FILED
GST-0051-IN,INV-0051,ORD-51,INPUT,2025-01,29AAACR2288E1ZK,8.41,0,0.76,0.75,0,1.51,TRUE,TRUE,RECONCILED
GST-0052-OUT,INV-0052,ORD-52,OUTPUT,2025-01,29ABCDE0052F1Z5,679.43,0,61.15,61.15,0,122.3,FALSE,,FILED
GST-0052-IN,INV-0052,ORD-52,INPUT,2025-01,29AAACR2288E1ZK,15.23,0,1.37,1.37,0,2.74,TRUE,TRUE,RECONCILED
GST-0053-OUT,INV-0053,ORD-53,OUTPUT,2025-01,29ABCDE0053F1Z5,1130.81,0,101.77,101.77,0,203.54,FALSE,,FILED
GST-0053-IN,INV-0053,ORD-53,INPUT,2025-01,29AAACR2288E1ZK,5.34,0,0.48,0.48,0,0.96,TRUE,TRUE,RECONCILED
GST-0054-OUT,INV-0054,ORD-54,OUTPUT,2025-01,29ABCDE0054F1Z5,816.99,147.06,0,0,0,147.06,FALSE,,FILED
GST-0054-IN,INV-0054,ORD-54,INPUT,2025-01,29AAACR2288E1ZK,18.32,0,1.65,1.65,0,3.3,TRUE,TRUE,RECONCILED
GST-0055-OUT,INV-0055,ORD-55,OUTPUT,2025-01,29ABCDE0055F1Z5,513.97,0,46.26,46.26,0,92.52,FALSE,,FILED
GST-0055-IN,INV-0055,ORD-55,INPUT,2025-01,29AAACR2288E1ZK,12.13,0,1.09,1.09,0,2.18,TRUE,TRUE,RECONCILED
GST-0056-OUT,INV-0056,ORD-56,OUTPUT,2025-01,29ABCDE0056F1Z5,1758.78,0,158.29,158.29,0,316.58,FALSE,,FILED
GST-0056-IN,INV-0056,ORD-56,INPUT,2025-01,29AAACR2288E1ZK,41.51,0,3.73,3.74,0,7.47,TRUE,TRUE,RECONCILED
GST-0057-OUT,INV-0057,ORD-57,OUTPUT,2025-01,29ABCDE0057F1Z5,282.75,50.89,0,0,0,50.89,FALSE,,FILED
GST-0057-IN,INV-0057,ORD-57,INPUT,2025-01,29AAACR2288E1ZK,6.67,0,0.6,0.6,0,1.2,TRUE,TRUE,RECONCILED
GST-0058-OUT,INV-0058,ORD-58,OUTPUT,2025-01,29ABCDE0058F1Z5,3573.43,643.22,0,0,0,643.22,FALSE,,FILED
GST-0058-IN,INV-0058,ORD-58,INPUT,2025-01,29AAACR2288E1ZK,16.87,0,1.52,1.52,0,3.04,TRUE,TRUE,RECONCILED
GST-0059-OUT,INV-0059,ORD-59,OUTPUT,2025-01,29ABCDE0059F1Z5,1752.31,0,157.71,157.71,0,315.42,FALSE,,FILED
GST-0059-IN,INV-0059,ORD-59,INPUT,2025-01,29AAACR2288E1ZK,41.35,0,3.72,3.72,0,7.44,TRUE,TRUE,RECONCILED
GST-0060-OUT,INV-0060,ORD-60,OUTPUT,2025-01,29ABCDE0060F1Z5,296.55,0,26.69,26.69,0,53.38,FALSE,,FILED
GST-0060-IN,INV-0060,ORD-60,INPUT,2025-01,29AAACR2288E1ZK,6.65,0,0.6,0.6,0,1.2,TRUE,TRUE,RECONCILED
GST-0061-OUT,INV-0061,ORD-61,OUTPUT,2025-01,29ABCDE0061F1Z5,1380.78,0,124.27,124.27,0,248.54,FALSE,,FILED
GST-0061-IN,INV-0061,ORD-61,INPUT,2025-01,29AAACR2288E1ZK,38.29,0,3.44,3.45,0,6.89,TRUE,TRUE,RECONCILED
GST-0062-OUT,INV-0062,ORD-62,OUTPUT,2025-01,29ABCDE0062F1Z5,13088.53,0,1177.96,1177.97,0,2355.93,FALSE,,FILED
GST-0062-IN,INV-0062,ORD-62,INPUT,2025-01,29AAACR2288E1ZK,12.0,0,1.08,1.08,0,2.16,TRUE,TRUE,RECONCILED
GST-0063-OUT,INV-0063,ORD-63,OUTPUT,2025-01,29ABCDE0063F1Z5,1255.53,0,113.0,113.0,0,226.0,FALSE,,FILED
GST-0063-IN,INV-0063,ORD-63,INPUT,2025-01,29AAACR2288E1ZK,12.0,0,1.08,1.08,0,2.16,TRUE,TRUE,RECONCILED
GST-0064-OUT,INV-0064,ORD-64,OUTPUT,2025-01,29ABCDE0064F1Z5,4218.35,0,379.65,379.65,0,759.3,FALSE,,FILED
GST-0064-IN,INV-0064,ORD-64,INPUT,2025-01,29AAACR2288E1ZK,99.55,0,8.96,8.96,0,17.92,TRUE,TRUE,RECONCILED
GST-0065-OUT,INV-0065,ORD-65,OUTPUT,2025-01,29ABCDE0065F1Z5,1365.12,0,122.86,122.86,0,245.72,FALSE,,FILED
GST-0065-IN,INV-0065,ORD-65,INPUT,2025-01,29AAACR2288E1ZK,30.61,0,2.75,2.76,0,5.51,TRUE,TRUE,RECONCILED
GST-0066-OUT,INV-0066,ORD-66,OUTPUT,2025-01,29ABCDE0066F1Z5,327.07,0,29.43,29.44,0,58.87,FALSE,,FILED
GST-0066-IN,INV-0066,ORD-66,INPUT,2025-01,29AAACR2288E1ZK,7.72,0,0.69,0.7,0,1.39,TRUE,TRUE,RECONCILED
GST-0067-OUT,INV-0067,ORD-67,OUTPUT,2025-01,29ABCDE0067F1Z5,2715.96,0,244.44,244.43,0,488.87,FALSE,,FILED
GST-0067-IN,INV-0067,ORD-67,INPUT,2025-01,29AAACR2288E1ZK,64.1,0,5.77,5.77,0,11.54,TRUE,TRUE,RECONCILED
GST-0068-OUT,INV-0068,ORD-68,OUTPUT,2025-01,29ABCDE0068F1Z5,253.39,0,22.8,22.81,0,45.61,FALSE,,FILED
GST-0068-IN,INV-0068,ORD-68,INPUT,2025-01,29AAACR2288E1ZK,12.0,0,1.08,1.08,0,2.16,TRUE,TRUE,RECONCILED
GST-0069-OUT,INV-0069,ORD-69,OUTPUT,2025-01,29ABCDE0069F1Z5,2613.11,470.36,0,0,0,470.36,FALSE,,FILED
GST-0069-IN,INV-0069,ORD-69,INPUT,2025-01,29AAACR2288E1ZK,61.67,0,5.55,5.55,0,11.1,TRUE,TRUE,RECONCILED
GST-0070-OUT,INV-0070,ORD-70,OUTPUT,2025-01,29ABCDE0070F1Z5,9797.11,0,881.74,881.74,0,1763.48,FALSE,,FILED
GST-0070-IN,INV-0070,ORD-70,INPUT,2025-01,29AAACR2288E1ZK,271.67,0,24.45,24.45,0,48.9,TRUE,TRUE,RECONCILED
GST-0071-OUT,INV-0071,ORD-71,OUTPUT,2025-01,29ABCDE0071F1Z5,1044.23,0,93.98,93.98,0,187.96,FALSE,,FILED
GST-0071-IN,INV-0071,ORD-71,INPUT,2025-01,29AAACR2288E1ZK,12.0,0,1.08,1.08,0,2.16,TRUE,TRUE,RECONCILED
GST-0072-OUT,INV-0072,ORD-72,OUTPUT,2025-01,29ABCDE0072F1Z5,726.77,0,65.41,65.41,0,130.82,FALSE,,FILED
GST-0072-IN,INV-0072,ORD-72,INPUT,2025-01,29AAACR2288E1ZK,3.43,0,0.31,0.31,0,0.62,TRUE,TRUE,RECONCILED
GST-0073-OUT,INV-0073,ORD-73,OUTPUT,2025-01,29ABCDE0073F1Z5,4517.02,813.06,0,0,0,813.06,FALSE,,FILED
GST-0073-IN,INV-0073,ORD-73,INPUT,2025-01,29AAACR2288E1ZK,106.6,0,9.6,9.59,0,19.19,TRUE,TRUE,RECONCILED
GST-0074-OUT,INV-0074,ORD-74,OUTPUT,2025-01,29ABCDE0074F1Z5,1469.71,264.55,0,0,0,264.55,FALSE,,FILED
GST-0074-IN,INV-0074,ORD-74,INPUT,2025-01,29AAACR2288E1ZK,6.94,0,0.62,0.63,0,1.25,TRUE,TRUE,RECONCILED
GST-0075-OUT,INV-0075,ORD-75,OUTPUT,2025-01,29ABCDE0075F1Z5,331.81,0,29.86,29.87,0,59.73,FALSE,,FILED
GST-0075-IN,INV-0075,ORD-75,INPUT,2025-01,29AAACR2288E1ZK,7.83,0,0.7,0.71,0,1.41,TRUE,TRUE,RECONCILED
GST-0076-OUT,INV-0076,ORD-76,OUTPUT,2025-01,29ABCDE0076F1Z5,529.7,95.35,0,0,0,95.35,FALSE,,FILED
GST-0076-IN,INV-0076,ORD-76,INPUT,2025-01,29AAACR2288E1ZK,2.5,0,0.23,0.22,0,0.45,TRUE,TRUE,RECONCILED
GST-0077-OUT,INV-0077,ORD-77,OUTPUT,2025-01,29ABCDE0077F1Z5,4453.54,801.64,0,0,0,801.64,FALSE,,FILED
GST-0077-IN,INV-0077,ORD-77,INPUT,2025-01,29AAACR2288E1ZK,21.02,0,1.89,1.89,0,3.78,TRUE,TRUE,RECONCILED
GST-0078-OUT,INV-0078,ORD-78,OUTPUT,2025-01,29ABCDE0078F1Z5,372.57,0,33.53,33.53,0,67.06,FALSE,,FILED
GST-0078-IN,INV-0078,ORD-78,INPUT,2025-01,29AAACR2288E1ZK,8.79,0,0.79,0.79,0,1.58,TRUE,TRUE,RECONCILED
GST-0079-OUT,INV-0079,ORD-79,OUTPUT,2025-01,29ABCDE0079F1Z5,253.39,0,22.8,22.81,0,45.61,FALSE,,FILED
GST-0079-IN,INV-0079,ORD-79,INPUT,2025-01,29AAACR2288E1ZK,5.98,0,0.54,0.54,0,1.08,TRUE,TRUE,RECONCILED
GST-0080-OUT,INV-0080,ORD-80,OUTPUT,2025-01,29ABCDE0080F1Z5,1773.05,0,159.57,159.58,0,319.15,FALSE,,FILED
GST-0080-IN,INV-0080,ORD-80,INPUT,2025-01,29AAACR2288E1ZK,41.84,0,3.77,3.76,0,7.53,TRUE,TRUE,RECONCILED
GST-0081-OUT,INV-0081,ORD-81,OUTPUT,2025-01,29ABCDE0081F1Z5,549.55,0,49.46,49.46,0,98.92,FALSE,,FILED
GST-0081-IN,INV-0081,ORD-81,INPUT,2025-01,29AAACR2288E1ZK,2.59,0,0.23,0.24,0,0.47,TRUE,TRUE,RECONCILED
GST-0082-OUT,INV-0082,ORD-82,OUTPUT,2025-01,29ABCDE0082F1Z5,1180.42,212.48,0,0,0,212.48,FALSE,,FILED
GST-0082-IN,INV-0082,ORD-82,INPUT,2025-01,29AAACR2288E1ZK,12.0,0,1.08,1.08,0,2.16,TRUE,TRUE,RECONCILED
GST-0083-OUT,INV-0083,ORD-83,OUTPUT,2025-01,29ABCDE0083F1Z5,3376.05,0,303.85,303.84,0,607.69,FALSE,,FILED
GST-0083-IN,INV-0083,ORD-83,INPUT,2025-01,29AAACR2288E1ZK,79.67,0,7.17,7.17,0,14.34,TRUE,TRUE,RECONCILED
GST-0084-OUT,INV-0084,ORD-84,OUTPUT,2025-01,29ABCDE0084F1Z5,1335.53,240.39,0,0,0,240.39,FALSE,,FILED
GST-0084-IN,INV-0084,ORD-84,INPUT,2025-01,29AAACR2288E1ZK,37.03,0,3.33,3.34,0,6.67,TRUE,TRUE,RECONCILED
GST-0085-OUT,INV-0085,ORD-85,OUTPUT,2025-01,29ABCDE0085F1Z5,278.83,0,25.09,25.1,0,50.19,FALSE,,FILED
GST-0085-IN,INV-0085,ORD-85,INPUT,2025-01,29AAACR2288E1ZK,6.58,0,0.59,0.59,0,1.18,TRUE,TRUE,RECONCILED
GST-0086-OUT,INV-0086,ORD-86,OUTPUT,2025-01,29ABCDE0086F1Z5,291.92,0,26.27,26.27,0,52.54,FALSE,,FILED
GST-0086-IN,INV-0086,ORD-86,INPUT,2025-01,29AAACR2288E1ZK,6.89,0,0.62,0.62,0,1.24,TRUE,TRUE,RECONCILED
GST-0087-OUT,INV-0087,ORD-87,OUTPUT,2025-01,29ABCDE0087F1Z5,2608.1,0,234.73,234.73,0,469.46,FALSE,,FILED
GST-0087-IN,INV-0087,ORD-87,INPUT,2025-01,29AAACR2288E1ZK,12.31,0,1.11,1.11,0,2.22,TRUE,TRUE,RECONCILED
GST-0088-OUT,INV-0088,ORD-88,OUTPUT,2025-01,29ABCDE0088F1Z5,3710.43,667.88,0,0,0,667.88,FALSE,,FILED
GST-0088-IN,INV-0088,ORD-88,INPUT,2025-01,29AAACR2288E1ZK,87.57,0,7.88,7.88,0,15.76,TRUE,TRUE,RECONCILED
GST-0089-OUT,INV-0089,ORD-89,OUTPUT,2025-01,29ABCDE0089F1Z5,2773.74,0,249.63,249.64,0,499.27,FALSE,,FILED
GST-0089-IN,INV-0089,ORD-89,INPUT,2025-01,29AAACR2288E1ZK,65.46,0,5.89,5.89,0,11.78,TRUE,TRUE,RECONCILED
GST-0090-OUT,INV-0090,ORD-90,OUTPUT,2025-01,29ABCDE0090F1Z5,1148.65,206.76,0,0,0,206.76,FALSE,,FILED
GST-0090-IN,INV-0090,ORD-90,INPUT,2025-01,29AAACR2288E1ZK,25.75,0,2.31,2.32,0,4.63,TRUE,TRUE,RECONCILED
GST-0091-OUT,INV-0091,ORD-91,OUTPUT,2025-01,29ABCDE0091F1Z5,1728.18,311.07,0,0,0,311.07,FALSE,,FILED
GST-0091-IN,INV-0091,ORD-91,INPUT,2025-01,29AAACR2288E1ZK,8.16,0,0.73,0.74,0,1.47,TRUE,TRUE,RECONCILED
GST-0092-OUT,INV-0092,ORD-92,OUTPUT,2025-01,29ABCDE0092F1Z5,1150.97,207.18,0,0,0,207.18,FALSE,,FILED
GST-0092-IN,INV-0092,ORD-92,INPUT,2025-01,29AAACR2288E1ZK,5.43,0,0.49,0.49,0,0.98,TRUE,TRUE,RECONCILED
GST-0093-OUT,INV-0093,ORD-93,OUTPUT,2025-01,29ABCDE0093F1Z5,4247.01,0,382.23,382.23,0,764.46,FALSE,,FILED
GST-0093-IN,INV-0093,ORD-93,INPUT,2025-01,29AAACR2288E1ZK,20.05,0,1.8,1.81,0,3.61,TRUE,TRUE,RECONCILED
GST-0094-OUT,INV-0094,ORD-94,OUTPUT,2025-01,29ABCDE0094F1Z5,444.85,0,40.03,40.04,0,80.07,FALSE,,FILED
GST-0094-IN,INV-0094,ORD-94,INPUT,2025-01,29AAACR2288E1ZK,2.1,0,0.19,0.19,0,0.38,TRUE,TRUE,RECONCILED
GST-0095-OUT,INV-0095,ORD-95,OUTPUT,2025-01,29ABCDE0095F1Z5,570.43,0,51.34,51.34,0,102.68,FALSE,,FILED
GST-0095-IN,INV-0095,ORD-95,INPUT,2025-01,29AAACR2288E1ZK,2.69,0,0.24,0.24,0,0.48,TRUE,TRUE,RECONCILED
GST-0096-OUT,INV-0096,ORD-96,OUTPUT,2025-01,29ABCDE0096F1Z5,9161.34,1649.04,0,0,0,1649.04,FALSE,,FILED
GST-0096-IN,INV-0096,ORD-96,INPUT,2025-01,29AAACR2288E1ZK,216.21,0,19.46,19.46,0,38.92,TRUE,TRUE,RECONCILED
GST-0097-OUT,INV-0097,ORD-97,OUTPUT,2025-01,29ABCDE0097F1Z5,1305.4,0,117.48,117.49,0,234.97,FALSE,,FILED
GST-0097-IN,INV-0097,ORD-97,INPUT,2025-01,29AAACR2288E1ZK,36.2,0,3.26,3.26,0,6.52,TRUE,TRUE,RECONCILED
GST-0098-OUT,INV-0098,ORD-98,OUTPUT,2025-01,29ABCDE0098F1Z5,1232.15,0,110.89,110.9,0,221.79,FALSE,,FILED
GST-0098-IN,INV-0098,ORD-98,INPUT,2025-01,29AAACR2288E1ZK,5.82,0,0.53,0.52,0,1.05,TRUE,TRUE,RECONCILED
GST-0099-OUT,INV-0099,ORD-99,OUTPUT,2025-01,29ABCDE0099F1Z5,534.08,0,48.07,48.07,0,96.14,FALSE,,FILED
GST-0099-IN,INV-0099,ORD-99,INPUT,2025-01,29AAACR2288E1ZK,12.6,0,1.14,1.13,0,2.27,TRUE,TRUE,RECONCILED
GST-0100-OUT,INV-0100,ORD-100,OUTPUT,2025-01,29ABCDE0100F1Z5,1862.98,335.34,0,0,0,335.34,FALSE,,FILED
GST-0100-IN,INV-0100,ORD-100,INPUT,2025-01,29AAACR2288E1ZK,43.97,0,3.96,3.95,0,7.91,TRUE,TRUE,RECONCILED
GST-0101-OUT,INV-0101,ORD-101,OUTPUT,2025-01,29ABCDE0101F1Z5,1830.15,0,164.72,164.71,0,329.43,FALSE,,FILED
GST-0101-IN,INV-0101,ORD-101,INPUT,2025-01,29AAACR2288E1ZK,12.0,0,1.08,1.08,0,2.16,TRUE,TRUE,RECONCILED
GST-0102-OUT,INV-0102,ORD-102,OUTPUT,2025-01,29ABCDE0102F1Z5,2095.77,0,188.62,188.62,0,377.24,FALSE,,FILED
GST-0102-IN,INV-0102,ORD-102,INPUT,2025-01,29AAACR2288E1ZK,46.99,0,4.23,4.23,0,8.46,TRUE,TRUE,RECONCILED
GST-0103-OUT,INV-0103,ORD-103,OUTPUT,2025-01,29ABCDE0103F1Z5,3003.62,540.65,0,0,0,540.65,FALSE,,FILED
GST-0103-IN,INV-0103,ORD-103,INPUT,2025-01,29AAACR2288E1ZK,12.0,0,1.08,1.08,0,2.16,TRUE,TRUE,RECONCILED
GST-0104-OUT,INV-0104,ORD-104,OUTPUT,2025-01,29ABCDE0104F1Z5,756.94,0,68.12,68.13,0,136.25,FALSE,,FILED
GST-0104-IN,INV-0104,ORD-104,INPUT,2025-01,29AAACR2288E1ZK,3.57,0,0.32,0.32,0,0.64,TRUE,TRUE,RECONCILED
GST-0105-OUT,INV-0105,ORD-105,OUTPUT,2025-01,29ABCDE0105F1Z5,384.94,0,34.65,34.64,0,69.29,FALSE,,FILED
GST-0105-IN,INV-0105,ORD-105,INPUT,2025-01,29AAACR2288E1ZK,9.08,0,0.81,0.82,0,1.63,TRUE,TRUE,RECONCILED
GST-0106-OUT,INV-0106,ORD-106,OUTPUT,2025-01,29ABCDE0106F1Z5,2953.61,531.65,0,0,0,531.65,FALSE,,FILED
GST-0106-IN,INV-0106,ORD-106,INPUT,2025-01,29AAACR2288E1ZK,69.71,0,6.28,6.27,0,12.55,TRUE,TRUE,RECONCILED
GST-0107-OUT,INV-0107,ORD-107,OUTPUT,2025-01,29ABCDE0107F1Z5,780.27,0,70.22,70.23,0,140.45,FALSE,,FILED
GST-0107-IN,INV-0107,ORD-107,INPUT,2025-01,29AAACR2288E1ZK,18.41,0,1.66,1.65,0,3.31,TRUE,TRUE,RECONCILED
GST-0108-OUT,INV-0108,ORD-108,OUTPUT,2025-01,29ABCDE0108F1Z5,275.15,0,24.77,24.76,0,49.53,FALSE,,FILED
GST-0108-IN,INV-0108,ORD-108,INPUT,2025-01,29AAACR2288E1ZK,6.49,0,0.58,0.59,0,1.17,TRUE,TRUE,RECONCILED
GST-0109-OUT,INV-0109,ORD-109,OUTPUT,2025-01,29ABCDE0109F1Z5,999.95,0,90.0,89.99,0,179.99,FALSE,,FILED
GST-0109-IN,INV-0109,ORD-109,INPUT,2025-01,29AAACR2288E1ZK,4.72,0,0.42,0.43,0,0.85,TRUE,TRUE,RECONCILED
GST-0110-OUT,INV-0110,ORD-110,OUTPUT,2025-01,29ABCDE0110F1Z5,592.32,106.62,0,0,0,106.62,FALSE,,FILED
GST-0110-IN,INV-0110,ORD-110,INPUT,2025-01,29AAACR2288E1ZK,13.98,0,1.26,1.26,0,2.52,TRUE,TRUE,RECONCILED
GST-0111-OUT,INV-0111,ORD-111,OUTPUT,2025-01,29ABCDE0111F1Z5,363.23,65.38,0,0,0,65.38,FALSE,,FILED
GST-0111-IN,INV-0111,ORD-111,INPUT,2025-01,29AAACR2288E1ZK,8.57,0,0.77,0.77,0,1.54,TRUE,TRUE,RECONCILED
GST-0112-OUT,INV-0112,ORD-112,OUTPUT,2025-01,29ABCDE0112F1Z5,1489.59,268.13,0,0,0,268.13,FALSE,,FILED
GST-0112-IN,INV-0112,ORD-112,INPUT,2025-01,29AAACR2288E1ZK,7.03,0,0.64,0.63,0,1.27,TRUE,TRUE,RECONCILED
GST-0113-OUT,INV-0113,ORD-113,OUTPUT,2025-01,29ABCDE0113F1Z5,861.72,0,77.56,77.55,0,155.11,FALSE,,FILED
GST-0113-IN,INV-0113,ORD-113,INPUT,2025-01,29AAACR2288E1ZK,20.34,0,1.83,1.83,0,3.66,TRUE,TRUE,RECONCILED
GST-0114-OUT,INV-0114,ORD-114,OUTPUT,2025-01,29ABCDE0114F1Z5,1782.22,0,160.4,160.4,0,320.8,FALSE,,FILED
GST-0114-IN,INV-0114,ORD-114,INPUT,2025-01,29AAACR2288E1ZK,8.41,0,0.76,0.75,0,1.51,TRUE,TRUE,RECONCILED
GST-0115-OUT,INV-0115,ORD-115,OUTPUT,2025-01,29ABCDE0115F1Z5,739.5,0,66.56,66.55,0,133.11,FALSE,,FILED
GST-0115-IN,INV-0115,ORD-115,INPUT,2025-01,29AAACR2288E1ZK,20.51,0,1.84,1.85,0,3.69,TRUE,TRUE,RECONCILED
GST-0116-OUT,INV-0116,ORD-116,OUTPUT,2025-01,29ABCDE0116F1Z5,302.75,0,27.25,27.25,0,54.5,FALSE,,FILED
GST-0116-IN,INV-0116,ORD-116,INPUT,2025-01,29AAACR2288E1ZK,12.0,0,1.08,1.08,0,2.16,TRUE,TRUE,RECONCILED
GST-0117-OUT,INV-0117,ORD-117,OUTPUT,2025-01,29ABCDE0117F1Z5,1646.41,0,148.18,148.17,0,296.35,FALSE,,FILED
GST-0117-IN,INV-0117,ORD-117,INPUT,2025-01,29AAACR2288E1ZK,36.91,0,3.32,3.32,0,6.64,TRUE,TRUE,RECONCILED
GST-0118-OUT,INV-0118,ORD-118,OUTPUT,2025-01,29ABCDE0118F1Z5,253.39,45.61,0,0,0,45.61,FALSE,,FILED
GST-0118-IN,INV-0118,ORD-118,INPUT,2025-01,29AAACR2288E1ZK,1.2,0,0.11,0.11,0,0.22,TRUE,TRUE,RECONCILED
GST-0119-OUT,INV-0119,ORD-119,OUTPUT,2025-01,29ABCDE0119F1Z5,1959.77,0,176.38,176.38,0,352.76,FALSE,,FILED
GST-0119-IN,INV-0119,ORD-119,INPUT,2025-01,29AAACR2288E1ZK,46.25,0,4.16,4.16,0,8.32,TRUE,TRUE,RECONCILED
GST-0120-OUT,INV-0120,ORD-120,OUTPUT,2025-01,29ABCDE0120F1Z5,3634.36,0,327.09,327.09,0,654.18,FALSE,,FILED
GST-0120-IN,INV-0120,ORD-120,INPUT,2025-01,29AAACR2288E1ZK,85.77,0,7.72,7.72,0,15.44,TRUE,TRUE,RECONCILED
GST-0121-OUT,INV-0121,ORD-121,OUTPUT,2025-01,29ABCDE0121F1Z5,803.29,144.59,0,0,0,144.59,FALSE,,FILED
GST-0121-IN,INV-0121,ORD-121,INPUT,2025-01,29AAACR2288E1ZK,3.79,0,0.34,0.34,0,0.68,TRUE,TRUE,RECONCILED
GST-0122-OUT,INV-0122,ORD-122,OUTPUT,2025-01,29ABCDE0122F1Z5,1281.88,0,115.37,115.37,0,230.74,FALSE,,FILED
GST-0122-IN,INV-0122,ORD-122,INPUT,2025-01,29AAACR2288E1ZK,28.74,0,2.58,2.59,0,5.17,TRUE,TRUE,RECONCILED
GST-0123-OUT,INV-0123,ORD-123,OUTPUT,2025-01,29ABCDE0123F1Z5,516.14,92.91,0,0,0,92.91,FALSE,,FILED
GST-0123-IN,INV-0123,ORD-123,INPUT,2025-01,29AAACR2288E1ZK,14.31,0,1.29,1.29,0,2.58,TRUE,TRUE,RECONCILED
GST-0124-OUT,INV-0124,ORD-124,OUTPUT,2025-01,29ABCDE0124F1Z5,1201.9,0,108.17,108.17,0,216.34,FALSE,,FILED
GST-0124-IN,INV-0124,ORD-124,INPUT,2025-01,29AAACR2288E1ZK,28.36,0,2.55,2.55,0,5.1,TRUE,TRUE,RECONCILED
GST-0125-OUT,INV-0125,ORD-125,OUTPUT,2025-01,29ABCDE0125F1Z5,4914.29,884.57,0,0,0,884.57,FALSE,,FILED
GST-0125-IN,INV-0125,ORD-125,INPUT,2025-01,29AAACR2288E1ZK,23.2,0,2.09,2.09,0,4.18,TRUE,TRUE,RECONCILED
GST-0126-OUT,INV-0126,ORD-126,OUTPUT,2025-01,29ABCDE0126F1Z5,1092.86,0,98.36,98.36,0,196.72,FALSE,,FILED
GST-0126-IN,INV-0126,ORD-126,INPUT,2025-01,29AAACR2288E1ZK,5.16,0,0.47,0.46,0,0.93,TRUE,TRUE,RECONCILED
GST-0127-OUT,INV-0127,ORD-127,OUTPUT,2025-01,29ABCDE0127F1Z5,581.77,0,52.36,52.36,0,104.72,FALSE,,FILED
GST-0127-IN,INV-0127,ORD-127,INPUT,2025-01,29AAACR2288E1ZK,13.73,0,1.24,1.23,0,2.47,TRUE,TRUE,RECONCILED
GST-0128-OUT,INV-0128,ORD-128,OUTPUT,2025-01,29ABCDE0128F1Z5,425.59,0,38.3,38.31,0,76.61,FALSE,,FILED
GST-0128-IN,INV-0128,ORD-128,INPUT,2025-01,29AAACR2288E1ZK,10.04,0,0.91,0.9,0,1.81,TRUE,TRUE,RECONCILED
GST-0129-OUT,INV-0129,ORD-129,OUTPUT,2025-01,29ABCDE0129F1Z5,1272.19,0,114.5,114.5,0,229.0,FALSE,,FILED
GST-0129-IN,INV-0129,ORD-129,INPUT,2025-01,29AAACR2288E1ZK,6.0,0,0.54,0.54,0,1.08,TRUE,TRUE,RECONCILED
GST-0130-OUT,INV-0130,ORD-130,OUTPUT,2025-01,29ABCDE0130F1Z5,1309.77,0,117.88,117.88,0,235.76,FALSE,,FILED
GST-0130-IN,INV-0130,ORD-130,INPUT,2025-01,29AAACR2288E1ZK,30.91,0,2.78,2.78,0,5.56,TRUE,TRUE,RECONCILED
GST-0131-OUT,INV-0131,ORD-131,OUTPUT,2025-01,29ABCDE0131F1Z5,1105.17,0,99.47,99.46,0,198.93,FALSE,,FILED
GST-0131-IN,INV-0131,ORD-131,INPUT,2025-01,29AAACR2288E1ZK,26.08,0,2.35,2.34,0,4.69,TRUE,TRUE,RECONCILED
GST-0132-OUT,INV-0132,ORD-132,OUTPUT,2025-01,29ABCDE0132F1Z5,454.03,0,40.87,40.86,0,81.73,FALSE,,FILED
GST-0132-IN,INV-0132,ORD-132,INPUT,2025-01,29AAACR2288E1ZK,2.14,0,0.2,0.19,0,0.39,TRUE,TRUE,RECONCILED
GST-0133-OUT,INV-0133,ORD-133,OUTPUT,2025-01,29ABCDE0133F1Z5,1678.31,0,151.04,151.05,0,302.09,FALSE,,FILED
GST-0133-IN,INV-0133,ORD-133,INPUT,2025-01,29AAACR2288E1ZK,39.61,0,3.56,3.57,0,7.13,TRUE,TRUE,RECONCILED
GST-0134-OUT,INV-0134,ORD-134,OUTPUT,2025-01,29ABCDE0134F1Z5,320.96,57.77,0,0,0,57.77,FALSE,,FILED
GST-0134-IN,INV-0134,ORD-134,INPUT,2025-01,29AAACR2288E1ZK,7.57,0,0.68,0.68,0,1.36,TRUE,TRUE,RECONCILED
GST-0136-OUT,INV-0136,ORD-136,OUTPUT,2025-01,29ABCDE0136F1Z5,275.45,0,24.79,24.79,0,49.58,FALSE,,FILED
GST-0136-IN,INV-0136,ORD-136,INPUT,2025-01,29AAACR2288E1ZK,6.5,0,0.58,0.59,0,1.17,TRUE,TRUE,RECONCILED
GST-0137-OUT,INV-0137,ORD-137,OUTPUT,2025-01,29ABCDE0137F1Z5,264.89,47.68,0,0,0,47.68,FALSE,,FILED
GST-0137-IN,INV-0137,ORD-137,INPUT,2025-01,29AAACR2288E1ZK,6.25,0,0.56,0.56,0,1.12,TRUE,TRUE,RECONCILED
GST-0138-OUT,INV-0138,ORD-138,OUTPUT,2025-01,29ABCDE0138F1Z5,1816.5,0,163.49,163.48,0,326.97,FALSE,,FILED
GST-0138-IN,INV-0138,ORD-138,INPUT,2025-01,29AAACR2288E1ZK,42.87,0,3.86,3.86,0,7.72,TRUE,TRUE,RECONCILED
GST-0139-OUT,INV-0139,ORD-139,OUTPUT,2025-01,29ABCDE0139F1Z5,398.18,71.67,0,0,0,71.67,FALSE,,FILED
GST-0139-IN,INV-0139,ORD-139,INPUT,2025-01,29AAACR2288E1ZK,9.4,0,0.84,0.85,0,1.69,TRUE,TRUE,RECONCILED
GST-0140-OUT,INV-0140,ORD-140,OUTPUT,2025-01,29ABCDE0140F1Z5,496.6,0,44.7,44.69,0,89.39,FALSE,,FILED
GST-0140-IN,INV-0140,ORD-140,INPUT,2025-01,29AAACR2288E1ZK,12.0,0,1.08,1.08,0,2.16,TRUE,TRUE,RECONCILED
GST-0141-OUT,INV-0141,ORD-141,OUTPUT,2025-01,29ABCDE0141F1Z5,2422.22,0,218.0,218.0,0,436.0,FALSE,,FILED
GST-0141-IN,INV-0141,ORD-141,INPUT,2025-01,29AAACR2288E1ZK,11.43,0,1.03,1.03,0,2.06,TRUE,TRUE,RECONCILED
GST-0142-OUT,INV-0142,ORD-142,OUTPUT,2025-01,29ABCDE0142F1Z5,493.54,0,44.42,44.42,0,88.84,FALSE,,FILED
GST-0142-IN,INV-0142,ORD-142,INPUT,2025-01,29AAACR2288E1ZK,2.33,0,0.21,0.21,0,0.42,TRUE,TRUE,RECONCILED
GST-0143-OUT,INV-0143,ORD-143,OUTPUT,2025-01,29ABCDE0143F1Z5,1750.01,0,157.5,157.5,0,315.0,FALSE,,FILED
GST-0143-IN,INV-0143,ORD-143,INPUT,2025-01,29AAACR2288E1ZK,41.3,0,3.71,3.72,0,7.43,TRUE,TRUE,RECONCILED
GST-0144-OUT,INV-0144,ORD-144,OUTPUT,2025-01,29ABCDE0144F1Z5,2047.09,0,184.24,184.24,0,368.48,FALSE,,FILED
GST-0144-IN,INV-0144,ORD-144,INPUT,2025-01,29AAACR2288E1ZK,9.66,0,0.87,0.87,0,1.74,TRUE,TRUE,RECONCILED
GST-0145-OUT,INV-0145,ORD-145,OUTPUT,2025-01,29ABCDE0145F1Z5,301.36,0,27.12,27.12,0,54.24,FALSE,,FILED
GST-0145-IN,INV-0145,ORD-145,INPUT,2025-01,29AAACR2288E1ZK,12.0,0,1.08,1.08,0,2.16,TRUE,TRUE,RECONCILED
GST-0146-OUT,INV-0146,ORD-146,OUTPUT,2025-01,29ABCDE0146F1Z5,723.11,0,65.08,65.08,0,130.16,FALSE,,FILED
GST-0146-IN,INV-0146,ORD-146,INPUT,2025-01,29AAACR2288E1ZK,12.0,0,1.08,1.08,0,2.16,TRUE,TRUE,RECONCILED
GST-0147-OUT,INV-0147,ORD-147,OUTPUT,2025-01,29ABCDE0147F1Z5,739.3,0,66.53,66.54,0,133.07,FALSE,,FILED
GST-0147-IN,INV-0147,ORD-147,INPUT,2025-01,29AAACR2288E1ZK,20.5,0,1.84,1.85,0,3.69,TRUE,TRUE,RECONCILED
GST-0148-OUT,INV-0148,ORD-148,OUTPUT,2025-01,29ABCDE0148F1Z5,658.6,118.55,0,0,0,118.55,FALSE,,FILED
GST-0148-IN,INV-0148,ORD-148,INPUT,2025-01,29AAACR2288E1ZK,1.87,0,0.17,0.17,0,0.34,TRUE,TRUE,RECONCILED
GST-0149-OUT,INV-0149,ORD-149,OUTPUT,2025-01,29ABCDE0149F1Z5,1404.81,252.86,0,0,0,252.86,FALSE,,FILED
GST-0149-IN,INV-0149,ORD-149,INPUT,2025-01,29AAACR2288E1ZK,12.0,0,1.08,1.08,0,2.16,TRUE,TRUE,RECONCILED
GST-0150-OUT,INV-0150,ORD-150,OUTPUT,2025-01,29ABCDE0150F1Z5,510.46,91.88,0,0,0,91.88,FALSE,,FILED
GST-0150-IN,INV-0150,ORD-150,INPUT,2025-01,29AAACR2288E1ZK,2.41,0,0.21,0.22,0,0.43,TRUE,TRUE,RECONCILED
GST-0151-OUT,INV-0151,ORD-151,OUTPUT,2025-01,29ABCDE0151F1Z5,348.53,0,31.37,31.37,0,62.74,FALSE,,FILED
GST-0151-IN,INV-0151,ORD-151,INPUT,2025-01,29AAACR2288E1ZK,1.65,0,0.15,0.15,0,0.3,TRUE,TRUE,RECONCILED
GST-0152-OUT,INV-0152,ORD-152,OUTPUT,2025-01,29ABCDE0152F1Z5,2471.82,0,222.47,222.46,0,444.93,FALSE,,FILED
GST-0152-IN,INV-0152,ORD-152,INPUT,2025-01,29AAACR2288E1ZK,58.34,0,5.25,5.25,0,10.5,TRUE,TRUE,RECONCILED
GST-0153-OUT,INV-0153,ORD-153,OUTPUT,2025-01,29ABCDE0153F1Z5,1112.1,0,100.09,100.09,0,200.18,FALSE,,FILED
GST-0153-IN,INV-0153,ORD-153,INPUT,2025-01,29AAACR2288E1ZK,5.25,0,0.47,0.47,0,0.94,TRUE,TRUE,RECONCILED
GST-0154-OUT,INV-0154,ORD-154,OUTPUT,2025-01,29ABCDE0154F1Z5,1090.26,0,98.12,98.13,0,196.25,FALSE,,FILED
GST-0154-IN,INV-0154,ORD-154,INPUT,2025-01,29AAACR2288E1ZK,25.73,0,2.31,2.32,0,4.63,TRUE,TRUE,RECONCILED
GST-0155-OUT,INV-0155,ORD-155,OUTPUT,2025-01,29ABCDE0155F1Z5,253.39,45.61,0,0,0,45.61,FALSE,,FILED
GST-0155-IN,INV-0155,ORD-155,INPUT,2025-01,29AAACR2288E1ZK,7.03,0,0.64,0.63,0,1.27,TRUE,TRUE,RECONCILED
GST-0156-OUT,INV-0156,ORD-156,OUTPUT,2025-01,29ABCDE0156F1Z5,642.36,115.62,0,0,0,115.62,FALSE,,FILED
GST-0156-IN,INV-0156,ORD-156,INPUT,2025-01,29AAACR2288E1ZK,3.03,0,0.28,0.27,0,0.55,TRUE,TRUE,RECONCILED
GST-0157-OUT,INV-0157,ORD-157,OUTPUT,2025-01,29ABCDE0157F1Z5,707.32,0,63.66,63.66,0,127.32,FALSE,,FILED
GST-0157-IN,INV-0157,ORD-157,INPUT,2025-01,29AAACR2288E1ZK,16.69,0,1.5,1.5,0,3.0,TRUE,TRUE,RECONCILED
GST-0158-OUT,INV-0158,ORD-158,OUTPUT,2025-01,29ABCDE0158F1Z5,5909.7,0,531.88,531.87,0,1063.75,FALSE,,FILED
GST-0158-IN,INV-0158,ORD-158,INPUT,2025-01,29AAACR2288E1ZK,27.89,0,2.51,2.51,0,5.02,TRUE,TRUE,RECONCILED
GST-0159-OUT,INV-0159,ORD-159,OUTPUT,2025-01,29ABCDE0159F1Z5,1848.52,0,166.37,166.36,0,332.73,FALSE,,FILED
GST-0159-IN,INV-0159,ORD-159,INPUT,2025-01,29AAACR2288E1ZK,43.62,0,3.92,3.93,0,7.85,TRUE,TRUE,RECONCILED
GST-0160-OUT,INV-0160,ORD-160,OUTPUT,2025-01,29ABCDE0160F1Z5,889.14,0,80.03,80.02,0,160.05,FALSE,,FILED
GST-0160-IN,INV-0160,ORD-160,INPUT,2025-01,29AAACR2288E1ZK,24.66,0,2.22,2.22,0,4.44,TRUE,TRUE,RECONCILED
GST-0161-OUT,INV-0161,ORD-161,OUTPUT,2025-01,29ABCDE0161F1Z5,836.86,150.64,0,0,0,150.64,FALSE,,FILED
GST-0161-IN,INV-0161,ORD-161,INPUT,2025-01,29AAACR2288E1ZK,12.0,0,1.08,1.08,0,2.16,TRUE,TRUE,RECONCILED
GST-0162-OUT,INV-0162,ORD-162,OUTPUT,2025-01,29ABCDE0162F1Z5,575.99,103.68,0,0,0,103.68,FALSE,,FILED
GST-0162-IN,INV-0162,ORD-162,INPUT,2025-01,29AAACR2288E1ZK,12.91,0,1.16,1.16,0,2.32,TRUE,TRUE,RECONCILED
GST-0163-OUT,INV-0163,ORD-163,OUTPUT,2025-01,29ABCDE0163F1Z5,253.39,45.61,0,0,0,45.61,FALSE,,FILED
GST-0163-IN,INV-0163,ORD-163,INPUT,2025-01,29AAACR2288E1ZK,1.2,0,0.11,0.11,0,0.22,TRUE,TRUE,RECONCILED
GST-0164-OUT,INV-0164,ORD-164,OUTPUT,2025-01,29ABCDE0164F1Z5,253.39,0,22.8,22.81,0,45.61,FALSE,,FILED
GST-0164-IN,INV-0164,ORD-164,INPUT,2025-01,29AAACR2288E1ZK,5.68,0,0.51,0.51,0,1.02,TRUE,TRUE,RECONCILED
GST-0165-OUT,INV-0165,ORD-165,OUTPUT,2025-01,29ABCDE0165F1Z5,2970.61,0,267.36,267.35,0,534.71,FALSE,,FILED
GST-0165-IN,INV-0165,ORD-165,INPUT,2025-01,29AAACR2288E1ZK,14.02,0,1.26,1.26,0,2.52,TRUE,TRUE,RECONCILED
GST-0166-OUT,INV-0166,ORD-166,OUTPUT,2025-01,29ABCDE0166F1Z5,286.8,0,25.81,25.81,0,51.62,FALSE,,FILED
GST-0166-IN,INV-0166,ORD-166,INPUT,2025-01,29AAACR2288E1ZK,1.35,0,0.12,0.12,0,0.24,TRUE,TRUE,RECONCILED
GST-0167-OUT,INV-0167,ORD-167,OUTPUT,2025-01,29ABCDE0167F1Z5,253.39,0,22.8,22.81,0,45.61,FALSE,,FILED
GST-0167-IN,INV-0167,ORD-167,INPUT,2025-01,29AAACR2288E1ZK,1.2,0,0.11,0.11,0,0.22,TRUE,TRUE,RECONCILED
GST-0168-OUT,INV-0168,ORD-168,OUTPUT,2025-01,29ABCDE0168F1Z5,387.76,69.8,0,0,0,69.8,FALSE,,FILED
GST-0168-IN,INV-0168,ORD-168,INPUT,2025-01,29AAACR2288E1ZK,9.15,0,0.82,0.83,0,1.65,TRUE,TRUE,RECONCILED
GST-0169-OUT,INV-0169,ORD-169,OUTPUT,2025-01,29ABCDE0169F1Z5,1375.53,247.6,0,0,0,247.6,FALSE,,FILED
GST-0169-IN,INV-0169,ORD-169,INPUT,2025-01,29AAACR2288E1ZK,32.46,0,2.92,2.92,0,5.84,TRUE,TRUE,RECONCILED
GST-0170-OUT,INV-0170,ORD-170,OUTPUT,2025-01,29ABCDE0170F1Z5,253.39,0,22.8,22.81,0,45.61,FALSE,,FILED
GST-0170-IN,INV-0170,ORD-170,INPUT,2025-01,29AAACR2288E1ZK,5.98,0,0.54,0.54,0,1.08,TRUE,TRUE,RECONCILED
GST-0171-OUT,INV-0171,ORD-171,OUTPUT,2025-01,29ABCDE0171F1Z5,2057.55,0,185.18,185.18,0,370.36,FALSE,,FILED
GST-0171-IN,INV-0171,ORD-171,INPUT,2025-01,29AAACR2288E1ZK,48.56,0,4.37,4.37,0,8.74,TRUE,TRUE,RECONCILED
GST-0172-OUT,INV-0172,ORD-172,OUTPUT,2025-01,29ABCDE0172F1Z5,352.29,0,31.7,31.71,0,63.41,FALSE,,FILED
GST-0172-IN,INV-0172,ORD-172,INPUT,2025-01,29AAACR2288E1ZK,8.31,0,0.75,0.75,0,1.5,TRUE,TRUE,RECONCILED
GST-0173-OUT,INV-0173,ORD-173,OUTPUT,2025-01,29ABCDE0173F1Z5,1334.85,240.27,0,0,0,240.27,FALSE,,FILED
GST-0173-IN,INV-0173,ORD-173,INPUT,2025-01,29AAACR2288E1ZK,31.5,0,2.83,2.84,0,5.67,TRUE,TRUE,RECONCILED
GST-0174-OUT,INV-0174,ORD-174,OUTPUT,2025-01,29ABCDE0174F1Z5,585.89,0,52.73,52.73,0,105.46,FALSE,,FILED
GST-0174-IN,INV-0174,ORD-174,INPUT,2025-01,29AAACR2288E1ZK,13.83,0,1.25,1.24,0,2.49,TRUE,TRUE,RECONCILED
GST-0175-OUT,INV-0175,ORD-175,OUTPUT,2025-01,29ABCDE0175F1Z5,253.39,45.61,0,0,0,45.61,FALSE,,FILED
GST-0175-IN,INV-0175,ORD-175,INPUT,2025-01,29AAACR2288E1ZK,1.2,0,0.11,0.11,0,0.22,TRUE,TRUE,RECONCILED
GST-0176-OUT,INV-0176,ORD-176,OUTPUT,2025-01,29ABCDE0176F1Z5,2973.22,535.18,0,0,0,535.18,FALSE,,FILED
GST-0176-IN,INV-0176,ORD-176,INPUT,2025-01,29AAACR2288E1ZK,70.17,0,6.32,6.31,0,12.63,TRUE,TRUE,RECONCILED
GST-0177-OUT,INV-0177,ORD-177,OUTPUT,2025-01,29ABCDE0177F1Z5,2156.66,388.2,0,0,0,388.2,FALSE,,FILED
GST-0177-IN,INV-0177,ORD-177,INPUT,2025-01,29AAACR2288E1ZK,59.8,0,5.38,5.38,0,10.76,TRUE,TRUE,RECONCILED
GST-0178-OUT,INV-0178,ORD-178,OUTPUT,2025-01,29ABCDE0178F1Z5,3102.16,558.39,0,0,0,558.39,FALSE,,FILED
GST-0178-IN,INV-0178,ORD-178,INPUT,2025-01,29AAACR2288E1ZK,69.55,0,6.26,6.26,0,12.52,TRUE,TRUE,RECONCILED
GST-0179-OUT,INV-0179,ORD-179,OUTPUT,2025-01,29ABCDE0179F1Z5,1857.2,334.3,0,0,0,334.3,FALSE,,FILED
GST-0179-IN,INV-0179,ORD-179,INPUT,2025-01,29AAACR2288E1ZK,51.5,0,4.63,4.64,0,9.27,TRUE,TRUE,RECONCILED
GST-0180-OUT,INV-0180,ORD-180,OUTPUT,2025-01,29ABCDE0180F1Z5,280.03,0,25.2,25.2,0,50.4,FALSE,,FILED
GST-0180-IN,INV-0180,ORD-180,INPUT,2025-01,29AAACR2288E1ZK,1.32,0,0.12,0.12,0,0.24,TRUE,TRUE,RECONCILED
GST-0181-OUT,INV-0181,ORD-181,OUTPUT,2025-01,29ABCDE0181F1Z5,254.13,0,22.87,22.87,0,45.74,FALSE,,FILED
GST-0181-IN,INV-0181,ORD-181,INPUT,2025-01,29AAACR2288E1ZK,5.7,0,0.52,0.51,0,1.03,TRUE,TRUE,RECONCILED
GST-0182-OUT,INV-0182,ORD-182,OUTPUT,2025-01,29ABCDE0182F1Z5,14502.31,0,1305.21,1305.21,0,2610.42,FALSE,,FILED
GST-0182-IN,INV-0182,ORD-182,INPUT,2025-01,29AAACR2288E1ZK,68.45,0,6.16,6.16,0,12.32,TRUE,TRUE,RECONCILED
GST-0183-OUT,INV-0183,ORD-183,OUTPUT,2025-01,29ABCDE0183F1Z5,703.36,126.6,0,0,0,126.6,FALSE,,FILED
GST-0183-IN,INV-0183,ORD-183,INPUT,2025-01,29AAACR2288E1ZK,16.6,0,1.5,1.49,0,2.99,TRUE,TRUE,RECONCILED
GST-0184-OUT,INV-0184,ORD-184,OUTPUT,2025-01,29ABCDE0184F1Z5,1166.47,209.97,0,0,0,209.97,FALSE,,FILED
GST-0184-IN,INV-0184,ORD-184,INPUT,2025-01,29AAACR2288E1ZK,12.0,0,1.08,1.08,0,2.16,TRUE,TRUE,RECONCILED
GST-0185-OUT,INV-0185,ORD-185,OUTPUT,2025-01,29ABCDE0185F1Z5,3217.21,579.1,0,0,0,579.1,FALSE,,FILED
GST-0185-IN,INV-0185,ORD-185,INPUT,2025-01,29AAACR2288E1ZK,75.93,0,6.83,6.84,0,13.67,TRUE,TRUE,RECONCILED
GST-0186-OUT,INV-0186,ORD-186,OUTPUT,2025-01,29ABCDE0186F1Z5,977.59,0,87.98,87.99,0,175.97,FALSE,,FILED
GST-0186-IN,INV-0186,ORD-186,INPUT,2025-01,29AAACR2288E1ZK,23.07,0,2.08,2.07,0,4.15,TRUE,TRUE,RECONCILED
GST-0187-OUT,INV-0187,ORD-187,OUTPUT,2025-01,29ABCDE0187F1Z5,1035.08,0,93.16,93.16,0,186.32,FALSE,,FILED
GST-0187-IN,INV-0187,ORD-187,INPUT,2025-01,29AAACR2288E1ZK,4.89,0,0.44,0.44,0,0.88,TRUE,TRUE,RECONCILED
GST-0188-OUT,INV-0188,ORD-188,OUTPUT,2025-01,29ABCDE0188F1Z5,253.39,45.61,0,0,0,45.61,FALSE,,FILED
GST-0188-IN,INV-0188,ORD-188,INPUT,2025-01,29AAACR2288E1ZK,5.98,0,0.54,0.54,0,1.08,TRUE,TRUE,RECONCILED
GST-0189-OUT,INV-0189,ORD-189,OUTPUT,2025-01,29ABCDE0189F1Z5,1810.66,0,162.96,162.96,0,325.92,FALSE,,FILED
GST-0189-IN,INV-0189,ORD-189,INPUT,2025-01,29AAACR2288E1ZK,42.73,0,3.85,3.84,0,7.69,TRUE,TRUE,RECONCILED
GST-0190-OUT,INV-0190,ORD-190,OUTPUT,2025-01,29ABCDE0190F1Z5,1172.42,211.03,0,0,0,211.03,FALSE,,FILED
GST-0190-IN,INV-0190,ORD-190,INPUT,2025-01,29AAACR2288E1ZK,27.67,0,2.49,2.49,0,4.98,TRUE,TRUE,RECONCILED
GST-0191-OUT,INV-0191,ORD-191,OUTPUT,2025-01,29ABCDE0191F1Z5,1497.94,0,134.81,134.82,0,269.63,FALSE,,FILED
GST-0191-IN,INV-0191,ORD-191,INPUT,2025-01,29AAACR2288E1ZK,12.0,0,1.08,1.08,0,2.16,TRUE,TRUE,RECONCILED
GST-0192-OUT,INV-0192,ORD-192,OUTPUT,2025-01,29ABCDE0192F1Z5,899.57,0,80.96,80.96,0,161.92,FALSE,,FILED
GST-0192-IN,INV-0192,ORD-192,INPUT,2025-01,29AAACR2288E1ZK,21.23,0,1.91,1.91,0,3.82,TRUE,TRUE,RECONCILED
GST-0193-OUT,INV-0193,ORD-193,OUTPUT,2025-01,29ABCDE0193F1Z5,586.58,0,52.8,52.79,0,105.59,FALSE,,FILED
GST-0193-IN,INV-0193,ORD-193,INPUT,2025-01,29AAACR2288E1ZK,13.15,0,1.19,1.18,0,2.37,TRUE,TRUE,RECONCILED
GST-0194-OUT,INV-0194,ORD-194,OUTPUT,2025-01,29ABCDE0194F1Z5,506.16,91.11,0,0,0,91.11,FALSE,,FILED
GST-0194-IN,INV-0194,ORD-194,INPUT,2025-01,29AAACR2288E1ZK,2.39,0,0.21,0.22,0,0.43,TRUE,TRUE,RECONCILED
GST-0195-OUT,INV-0195,ORD-195,OUTPUT,2025-01,29ABCDE0195F1Z5,504.69,0,45.42,45.42,0,90.84,FALSE,,FILED
GST-0195-IN,INV-0195,ORD-195,INPUT,2025-01,29AAACR2288E1ZK,11.91,0,1.07,1.07,0,2.14,TRUE,TRUE,RECONCILED
GST-0196-OUT,INV-0196,ORD-196,OUTPUT,2025-01,29ABCDE0196F1Z5,479.6,86.33,0,0,0,86.33,FALSE,,FILED
GST-0196-IN,INV-0196,ORD-196,INPUT,2025-01,29AAACR2288E1ZK,13.3,0,1.2,1.19,0,2.39,TRUE,TRUE,RECONCILED
GST-0197-OUT,INV-0197,ORD-197,OUTPUT,2025-01,29ABCDE0197F1Z5,4718.32,849.3,0,0,0,849.3,FALSE,,FILED
GST-0197-IN,INV-0197,ORD-197,INPUT,2025-01,29AAACR2288E1ZK,22.27,0,2.0,2.01,0,4.01,TRUE,TRUE,RECONCILED
GST-0198-OUT,INV-0198,ORD-198,OUTPUT,2025-01,29ABCDE0198F1Z5,300.74,54.13,0,0,0,54.13,FALSE,,FILED
GST-0198-IN,INV-0198,ORD-198,INPUT,2025-01,29AAACR2288E1ZK,1.42,0,0.13,0.13,0,0.26,TRUE,TRUE,RECONCILED
GST-0199-OUT,INV-0199,ORD-199,OUTPUT,2025-01,29ABCDE0199F1Z5,831.47,149.66,0,0,0,149.66,FALSE,,FILED
GST-0199-IN,INV-0199,ORD-199,INPUT,2025-01,29AAACR2288E1ZK,3.92,0,0.35,0.36,0,0.71,TRUE,TRUE,RECONCILED
GST-0200-OUT,INV-0200,ORD-200,OUTPUT,2025-01,29ABCDE0200F1Z5,5286.89,951.64,0,0,0,951.64,FALSE,,FILED
GST-0200-IN,INV-0200,ORD-200,INPUT,2025-01,29AAACR2288E1ZK,124.77,0,11.23,11.23,0,22.46,TRUE,TRUE,RECONCILED
GST-0201-OUT,INV-0201,ORD-201,OUTPUT,2025-01,29ABCDE0201F1Z5,272.18,0,24.5,24.49,0,48.99,FALSE,,FILED
GST-0201-IN,INV-0201,ORD-201,INPUT,2025-01,29AAACR2288E1ZK,6.42,0,0.58,0.58,0,1.16,TRUE,TRUE,RECONCILED
GST-0202-OUT,INV-0202,ORD-202,OUTPUT,2025-01,29ABCDE0202F1Z5,1558.77,280.58,0,0,0,280.58,FALSE,,FILED
GST-0202-IN,INV-0202,ORD-202,INPUT,2025-01,29AAACR2288E1ZK,7.36,0,0.66,0.66,0,1.32,TRUE,TRUE,RECONCILED
GST-0203-OUT,INV-0203,ORD-203,OUTPUT,2025-01,29ABCDE0203F1Z5,367.15,0,33.05,33.04,0,66.09,FALSE,,FILED
GST-0203-IN,INV-0203,ORD-203,INPUT,2025-01,29AAACR2288E1ZK,8.66,0,0.78,0.78,0,1.56,TRUE,TRUE,RECONCILED
GST-0204-OUT,INV-0204,ORD-204,OUTPUT,2025-01,29ABCDE0204F1Z5,308.97,0,27.8,27.81,0,55.61,FALSE,,FILED
GST-0204-IN,INV-0204,ORD-204,INPUT,2025-01,29AAACR2288E1ZK,7.29,0,0.66,0.65,0,1.31,TRUE,TRUE,RECONCILED
GST-0205-OUT,INV-0205,ORD-205,OUTPUT,2025-01,29ABCDE0205F1Z5,526.41,94.75,0,0,0,94.75,FALSE,,FILED
GST-0205-IN,INV-0205,ORD-205,INPUT,2025-01,29AAACR2288E1ZK,12.42,0,1.12,1.12,0,2.24,TRUE,TRUE,RECONCILED
GST-0206-OUT,INV-0206,ORD-206,OUTPUT,2025-01,29ABCDE0206F1Z5,544.07,97.93,0,0,0,97.93,FALSE,,FILED
GST-0206-IN,INV-0206,ORD-206,INPUT,2025-01,29AAACR2288E1ZK,12.2,0,1.1,1.1,0,2.2,TRUE,TRUE,RECONCILED
GST-0207-OUT,INV-0207,ORD-207,OUTPUT,2025-01,29ABCDE0207F1Z5,957.59,0,86.19,86.18,0,172.37,FALSE,,FILED
GST-0207-IN,INV-0207,ORD-207,INPUT,2025-01,29AAACR2288E1ZK,22.6,0,2.04,2.03,0,4.07,TRUE,TRUE,RECONCILED
GST-0208-OUT,INV-0208,ORD-208,OUTPUT,2025-01,29ABCDE0208F1Z5,450.61,0,40.55,40.56,0,81.11,FALSE,,FILED
GST-0208-IN,INV-0208,ORD-208,INPUT,2025-01,29AAACR2288E1ZK,10.63,0,0.95,0.96,0,1.91,TRUE,TRUE,RECONCILED
GST-0209-OUT,INV-0209,ORD-209,OUTPUT,2025-01,29ABCDE0209F1Z5,5684.29,0,511.58,511.59,0,1023.17,FALSE,,FILED
GST-0209-IN,INV-0209,ORD-209,INPUT,2025-01,29AAACR2288E1ZK,134.15,0,12.07,12.08,0,24.15,TRUE,TRUE,RECONCILED
GST-0210-OUT,INV-0210,ORD-210,OUTPUT,2025-01,29ABCDE0210F1Z5,9083.19,0,817.49,817.48,0,1634.97,FALSE,,FILED
GST-0210-IN,INV-0210,ORD-210,INPUT,2025-01,29AAACR2288E1ZK,251.88,0,22.67,22.67,0,45.34,TRUE,TRUE,RECONCILED
GST-0211-OUT,INV-0211,ORD-211,OUTPUT,2025-01,29ABCDE0211F1Z5,253.39,0,22.8,22.81,0,45.61,FALSE,,FILED
GST-0211-IN,INV-0211,ORD-211,INPUT,2025-01,29AAACR2288E1ZK,5.98,0,0.54,0.54,0,1.08,TRUE,TRUE,RECONCILED
GST-0212-OUT,INV-0212,ORD-212,OUTPUT,2025-01,29ABCDE0212F1Z5,314.53,56.62,0,0,0,56.62,FALSE,,FILED
GST-0212-IN,INV-0212,ORD-212,INPUT,2025-01,29AAACR2288E1ZK,7.42,0,0.67,0.67,0,1.34,TRUE,TRUE,RECONCILED
GST-0213-OUT,INV-0213,ORD-213,OUTPUT,2025-01,29ABCDE0213F1Z5,726.57,130.78,0,0,0,130.78,FALSE,,FILED
GST-0213-IN,INV-0213,ORD-213,INPUT,2025-01,29AAACR2288E1ZK,17.15,0,1.54,1.55,0,3.09,TRUE,TRUE,RECONCILED
GST-0214-OUT,INV-0214,ORD-214,OUTPUT,2025-01,29ABCDE0214F1Z5,1466.42,263.96,0,0,0,263.96,FALSE,,FILED
GST-0214-IN,INV-0214,ORD-214,INPUT,2025-01,29AAACR2288E1ZK,12.0,0,1.08,1.08,0,2.16,TRUE,TRUE,RECONCILED
GST-0215-OUT,INV-0215,ORD-215,OUTPUT,2025-01,29ABCDE0215F1Z5,797.86,0,71.81,71.8,0,143.61,FALSE,,FILED
GST-0215-IN,INV-0215,ORD-215,INPUT,2025-01,29AAACR2288E1ZK,3.77,0,0.34,0.34,0,0.68,TRUE,TRUE,RECONCILED
GST-0216-OUT,INV-0216,ORD-216,OUTPUT,2025-01,29ABCDE0216F1Z5,2844.75,512.05,0,0,0,512.05,FALSE,,FILED
GST-0216-IN,INV-0216,ORD-216,INPUT,2025-01,29AAACR2288E1ZK,12.0,0,1.08,1.08,0,2.16,TRUE,TRUE,RECONCILED
GST-0217-OUT,INV-0217,ORD-217,OUTPUT,2025-01,29ABCDE0217F1Z5,2922.36,526.02,0,0,0,526.02,FALSE,,FILED
GST-0217-IN,INV-0217,ORD-217,INPUT,2025-01,29AAACR2288E1ZK,13.79,0,1.24,1.24,0,2.48,TRUE,TRUE,RECONCILED
GST-0218-OUT,INV-0218,ORD-218,OUTPUT,2025-01,29ABCDE0218F1Z5,558.25,0,50.24,50.25,0,100.49,FALSE,,FILED
GST-0218-IN,INV-0218,ORD-218,INPUT,2025-01,29AAACR2288E1ZK,15.48,0,1.4,1.39,0,2.79,TRUE,TRUE,RECONCILED
GST-0219-OUT,INV-0219,ORD-219,OUTPUT,2025-01,29ABCDE0219F1Z5,858.15,154.47,0,0,0,154.47,FALSE,,FILED
GST-0219-IN,INV-0219,ORD-219,INPUT,2025-01,29AAACR2288E1ZK,4.05,0,0.36,0.37,0,0.73,TRUE,TRUE,RECONCILED
GST-0220-OUT,INV-0220,ORD-220,OUTPUT,2025-01,29ABCDE0220F1Z5,1245.49,0,112.09,112.1,0,224.19,FALSE,,FILED
GST-0220-IN,INV-0220,ORD-220,INPUT,2025-01,29AAACR2288E1ZK,29.39,0,2.65,2.64,0,5.29,TRUE,TRUE,RECONCILED
GST-0221-OUT,INV-0221,ORD-221,OUTPUT,2025-01,29ABCDE0221F1Z5,548.77,98.78,0,0,0,98.78,FALSE,,FILED
GST-0221-IN,INV-0221,ORD-221,INPUT,2025-01,29AAACR2288E1ZK,12.0,0,1.08,1.08,0,2.16,TRUE,TRUE,RECONCILED
GST-0222-OUT,INV-0222,ORD-222,OUTPUT,2025-01,29ABCDE0222F1Z5,2834.23,0,255.08,255.08,0,510.16,FALSE,,FILED
GST-0222-IN,INV-0222,ORD-222,INPUT,2025-01,29AAACR2288E1ZK,63.54,0,5.72,5.72,0,11.44,TRUE,TRUE,RECONCILED
GST-0223-OUT,INV-0223,ORD-223,OUTPUT,2025-01,29ABCDE0223F1Z5,253.39,45.61,0,0,0,45.61,FALSE,,FILED
GST-0223-IN,INV-0223,ORD-223,INPUT,2025-01,29AAACR2288E1ZK,1.2,0,0.11,0.11,0,0.22,TRUE,TRUE,RECONCILED
GST-0224-OUT,INV-0224,ORD-224,OUTPUT,2025-01,29ABCDE0224F1Z5,489.52,0,44.05,44.06,0,88.11,FALSE,,FILED
GST-0224-IN,INV-0224,ORD-224,INPUT,2025-01,29AAACR2288E1ZK,11.55,0,1.04,1.04,0,2.08,TRUE,TRUE,RECONCILED
GST-0225-OUT,INV-0225,ORD-225,OUTPUT,2025-01,29ABCDE0225F1Z5,3431.62,0,308.85,308.84,0,617.69,FALSE,,FILED
GST-0225-IN,INV-0225,ORD-225,INPUT,2025-01,29AAACR2288E1ZK,16.2,0,1.46,1.46,0,2.92,TRUE,TRUE,RECONCILED
GST-0226-OUT,INV-0226,ORD-226,OUTPUT,2025-01,29ABCDE0226F1Z5,2831.27,0,254.81,254.82,0,509.63,FALSE,,FILED
GST-0226-IN,INV-0226,ORD-226,INPUT,2025-01,29AAACR2288E1ZK,13.36,0,1.2,1.2,0,2.4,TRUE,TRUE,RECONCILED
GST-0227-OUT,INV-0227,ORD-227,OUTPUT,2025-01,29ABCDE0227F1Z5,1242.42,223.64,0,0,0,223.64,FALSE,,FILED
GST-0227-IN,INV-0227,ORD-227,INPUT,2025-01,29AAACR2288E1ZK,5.86,0,0.53,0.52,0,1.05,TRUE,TRUE,RECONCILED
GST-0228-OUT,INV-0228,ORD-228,OUTPUT,2025-01,29ABCDE0228F1Z5,374.92,67.49,0,0,0,67.49,FALSE,,FILED
GST-0228-IN,INV-0228,ORD-228,INPUT,2025-01,29AAACR2288E1ZK,8.85,0,0.8,0.79,0,1.59,TRUE,TRUE,RECONCILED
GST-0229-OUT,INV-0229,ORD-229,OUTPUT,2025-01,29ABCDE0229F1Z5,645.39,0,58.09,58.08,0,116.17,FALSE,,FILED
GST-0229-IN,INV-0229,ORD-229,INPUT,2025-01,29AAACR2288E1ZK,17.9,0,1.61,1.61,0,3.22,TRUE,TRUE,RECONCILED
GST-0230-OUT,INV-0230,ORD-230,OUTPUT,2025-01,29ABCDE0230F1Z5,628.64,0,56.58,56.57,0,113.15,FALSE,,FILED
GST-0230-IN,INV-0230,ORD-230,INPUT,2025-01,29AAACR2288E1ZK,14.09,0,1.27,1.27,0,2.54,TRUE,TRUE,RECONCILED
GST-0231-OUT,INV-0231,ORD-231,OUTPUT,2025-01,29ABCDE0231F1Z5,1087.53,0,97.88,97.88,0,195.76,FALSE,,FILED
GST-0231-IN,INV-0231,ORD-231,INPUT,2025-01,29AAACR2288E1ZK,25.67,0,2.31,2.31,0,4.62,TRUE,TRUE,RECONCILED
GST-0232-OUT,INV-0232,ORD-232,OUTPUT,2025-01,29ABCDE0232F1Z5,253.39,0,22.8,22.81,0,45.61,FALSE,,FILED
GST-0232-IN,INV-0232,ORD-232,INPUT,2025-01,29AAACR2288E1ZK,1.2,0,0.11,0.11,0,0.22,TRUE,TRUE,RECONCILED
GST-0233-OUT,INV-0233,ORD-233,OUTPUT,2025-01,29ABCDE0233F1Z5,544.72,0,49.02,49.03,0,98.05,FALSE,,FILED
GST-0233-IN,INV-0233,ORD-233,INPUT,2025-01,29AAACR2288E1ZK,2.57,0,0.23,0.23,0,0.46,TRUE,TRUE,RECONCILED
GST-0234-OUT,INV-0234,ORD-234,OUTPUT,2025-01,29ABCDE0234F1Z5,1635.4,294.37,0,0,0,294.37,FALSE,,FILED
GST-0234-IN,INV-0234,ORD-234,INPUT,2025-01,29AAACR2288E1ZK,38.6,0,3.48,3.47,0,6.95,TRUE,TRUE,RECONCILED
GST-0235-OUT,INV-0235,ORD-235,OUTPUT,2025-01,29ABCDE0235F1Z5,960.73,172.93,0,0,0,172.93,FALSE,,FILED
GST-0235-IN,INV-0235,ORD-235,INPUT,2025-01,29AAACR2288E1ZK,22.67,0,2.04,2.04,0,4.08,TRUE,TRUE,RECONCILED
GST-0237-OUT,INV-0237,ORD-237,OUTPUT,2025-01,29ABCDE0237F1Z5,3008.42,541.52,0,0,0,541.52,FALSE,,FILED
GST-0237-IN,INV-0237,ORD-237,INPUT,2025-01,29AAACR2288E1ZK,71.0,0,6.39,6.39,0,12.78,TRUE,TRUE,RECONCILED
GST-0238-OUT,INV-0238,ORD-238,OUTPUT,2025-01,29ABCDE0238F1Z5,1349.9,0,121.49,121.49,0,242.98,FALSE,,FILED
GST-0238-IN,INV-0238,ORD-238,INPUT,2025-01,29AAACR2288E1ZK,31.86,0,2.87,2.86,0,5.73,TRUE,TRUE,RECONCILED
GST-0239-OUT,INV-0239,ORD-239,OUTPUT,2025-01,29ABCDE0239F1Z5,973.44,0,87.61,87.61,0,175.22,FALSE,,FILED
GST-0239-IN,INV-0239,ORD-239,INPUT,2025-01,29AAACR2288E1ZK,22.97,0,2.06,2.07,0,4.13,TRUE,TRUE,RECONCILED
GST-0240-OUT,INV-0240,ORD-240,OUTPUT,2025-01,29ABCDE0240F1Z5,686.31,0,61.77,61.76,0,123.53,FALSE,,FILED
GST-0240-IN,INV-0240,ORD-240,INPUT,2025-01,29AAACR2288E1ZK,3.24,0,0.29,0.29,0,0.58,TRUE,TRUE,RECONCILED
GST-0241-OUT,INV-0241,ORD-241,OUTPUT,2025-01,29ABCDE0241F1Z5,3802.19,0,342.19,342.2,0,684.39,FALSE,,FILED
GST-0241-IN,INV-0241,ORD-241,INPUT,2025-01,29AAACR2288E1ZK,89.73,0,8.07,8.08,0,16.15,TRUE,TRUE,RECONCILED
GST-0242-OUT,INV-0242,ORD-242,OUTPUT,2025-01,29ABCDE0242F1Z5,1139.95,0,102.59,102.6,0,205.19,FALSE,,FILED
GST-0242-IN,INV-0242,ORD-242,INPUT,2025-01,29AAACR2288E1ZK,5.38,0,0.48,0.49,0,0.97,TRUE,TRUE,RECONCILED
GST-0243-OUT,INV-0243,ORD-243,OUTPUT,2025-01,29ABCDE0243F1Z5,2099.07,377.83,0,0,0,377.83,FALSE,,FILED
GST-0243-IN,INV-0243,ORD-243,INPUT,2025-01,29AAACR2288E1ZK,9.91,0,0.89,0.89,0,1.78,TRUE,TRUE,RECONCILED
GST-0244-OUT,INV-0244,ORD-244,OUTPUT,2025-01,29ABCDE0244F1Z5,253.39,0,22.8,22.81,0,45.61,FALSE,,FILED
GST-0244-IN,INV-0244,ORD-244,INPUT,2025-01,29AAACR2288E1ZK,1.2,0,0.11,0.11,0,0.22,TRUE,TRUE,RECONCILED
GST-0245-OUT,INV-0245,ORD-245,OUTPUT,2025-01,29ABCDE0245F1Z5,292.85,0,26.36,26.35,0,52.71,FALSE,,FILED
GST-0245-IN,INV-0245,ORD-245,INPUT,2025-01,29AAACR2288E1ZK,6.57,0,0.59,0.59,0,1.18,TRUE,TRUE,RECONCILED
GST-0246-OUT,INV-0246,ORD-246,OUTPUT,2025-01,29ABCDE0246F1Z5,390.57,70.3,0,0,0,70.3,FALSE,,FILED
GST-0246-IN,INV-0246,ORD-246,INPUT,2025-01,29AAACR2288E1ZK,1.84,0,0.17,0.16,0,0.33,TRUE,TRUE,RECONCILED
GST-0247-OUT,INV-0247,ORD-247,OUTPUT,2025-01,29ABCDE0247F1Z5,840.14,151.22,0,0,0,151.22,FALSE,,FILED
GST-0247-IN,INV-0247,ORD-247,INPUT,2025-01,29AAACR2288E1ZK,18.84,0,1.7,1.69,0,3.39,TRUE,TRUE,RECONCILED
GST-0248-OUT,INV-0248,ORD-248,OUTPUT,2025-01,29ABCDE0248F1Z5,253.39,0,22.8,22.81,0,45.61,FALSE,,FILED
GST-0248-IN,INV-0248,ORD-248,INPUT,2025-01,29AAACR2288E1ZK,1.2,0,0.11,0.11,0,0.22,TRUE,TRUE,RECONCILED
GST-0249-OUT,INV-0249,ORD-249,OUTPUT,2025-01,29ABCDE0249F1Z5,8778.25,0,790.04,790.04,0,1580.08,FALSE,,FILED
GST-0249-IN,INV-0249,ORD-249,INPUT,2025-01,29AAACR2288E1ZK,207.17,0,18.64,18.65,0,37.29,TRUE,TRUE,RECONCILED
GST-0250-OUT,INV-0250,ORD-250,OUTPUT,2025-01,29ABCDE0250F1Z5,458.06,0,41.23,41.22,0,82.45,FALSE,,FILED
GST-0250-IN,INV-0250,ORD-250,INPUT,2025-01,29AAACR2288E1ZK,10.81,0,0.97,0.98,0,1.95,TRUE,TRUE,RECONCILED
GST-0251-OUT,INV-0251,ORD-251,OUTPUT,2025-01,29ABCDE0251F1Z5,253.39,45.61,0,0,0,45.61,FALSE,,FILED
GST-0251-IN,INV-0251,ORD-251,INPUT,2025-01,29AAACR2288E1ZK,1.2,0,0.11,0.11,0,0.22,TRUE,TRUE,RECONCILED
GST-0252-OUT,INV-0252,ORD-252,OUTPUT,2025-01,29ABCDE0252F1Z5,2029.86,365.38,0,0,0,365.38,FALSE,,FILED
GST-0252-IN,INV-0252,ORD-252,INPUT,2025-01,29AAACR2288E1ZK,47.9,0,4.31,4.31,0,8.62,TRUE,TRUE,RECONCILED
GST-0253-OUT,INV-0253,ORD-253,OUTPUT,2025-01,29ABCDE0253F1Z5,747.55,0,67.28,67.28,0,134.56,FALSE,,FILED
GST-0253-IN,INV-0253,ORD-253,INPUT,2025-01,29AAACR2288E1ZK,17.64,0,1.59,1.59,0,3.18,TRUE,TRUE,RECONCILED
GST-0254-OUT,INV-0254,ORD-254,OUTPUT,2025-01,29ABCDE0254F1Z5,4640.63,835.31,0,0,0,835.31,FALSE,,FILED
GST-0254-IN,INV-0254,ORD-254,INPUT,2025-01,29AAACR2288E1ZK,109.52,0,9.86,9.85,0,19.71,TRUE,TRUE,RECONCILED
GST-0255-OUT,INV-0255,ORD-255,OUTPUT,2025-01,29ABCDE0255F1Z5,2021.53,363.88,0,0,0,363.88,FALSE,,FILED
GST-0255-IN,INV-0255,ORD-255,INPUT,2025-01,29AAACR2288E1ZK,9.54,0,0.86,0.86,0,1.72,TRUE,TRUE,RECONCILED
GST-0256-OUT,INV-0256,ORD-256,OUTPUT,2025-01,29ABCDE0256F1Z5,1972.23,355.0,0,0,0,355.0,FALSE,,FILED
GST-0256-IN,INV-0256,ORD-256,INPUT,2025-01,29AAACR2288E1ZK,46.54,0,4.19,4.19,0,8.38,TRUE,TRUE,RECONCILED
GST-0257-OUT,INV-0257,ORD-257,OUTPUT,2025-01,29ABCDE0257F1Z5,253.39,0,22.8,22.81,0,45.61,FALSE,,FILED
GST-0257-IN,INV-0257,ORD-257,INPUT,2025-01,29AAACR2288E1ZK,5.98,0,0.54,0.54,0,1.08,TRUE,TRUE,RECONCILED
GST-0258-OUT,INV-0258,ORD-258,OUTPUT,2025-01,29ABCDE0258F1Z5,740.72,133.33,0,0,0,133.33,FALSE,,FILED
GST-0258-IN,INV-0258,ORD-258,INPUT,2025-01,29AAACR2288E1ZK,3.5,0,0.32,0.31,0,0.63,TRUE,TRUE,RECONCILED
GST-0259-OUT,INV-0259,ORD-259,OUTPUT,2025-01,29ABCDE0259F1Z5,1289.52,0,116.06,116.05,0,232.11,FALSE,,FILED
GST-0259-IN,INV-0259,ORD-259,INPUT,2025-01,29AAACR2288E1ZK,12.0,0,1.08,1.08,0,2.16,TRUE,TRUE,RECONCILED
GST-0260-OUT,INV-0260,ORD-260,OUTPUT,2025-01,29ABCDE0260F1Z5,995.08,0,89.56,89.56,0,179.12,FALSE,,FILED
GST-0260-IN,INV-0260,ORD-260,INPUT,2025-01,29AAACR2288E1ZK,23.48,0,2.12,2.11,0,4.23,TRUE,TRUE,RECONCILED
GST-0261-OUT,INV-0261,ORD-261,OUTPUT,2025-01,29ABCDE0261F1Z5,1385.43,249.38,0,0,0,249.38,FALSE,,FILED
GST-0261-IN,INV-0261,ORD-261,INPUT,2025-01,29AAACR2288E1ZK,31.06,0,2.79,2.8,0,5.59,TRUE,TRUE,RECONCILED
GST-0262-OUT,INV-0262,ORD-262,OUTPUT,2025-01,29ABCDE0262F1Z5,3938.19,0,354.44,354.44,0,708.88,FALSE,,FILED
GST-0262-IN,INV-0262,ORD-262,INPUT,2025-01,29AAACR2288E1ZK,92.94,0,8.37,8.36,0,16.73,TRUE,TRUE,RECONCILED
GST-0263-OUT,INV-0263,ORD-263,OUTPUT,2025-01,29ABCDE0263F1Z5,376.69,0,33.9,33.9,0,67.8,FALSE,,FILED
GST-0263-IN,INV-0263,ORD-263,INPUT,2025-01,29AAACR2288E1ZK,8.89,0,0.8,0.8,0,1.6,TRUE,TRUE,RECONCILED
GST-0264-OUT,INV-0264,ORD-264,OUTPUT,2025-01,29ABCDE0264F1Z5,282.74,0,25.45,25.44,0,50.89,FALSE,,FILED
GST-0264-IN,INV-0264,ORD-264,INPUT,2025-01,29AAACR2288E1ZK,6.67,0,0.6,0.6,0,1.2,TRUE,TRUE,RECONCILED
GST-0265-OUT,INV-0265,ORD-265,OUTPUT,2025-01,29ABCDE0265F1Z5,1050.19,0,94.52,94.51,0,189.03,FALSE,,FILED
GST-0265-IN,INV-0265,ORD-265,INPUT,2025-01,29AAACR2288E1ZK,29.12,0,2.62,2.62,0,5.24,TRUE,TRUE,RECONCILED
GST-0266-OUT,INV-0266,ORD-266,OUTPUT,2025-01,29ABCDE0266F1Z5,435.03,0,39.15,39.15,0,78.3,FALSE,,FILED
GST-0266-IN,INV-0266,ORD-266,INPUT,2025-01,29AAACR2288E1ZK,10.27,0,0.93,0.92,0,1.85,TRUE,TRUE,RECONCILED
GST-0267-OUT,INV-0267,ORD-267,OUTPUT,2025-01,29ABCDE0267F1Z5,253.39,0,22.8,22.81,0,45.61,FALSE,,FILED
GST-0267-IN,INV-0267,ORD-267,INPUT,2025-01,29AAACR2288E1ZK,5.98,0,0.54,0.54,0,1.08,TRUE,TRUE,RECONCILED
GST-0268-OUT,INV-0268,ORD-268,OUTPUT,2025-01,29ABCDE0268F1Z5,2528.3,0,227.54,227.55,0,455.09,FALSE,,FILED
GST-0268-IN,INV-0268,ORD-268,INPUT,2025-01,29AAACR2288E1ZK,59.67,0,5.37,5.37,0,10.74,TRUE,TRUE,RECONCILED
GST-0269-OUT,INV-0269,ORD-269,OUTPUT,2025-01,29ABCDE0269F1Z5,288.73,0,25.98,25.99,0,51.97,FALSE,,FILED
GST-0269-IN,INV-0269,ORD-269,INPUT,2025-01,29AAACR2288E1ZK,6.81,0,0.61,0.62,0,1.23,TRUE,TRUE,RECONCILED
GST-0270-OUT,INV-0270,ORD-270,OUTPUT,2025-01,29ABCDE0270F1Z5,2077.38,0,186.97,186.96,0,373.93,FALSE,,FILED
GST-0270-IN,INV-0270,ORD-270,INPUT,2025-01,29AAACR2288E1ZK,49.03,0,4.42,4.41,0,8.83,TRUE,TRUE,RECONCILED
GST-0271-OUT,INV-0271,ORD-271,OUTPUT,2025-01,29ABCDE0271F1Z5,976.01,0,87.84,87.84,0,175.68,FALSE,,FILED
GST-0271-IN,INV-0271,ORD-271,INPUT,2025-01,29AAACR2288E1ZK,23.03,0,2.08,2.07,0,4.15,TRUE,TRUE,RECONCILED
GST-0272-OUT,INV-0272,ORD-272,OUTPUT,2025-01,29ABCDE0272F1Z5,626.51,0,56.38,56.39,0,112.77,FALSE,,FILED
GST-0272-IN,INV-0272,ORD-272,INPUT,2025-01,29AAACR2288E1ZK,2.96,0,0.27,0.26,0,0.53,TRUE,TRUE,RECONCILED
GST-0273-OUT,INV-0273,ORD-273,OUTPUT,2025-01,29ABCDE0273F1Z5,1600.66,0,144.06,144.06,0,288.12,FALSE,,FILED
GST-0273-IN,INV-0273,ORD-273,INPUT,2025-01,29AAACR2288E1ZK,7.56,0,0.68,0.68,0,1.36,TRUE,TRUE,RECONCILED
GST-0274-OUT,INV-0274,ORD-274,OUTPUT,2025-01,29ABCDE0274F1Z5,1101.27,0,99.11,99.12,0,198.23,FALSE,,FILED
GST-0274-IN,INV-0274,ORD-274,INPUT,2025-01,29AAACR2288E1ZK,25.99,0,2.34,2.34,0,4.68,TRUE,TRUE,RECONCILED
GST-0275-OUT,INV-0275,ORD-275,OUTPUT,2025-01,29ABCDE0275F1Z5,253.39,0,22.8,22.81,0,45.61,FALSE,,FILED
GST-0275-IN,INV-0275,ORD-275,INPUT,2025-01,29AAACR2288E1ZK,1.2,0,0.11,0.11,0,0.22,TRUE,TRUE,RECONCILED
GST-0276-OUT,INV-0276,ORD-276,OUTPUT,2025-01,29ABCDE0276F1Z5,715.88,0,64.43,64.43,0,128.86,FALSE,,FILED
GST-0276-IN,INV-0276,ORD-276,INPUT,2025-01,29AAACR2288E1ZK,3.38,0,0.3,0.31,0,0.61,TRUE,TRUE,RECONCILED
GST-0277-OUT,INV-0277,ORD-277,OUTPUT,2025-01,29ABCDE0277F1Z5,723.64,130.25,0,0,0,130.25,FALSE,,FILED
GST-0277-IN,INV-0277,ORD-277,INPUT,2025-01,29AAACR2288E1ZK,3.42,0,0.31,0.31,0,0.62,TRUE,TRUE,RECONCILED
GST-0278-OUT,INV-0278,ORD-278,OUTPUT,2025-01,29ABCDE0278F1Z5,1218.73,0,109.69,109.68,0,219.37,FALSE,,FILED
GST-0278-IN,INV-0278,ORD-278,INPUT,2025-01,29AAACR2288E1ZK,33.8,0,3.04,3.04,0,6.08,TRUE,TRUE,RECONCILED
GST-0279-OUT,INV-0279,ORD-279,OUTPUT,2025-01,29ABCDE0279F1Z5,2096.19,377.32,0,0,0,377.32,FALSE,,FILED
GST-0279-IN,INV-0279,ORD-279,INPUT,2025-01,29AAACR2288E1ZK,9.89,0,0.89,0.89,0,1.78,TRUE,TRUE,RECONCILED
GST-0280-OUT,INV-0280,ORD-280,OUTPUT,2025-01,29ABCDE0280F1Z5,512.81,92.3,0,0,0,92.3,FALSE,,FILED
GST-0280-IN,INV-0280,ORD-280,INPUT,2025-01,29AAACR2288E1ZK,12.1,0,1.09,1.09,0,2.18,TRUE,TRUE,RECONCILED
GST-0282-OUT,INV-0282,ORD-282,OUTPUT,2025-01,29ABCDE0282F1Z5,4697.84,845.61,0,0,0,845.61,FALSE,,FILED
GST-0282-IN,INV-0282,ORD-282,INPUT,2025-01,29AAACR2288E1ZK,110.87,0,9.98,9.98,0,19.96,TRUE,TRUE,RECONCILED
GST-0283-OUT,INV-0283,ORD-283,OUTPUT,2025-01,29ABCDE0283F1Z5,987.75,177.79,0,0,0,177.79,FALSE,,FILED
GST-0283-IN,INV-0283,ORD-283,INPUT,2025-01,29AAACR2288E1ZK,22.15,0,2.0,1.99,0,3.99,TRUE,TRUE,RECONCILED
GST-0284-OUT,INV-0284,ORD-284,OUTPUT,2025-01,29ABCDE0284F1Z5,465.27,83.75,0,0,0,83.75,FALSE,,FILED
GST-0284-IN,INV-0284,ORD-284,INPUT,2025-01,29AAACR2288E1ZK,12.0,0,1.08,1.08,0,2.16,TRUE,TRUE,RECONCILED
GST-0285-OUT,INV-0285,ORD-285,OUTPUT,2025-01,29ABCDE0285F1Z5,253.39,45.61,0,0,0,45.61,FALSE,,FILED
GST-0285-IN,INV-0285,ORD-285,INPUT,2025-01,29AAACR2288E1ZK,1.2,0,0.11,0.11,0,0.22,TRUE,TRUE,RECONCILED
GST-0286-OUT,INV-0286,ORD-286,OUTPUT,2025-01,29ABCDE0286F1Z5,6573.09,0,591.58,591.58,0,1183.16,FALSE,,FILED
GST-0286-IN,INV-0286,ORD-286,INPUT,2025-01,29AAACR2288E1ZK,12.0,0,1.08,1.08,0,2.16,TRUE,TRUE,RECONCILED
GST-0288-OUT,INV-0288,ORD-288,OUTPUT,2025-01,29ABCDE0288F1Z5,1377.3,0,123.95,123.96,0,247.91,FALSE,,FILED
GST-0288-IN,INV-0288,ORD-288,INPUT,2025-01,29AAACR2288E1ZK,32.5,0,2.92,2.93,0,5.85,TRUE,TRUE,RECONCILED
GST-0289-OUT,INV-0289,ORD-289,OUTPUT,2025-01,29ABCDE0289F1Z5,2484.43,447.2,0,0,0,447.2,FALSE,,FILED
GST-0289-IN,INV-0289,ORD-289,INPUT,2025-01,29AAACR2288E1ZK,58.63,0,5.28,5.27,0,10.55,TRUE,TRUE,RECONCILED
GST-0290-OUT,INV-0290,ORD-290,OUTPUT,2025-01,29ABCDE0290F1Z5,890.04,0,80.11,80.1,0,160.21,FALSE,,FILED
GST-0290-IN,INV-0290,ORD-290,INPUT,2025-01,29AAACR2288E1ZK,19.95,0,1.79,1.8,0,3.59,TRUE,TRUE,RECONCILED
GST-0291-OUT,INV-0291,ORD-291,OUTPUT,2025-01,29ABCDE0291F1Z5,1049.26,0,94.44,94.43,0,188.87,FALSE,,FILED
GST-0291-IN,INV-0291,ORD-291,INPUT,2025-01,29AAACR2288E1ZK,24.76,0,2.23,2.23,0,4.46,TRUE,TRUE,RECONCILED
GST-0292-OUT,INV-0292,ORD-292,OUTPUT,2025-01,29ABCDE0292F1Z5,1755.26,315.95,0,0,0,315.95,FALSE,,FILED
GST-0292-IN,INV-0292,ORD-292,INPUT,2025-01,29AAACR2288E1ZK,41.42,0,3.73,3.73,0,7.46,TRUE,TRUE,RECONCILED
GST-0293-OUT,INV-0293,ORD-293,OUTPUT,2025-01,29ABCDE0293F1Z5,406.81,0,36.62,36.61,0,73.23,FALSE,,FILED
GST-0293-IN,INV-0293,ORD-293,INPUT,2025-01,29AAACR2288E1ZK,9.12,0,0.82,0.82,0,1.64,TRUE,TRUE,RECONCILED
GST-0294-OUT,INV-0294,ORD-294,OUTPUT,2025-01,29ABCDE0294F1Z5,269.69,48.55,0,0,0,48.55,FALSE,,FILED
GST-0294-IN,INV-0294,ORD-294,INPUT,2025-01,29AAACR2288E1ZK,6.36,0,0.57,0.57,0,1.14,TRUE,TRUE,RECONCILED
GST-0295-OUT,INV-0295,ORD-295,OUTPUT,2025-01,29ABCDE0295F1Z5,985.53,0,88.69,88.7,0,177.39,FALSE,,FILED
GST-0295-IN,INV-0295,ORD-295,INPUT,2025-01,29AAACR2288E1ZK,4.65,0,0.42,0.42,0,0.84,TRUE,TRUE,RECONCILED
GST-0296-OUT,INV-0296,ORD-296,OUTPUT,2025-01,29ABCDE0296F1Z5,268.94,48.41,0,0,0,48.41,FALSE,,FILED
GST-0296-IN,INV-0296,ORD-296,INPUT,2025-01,29AAACR2288E1ZK,6.35,0,0.57,0.57,0,1.14,TRUE,TRUE,RECONCILED
GST-0297-OUT,INV-0297,ORD-297,OUTPUT,2025-01,29ABCDE0297F1Z5,396.53,0,35.69,35.69,0,71.38,FALSE,,FILED
GST-0297-IN,INV-0297,ORD-297,INPUT,2025-01,29AAACR2288E1ZK,11.0,0,0.99,0.99,0,1.98,TRUE,TRUE,RECONCILED
GST-0298-OUT,INV-0298,ORD-298,OUTPUT,2025-01,29ABCDE0298F1Z5,635.42,114.37,0,0,0,114.37,FALSE,,FILED
GST-0298-IN,INV-0298,ORD-298,INPUT,2025-01,29AAACR2288E1ZK,3.0,0,0.27,0.27,0,0.54,TRUE,TRUE,RECONCILED
GST-0299-OUT,INV-0299,ORD-299,OUTPUT,2025-01,29ABCDE0299F1Z5,571.59,0,51.45,51.44,0,102.89,FALSE,,FILED
GST-0299-IN,INV-0299,ORD-299,INPUT,2025-01,29AAACR2288E1ZK,12.0,0,1.08,1.08,0,2.16,TRUE,TRUE,RECONCILED
GST-0300-OUT,INV-0300,ORD-300,OUTPUT,2025-01,29ABCDE0300F1Z5,1706.52,0,153.59,153.58,0,307.17,FALSE,,FILED
GST-0300-IN,INV-0300,ORD-300,INPUT,2025-01,29AAACR2288E1ZK,40.27,0,3.62,3.63,0,7.25,TRUE,TRUE,RECONCILED
GST-0301-OUT,INV-0301,ORD-301,OUTPUT,2025-01,29ABCDE0301F1Z5,3922.7,706.09,0,0,0,706.09,FALSE,,FILED
GST-0301-IN,INV-0301,ORD-301,INPUT,2025-01,29AAACR2288E1ZK,92.58,0,8.33,8.33,0,16.66,TRUE,TRUE,RECONCILED
GST-0302-OUT,INV-0302,ORD-302,OUTPUT,2025-01,29ABCDE0302F1Z5,704.09,0,63.37,63.37,0,126.74,FALSE,,FILED
GST-0302-IN,INV-0302,ORD-302,INPUT,2025-01,29AAACR2288E1ZK,16.62,0,1.5,1.49,0,2.99,TRUE,TRUE,RECONCILED
GST-0303-OUT,INV-0303,ORD-303,OUTPUT,2025-01,29ABCDE0303F1Z5,1187.8,0,106.9,106.9,0,213.8,FALSE,,FILED
GST-0303-IN,INV-0303,ORD-303,INPUT,2025-01,29AAACR2288E1ZK,28.03,0,2.52,2.53,0,5.05,TRUE,TRUE,RECONCILED
GST-0304-OUT,INV-0304,ORD-304,OUTPUT,2025-01,29ABCDE0304F1Z5,461.51,83.07,0,0,0,83.07,FALSE,,FILED
GST-0304-IN,INV-0304,ORD-304,INPUT,2025-01,29AAACR2288E1ZK,10.89,0,0.98,0.98,0,1.96,TRUE,TRUE,RECONCILED
GST-0305-OUT,INV-0305,ORD-305,OUTPUT,2025-01,29ABCDE0305F1Z5,356.54,0,32.09,32.09,0,64.18,FALSE,,FILED
GST-0305-IN,INV-0305,ORD-305,INPUT,2025-01,29AAACR2288E1ZK,7.99,0,0.72,0.72,0,1.44,TRUE,TRUE,RECONCILED
GST-0306-OUT,INV-0306,ORD-306,OUTPUT,2025-01,29ABCDE0306F1Z5,253.39,0,22.8,22.81,0,45.61,FALSE,,FILED
GST-0306-IN,INV-0306,ORD-306,INPUT,2025-01,29AAACR2288E1ZK,5.98,0,0.54,0.54,0,1.08,TRUE,TRUE,RECONCILED
GST-0307-OUT,INV-0307,ORD-307,OUTPUT,2025-01,29ABCDE0307F1Z5,2052.35,0,184.71,184.71,0,369.42,FALSE,,FILED
GST-0307-IN,INV-0307,ORD-307,INPUT,2025-01,29AAACR2288E1ZK,12.0,0,1.08,1.08,0,2.16,TRUE,TRUE,RECONCILED
GST-0308-OUT,INV-0308,ORD-308,OUTPUT,2025-01,29ABCDE0308F1Z5,253.39,45.61,0,0,0,45.61,FALSE,,FILED
GST-0308-IN,INV-0308,ORD-308,INPUT,2025-01,29AAACR2288E1ZK,5.98,0,0.54,0.54,0,1.08,TRUE,TRUE,RECONCILED
GST-0309-OUT,INV-0309,ORD-309,OUTPUT,2025-01,29ABCDE0309F1Z5,587.58,0,52.88,52.88,0,105.76,FALSE,,FILED
GST-0309-IN,INV-0309,ORD-309,INPUT,2025-01,29AAACR2288E1ZK,12.0,0,1.08,1.08,0,2.16,TRUE,TRUE,RECONCILED
GST-0310-OUT,INV-0310,ORD-310,OUTPUT,2025-01,29ABCDE0310F1Z5,1188.69,213.96,0,0,0,213.96,FALSE,,FILED
GST-0310-IN,INV-0310,ORD-310,INPUT,2025-01,29AAACR2288E1ZK,5.61,0,0.51,0.5,0,1.01,TRUE,TRUE,RECONCILED
GST-0311-OUT,INV-0311,ORD-311,OUTPUT,2025-01,29ABCDE0311F1Z5,355.17,63.93,0,0,0,63.93,FALSE,,FILED
GST-0311-IN,INV-0311,ORD-311,INPUT,2025-01,29AAACR2288E1ZK,8.38,0,0.76,0.75,0,1.51,TRUE,TRUE,RECONCILED
GST-0312-OUT,INV-0312,ORD-312,OUTPUT,2025-01,29ABCDE0312F1Z5,897.27,0,80.75,80.76,0,161.51,FALSE,,FILED
GST-0312-IN,INV-0312,ORD-312,INPUT,2025-01,29AAACR2288E1ZK,4.24,0,0.38,0.38,0,0.76,TRUE,TRUE,RECONCILED
GST-0313-OUT,INV-0313,ORD-313,OUTPUT,2025-01,29ABCDE0313F1Z5,253.39,0,22.8,22.81,0,45.61,FALSE,,FILED
GST-0313-IN,INV-0313,ORD-313,INPUT,2025-01,29AAACR2288E1ZK,3.59,0,0.33,0.32,0,0.65,TRUE,TRUE,RECONCILED
GST-0314-OUT,INV-0314,ORD-314,OUTPUT,2025-01,29ABCDE0314F1Z5,1818.82,0,163.69,163.7,0,327.39,FALSE,,FILED
GST-0314-IN,INV-0314,ORD-314,INPUT,2025-01,29AAACR2288E1ZK,8.58,0,0.77,0.77,0,1.54,TRUE,TRUE,RECONCILED
GST-0315-OUT,INV-0315,ORD-315,OUTPUT,2025-01,29ABCDE0315F1Z5,1338.78,240.98,0,0,0,240.98,FALSE,,FILED
GST-0315-IN,INV-0315,ORD-315,INPUT,2025-01,29AAACR2288E1ZK,31.6,0,2.85,2.84,0,5.69,TRUE,TRUE,RECONCILED
GST-0316-OUT,INV-0316,ORD-316,OUTPUT,2025-01,29ABCDE0316F1Z5,5858.74,1054.57,0,0,0,1054.57,FALSE,,FILED
GST-0316-IN,INV-0316,ORD-316,INPUT,2025-01,29AAACR2288E1ZK,27.65,0,2.49,2.49,0,4.98,TRUE,TRUE,RECONCILED
GST-0317-OUT,INV-0317,ORD-317,OUTPUT,2025-01,29ABCDE0317F1Z5,648.98,116.82,0,0,0,116.82,FALSE,,FILED
GST-0317-IN,INV-0317,ORD-317,INPUT,2025-01,29AAACR2288E1ZK,3.06,0,0.28,0.27,0,0.55,TRUE,TRUE,RECONCILED
GST-0318-OUT,INV-0318,ORD-318,OUTPUT,2025-01,29ABCDE0318F1Z5,2111.58,0,190.04,190.05,0,380.09,FALSE,,FILED
GST-0318-IN,INV-0318,ORD-318,INPUT,2025-01,29AAACR2288E1ZK,49.83,0,4.49,4.48,0,8.97,TRUE,TRUE,RECONCILED
GST-0319-OUT,INV-0319,ORD-319,OUTPUT,2025-01,29ABCDE0319F1Z5,253.39,0,22.8,22.81,0,45.61,FALSE,,FILED
GST-0319-IN,INV-0319,ORD-319,INPUT,2025-01,29AAACR2288E1ZK,1.2,0,0.11,0.11,0,0.22,TRUE,TRUE,RECONCILED
GST-0320-OUT,INV-0320,ORD-320,OUTPUT,2025-01,29ABCDE0320F1Z5,1587.65,0,142.89,142.89,0,285.78,FALSE,,FILED
GST-0320-IN,INV-0320,ORD-320,INPUT,2025-01,29AAACR2288E1ZK,37.47,0,3.37,3.37,0,6.74,TRUE,TRUE,RECONCILED
GST-0321-OUT,INV-0321,ORD-321,OUTPUT,2025-01,29ABCDE0321F1Z5,253.39,45.61,0,0,0,45.61,FALSE,,FILED
GST-0321-IN,INV-0321,ORD-321,INPUT,2025-01,29AAACR2288E1ZK,12.0,0,1.08,1.08,0,2.16,TRUE,TRUE,RECONCILED
GST-0322-OUT,INV-0322,ORD-322,OUTPUT,2025-01,29ABCDE0322F1Z5,794.04,0,71.47,71.46,0,142.93,FALSE,,FILED
GST-0322-IN,INV-0322,ORD-322,INPUT,2025-01,29AAACR2288E1ZK,3.75,0,0.34,0.33,0,0.67,TRUE,TRUE,RECONCILED
GST-0323-OUT,INV-0323,ORD-323,OUTPUT,2025-01,29ABCDE0323F1Z5,892.03,160.57,0,0,0,160.57,FALSE,,FILED
GST-0323-IN,INV-0323,ORD-323,INPUT,2025-01,29AAACR2288E1ZK,4.21,0,0.38,0.38,0,0.76,TRUE,TRUE,RECONCILED
GST-0324-OUT,INV-0324,ORD-324,OUTPUT,2025-01,29ABCDE0324F1Z5,364.87,65.68,0,0,0,65.68,FALSE,,FILED
GST-0324-IN,INV-0324,ORD-324,INPUT,2025-01,29AAACR2288E1ZK,8.61,0,0.78,0.77,0,1.55,TRUE,TRUE,RECONCILED
GST-0325-OUT,INV-0325,ORD-325,OUTPUT,2025-01,29ABCDE0325F1Z5,688.65,123.96,0,0,0,123.96,FALSE,,FILED
GST-0325-IN,INV-0325,ORD-325,INPUT,2025-01,29AAACR2288E1ZK,3.25,0,0.29,0.29,0,0.58,TRUE,TRUE,RECONCILED
GST-0326-OUT,INV-0326,ORD-326,OUTPUT,2025-01,29ABCDE0326F1Z5,253.39,0,22.8,22.81,0,45.61,FALSE,,FILED
GST-0326-IN,INV-0326,ORD-326,INPUT,2025-01,29AAACR2288E1ZK,5.98,0,0.54,0.54,0,1.08,TRUE,TRUE,RECONCILED
GST-0327-OUT,INV-0327,ORD-327,OUTPUT,2025-01,29ABCDE0327F1Z5,533.14,0,47.98,47.98,0,95.96,FALSE,,FILED
GST-0327-IN,INV-0327,ORD-327,INPUT,2025-01,29AAACR2288E1ZK,12.58,0,1.13,1.13,0,2.26,TRUE,TRUE,RECONCILED
GST-0328-OUT,INV-0328,ORD-328,OUTPUT,2025-01,29ABCDE0328F1Z5,413.93,0,37.26,37.25,0,74.51,FALSE,,FILED
GST-0328-IN,INV-0328,ORD-328,INPUT,2025-01,29AAACR2288E1ZK,9.77,0,0.88,0.88,0,1.76,TRUE,TRUE,RECONCILED
GST-0329-OUT,INV-0329,ORD-329,OUTPUT,2025-01,29ABCDE0329F1Z5,455.47,0,40.99,40.99,0,81.98,FALSE,,FILED
GST-0329-IN,INV-0329,ORD-329,INPUT,2025-01,29AAACR2288E1ZK,2.15,0,0.2,0.19,0,0.39,TRUE,TRUE,RECONCILED
GST-0330-OUT,INV-0330,ORD-330,OUTPUT,2025-01,29ABCDE0330F1Z5,473.14,0,42.58,42.58,0,85.16,FALSE,,FILED
GST-0330-IN,INV-0330,ORD-330,INPUT,2025-01,29AAACR2288E1ZK,2.23,0,0.2,0.2,0,0.4,TRUE,TRUE,RECONCILED
GST-0331-OUT,INV-0331,ORD-331,OUTPUT,2025-02,29ABCDE0331F1Z5,3291.53,0,296.24,296.24,0,592.48,FALSE,,FILED
GST-0331-IN,INV-0331,ORD-331,INPUT,2025-02,29AAACR2288E1ZK,15.54,0,1.4,1.4,0,2.8,TRUE,TRUE,RECONCILED
GST-0332-OUT,INV-0332,ORD-332,OUTPUT,2025-02,29ABCDE0332F1Z5,503.57,0,45.32,45.32,0,90.64,FALSE,,FILED
GST-0332-IN,INV-0332,ORD-332,INPUT,2025-02,29AAACR2288E1ZK,11.88,0,1.07,1.07,0,2.14,TRUE,TRUE,RECONCILED
GST-0333-OUT,INV-0333,ORD-333,OUTPUT,2025-02,29ABCDE0333F1Z5,1735.91,0,156.23,156.23,0,312.46,FALSE,,FILED
GST-0333-IN,INV-0333,ORD-333,INPUT,2025-02,29AAACR2288E1ZK,8.19,0,0.73,0.74,0,1.47,TRUE,TRUE,RECONCILED
GST-0334-OUT,INV-0334,ORD-334,OUTPUT,2025-02,29ABCDE0334F1Z5,4741.51,0,426.74,426.73,0,853.47,FALSE,,FILED
GST-0334-IN,INV-0334,ORD-334,INPUT,2025-02,29AAACR2288E1ZK,111.9,0,10.07,10.07,0,20.14,TRUE,TRUE,RECONCILED
GST-0335-OUT,INV-0335,ORD-335,OUTPUT,2025-02,29ABCDE0335F1Z5,5870.86,1056.76,0,0,0,1056.76,FALSE,,FILED
GST-0335-IN,INV-0335,ORD-335,INPUT,2025-02,29AAACR2288E1ZK,12.0,0,1.08,1.08,0,2.16,TRUE,TRUE,RECONCILED
GST-0336-OUT,INV-0336,ORD-336,OUTPUT,2025-02,29ABCDE0336F1Z5,309.99,0,27.9,27.9,0,55.8,FALSE,,FILED
GST-0336-IN,INV-0336,ORD-336,INPUT,2025-02,29AAACR2288E1ZK,7.32,0,0.66,0.66,0,1.32,TRUE,TRUE,RECONCILED
GST-0337-OUT,INV-0337,ORD-337,OUTPUT,2025-02,29ABCDE0337F1Z5,1177.44,0,105.97,105.97,0,211.94,FALSE,,FILED
GST-0337-IN,INV-0337,ORD-337,INPUT,2025-02,29AAACR2288E1ZK,27.79,0,2.5,2.5,0,5.0,TRUE,TRUE,RECONCILED
GST-0338-OUT,INV-0338,ORD-338,OUTPUT,2025-02,29ABCDE0338F1Z5,1131.58,0,101.84,101.84,0,203.68,FALSE,,FILED
GST-0338-IN,INV-0338,ORD-338,INPUT,2025-02,29AAACR2288E1ZK,5.34,0,0.48,0.48,0,0.96,TRUE,TRUE,RECONCILED
GST-0339-OUT,INV-0339,ORD-339,OUTPUT,2025-02,29ABCDE0339F1Z5,4614.81,0,415.33,415.33,0,830.66,FALSE,,FILED
GST-0339-IN,INV-0339,ORD-339,INPUT,2025-02,29AAACR2288E1ZK,12.0,0,1.08,1.08,0,2.16,TRUE,TRUE,RECONCILED
GST-0340-OUT,INV-0340,ORD-340,OUTPUT,2025-02,29ABCDE0340F1Z5,5048.86,908.8,0,0,0,908.8,FALSE,,FILED
GST-0340-IN,INV-0340,ORD-340,INPUT,2025-02,29AAACR2288E1ZK,119.15,0,10.72,10.73,0,21.45,TRUE,TRUE,RECONCILED
GST-0341-OUT,INV-0341,ORD-341,OUTPUT,2025-02,29ABCDE0341F1Z5,1841.21,0,165.71,165.71,0,331.42,FALSE,,FILED
GST-0341-IN,INV-0341,ORD-341,INPUT,2025-02,29AAACR2288E1ZK,8.69,0,0.78,0.78,0,1.56,TRUE,TRUE,RECONCILED
GST-0342-OUT,INV-0342,ORD-342,OUTPUT,2025-02,29ABCDE0342F1Z5,556.18,0,50.05,50.06,0,100.11,FALSE,,FILED
GST-0342-IN,INV-0342,ORD-342,INPUT,2025-02,29AAACR2288E1ZK,13.13,0,1.18,1.18,0,2.36,TRUE,TRUE,RECONCILED
GST-0343-OUT,INV-0343,ORD-343,OUTPUT,2025-02,29ABCDE0343F1Z5,1567.86,0,141.11,141.11,0,282.22,FALSE,,FILED
GST-0343-IN,INV-0343,ORD-343,INPUT,2025-02,29AAACR2288E1ZK,12.0,0,1.08,1.08,0,2.16,TRUE,TRUE,RECONCILED
GST-0344-OUT,INV-0344,ORD-344,OUTPUT,2025-02,29ABCDE0344F1Z5,373.33,0,33.6,33.6,0,67.2,FALSE,,FILED
GST-0344-IN,INV-0344,ORD-344,INPUT,2025-02,29AAACR2288E1ZK,8.81,0,0.8,0.79,0,1.59,TRUE,TRUE,RECONCILED
GST-0345-OUT,INV-0345,ORD-345,OUTPUT,2025-02,29ABCDE0345F1Z5,1776.19,319.72,0,0,0,319.72,FALSE,,FILED
GST-0345-IN,INV-0345,ORD-345,INPUT,2025-02,29AAACR2288E1ZK,12.0,0,1.08,1.08,0,2.16,TRUE,TRUE,RECONCILED
GST-0346-OUT,INV-0346,ORD-346,OUTPUT,2025-02,29ABCDE0346F1Z5,1786.87,321.64,0,0,0,321.64,FALSE,,FILED
GST-0346-IN,INV-0346,ORD-346,INPUT,2025-02,29AAACR2288E1ZK,42.17,0,3.79,3.8,0,7.59,TRUE,TRUE,RECONCILED
GST-0347-OUT,INV-0347,ORD-347,OUTPUT,2025-02,29ABCDE0347F1Z5,4945.62,890.21,0,0,0,890.21,FALSE,,FILED
GST-0347-IN,INV-0347,ORD-347,INPUT,2025-02,29AAACR2288E1ZK,23.34,0,2.1,2.1,0,4.2,TRUE,TRUE,RECONCILED
GST-0348-OUT,INV-0348,ORD-348,OUTPUT,2025-02,29ABCDE0348F1Z5,1221.0,0,109.89,109.89,0,219.78,FALSE,,FILED
GST-0348-IN,INV-0348,ORD-348,INPUT,2025-02,29AAACR2288E1ZK,28.82,0,2.6,2.59,0,5.19,TRUE,TRUE,RECONCILED
GST-0349-OUT,INV-0349,ORD-349,OUTPUT,2025-02,29ABCDE0349F1Z5,388.9,70.0,0,0,0,70.0,FALSE,,FILED
GST-0349-IN,INV-0349,ORD-349,INPUT,2025-02,29AAACR2288E1ZK,9.18,0,0.82,0.83,0,1.65,TRUE,TRUE,RECONCILED
GST-0350-OUT,INV-0350,ORD-350,OUTPUT,2025-02,29ABCDE0350F1Z5,1332.1,239.78,0,0,0,239.78,FALSE,,FILED
GST-0350-IN,INV-0350,ORD-350,INPUT,2025-02,29AAACR2288E1ZK,36.94,0,3.33,3.32,0,6.65,TRUE,TRUE,RECONCILED
GST-0351-OUT,INV-0351,ORD-351,OUTPUT,2025-02,29ABCDE0351F1Z5,253.39,0,22.8,22.81,0,45.61,FALSE,,FILED
GST-0351-IN,INV-0351,ORD-351,INPUT,2025-02,29AAACR2288E1ZK,5.98,0,0.54,0.54,0,1.08,TRUE,TRUE,RECONCILED
GST-0352-OUT,INV-0352,ORD-352,OUTPUT,2025-02,29ABCDE0352F1Z5,744.14,0,66.97,66.98,0,133.95,FALSE,,FILED
GST-0352-IN,INV-0352,ORD-352,INPUT,2025-02,29AAACR2288E1ZK,12.0,0,1.08,1.08,0,2.16,TRUE,TRUE,RECONCILED
GST-0353-OUT,INV-0353,ORD-353,OUTPUT,2025-02,29ABCDE0353F1Z5,2097.8,0,188.8,188.8,0,377.6,FALSE,,FILED
GST-0353-IN,INV-0353,ORD-353,INPUT,2025-02,29AAACR2288E1ZK,49.51,0,4.46,4.45,0,8.91,TRUE,TRUE,RECONCILED
GST-0354-OUT,INV-0354,ORD-354,OUTPUT,2025-02,29ABCDE0354F1Z5,5914.03,1064.53,0,0,0,1064.53,FALSE,,FILED
GST-0354-IN,INV-0354,ORD-354,INPUT,2025-02,29AAACR2288E1ZK,132.59,0,11.94,11.93,0,23.87,TRUE,TRUE,RECONCILED
GST-0355-OUT,INV-0355,ORD-355,OUTPUT,2025-02,29ABCDE0355F1Z5,9980.75,0,898.26,898.27,0,1796.53,FALSE,,FILED
GST-0355-IN,INV-0355,ORD-355,INPUT,2025-02,29AAACR2288E1ZK,47.11,0,4.24,4.24,0,8.48,TRUE,TRUE,RECONCILED
GST-0356-OUT,INV-0356,ORD-356,OUTPUT,2025-02,29ABCDE0356F1Z5,2967.9,0,267.11,267.11,0,534.22,FALSE,,FILED
GST-0356-IN,INV-0356,ORD-356,INPUT,2025-02,29AAACR2288E1ZK,70.04,0,6.3,6.31,0,12.61,TRUE,TRUE,RECONCILED
GST-0358-OUT,INV-0358,ORD-358,OUTPUT,2025-02,29ABCDE0358F1Z5,1378.69,0,124.08,124.08,0,248.16,FALSE,,FILED
GST-0358-IN,INV-0358,ORD-358,INPUT,2025-02,29AAACR2288E1ZK,30.91,0,2.78,2.78,0,5.56,TRUE,TRUE,RECONCILED
GST-0359-OUT,INV-0359,ORD-359,OUTPUT,2025-02,29ABCDE0359F1Z5,708.8,0,63.79,63.79,0,127.58,FALSE,,FILED
GST-0359-IN,INV-0359,ORD-359,INPUT,2025-02,29AAACR2288E1ZK,15.89,0,1.43,1.43,0,2.86,TRUE,TRUE,RECONCILED
GST-0360-OUT,INV-0360,ORD-360,OUTPUT,2025-02,29ABCDE0360F1Z5,2128.67,0,191.58,191.58,0,383.16,FALSE,,FILED
GST-0360-IN,INV-0360,ORD-360,INPUT,2025-02,29AAACR2288E1ZK,50.24,0,4.52,4.52,0,9.04,TRUE,TRUE,RECONCILED
GST-0361-OUT,INV-0361,ORD-361,OUTPUT,2025-02,29ABCDE0361F1Z5,888.36,0,79.95,79.96,0,159.91,FALSE,,FILED
GST-0361-IN,INV-0361,ORD-361,INPUT,2025-02,29AAACR2288E1ZK,4.19,0,0.38,0.37,0,0.75,TRUE,TRUE,RECONCILED
GST-0362-OUT,INV-0362,ORD-362,OUTPUT,2025-02,29ABCDE0362F1Z5,6399.65,0,575.97,575.97,0,1151.94,FALSE,,FILED
GST-0362-IN,INV-0362,ORD-362,INPUT,2025-02,29AAACR2288E1ZK,151.03,0,13.6,13.59,0,27.19,TRUE,TRUE,RECONCILED
GST-0363-OUT,INV-0363,ORD-363,OUTPUT,2025-02,29ABCDE0363F1Z5,884.88,0,79.64,79.64,0,159.28,FALSE,,FILED
GST-0363-IN,INV-0363,ORD-363,INPUT,2025-02,29AAACR2288E1ZK,4.18,0,0.38,0.37,0,0.75,TRUE,TRUE,RECONCILED
GST-0364-OUT,INV-0364,ORD-364,OUTPUT,2025-02,29ABCDE0364F1Z5,663.22,0,59.69,59.69,0,119.38,FALSE,,FILED
GST-0364-IN,INV-0364,ORD-364,INPUT,2025-02,29AAACR2288E1ZK,15.65,0,1.41,1.41,0,2.82,TRUE,TRUE,RECONCILED
GST-0366-OUT,INV-0366,ORD-366,OUTPUT,2025-02,29ABCDE0366F1Z5,2737.63,492.77,0,0,0,492.77,FALSE,,FILED
GST-0366-IN,INV-0366,ORD-366,INPUT,2025-02,29AAACR2288E1ZK,64.61,0,5.82,5.81,0,11.63,TRUE,TRUE,RECONCILED
GST-0367-OUT,INV-0367,ORD-367,OUTPUT,2025-02,29ABCDE0367F1Z5,816.45,0,73.48,73.48,0,146.96,FALSE,,FILED
GST-0367-IN,INV-0367,ORD-367,INPUT,2025-02,29AAACR2288E1ZK,3.85,0,0.34,0.35,0,0.69,TRUE,TRUE,RECONCILED
GST-0368-OUT,INV-0368,ORD-368,OUTPUT,2025-02,29ABCDE0368F1Z5,1211.36,0,109.02,109.02,0,218.04,FALSE,,FILED
GST-0368-IN,INV-0368,ORD-368,INPUT,2025-02,29AAACR2288E1ZK,12.0,0,1.08,1.08,0,2.16,TRUE,TRUE,RECONCILED
GST-0369-OUT,INV-0369,ORD-369,OUTPUT,2025-02,29ABCDE0369F1Z5,259.6,46.73,0,0,0,46.73,FALSE,,FILED
GST-0369-IN,INV-0369,ORD-369,INPUT,2025-02,29AAACR2288E1ZK,12.0,0,1.08,1.08,0,2.16,TRUE,TRUE,RECONCILED
GST-0370-OUT,INV-0370,ORD-370,OUTPUT,2025-02,29ABCDE0370F1Z5,2240.36,0,201.63,201.63,0,403.26,FALSE,,FILED
GST-0370-IN,INV-0370,ORD-370,INPUT,2025-02,29AAACR2288E1ZK,10.57,0,0.95,0.95,0,1.9,TRUE,TRUE,RECONCILED
GST-0371-OUT,INV-0371,ORD-371,OUTPUT,2025-02,29ABCDE0371F1Z5,2185.45,0,196.69,196.69,0,393.38,FALSE,,FILED
GST-0371-IN,INV-0371,ORD-371,INPUT,2025-02,29AAACR2288E1ZK,12.0,0,1.08,1.08,0,2.16,TRUE,TRUE,RECONCILED
GST-0372-OUT,INV-0372,ORD-372,OUTPUT,2025-02,29ABCDE0372F1Z5,631.44,113.66,0,0,0,113.66,FALSE,,FILED
GST-0372-IN,INV-0372,ORD-372,INPUT,2025-02,29AAACR2288E1ZK,2.98,0,0.27,0.27,0,0.54,TRUE,TRUE,RECONCILED
GST-0373-OUT,INV-0373,ORD-373,OUTPUT,2025-02,29ABCDE0373F1Z5,253.39,45.61,0,0,0,45.61,FALSE,,FILED
GST-0373-IN,INV-0373,ORD-373,INPUT,2025-02,29AAACR2288E1ZK,5.98,0,0.54,0.54,0,1.08,TRUE,TRUE,RECONCILED
GST-0374-OUT,INV-0374,ORD-374,OUTPUT,2025-02,29ABCDE0374F1Z5,253.39,45.61,0,0,0,45.61,FALSE,,FILED
GST-0374-IN,INV-0374,ORD-374,INPUT,2025-02,29AAACR2288E1ZK,5.68,0,0.51,0.51,0,1.02,TRUE,TRUE,RECONCILED
GST-0375-OUT,INV-0375,ORD-375,OUTPUT,2025-02,29ABCDE0375F1Z5,1131.9,203.74,0,0,0,203.74,FALSE,,FILED
GST-0375-IN,INV-0375,ORD-375,INPUT,2025-02,29AAACR2288E1ZK,25.38,0,2.29,2.28,0,4.57,TRUE,TRUE,RECONCILED
GST-0376-OUT,INV-0376,ORD-376,OUTPUT,2025-02,29ABCDE0376F1Z5,1093.48,0,98.42,98.41,0,196.83,FALSE,,FILED
GST-0376-IN,INV-0376,ORD-376,INPUT,2025-02,29AAACR2288E1ZK,5.16,0,0.47,0.46,0,0.93,TRUE,TRUE,RECONCILED
GST-0377-OUT,INV-0377,ORD-377,OUTPUT,2025-02,29ABCDE0377F1Z5,962.58,0,86.63,86.63,0,173.26,FALSE,,FILED
GST-0377-IN,INV-0377,ORD-377,INPUT,2025-02,29AAACR2288E1ZK,22.72,0,2.04,2.05,0,4.09,TRUE,TRUE,RECONCILED
GST-0378-OUT,INV-0378,ORD-378,OUTPUT,2025-02,29ABCDE0378F1Z5,253.39,0,22.8,22.81,0,45.61,FALSE,,FILED
GST-0378-IN,INV-0378,ORD-378,INPUT,2025-02,29AAACR2288E1ZK,5.98,0,0.54,0.54,0,1.08,TRUE,TRUE,RECONCILED
GST-0379-OUT,INV-0379,ORD-379,OUTPUT,2025-02,29ABCDE0379F1Z5,956.33,0,86.07,86.07,0,172.14,FALSE,,FILED
GST-0379-IN,INV-0379,ORD-379,INPUT,2025-02,29AAACR2288E1ZK,22.57,0,2.03,2.03,0,4.06,TRUE,TRUE,RECONCILED
GST-0380-OUT,INV-0380,ORD-380,OUTPUT,2025-02,29ABCDE0380F1Z5,4021.64,0,361.95,361.95,0,723.9,FALSE,,FILED
GST-0380-IN,INV-0380,ORD-380,INPUT,2025-02,29AAACR2288E1ZK,94.91,0,8.54,8.54,0,17.08,TRUE,TRUE,RECONCILED
GST-0381-OUT,INV-0381,ORD-381,OUTPUT,2025-02,29ABCDE0381F1Z5,13842.86,0,1245.86,1245.85,0,2491.71,FALSE,,FILED
GST-0381-IN,INV-0381,ORD-381,INPUT,2025-02,29AAACR2288E1ZK,326.69,0,29.4,29.4,0,58.8,TRUE,TRUE,RECONCILED
GST-0382-OUT,INV-0382,ORD-382,OUTPUT,2025-02,29ABCDE0382F1Z5,253.39,0,22.8,22.81,0,45.61,FALSE,,FILED
GST-0382-IN,INV-0382,ORD-382,INPUT,2025-02,29AAACR2288E1ZK,5.68,0,0.51,0.51,0,1.02,TRUE,TRUE,RECONCILED
GST-0383-OUT,INV-0383,ORD-383,OUTPUT,2025-02,29ABCDE0383F1Z5,1525.15,274.53,0,0,0,274.53,FALSE,,FILED
GST-0383-IN,INV-0383,ORD-383,INPUT,2025-02,29AAACR2288E1ZK,7.2,0,0.65,0.65,0,1.3,TRUE,TRUE,RECONCILED
GST-0384-OUT,INV-0384,ORD-384,OUTPUT,2025-02,29ABCDE0384F1Z5,5158.0,928.44,0,0,0,928.44,FALSE,,FILED
GST-0384-IN,INV-0384,ORD-384,INPUT,2025-02,29AAACR2288E1ZK,121.73,0,10.96,10.95,0,21.91,TRUE,TRUE,RECONCILED
GST-0385-OUT,INV-0385,ORD-385,OUTPUT,2025-02,29ABCDE0385F1Z5,1993.03,0,179.38,179.37,0,358.75,FALSE,,FILED
GST-0385-IN,INV-0385,ORD-385,INPUT,2025-02,29AAACR2288E1ZK,47.04,0,4.24,4.23,0,8.47,TRUE,TRUE,RECONCILED
GST-0386-OUT,INV-0386,ORD-386,OUTPUT,2025-02,29ABCDE0386F1Z5,1470.69,0,132.37,132.36,0,264.73,FALSE,,FILED
GST-0386-IN,INV-0386,ORD-386,INPUT,2025-02,29AAACR2288E1ZK,40.78,0,3.67,3.67,0,7.34,TRUE,TRUE,RECONCILED
GST-0387-OUT,INV-0387,ORD-387,OUTPUT,2025-02,29ABCDE0387F1Z5,1127.88,0,101.51,101.51,0,203.02,FALSE,,FILED
GST-0387-IN,INV-0387,ORD-387,INPUT,2025-02,29AAACR2288E1ZK,5.32,0,0.48,0.48,0,0.96,TRUE,TRUE,RECONCILED
GST-0388-OUT,INV-0388,ORD-388,OUTPUT,2025-02,29ABCDE0388F1Z5,1328.87,0,119.6,119.6,0,239.2,FALSE,,FILED
GST-0388-IN,INV-0388,ORD-388,INPUT,2025-02,29AAACR2288E1ZK,29.79,0,2.68,2.68,0,5.36,TRUE,TRUE,RECONCILED
GST-0389-OUT,INV-0389,ORD-389,OUTPUT,2025-02,29ABCDE0389F1Z5,390.12,0,35.11,35.11,0,70.22,FALSE,,FILED
GST-0389-IN,INV-0389,ORD-389,INPUT,2025-02,29AAACR2288E1ZK,9.21,0,0.83,0.83,0,1.66,TRUE,TRUE,RECONCILED
GST-0390-OUT,INV-0390,ORD-390,OUTPUT,2025-02,29ABCDE0390F1Z5,2819.04,507.43,0,0,0,507.43,FALSE,,FILED
GST-0390-IN,INV-0390,ORD-390,INPUT,2025-02,29AAACR2288E1ZK,66.53,0,5.99,5.99,0,11.98,TRUE,TRUE,RECONCILED
GST-0391-OUT,INV-0391,ORD-391,OUTPUT,2025-02,29ABCDE0391F1Z5,543.63,0,48.92,48.93,0,97.85,FALSE,,FILED
GST-0391-IN,INV-0391,ORD-391,INPUT,2025-02,29AAACR2288E1ZK,12.83,0,1.16,1.15,0,2.31,TRUE,TRUE,RECONCILED
GST-0392-OUT,INV-0392,ORD-392,OUTPUT,2025-02,29ABCDE0392F1Z5,253.39,0,22.8,22.81,0,45.61,FALSE,,FILED
GST-0392-IN,INV-0392,ORD-392,INPUT,2025-02,29AAACR2288E1ZK,1.2,0,0.11,0.11,0,0.22,TRUE,TRUE,RECONCILED
GST-0393-OUT,INV-0393,ORD-393,OUTPUT,2025-02,29ABCDE0393F1Z5,253.39,0,22.8,22.81,0,45.61,FALSE,,FILED
GST-0393-IN,INV-0393,ORD-393,INPUT,2025-02,29AAACR2288E1ZK,12.0,0,1.08,1.08,0,2.16,TRUE,TRUE,RECONCILED
GST-0394-OUT,INV-0394,ORD-394,OUTPUT,2025-02,29ABCDE0394F1Z5,1026.54,0,92.39,92.39,0,184.78,FALSE,,FILED
GST-0394-IN,INV-0394,ORD-394,INPUT,2025-02,29AAACR2288E1ZK,24.23,0,2.18,2.18,0,4.36,TRUE,TRUE,RECONCILED
GST-0395-OUT,INV-0395,ORD-395,OUTPUT,2025-02,29ABCDE0395F1Z5,1648.0,0,148.32,148.32,0,296.64,FALSE,,FILED
GST-0395-IN,INV-0395,ORD-395,INPUT,2025-02,29AAACR2288E1ZK,12.0,0,1.08,1.08,0,2.16,TRUE,TRUE,RECONCILED
GST-0396-OUT,INV-0396,ORD-396,OUTPUT,2025-02,29ABCDE0396F1Z5,1716.23,0,154.46,154.46,0,308.92,FALSE,,FILED
GST-0396-IN,INV-0396,ORD-396,INPUT,2025-02,29AAACR2288E1ZK,8.1,0,0.73,0.73,0,1.46,TRUE,TRUE,RECONCILED
GST-0398-OUT,INV-0398,ORD-398,OUTPUT,2025-02,29ABCDE0398F1Z5,398.08,0,35.83,35.82,0,71.65,FALSE,,FILED
GST-0398-IN,INV-0398,ORD-398,INPUT,2025-02,29AAACR2288E1ZK,9.39,0,0.84,0.85,0,1.69,TRUE,TRUE,RECONCILED
GST-0399-OUT,INV-0399,ORD-399,OUTPUT,2025-02,29ABCDE0399F1Z5,368.36,0,33.16,33.15,0,66.31,FALSE,,FILED
GST-0399-IN,INV-0399,ORD-399,INPUT,2025-02,29AAACR2288E1ZK,1.74,0,0.15,0.16,0,0.31,TRUE,TRUE,RECONCILED
GST-0400-OUT,INV-0400,ORD-400,OUTPUT,2025-02,29ABCDE0400F1Z5,4136.94,744.65,0,0,0,744.65,FALSE,,FILED
GST-0400-IN,INV-0400,ORD-400,INPUT,2025-02,29AAACR2288E1ZK,19.53,0,1.76,1.76,0,3.52,TRUE,TRUE,RECONCILED
GST-0401-OUT,INV-0401,ORD-401,OUTPUT,2025-02,29ABCDE0401F1Z5,2704.58,0,243.41,243.41,0,486.82,FALSE,,FILED
GST-0401-IN,INV-0401,ORD-401,INPUT,2025-02,29AAACR2288E1ZK,12.77,0,1.15,1.15,0,2.3,TRUE,TRUE,RECONCILED
GST-0402-OUT,INV-0402,ORD-402,OUTPUT,2025-02,29ABCDE0402F1Z5,253.39,45.61,0,0,0,45.61,FALSE,,FILED
GST-0402-IN,INV-0402,ORD-402,INPUT,2025-02,29AAACR2288E1ZK,12.0,0,1.08,1.08,0,2.16,TRUE,TRUE,RECONCILED
GST-0403-OUT,INV-0403,ORD-403,OUTPUT,2025-02,29ABCDE0403F1Z5,497.22,0,44.75,44.75,0,89.5,FALSE,,FILED
GST-0403-IN,INV-0403,ORD-403,INPUT,2025-02,29AAACR2288E1ZK,11.73,0,1.05,1.06,0,2.11,TRUE,TRUE,RECONCILED
GST-0404-OUT,INV-0404,ORD-404,OUTPUT,2025-02,29ABCDE0404F1Z5,526.18,94.71,0,0,0,94.71,FALSE,,FILED
GST-0404-IN,INV-0404,ORD-404,INPUT,2025-02,29AAACR2288E1ZK,12.0,0,1.08,1.08,0,2.16,TRUE,TRUE,RECONCILED
GST-0405-OUT,INV-0405,ORD-405,OUTPUT,2025-02,29ABCDE0405F1Z5,816.58,0,73.49,73.49,0,146.98,FALSE,,FILED
GST-0405-IN,INV-0405,ORD-405,INPUT,2025-02,29AAACR2288E1ZK,19.27,0,1.74,1.73,0,3.47,TRUE,TRUE,RECONCILED
GST-0406-OUT,INV-0406,ORD-406,OUTPUT,2025-02,29ABCDE0406F1Z5,435.36,78.37,0,0,0,78.37,FALSE,,FILED
GST-0406-IN,INV-0406,ORD-406,INPUT,2025-02,29AAACR2288E1ZK,12.07,0,1.08,1.09,0,2.17,TRUE,TRUE,RECONCILED
GST-0407-OUT,INV-0407,ORD-407,OUTPUT,2025-02,29ABCDE0407F1Z5,282.38,50.83,0,0,0,50.83,FALSE,,FILED
GST-0407-IN,INV-0407,ORD-407,INPUT,2025-02,29AAACR2288E1ZK,6.66,0,0.6,0.6,0,1.2,TRUE,TRUE,RECONCILED
GST-0408-OUT,INV-0408,ORD-408,OUTPUT,2025-02,29ABCDE0408F1Z5,662.64,0,59.63,59.64,0,119.27,FALSE,,FILED
GST-0408-IN,INV-0408,ORD-408,INPUT,2025-02,29AAACR2288E1ZK,12.0,0,1.08,1.08,0,2.16,TRUE,TRUE,RECONCILED
GST-0409-OUT,INV-0409,ORD-409,OUTPUT,2025-02,29ABCDE0409F1Z5,1435.04,0,129.16,129.15,0,258.31,FALSE,,FILED
GST-0409-IN,INV-0409,ORD-409,INPUT,2025-02,29AAACR2288E1ZK,33.87,0,3.05,3.05,0,6.1,TRUE,TRUE,RECONCILED
GST-0410-OUT,INV-0410,ORD-410,OUTPUT,2025-02,29ABCDE0410F1Z5,3928.51,707.13,0,0,0,707.13,FALSE,,FILED
GST-0410-IN,INV-0410,ORD-410,INPUT,2025-02,29AAACR2288E1ZK,108.94,0,9.8,9.81,0,19.61,TRUE,TRUE,RECONCILED
GST-0412-OUT,INV-0412,ORD-412,OUTPUT,2025-02,29ABCDE0412F1Z5,499.55,0,44.96,44.96,0,89.92,FALSE,,FILED
GST-0412-IN,INV-0412,ORD-412,INPUT,2025-02,29AAACR2288E1ZK,12.0,0,1.08,1.08,0,2.16,TRUE,TRUE,RECONCILED
GST-0413-OUT,INV-0413,ORD-413,OUTPUT,2025-02,29ABCDE0413F1Z5,1739.81,0,156.59,156.58,0,313.17,FALSE,,FILED
GST-0413-IN,INV-0413,ORD-413,INPUT,2025-02,29AAACR2288E1ZK,8.21,0,0.74,0.74,0,1.48,TRUE,TRUE,RECONCILED
GST-0414-OUT,INV-0414,ORD-414,OUTPUT,2025-02,29ABCDE0414F1Z5,253.39,0,22.8,22.81,0,45.61,FALSE,,FILED
GST-0414-IN,INV-0414,ORD-414,INPUT,2025-02,29AAACR2288E1ZK,5.98,0,0.54,0.54,0,1.08,TRUE,TRUE,RECONCILED
GST-0415-OUT,INV-0415,ORD-415,OUTPUT,2025-02,29ABCDE0415F1Z5,2264.44,407.6,0,0,0,407.6,FALSE,,FILED
GST-0415-IN,INV-0415,ORD-415,INPUT,2025-02,29AAACR2288E1ZK,30.46,0,2.74,2.74,0,5.48,TRUE,TRUE,RECONCILED
GST-0416-OUT,INV-0416,ORD-416,OUTPUT,2025-02,29ABCDE0416F1Z5,602.22,0,54.2,54.2,0,108.4,FALSE,,FILED
GST-0416-IN,INV-0416,ORD-416,INPUT,2025-02,29AAACR2288E1ZK,14.21,0,1.28,1.28,0,2.56,TRUE,TRUE,RECONCILED
GST-0417-OUT,INV-0417,ORD-417,OUTPUT,2025-02,29ABCDE0417F1Z5,440.11,0,39.61,39.61,0,79.22,FALSE,,FILED
GST-0417-IN,INV-0417,ORD-417,INPUT,2025-02,29AAACR2288E1ZK,2.08,0,0.18,0.19,0,0.37,TRUE,TRUE,RECONCILED
GST-0418-OUT,INV-0418,ORD-418,OUTPUT,2025-02,29ABCDE0418F1Z5,486.83,87.63,0,0,0,87.63,FALSE,,FILED
GST-0418-IN,INV-0418,ORD-418,INPUT,2025-02,29AAACR2288E1ZK,11.49,0,1.03,1.04,0,2.07,TRUE,TRUE,RECONCILED
GST-0419-OUT,INV-0419,ORD-419,OUTPUT,2025-02,29ABCDE0419F1Z5,279.75,0,25.18,25.17,0,50.35,FALSE,,FILED
GST-0419-IN,INV-0419,ORD-419,INPUT,2025-02,29AAACR2288E1ZK,1.32,0,0.12,0.12,0,0.24,TRUE,TRUE,RECONCILED
GST-0420-OUT,INV-0420,ORD-420,OUTPUT,2025-02,29ABCDE0420F1Z5,1057.31,0,95.16,95.15,0,190.31,FALSE,,FILED
GST-0420-IN,INV-0420,ORD-420,INPUT,2025-02,29AAACR2288E1ZK,23.7,0,2.13,2.14,0,4.27,TRUE,TRUE,RECONCILED
GST-0421-OUT,INV-0421,ORD-421,OUTPUT,2025-02,29ABCDE0421F1Z5,2058.87,370.6,0,0,0,370.6,FALSE,,FILED
GST-0421-IN,INV-0421,ORD-421,INPUT,2025-02,29AAACR2288E1ZK,48.59,0,4.38,4.37,0,8.75,TRUE,TRUE,RECONCILED
GST-0422-OUT,INV-0422,ORD-422,OUTPUT,2025-02,29ABCDE0422F1Z5,938.8,168.98,0,0,0,168.98,FALSE,,FILED
GST-0422-IN,INV-0422,ORD-422,INPUT,2025-02,29AAACR2288E1ZK,22.16,0,2.0,1.99,0,3.99,TRUE,TRUE,RECONCILED
GST-0423-OUT,INV-0423,ORD-423,OUTPUT,2025-02,29ABCDE0423F1Z5,253.39,0,22.8,22.81,0,45.61,FALSE,,FILED
GST-0423-IN,INV-0423,ORD-423,INPUT,2025-02,29AAACR2288E1ZK,1.2,0,0.11,0.11,0,0.22,TRUE,TRUE,RECONCILED
GST-0424-OUT,INV-0424,ORD-424,OUTPUT,2025-02,29ABCDE0424F1Z5,253.39,0,22.8,22.81,0,45.61,FALSE,,FILED
GST-0424-IN,INV-0424,ORD-424,INPUT,2025-02,29AAACR2288E1ZK,12.0,0,1.08,1.08,0,2.16,TRUE,TRUE,RECONCILED
GST-0425-OUT,INV-0425,ORD-425,OUTPUT,2025-02,29ABCDE0425F1Z5,5694.91,0,512.54,512.54,0,1025.08,FALSE,,FILED
GST-0425-IN,INV-0425,ORD-425,INPUT,2025-02,29AAACR2288E1ZK,12.0,0,1.08,1.08,0,2.16,TRUE,TRUE,RECONCILED
GST-0426-OUT,INV-0426,ORD-426,OUTPUT,2025-02,29ABCDE0426F1Z5,2138.43,0,192.46,192.46,0,384.92,FALSE,,FILED
GST-0426-IN,INV-0426,ORD-426,INPUT,2025-02,29AAACR2288E1ZK,12.0,0,1.08,1.08,0,2.16,TRUE,TRUE,RECONCILED
GST-0427-OUT,INV-0427,ORD-427,OUTPUT,2025-02,29ABCDE0427F1Z5,2202.91,396.52,0,0,0,396.52,FALSE,,FILED
GST-0427-IN,INV-0427,ORD-427,INPUT,2025-02,29AAACR2288E1ZK,51.99,0,4.68,4.68,0,9.36,TRUE,TRUE,RECONCILED
GST-0428-OUT,INV-0428,ORD-428,OUTPUT,2025-02,29ABCDE0428F1Z5,1640.62,0,147.66,147.65,0,295.31,FALSE,,FILED
GST-0428-IN,INV-0428,ORD-428,INPUT,2025-02,29AAACR2288E1ZK,7.74,0,0.69,0.7,0,1.39,TRUE,TRUE,RECONCILED
GST-0429-OUT,INV-0429,ORD-429,OUTPUT,2025-02,29ABCDE0429F1Z5,3609.61,649.73,0,0,0,649.73,FALSE,,FILED
GST-0429-IN,INV-0429,ORD-429,INPUT,2025-02,29AAACR2288E1ZK,17.04,0,1.53,1.54,0,3.07,TRUE,TRUE,RECONCILED
GST-0430-OUT,INV-0430,ORD-430,OUTPUT,2025-02,29ABCDE0430F1Z5,503.22,0,45.29,45.29,0,90.58,FALSE,,FILED
GST-0430-IN,INV-0430,ORD-430,INPUT,2025-02,29AAACR2288E1ZK,11.88,0,1.07,1.07,0,2.14,TRUE,TRUE,RECONCILED
GST-0431-OUT,INV-0431,ORD-431,OUTPUT,2025-02,29ABCDE0431F1Z5,502.25,0,45.2,45.2,0,90.4,FALSE,,FILED
GST-0431-IN,INV-0431,ORD-431,INPUT,2025-02,29AAACR2288E1ZK,11.85,0,1.06,1.07,0,2.13,TRUE,TRUE,RECONCILED
GST-0432-OUT,INV-0432,ORD-432,OUTPUT,2025-02,29ABCDE0432F1Z5,253.39,45.61,0,0,0,45.61,FALSE,,FILED
GST-0432-IN,INV-0432,ORD-432,INPUT,2025-02,29AAACR2288E1ZK,12.0,0,1.08,1.08,0,2.16,TRUE,TRUE,RECONCILED
GST-0433-OUT,INV-0433,ORD-433,OUTPUT,2025-02,29ABCDE0433F1Z5,756.24,136.12,0,0,0,136.12,FALSE,,FILED
GST-0433-IN,INV-0433,ORD-433,INPUT,2025-02,29AAACR2288E1ZK,12.0,0,1.08,1.08,0,2.16,TRUE,TRUE,RECONCILED
GST-0434-OUT,INV-0434,ORD-434,OUTPUT,2025-02,29ABCDE0434F1Z5,1960.16,0,176.41,176.42,0,352.83,FALSE,,FILED
GST-0434-IN,INV-0434,ORD-434,INPUT,2025-02,29AAACR2288E1ZK,54.36,0,4.89,4.89,0,9.78,TRUE,TRUE,RECONCILED
GST-0435-OUT,INV-0435,ORD-435,OUTPUT,2025-02,29ABCDE0435F1Z5,1813.63,0,163.22,163.23,0,326.45,FALSE,,FILED
GST-0435-IN,INV-0435,ORD-435,INPUT,2025-02,29AAACR2288E1ZK,8.56,0,0.77,0.77,0,1.54,TRUE,TRUE,RECONCILED
GST-0436-OUT,INV-0436,ORD-436,OUTPUT,2025-02,29ABCDE0436F1Z5,1375.6,247.61,0,0,0,247.61,FALSE,,FILED
GST-0436-IN,INV-0436,ORD-436,INPUT,2025-02,29AAACR2288E1ZK,32.46,0,2.92,2.92,0,5.84,TRUE,TRUE,RECONCILED
GST-0437-OUT,INV-0437,ORD-437,OUTPUT,2025-02,29ABCDE0437F1Z5,2245.4,404.17,0,0,0,404.17,FALSE,,FILED
GST-0437-IN,INV-0437,ORD-437,INPUT,2025-02,29AAACR2288E1ZK,10.6,0,0.95,0.96,0,1.91,TRUE,TRUE,RECONCILED
GST-0438-OUT,INV-0438,ORD-438,OUTPUT,2025-02,29ABCDE0438F1Z5,253.39,45.61,0,0,0,45.61,FALSE,,FILED
GST-0438-IN,INV-0438,ORD-438,INPUT,2025-02,29AAACR2288E1ZK,5.98,0,0.54,0.54,0,1.08,TRUE,TRUE,RECONCILED
GST-0439-OUT,INV-0439,ORD-439,OUTPUT,2025-02,29ABCDE0439F1Z5,1664.9,299.68,0,0,0,299.68,FALSE,,FILED
GST-0439-IN,INV-0439,ORD-439,INPUT,2025-02,29AAACR2288E1ZK,7.86,0,0.7,0.71,0,1.41,TRUE,TRUE,RECONCILED
GST-0440-OUT,INV-0440,ORD-440,OUTPUT,2025-02,29ABCDE0440F1Z5,2889.61,0,260.06,260.07,0,520.13,FALSE,,FILED
GST-0440-IN,INV-0440,ORD-440,INPUT,2025-02,29AAACR2288E1ZK,13.64,0,1.23,1.23,0,2.46,TRUE,TRUE,RECONCILED
GST-0441-OUT,INV-0441,ORD-441,OUTPUT,2025-02,29ABCDE0441F1Z5,1592.86,0,143.35,143.36,0,286.71,FALSE,,FILED
GST-0441-IN,INV-0441,ORD-441,INPUT,2025-02,29AAACR2288E1ZK,37.59,0,3.38,3.39,0,6.77,TRUE,TRUE,RECONCILED
GST-0442-OUT,INV-0442,ORD-442,OUTPUT,2025-02,29ABCDE0442F1Z5,769.54,138.52,0,0,0,138.52,FALSE,,FILED
GST-0442-IN,INV-0442,ORD-442,INPUT,2025-02,29AAACR2288E1ZK,18.16,0,1.64,1.63,0,3.27,TRUE,TRUE,RECONCILED
GST-0443-OUT,INV-0443,ORD-443,OUTPUT,2025-02,29ABCDE0443F1Z5,576.11,0,51.85,51.85,0,103.7,FALSE,,FILED
GST-0443-IN,INV-0443,ORD-443,INPUT,2025-02,29AAACR2288E1ZK,2.72,0,0.24,0.25,0,0.49,TRUE,TRUE,RECONCILED
GST-0444-OUT,INV-0444,ORD-444,OUTPUT,2025-02,29ABCDE0444F1Z5,1667.59,300.17,0,0,0,300.17,FALSE,,FILED
GST-0444-IN,INV-0444,ORD-444,INPUT,2025-02,29AAACR2288E1ZK,12.0,0,1.08,1.08,0,2.16,TRUE,TRUE,RECONCILED
GST-0445-OUT,INV-0445,ORD-445,OUTPUT,2025-02,29ABCDE0445F1Z5,542.02,97.56,0,0,0,97.56,FALSE,,FILED
GST-0445-IN,INV-0445,ORD-445,INPUT,2025-02,29AAACR2288E1ZK,12.79,0,1.15,1.15,0,2.3,TRUE,TRUE,RECONCILED
GST-0446-OUT,INV-0446,ORD-446,OUTPUT,2025-02,29ABCDE0446F1Z5,652.23,0,58.7,58.7,0,117.4,FALSE,,FILED
GST-0446-IN,INV-0446,ORD-446,INPUT,2025-02,29AAACR2288E1ZK,15.39,0,1.39,1.38,0,2.77,TRUE,TRUE,RECONCILED
GST-0447-OUT,INV-0447,ORD-447,OUTPUT,2025-02,29ABCDE0447F1Z5,646.17,0,58.16,58.15,0,116.31,FALSE,,FILED
GST-0447-IN,INV-0447,ORD-447,INPUT,2025-02,29AAACR2288E1ZK,15.25,0,1.38,1.37,0,2.75,TRUE,TRUE,RECONCILED
GST-0448-OUT,INV-0448,ORD-448,OUTPUT,2025-02,29ABCDE0448F1Z5,622.59,0,56.03,56.04,0,112.07,FALSE,,FILED
GST-0448-IN,INV-0448,ORD-448,INPUT,2025-02,29AAACR2288E1ZK,14.69,0,1.32,1.32,0,2.64,TRUE,TRUE,RECONCILED
GST-0449-OUT,INV-0449,ORD-449,OUTPUT,2025-02,29ABCDE0449F1Z5,351.18,63.21,0,0,0,63.21,FALSE,,FILED
GST-0449-IN,INV-0449,ORD-449,INPUT,2025-02,29AAACR2288E1ZK,12.0,0,1.08,1.08,0,2.16,TRUE,TRUE,RECONCILED
GST-0450-OUT,INV-0450,ORD-450,OUTPUT,2025-02,29ABCDE0450F1Z5,1438.19,0,129.44,129.44,0,258.88,FALSE,,FILED
GST-0450-IN,INV-0450,ORD-450,INPUT,2025-02,29AAACR2288E1ZK,12.0,0,1.08,1.08,0,2.16,TRUE,TRUE,RECONCILED
GST-0451-OUT,INV-0451,ORD-451,OUTPUT,2025-02,29ABCDE0451F1Z5,4769.13,0,429.22,429.22,0,858.44,FALSE,,FILED
GST-0451-IN,INV-0451,ORD-451,INPUT,2025-02,29AAACR2288E1ZK,112.55,0,10.13,10.13,0,20.26,TRUE,TRUE,RECONCILED
GST-0452-OUT,INV-0452,ORD-452,OUTPUT,2025-02,29ABCDE0452F1Z5,2453.58,0,220.82,220.83,0,441.65,FALSE,,FILED
GST-0452-IN,INV-0452,ORD-452,INPUT,2025-02,29AAACR2288E1ZK,57.9,0,5.21,5.21,0,10.42,TRUE,TRUE,RECONCILED
GST-0453-OUT,INV-0453,ORD-453,OUTPUT,2025-02,29ABCDE0453F1Z5,609.77,0,54.88,54.88,0,109.76,FALSE,,FILED
GST-0453-IN,INV-0453,ORD-453,INPUT,2025-02,29AAACR2288E1ZK,14.39,0,1.29,1.3,0,2.59,TRUE,TRUE,RECONCILED
GST-0454-OUT,INV-0454,ORD-454,OUTPUT,2025-02,29ABCDE0454F1Z5,1068.36,0,96.16,96.15,0,192.31,FALSE,,FILED
GST-0454-IN,INV-0454,ORD-454,INPUT,2025-02,29AAACR2288E1ZK,25.21,0,2.27,2.27,0,4.54,TRUE,TRUE,RECONCILED
GST-0455-OUT,INV-0455,ORD-455,OUTPUT,2025-02,29ABCDE0455F1Z5,2403.89,432.7,0,0,0,432.7,FALSE,,FILED
GST-0455-IN,INV-0455,ORD-455,INPUT,2025-02,29AAACR2288E1ZK,56.73,0,5.11,5.1,0,10.21,TRUE,TRUE,RECONCILED
GST-0456-OUT,INV-0456,ORD-456,OUTPUT,2025-02,29ABCDE0456F1Z5,679.94,122.39,0,0,0,122.39,FALSE,,FILED
GST-0456-IN,INV-0456,ORD-456,INPUT,2025-02,29AAACR2288E1ZK,3.21,0,0.29,0.29,0,0.58,TRUE,TRUE,RECONCILED
GST-0457-OUT,INV-0457,ORD-457,OUTPUT,2025-02,29ABCDE0457F1Z5,472.67,85.08,0,0,0,85.08,FALSE,,FILED
GST-0457-IN,INV-0457,ORD-457,INPUT,2025-02,29AAACR2288E1ZK,2.23,0,0.2,0.2,0,0.4,TRUE,TRUE,RECONCILED
GST-0458-OUT,INV-0458,ORD-458,OUTPUT,2025-02,29ABCDE0458F1Z5,968.34,0,87.15,87.15,0,174.3,FALSE,,FILED
GST-0458-IN,INV-0458,ORD-458,INPUT,2025-02,29AAACR2288E1ZK,4.57,0,0.41,0.41,0,0.82,TRUE,TRUE,RECONCILED
GST-0459-OUT,INV-0459,ORD-459,OUTPUT,2025-02,29ABCDE0459F1Z5,253.39,0,22.8,22.81,0,45.61,FALSE,,FILED
GST-0459-IN,INV-0459,ORD-459,INPUT,2025-02,29AAACR2288E1ZK,7.03,0,0.64,0.63,0,1.27,TRUE,TRUE,RECONCILED
GST-0460-OUT,INV-0460,ORD-460,OUTPUT,2025-02,29ABCDE0460F1Z5,289.97,52.2,0,0,0,52.2,FALSE,,FILED
GST-0460-IN,INV-0460,ORD-460,INPUT,2025-02,29AAACR2288E1ZK,12.0,0,1.08,1.08,0,2.16,TRUE,TRUE,RECONCILED
GST-0461-OUT,INV-0461,ORD-461,OUTPUT,2025-02,29ABCDE0461F1Z5,253.39,0,22.8,22.81,0,45.61,FALSE,,FILED
GST-0461-IN,INV-0461,ORD-461,INPUT,2025-02,29AAACR2288E1ZK,5.98,0,0.54,0.54,0,1.08,TRUE,TRUE,RECONCILED
GST-0462-OUT,INV-0462,ORD-462,OUTPUT,2025-02,29ABCDE0462F1Z5,260.58,46.91,0,0,0,46.91,FALSE,,FILED
GST-0462-IN,INV-0462,ORD-462,INPUT,2025-02,29AAACR2288E1ZK,5.84,0,0.53,0.52,0,1.05,TRUE,TRUE,RECONCILED
GST-0464-OUT,INV-0464,ORD-464,OUTPUT,2025-02,29ABCDE0464F1Z5,999.81,179.97,0,0,0,179.97,FALSE,,FILED
GST-0464-IN,INV-0464,ORD-464,INPUT,2025-02,29AAACR2288E1ZK,4.72,0,0.42,0.43,0,0.85,TRUE,TRUE,RECONCILED
GST-0465-OUT,INV-0465,ORD-465,OUTPUT,2025-02,29ABCDE0465F1Z5,9776.84,0,879.91,879.92,0,1759.83,FALSE,,FILED
GST-0465-IN,INV-0465,ORD-465,INPUT,2025-02,29AAACR2288E1ZK,46.15,0,4.16,4.15,0,8.31,TRUE,TRUE,RECONCILED
GST-0466-OUT,INV-0466,ORD-466,OUTPUT,2025-02,29ABCDE0466F1Z5,272.28,0,24.5,24.51,0,49.01,FALSE,,FILED
GST-0466-IN,INV-0466,ORD-466,INPUT,2025-02,29AAACR2288E1ZK,6.43,0,0.58,0.58,0,1.16,TRUE,TRUE,RECONCILED
GST-0467-OUT,INV-0467,ORD-467,OUTPUT,2025-02,29ABCDE0467F1Z5,589.77,0,53.08,53.08,0,106.16,FALSE,,FILED
GST-0467-IN,INV-0467,ORD-467,INPUT,2025-02,29AAACR2288E1ZK,13.92,0,1.25,1.26,0,2.51,TRUE,TRUE,RECONCILED
GST-0468-OUT,INV-0468,ORD-468,OUTPUT,2025-02,29ABCDE0468F1Z5,1337.45,0,120.37,120.37,0,240.74,FALSE,,FILED
GST-0468-IN,INV-0468,ORD-468,INPUT,2025-02,29AAACR2288E1ZK,31.56,0,2.84,2.84,0,5.68,TRUE,TRUE,RECONCILED
GST-0469-OUT,INV-0469,ORD-469,OUTPUT,2025-02,29ABCDE0469F1Z5,569.41,102.49,0,0,0,102.49,FALSE,,FILED
GST-0469-IN,INV-0469,ORD-469,INPUT,2025-02,29AAACR2288E1ZK,12.77,0,1.15,1.15,0,2.3,TRUE,TRUE,RECONCILED
GST-0470-OUT,INV-0470,ORD-470,OUTPUT,2025-02,29ABCDE0470F1Z5,253.39,0,22.8,22.81,0,45.61,FALSE,,FILED
GST-0470-IN,INV-0470,ORD-470,INPUT,2025-02,29AAACR2288E1ZK,1.2,0,0.11,0.11,0,0.22,TRUE,TRUE,RECONCILED
GST-0471-OUT,INV-0471,ORD-471,OUTPUT,2025-02,29ABCDE0471F1Z5,1147.33,0,103.26,103.26,0,206.52,FALSE,,FILED
GST-0471-IN,INV-0471,ORD-471,INPUT,2025-02,29AAACR2288E1ZK,27.08,0,2.44,2.43,0,4.87,TRUE,TRUE,RECONCILED
GST-0472-OUT,INV-0472,ORD-472,OUTPUT,2025-02,29ABCDE0472F1Z5,5665.42,0,509.89,509.89,0,1019.78,FALSE,,FILED
GST-0472-IN,INV-0472,ORD-472,INPUT,2025-02,29AAACR2288E1ZK,12.0,0,1.08,1.08,0,2.16,TRUE,TRUE,RECONCILED
GST-0473-OUT,INV-0473,ORD-473,OUTPUT,2025-02,29ABCDE0473F1Z5,421.84,0,37.97,37.96,0,75.93,FALSE,,FILED
GST-0473-IN,INV-0473,ORD-473,INPUT,2025-02,29AAACR2288E1ZK,9.96,0,0.9,0.89,0,1.79,TRUE,TRUE,RECONCILED
GST-0474-OUT,INV-0474,ORD-474,OUTPUT,2025-02,29ABCDE0474F1Z5,2171.31,390.84,0,0,0,390.84,FALSE,,FILED
GST-0474-IN,INV-0474,ORD-474,INPUT,2025-02,29AAACR2288E1ZK,51.24,0,4.61,4.61,0,9.22,TRUE,TRUE,RECONCILED
GST-0475-OUT,INV-0475,ORD-475,OUTPUT,2025-02,29ABCDE0475F1Z5,253.39,45.61,0,0,0,45.61,FALSE,,FILED
GST-0475-IN,INV-0475,ORD-475,INPUT,2025-02,29AAACR2288E1ZK,1.2,0,0.11,0.11,0,0.22,TRUE,TRUE,RECONCILED
GST-0476-OUT,INV-0476,ORD-476,OUTPUT,2025-02,29ABCDE0476F1Z5,1433.76,258.08,0,0,0,258.08,FALSE,,FILED
GST-0476-IN,INV-0476,ORD-476,INPUT,2025-02,29AAACR2288E1ZK,32.14,0,2.9,2.89,0,5.79,TRUE,TRUE,RECONCILED
GST-0477-OUT,INV-0477,ORD-477,OUTPUT,2025-02,29ABCDE0477F1Z5,1185.86,0,106.73,106.73,0,213.46,FALSE,,FILED
GST-0477-IN,INV-0477,ORD-477,INPUT,2025-02,29AAACR2288E1ZK,27.99,0,2.52,2.52,0,5.04,TRUE,TRUE,RECONCILED
GST-0478-OUT,INV-0478,ORD-478,OUTPUT,2025-02,29ABCDE0478F1Z5,1770.66,0,159.36,159.36,0,318.72,FALSE,,FILED
GST-0478-IN,INV-0478,ORD-478,INPUT,2025-02,29AAACR2288E1ZK,41.79,0,3.76,3.76,0,7.52,TRUE,TRUE,RECONCILED
GST-0479-OUT,INV-0479,ORD-479,OUTPUT,2025-02,29ABCDE0479F1Z5,460.88,0,41.48,41.48,0,82.96,FALSE,,FILED
GST-0479-IN,INV-0479,ORD-479,INPUT,2025-02,29AAACR2288E1ZK,1.31,0,0.12,0.12,0,0.24,TRUE,TRUE,RECONCILED
GST-0480-OUT,INV-0480,ORD-480,OUTPUT,2025-02,29ABCDE0480F1Z5,1739.96,313.19,0,0,0,313.19,FALSE,,FILED
GST-0480-IN,INV-0480,ORD-480,INPUT,2025-02,29AAACR2288E1ZK,48.25,0,4.34,4.35,0,8.69,TRUE,TRUE,RECONCILED
GST-0481-OUT,INV-0481,ORD-481,OUTPUT,2025-02,29ABCDE0481F1Z5,2056.58,0,185.09,185.09,0,370.18,FALSE,,FILED
GST-0481-IN,INV-0481,ORD-481,INPUT,2025-02,29AAACR2288E1ZK,9.71,0,0.88,0.87,0,1.75,TRUE,TRUE,RECONCILED
GST-0482-OUT,INV-0482,ORD-482,OUTPUT,2025-02,29ABCDE0482F1Z5,3005.45,0,270.49,270.49,0,540.98,FALSE,,FILED
GST-0482-IN,INV-0482,ORD-482,INPUT,2025-02,29AAACR2288E1ZK,70.93,0,6.38,6.39,0,12.77,TRUE,TRUE,RECONCILED
GST-0483-OUT,INV-0483,ORD-483,OUTPUT,2025-02,29ABCDE0483F1Z5,2456.74,0,221.1,221.11,0,442.21,FALSE,,FILED
GST-0483-IN,INV-0483,ORD-483,INPUT,2025-02,29AAACR2288E1ZK,11.6,0,1.04,1.05,0,2.09,TRUE,TRUE,RECONCILED
GST-0484-OUT,INV-0484,ORD-484,OUTPUT,2025-02,29ABCDE0484F1Z5,1224.23,0,110.18,110.18,0,220.36,FALSE,,FILED
GST-0484-IN,INV-0484,ORD-484,INPUT,2025-02,29AAACR2288E1ZK,33.95,0,3.06,3.05,0,6.11,TRUE,TRUE,RECONCILED
GST-0485-OUT,INV-0485,ORD-485,OUTPUT,2025-02,29ABCDE0485F1Z5,620.14,0,55.81,55.82,0,111.63,FALSE,,FILED
GST-0485-IN,INV-0485,ORD-485,INPUT,2025-02,29AAACR2288E1ZK,14.64,0,1.32,1.32,0,2.64,TRUE,TRUE,RECONCILED
GST-0486-OUT,INV-0486,ORD-486,OUTPUT,2025-02,29ABCDE0486F1Z5,291.37,52.45,0,0,0,52.45,FALSE,,FILED
GST-0486-IN,INV-0486,ORD-486,INPUT,2025-02,29AAACR2288E1ZK,6.88,0,0.62,0.62,0,1.24,TRUE,TRUE,RECONCILED
GST-0487-OUT,INV-0487,ORD-487,OUTPUT,2025-02,29ABCDE0487F1Z5,3638.36,654.9,0,0,0,654.9,FALSE,,FILED
GST-0487-IN,INV-0487,ORD-487,INPUT,2025-02,29AAACR2288E1ZK,12.0,0,1.08,1.08,0,2.16,TRUE,TRUE,RECONCILED
GST-0488-OUT,INV-0488,ORD-488,OUTPUT,2025-02,29ABCDE0488F1Z5,442.42,0,39.81,39.82,0,79.63,FALSE,,FILED
GST-0488-IN,INV-0488,ORD-488,INPUT,2025-02,29AAACR2288E1ZK,10.44,0,0.94,0.94,0,1.88,TRUE,TRUE,RECONCILED
GST-0489-OUT,INV-0489,ORD-489,OUTPUT,2025-02,29ABCDE0489F1Z5,347.92,0,31.31,31.31,0,62.62,FALSE,,FILED
GST-0489-IN,INV-0489,ORD-489,INPUT,2025-02,29AAACR2288E1ZK,1.64,0,0.15,0.15,0,0.3,TRUE,TRUE,RECONCILED
GST-0490-OUT,INV-0490,ORD-490,OUTPUT,2025-02,29ABCDE0490F1Z5,1015.14,0,91.36,91.37,0,182.73,FALSE,,FILED
GST-0490-IN,INV-0490,ORD-490,INPUT,2025-02,29AAACR2288E1ZK,12.0,0,1.08,1.08,0,2.16,TRUE,TRUE,RECONCILED
GST-0491-OUT,INV-0491,ORD-491,OUTPUT,2025-02,29ABCDE0491F1Z5,462.04,0,41.59,41.58,0,83.17,FALSE,,FILED
GST-0491-IN,INV-0491,ORD-491,INPUT,2025-02,29AAACR2288E1ZK,2.18,0,0.2,0.19,0,0.39,TRUE,TRUE,RECONCILED
GST-0492-OUT,INV-0492,ORD-492,OUTPUT,2025-02,29ABCDE0492F1Z5,1664.49,299.61,0,0,0,299.61,FALSE,,FILED
GST-0492-IN,INV-0492,ORD-492,INPUT,2025-02,29AAACR2288E1ZK,12.0,0,1.08,1.08,0,2.16,TRUE,TRUE,RECONCILED
GST-0493-OUT,INV-0493,ORD-493,OUTPUT,2025-02,29ABCDE0493F1Z5,489.5,88.11,0,0,0,88.11,FALSE,,FILED
GST-0493-IN,INV-0493,ORD-493,INPUT,2025-02,29AAACR2288E1ZK,2.31,0,0.21,0.21,0,0.42,TRUE,TRUE,RECONCILED
GST-0494-OUT,INV-0494,ORD-494,OUTPUT,2025-02,29ABCDE0494F1Z5,618.09,0,55.63,55.63,0,111.26,FALSE,,FILED
GST-0494-IN,INV-0494,ORD-494,INPUT,2025-02,29AAACR2288E1ZK,12.0,0,1.08,1.08,0,2.16,TRUE,TRUE,RECONCILED
GST-0495-OUT,INV-0495,ORD-495,OUTPUT,2025-02,29ABCDE0495F1Z5,4547.97,0,409.31,409.32,0,818.63,FALSE,,FILED
GST-0495-IN,INV-0495,ORD-495,INPUT,2025-02,29AAACR2288E1ZK,107.33,0,9.66,9.66,0,19.32,TRUE,TRUE,RECONCILED
GST-0496-OUT,INV-0496,ORD-496,OUTPUT,2025-02,29ABCDE0496F1Z5,498.92,0,44.9,44.9,0,89.8,FALSE,,FILED
GST-0496-IN,INV-0496,ORD-496,INPUT,2025-02,29AAACR2288E1ZK,2.35,0,0.21,0.21,0,0.42,TRUE,TRUE,RECONCILED
GST-0497-OUT,INV-0497,ORD-497,OUTPUT,2025-02,29ABCDE0497F1Z5,2047.08,368.47,0,0,0,368.47,FALSE,,FILED
GST-0497-IN,INV-0497,ORD-497,INPUT,2025-02,29AAACR2288E1ZK,48.31,0,4.35,4.35,0,8.7,TRUE,TRUE,RECONCILED
GST-0498-OUT,INV-0498,ORD-498,OUTPUT,2025-02,29ABCDE0498F1Z5,652.47,0,58.72,58.72,0,117.44,FALSE,,FILED
GST-0498-IN,INV-0498,ORD-498,INPUT,2025-02,29AAACR2288E1ZK,15.4,0,1.39,1.38,0,2.77,TRUE,TRUE,RECONCILED
GST-0499-OUT,INV-0499,ORD-499,OUTPUT,2025-02,29ABCDE0499F1Z5,861.04,0,77.5,77.49,0,154.99,FALSE,,FILED
GST-0499-IN,INV-0499,ORD-499,INPUT,2025-02,29AAACR2288E1ZK,12.0,0,1.08,1.08,0,2.16,TRUE,TRUE,RECONCILED
GST-0500-OUT,INV-0500,ORD-500,OUTPUT,2025-02,29ABCDE0500F1Z5,749.29,134.87,0,0,0,134.87,FALSE,,FILED
GST-0500-IN,INV-0500,ORD-500,INPUT,2025-02,29AAACR2288E1ZK,17.68,0,1.59,1.59,0,3.18,TRUE,TRUE,RECONCILED
GST-0502-OUT,INV-0502,ORD-502,OUTPUT,2025-02,29ABCDE0502F1Z5,2501.63,450.29,0,0,0,450.29,FALSE,,FILED
GST-0502-IN,INV-0502,ORD-502,INPUT,2025-02,29AAACR2288E1ZK,59.04,0,5.32,5.31,0,10.63,TRUE,TRUE,RECONCILED
GST-0503-OUT,INV-0503,ORD-503,OUTPUT,2025-02,29ABCDE0503F1Z5,558.35,100.5,0,0,0,100.5,FALSE,,FILED
GST-0503-IN,INV-0503,ORD-503,INPUT,2025-02,29AAACR2288E1ZK,2.64,0,0.24,0.24,0,0.48,TRUE,TRUE,RECONCILED
GST-0504-OUT,INV-0504,ORD-504,OUTPUT,2025-02,29ABCDE0504F1Z5,636.55,0,57.29,57.29,0,114.58,FALSE,,FILED
GST-0504-IN,INV-0504,ORD-504,INPUT,2025-02,29AAACR2288E1ZK,3.0,0,0.27,0.27,0,0.54,TRUE,TRUE,RECONCILED
GST-0505-OUT,INV-0505,ORD-505,OUTPUT,2025-02,29ABCDE0505F1Z5,1598.85,287.79,0,0,0,287.79,FALSE,,FILED
GST-0505-IN,INV-0505,ORD-505,INPUT,2025-02,29AAACR2288E1ZK,7.55,0,0.68,0.68,0,1.36,TRUE,TRUE,RECONCILED
GST-0506-OUT,INV-0506,ORD-506,OUTPUT,2025-02,29ABCDE0506F1Z5,941.12,169.4,0,0,0,169.4,FALSE,,FILED
GST-0506-IN,INV-0506,ORD-506,INPUT,2025-02,29AAACR2288E1ZK,22.21,0,2.0,2.0,0,4.0,TRUE,TRUE,RECONCILED
GST-0507-OUT,INV-0507,ORD-507,OUTPUT,2025-02,29ABCDE0507F1Z5,362.15,0,32.59,32.6,0,65.19,FALSE,,FILED
GST-0507-IN,INV-0507,ORD-507,INPUT,2025-02,29AAACR2288E1ZK,5.13,0,0.46,0.46,0,0.92,TRUE,TRUE,RECONCILED
GST-0508-OUT,INV-0508,ORD-508,OUTPUT,2025-02,29ABCDE0508F1Z5,1236.14,222.5,0,0,0,222.5,FALSE,,FILED
GST-0508-IN,INV-0508,ORD-508,INPUT,2025-02,29AAACR2288E1ZK,5.83,0,0.53,0.52,0,1.05,TRUE,TRUE,RECONCILED
GST-0509-OUT,INV-0509,ORD-509,OUTPUT,2025-02,29ABCDE0509F1Z5,1096.19,0,98.66,98.65,0,197.31,FALSE,,FILED
GST-0509-IN,INV-0509,ORD-509,INPUT,2025-02,29AAACR2288E1ZK,25.87,0,2.33,2.33,0,4.66,TRUE,TRUE,RECONCILED
GST-0510-OUT,INV-0510,ORD-510,OUTPUT,2025-02,29ABCDE0510F1Z5,253.39,45.61,0,0,0,45.61,FALSE,,FILED
GST-0510-IN,INV-0510,ORD-510,INPUT,2025-02,29AAACR2288E1ZK,1.2,0,0.11,0.11,0,0.22,TRUE,TRUE,RECONCILED
GST-0511-OUT,INV-0511,ORD-511,OUTPUT,2025-02,29ABCDE0511F1Z5,1736.6,0,156.29,156.3,0,312.59,FALSE,,FILED
GST-0511-IN,INV-0511,ORD-511,INPUT,2025-02,29AAACR2288E1ZK,40.98,0,3.69,3.69,0,7.38,TRUE,TRUE,RECONCILED
GST-0512-OUT,INV-0512,ORD-512,OUTPUT,2025-02,29ABCDE0512F1Z5,384.71,0,34.62,34.63,0,69.25,FALSE,,FILED
GST-0512-IN,INV-0512,ORD-512,INPUT,2025-02,29AAACR2288E1ZK,1.82,0,0.17,0.16,0,0.33,TRUE,TRUE,RECONCILED
GST-0513-OUT,INV-0513,ORD-513,OUTPUT,2025-02,29ABCDE0513F1Z5,3515.21,632.74,0,0,0,632.74,FALSE,,FILED
GST-0513-IN,INV-0513,ORD-513,INPUT,2025-02,29AAACR2288E1ZK,12.0,0,1.08,1.08,0,2.16,TRUE,TRUE,RECONCILED
GST-0515-OUT,INV-0515,ORD-515,OUTPUT,2025-02,29ABCDE0515F1Z5,5779.13,1040.24,0,0,0,1040.24,FALSE,,FILED
GST-0515-IN,INV-0515,ORD-515,INPUT,2025-02,29AAACR2288E1ZK,129.57,0,11.66,11.66,0,23.32,TRUE,TRUE,RECONCILED
GST-0516-OUT,INV-0516,ORD-516,OUTPUT,2025-02,29ABCDE0516F1Z5,7241.69,1303.51,0,0,0,1303.51,FALSE,,FILED
GST-0516-IN,INV-0516,ORD-516,INPUT,2025-02,29AAACR2288E1ZK,12.0,0,1.08,1.08,0,2.16,TRUE,TRUE,RECONCILED
GST-0517-OUT,INV-0517,ORD-517,OUTPUT,2025-02,29ABCDE0517F1Z5,389.19,0,35.03,35.03,0,70.06,FALSE,,FILED
GST-0517-IN,INV-0517,ORD-517,INPUT,2025-02,29AAACR2288E1ZK,5.51,0,0.49,0.5,0,0.99,TRUE,TRUE,RECONCILED
GST-0518-OUT,INV-0518,ORD-518,OUTPUT,2025-02,29ABCDE0518F1Z5,256.53,0,23.09,23.08,0,46.17,FALSE,,FILED
GST-0518-IN,INV-0518,ORD-518,INPUT,2025-02,29AAACR2288E1ZK,6.05,0,0.55,0.54,0,1.09,TRUE,TRUE,RECONCILED
GST-0519-OUT,INV-0519,ORD-519,OUTPUT,2025-02,29ABCDE0519F1Z5,1383.69,0,124.53,124.53,0,249.06,FALSE,,FILED
GST-0519-IN,INV-0519,ORD-519,INPUT,2025-02,29AAACR2288E1ZK,31.02,0,2.79,2.79,0,5.58,TRUE,TRUE,RECONCILED
GST-0520-OUT,INV-0520,ORD-520,OUTPUT,2025-02,29ABCDE0520F1Z5,1866.58,0,168.0,167.99,0,335.99,FALSE,,FILED
GST-0520-IN,INV-0520,ORD-520,INPUT,2025-02,29AAACR2288E1ZK,8.81,0,0.8,0.79,0,1.59,TRUE,TRUE,RECONCILED
GST-0521-OUT,INV-0521,ORD-521,OUTPUT,2025-02,29ABCDE0521F1Z5,6552.64,1179.48,0,0,0,1179.48,FALSE,,FILED
GST-0521-IN,INV-0521,ORD-521,INPUT,2025-02,29AAACR2288E1ZK,30.93,0,2.79,2.78,0,5.57,TRUE,TRUE,RECONCILED
GST-0522-OUT,INV-0522,ORD-522,OUTPUT,2025-02,29ABCDE0522F1Z5,1703.69,306.66,0,0,0,306.66,FALSE,,FILED
GST-0522-IN,INV-0522,ORD-522,INPUT,2025-02,29AAACR2288E1ZK,8.04,0,0.72,0.73,0,1.45,TRUE,TRUE,RECONCILED
GST-0523-OUT,INV-0523,ORD-523,OUTPUT,2025-02,29ABCDE0523F1Z5,1862.37,0,167.62,167.61,0,335.23,FALSE,,FILED
GST-0523-IN,INV-0523,ORD-523,INPUT,2025-02,29AAACR2288E1ZK,51.64,0,4.65,4.65,0,9.3,TRUE,TRUE,RECONCILED
GST-0524-OUT,INV-0524,ORD-524,OUTPUT,2025-02,29ABCDE0524F1Z5,1380.27,248.45,0,0,0,248.45,FALSE,,FILED
GST-0524-IN,INV-0524,ORD-524,INPUT,2025-02,29AAACR2288E1ZK,12.0,0,1.08,1.08,0,2.16,TRUE,TRUE,RECONCILED
GST-0525-OUT,INV-0525,ORD-525,OUTPUT,2025-02,29ABCDE0525F1Z5,878.31,0,79.05,79.05,0,158.1,FALSE,,FILED
GST-0525-IN,INV-0525,ORD-525,INPUT,2025-02,29AAACR2288E1ZK,4.15,0,0.38,0.37,0,0.75,TRUE,TRUE,RECONCILED
GST-0526-OUT,INV-0526,ORD-526,OUTPUT,2025-02,29ABCDE0526F1Z5,3766.16,0,338.95,338.96,0,677.91,FALSE,,FILED
GST-0526-IN,INV-0526,ORD-526,INPUT,2025-02,29AAACR2288E1ZK,88.88,0,8.0,8.0,0,16.0,TRUE,TRUE,RECONCILED
GST-0527-OUT,INV-0527,ORD-527,OUTPUT,2025-02,29ABCDE0527F1Z5,506.13,0,45.55,45.55,0,91.1,FALSE,,FILED
GST-0527-IN,INV-0527,ORD-527,INPUT,2025-02,29AAACR2288E1ZK,2.39,0,0.21,0.22,0,0.43,TRUE,TRUE,RECONCILED
GST-0528-OUT,INV-0528,ORD-528,OUTPUT,2025-02,29ABCDE0528F1Z5,466.53,0,41.99,41.99,0,83.98,FALSE,,FILED
GST-0528-IN,INV-0528,ORD-528,INPUT,2025-02,29AAACR2288E1ZK,11.01,0,0.99,0.99,0,1.98,TRUE,TRUE,RECONCILED
GST-0530-OUT,INV-0530,ORD-530,OUTPUT,2025-02,29ABCDE0530F1Z5,253.39,45.61,0,0,0,45.61,FALSE,,FILED
GST-0530-IN,INV-0530,ORD-530,INPUT,2025-02,29AAACR2288E1ZK,5.98,0,0.54,0.54,0,1.08,TRUE,TRUE,RECONCILED
GST-0531-OUT,INV-0531,ORD-531,OUTPUT,2025-02,29ABCDE0531F1Z5,253.39,0,22.8,22.81,0,45.61,FALSE,,FILED
GST-0531-IN,INV-0531,ORD-531,INPUT,2025-02,29AAACR2288E1ZK,5.98,0,0.54,0.54,0,1.08,TRUE,TRUE,RECONCILED
GST-0532-OUT,INV-0532,ORD-532,OUTPUT,2025-02,29ABCDE0532F1Z5,2491.93,0,224.28,224.27,0,448.55,FALSE,,FILED
GST-0532-IN,INV-0532,ORD-532,INPUT,2025-02,29AAACR2288E1ZK,58.81,0,5.29,5.3,0,10.59,TRUE,TRUE,RECONCILED
GST-0533-OUT,INV-0533,ORD-533,OUTPUT,2025-02,29ABCDE0533F1Z5,778.33,0,70.05,70.05,0,140.1,FALSE,,FILED
GST-0533-IN,INV-0533,ORD-533,INPUT,2025-02,29AAACR2288E1ZK,18.37,0,1.66,1.65,0,3.31,TRUE,TRUE,RECONCILED
GST-0534-OUT,INV-0534,ORD-534,OUTPUT,2025-02,29ABCDE0534F1Z5,4643.05,835.75,0,0,0,835.75,FALSE,,FILED
GST-0534-IN,INV-0534,ORD-534,INPUT,2025-02,29AAACR2288E1ZK,109.58,0,9.86,9.86,0,19.72,TRUE,TRUE,RECONCILED
GST-0535-OUT,INV-0535,ORD-535,OUTPUT,2025-02,29ABCDE0535F1Z5,718.57,129.34,0,0,0,129.34,FALSE,,FILED
GST-0535-IN,INV-0535,ORD-535,INPUT,2025-02,29AAACR2288E1ZK,19.93,0,1.79,1.8,0,3.59,TRUE,TRUE,RECONCILED
GST-0536-OUT,INV-0536,ORD-536,OUTPUT,2025-02,29ABCDE0536F1Z5,1759.84,0,158.38,158.39,0,316.77,FALSE,,FILED
GST-0536-IN,INV-0536,ORD-536,INPUT,2025-02,29AAACR2288E1ZK,41.53,0,3.74,3.74,0,7.48,TRUE,TRUE,RECONCILED
GST-0537-OUT,INV-0537,ORD-537,OUTPUT,2025-02,29ABCDE0537F1Z5,435.53,78.4,0,0,0,78.4,FALSE,,FILED
GST-0537-IN,INV-0537,ORD-537,INPUT,2025-02,29AAACR2288E1ZK,10.28,0,0.93,0.92,0,1.85,TRUE,TRUE,RECONCILED
GST-0538-OUT,INV-0538,ORD-538,OUTPUT,2025-02,29ABCDE0538F1Z5,1069.3,0,96.23,96.24,0,192.47,FALSE,,FILED
GST-0538-IN,INV-0538,ORD-538,INPUT,2025-02,29AAACR2288E1ZK,12.0,0,1.08,1.08,0,2.16,TRUE,TRUE,RECONCILED
GST-0539-OUT,INV-0539,ORD-539,OUTPUT,2025-02,29ABCDE0539F1Z5,8857.52,1594.35,0,0,0,1594.35,FALSE,,FILED
GST-0539-IN,INV-0539,ORD-539,INPUT,2025-02,29AAACR2288E1ZK,209.04,0,18.82,18.81,0,37.63,TRUE,TRUE,RECONCILED
GST-0540-OUT,INV-0540,ORD-540,OUTPUT,2025-02,29ABCDE0540F1Z5,653.42,0,58.81,58.81,0,117.62,FALSE,,FILED
GST-0540-IN,INV-0540,ORD-540,INPUT,2025-02,29AAACR2288E1ZK,3.08,0,0.28,0.27,0,0.55,TRUE,TRUE,RECONCILED
GST-0541-OUT,INV-0541,ORD-541,OUTPUT,2025-02,29ABCDE0541F1Z5,1327.7,0,119.5,119.49,0,238.99,FALSE,,FILED
GST-0541-IN,INV-0541,ORD-541,INPUT,2025-02,29AAACR2288E1ZK,31.33,0,2.82,2.82,0,5.64,TRUE,TRUE,RECONCILED
GST-0542-OUT,INV-0542,ORD-542,OUTPUT,2025-02,29ABCDE0542F1Z5,928.03,0,83.52,83.52,0,167.04,FALSE,,FILED
GST-0542-IN,INV-0542,ORD-542,INPUT,2025-02,29AAACR2288E1ZK,2.63,0,0.23,0.24,0,0.47,TRUE,TRUE,RECONCILED
GST-0543-OUT,INV-0543,ORD-543,OUTPUT,2025-02,29ABCDE0543F1Z5,875.69,0,78.81,78.82,0,157.63,FALSE,,FILED
GST-0543-IN,INV-0543,ORD-543,INPUT,2025-02,29AAACR2288E1ZK,20.67,0,1.86,1.86,0,3.72,TRUE,TRUE,RECONCILED
GST-0544-OUT,INV-0544,ORD-544,OUTPUT,2025-02,29ABCDE0544F1Z5,253.39,0,22.8,22.81,0,45.61,FALSE,,FILED
GST-0544-IN,INV-0544,ORD-544,INPUT,2025-02,29AAACR2288E1ZK,1.2,0,0.11,0.11,0,0.22,TRUE,TRUE,RECONCILED
GST-0545-OUT,INV-0545,ORD-545,OUTPUT,2025-02,29ABCDE0545F1Z5,4387.31,0,394.86,394.86,0,789.72,FALSE,,FILED
GST-0545-IN,INV-0545,ORD-545,INPUT,2025-02,29AAACR2288E1ZK,20.71,0,1.86,1.87,0,3.73,TRUE,TRUE,RECONCILED
GST-0546-OUT,INV-0546,ORD-546,OUTPUT,2025-02,29ABCDE0546F1Z5,3884.81,0,349.63,349.63,0,699.26,FALSE,,FILED
GST-0546-IN,INV-0546,ORD-546,INPUT,2025-02,29AAACR2288E1ZK,18.34,0,1.65,1.65,0,3.3,TRUE,TRUE,RECONCILED
GST-0547-OUT,INV-0547,ORD-547,OUTPUT,2025-02,29ABCDE0547F1Z5,1256.91,0,113.12,113.12,0,226.24,FALSE,,FILED
GST-0547-IN,INV-0547,ORD-547,INPUT,2025-02,29AAACR2288E1ZK,28.18,0,2.54,2.53,0,5.07,TRUE,TRUE,RECONCILED
GST-0548-OUT,INV-0548,ORD-548,OUTPUT,2025-02,29ABCDE0548F1Z5,262.18,47.19,0,0,0,47.19,FALSE,,FILED
GST-0548-IN,INV-0548,ORD-548,INPUT,2025-02,29AAACR2288E1ZK,1.24,0,0.11,0.11,0,0.22,TRUE,TRUE,RECONCILED
GST-0549-OUT,INV-0549,ORD-549,OUTPUT,2025-02,29ABCDE0549F1Z5,1219.81,219.57,0,0,0,219.57,FALSE,,FILED
GST-0549-IN,INV-0549,ORD-549,INPUT,2025-02,29AAACR2288E1ZK,28.79,0,2.59,2.59,0,5.18,TRUE,TRUE,RECONCILED
GST-0550-OUT,INV-0550,ORD-550,OUTPUT,2025-02,29ABCDE0550F1Z5,4271.44,0,384.43,384.43,0,768.86,FALSE,,FILED
GST-0550-IN,INV-0550,ORD-550,INPUT,2025-02,29AAACR2288E1ZK,100.81,0,9.07,9.08,0,18.15,TRUE,TRUE,RECONCILED
GST-0551-OUT,INV-0551,ORD-551,OUTPUT,2025-02,29ABCDE0551F1Z5,972.19,175.0,0,0,0,175.0,FALSE,,FILED
GST-0551-IN,INV-0551,ORD-551,INPUT,2025-02,29AAACR2288E1ZK,12.0,0,1.08,1.08,0,2.16,TRUE,TRUE,RECONCILED
GST-0552-OUT,INV-0552,ORD-552,OUTPUT,2025-02,29ABCDE0552F1Z5,1595.03,0,143.56,143.55,0,287.11,FALSE,,FILED
GST-0552-IN,INV-0552,ORD-552,INPUT,2025-02,29AAACR2288E1ZK,37.64,0,3.39,3.39,0,6.78,TRUE,TRUE,RECONCILED
GST-0553-OUT,INV-0553,ORD-553,OUTPUT,2025-02,29ABCDE0553F1Z5,1517.2,0,136.55,136.55,0,273.1,FALSE,,FILED
GST-0553-IN,INV-0553,ORD-553,INPUT,2025-02,29AAACR2288E1ZK,35.81,0,3.23,3.22,0,6.45,TRUE,TRUE,RECONCILED
GST-0554-OUT,INV-0554,ORD-554,OUTPUT,2025-02,29ABCDE0554F1Z5,2522.06,0,226.99,226.98,0,453.97,FALSE,,FILED
GST-0554-IN,INV-0554,ORD-554,INPUT,2025-02,29AAACR2288E1ZK,59.52,0,5.36,5.35,0,10.71,TRUE,TRUE,RECONCILED
GST-0555-OUT,INV-0555,ORD-555,OUTPUT,2025-02,29ABCDE0555F1Z5,2945.64,0,265.11,265.11,0,530.22,FALSE,,FILED
GST-0555-IN,INV-0555,ORD-555,INPUT,2025-02,29AAACR2288E1ZK,12.0,0,1.08,1.08,0,2.16,TRUE,TRUE,RECONCILED
GST-0557-OUT,INV-0557,ORD-557,OUTPUT,2025-02,29ABCDE0557F1Z5,2653.45,477.62,0,0,0,477.62,FALSE,,FILED
GST-0557-IN,INV-0557,ORD-557,INPUT,2025-02,29AAACR2288E1ZK,62.62,0,5.63,5.64,0,11.27,TRUE,TRUE,RECONCILED
GST-0558-OUT,INV-0558,ORD-558,OUTPUT,2025-02,29ABCDE0558F1Z5,253.39,0,22.8,22.81,0,45.61,FALSE,,FILED
GST-0558-IN,INV-0558,ORD-558,INPUT,2025-02,29AAACR2288E1ZK,1.2,0,0.11,0.11,0,0.22,TRUE,TRUE,RECONCILED
GST-0559-OUT,INV-0559,ORD-559,OUTPUT,2025-02,29ABCDE0559F1Z5,1507.78,271.4,0,0,0,271.4,FALSE,,FILED
GST-0559-IN,INV-0559,ORD-559,INPUT,2025-02,29AAACR2288E1ZK,21.35,0,1.92,1.92,0,3.84,TRUE,TRUE,RECONCILED
GST-0560-OUT,INV-0560,ORD-560,OUTPUT,2025-02,29ABCDE0560F1Z5,253.39,45.61,0,0,0,45.61,FALSE,,FILED
GST-0560-IN,INV-0560,ORD-560,INPUT,2025-02,29AAACR2288E1ZK,1.2,0,0.11,0.11,0,0.22,TRUE,TRUE,RECONCILED
GST-0561-OUT,INV-0561,ORD-561,OUTPUT,2025-02,29ABCDE0561F1Z5,6328.63,1139.15,0,0,0,1139.15,FALSE,,FILED
GST-0561-IN,INV-0561,ORD-561,INPUT,2025-02,29AAACR2288E1ZK,29.87,0,2.69,2.69,0,5.38,TRUE,TRUE,RECONCILED
GST-0562-OUT,INV-0562,ORD-562,OUTPUT,2025-02,29ABCDE0562F1Z5,1652.36,0,148.72,148.71,0,297.43,FALSE,,FILED
GST-0562-IN,INV-0562,ORD-562,INPUT,2025-02,29AAACR2288E1ZK,7.8,0,0.7,0.7,0,1.4,TRUE,TRUE,RECONCILED
GST-0563-OUT,INV-0563,ORD-563,OUTPUT,2025-02,29ABCDE0563F1Z5,612.13,0,55.09,55.09,0,110.18,FALSE,,FILED
GST-0563-IN,INV-0563,ORD-563,INPUT,2025-02,29AAACR2288E1ZK,14.45,0,1.3,1.3,0,2.6,TRUE,TRUE,RECONCILED
GST-0564-OUT,INV-0564,ORD-564,OUTPUT,2025-02,29ABCDE0564F1Z5,253.39,45.61,0,0,0,45.61,FALSE,,FILED
GST-0564-IN,INV-0564,ORD-564,INPUT,2025-02,29AAACR2288E1ZK,12.0,0,1.08,1.08,0,2.16,TRUE,TRUE,RECONCILED
GST-0565-OUT,INV-0565,ORD-565,OUTPUT,2025-02,29ABCDE0565F1Z5,1447.19,260.49,0,0,0,260.49,FALSE,,FILED
GST-0565-IN,INV-0565,ORD-565,INPUT,2025-02,29AAACR2288E1ZK,34.15,0,3.08,3.07,0,6.15,TRUE,TRUE,RECONCILED
GST-0566-OUT,INV-0566,ORD-566,OUTPUT,2025-02,29ABCDE0566F1Z5,334.54,0,30.11,30.11,0,60.22,FALSE,,FILED
GST-0566-IN,INV-0566,ORD-566,INPUT,2025-02,29AAACR2288E1ZK,12.0,0,1.08,1.08,0,2.16,TRUE,TRUE,RECONCILED
GST-0567-OUT,INV-0567,ORD-567,OUTPUT,2025-02,29ABCDE0567F1Z5,1512.92,272.32,0,0,0,272.32,FALSE,,FILED
GST-0567-IN,INV-0567,ORD-567,INPUT,2025-02,29AAACR2288E1ZK,35.7,0,3.21,3.22,0,6.43,TRUE,TRUE,RECONCILED
GST-0568-OUT,INV-0568,ORD-568,OUTPUT,2025-02,29ABCDE0568F1Z5,1031.34,185.64,0,0,0,185.64,FALSE,,FILED
GST-0568-IN,INV-0568,ORD-568,INPUT,2025-02,29AAACR2288E1ZK,24.34,0,2.19,2.19,0,4.38,TRUE,TRUE,RECONCILED
GST-0569-OUT,INV-0569,ORD-569,OUTPUT,2025-02,29ABCDE0569F1Z5,982.42,0,88.42,88.41,0,176.83,FALSE,,FILED
GST-0569-IN,INV-0569,ORD-569,INPUT,2025-02,29AAACR2288E1ZK,12.0,0,1.08,1.08,0,2.16,TRUE,TRUE,RECONCILED
GST-0570-OUT,INV-0570,ORD-570,OUTPUT,2025-02,29ABCDE0570F1Z5,298.31,0,26.84,26.85,0,53.69,FALSE,,FILED
GST-0570-IN,INV-0570,ORD-570,INPUT,2025-02,29AAACR2288E1ZK,6.69,0,0.6,0.6,0,1.2,TRUE,TRUE,RECONCILED
GST-0571-OUT,INV-0571,ORD-571,OUTPUT,2025-02,29ABCDE0571F1Z5,2676.47,0,240.88,240.89,0,481.77,FALSE,,FILED
GST-0571-IN,INV-0571,ORD-571,INPUT,2025-02,29AAACR2288E1ZK,74.22,0,6.68,6.68,0,13.36,TRUE,TRUE,RECONCILED
GST-0572-OUT,INV-0572,ORD-572,OUTPUT,2025-02,29ABCDE0572F1Z5,800.47,0,72.04,72.04,0,144.08,FALSE,,FILED
GST-0572-IN,INV-0572,ORD-572,INPUT,2025-02,29AAACR2288E1ZK,3.78,0,0.34,0.34,0,0.68,TRUE,TRUE,RECONCILED
GST-0573-OUT,INV-0573,ORD-573,OUTPUT,2025-02,29ABCDE0573F1Z5,2013.07,0,181.18,181.17,0,362.35,FALSE,,FILED
GST-0573-IN,INV-0573,ORD-573,INPUT,2025-02,29AAACR2288E1ZK,45.13,0,4.06,4.06,0,8.12,TRUE,TRUE,RECONCILED
GST-0574-OUT,INV-0574,ORD-574,OUTPUT,2025-02,29ABCDE0574F1Z5,294.19,0,26.48,26.47,0,52.95,FALSE,,FILED
GST-0574-IN,INV-0574,ORD-574,INPUT,2025-02,29AAACR2288E1ZK,1.39,0,0.12,0.13,0,0.25,TRUE,TRUE,RECONCILED
GST-0575-OUT,INV-0575,ORD-575,OUTPUT,2025-02,29ABCDE0575F1Z5,3092.72,0,278.35,278.34,0,556.69,FALSE,,FILED
GST-0575-IN,INV-0575,ORD-575,INPUT,2025-02,29AAACR2288E1ZK,72.99,0,6.57,6.57,0,13.14,TRUE,TRUE,RECONCILED
GST-0576-OUT,INV-0576,ORD-576,OUTPUT,2025-02,29ABCDE0576F1Z5,688.43,0,61.96,61.96,0,123.92,FALSE,,FILED
GST-0576-IN,INV-0576,ORD-576,INPUT,2025-02,29AAACR2288E1ZK,15.43,0,1.39,1.39,0,2.78,TRUE,TRUE,RECONCILED
GST-0577-OUT,INV-0577,ORD-577,OUTPUT,2025-02,29ABCDE0577F1Z5,1423.88,0,128.15,128.15,0,256.3,FALSE,,FILED
GST-0577-IN,INV-0577,ORD-577,INPUT,2025-02,29AAACR2288E1ZK,33.6,0,3.02,3.03,0,6.05,TRUE,TRUE,RECONCILED
GST-0578-OUT,INV-0578,ORD-578,OUTPUT,2025-02,29ABCDE0578F1Z5,630.08,113.41,0,0,0,113.41,FALSE,,FILED
GST-0578-IN,INV-0578,ORD-578,INPUT,2025-02,29AAACR2288E1ZK,2.97,0,0.27,0.26,0,0.53,TRUE,TRUE,RECONCILED
GST-0579-OUT,INV-0579,ORD-579,OUTPUT,2025-02,29ABCDE0579F1Z5,253.39,0,22.8,22.81,0,45.61,FALSE,,FILED
GST-0579-IN,INV-0579,ORD-579,INPUT,2025-02,29AAACR2288E1ZK,5.98,0,0.54,0.54,0,1.08,TRUE,TRUE,RECONCILED
GST-0580-OUT,INV-0580,ORD-580,OUTPUT,2025-02,29ABCDE0580F1Z5,6639.86,0,597.59,597.58,0,1195.17,FALSE,,FILED
GST-0580-IN,INV-0580,ORD-580,INPUT,2025-02,29AAACR2288E1ZK,31.34,0,2.82,2.82,0,5.64,TRUE,TRUE,RECONCILED
GST-0581-OUT,INV-0581,ORD-581,OUTPUT,2025-02,29ABCDE0581F1Z5,1157.17,0,104.14,104.15,0,208.29,FALSE,,FILED
GST-0581-IN,INV-0581,ORD-581,INPUT,2025-02,29AAACR2288E1ZK,27.31,0,2.46,2.46,0,4.92,TRUE,TRUE,RECONCILED
GST-0582-OUT,INV-0582,ORD-582,OUTPUT,2025-02,29ABCDE0582F1Z5,4556.81,820.22,0,0,0,820.22,FALSE,,FILED
GST-0582-IN,INV-0582,ORD-582,INPUT,2025-02,29AAACR2288E1ZK,107.54,0,9.68,9.68,0,19.36,TRUE,TRUE,RECONCILED
GST-0583-OUT,INV-0583,ORD-583,OUTPUT,2025-02,29ABCDE0583F1Z5,957.67,0,86.19,86.19,0,172.38,FALSE,,FILED
GST-0583-IN,INV-0583,ORD-583,INPUT,2025-02,29AAACR2288E1ZK,4.52,0,0.41,0.4,0,0.81,TRUE,TRUE,RECONCILED
GST-0584-OUT,INV-0584,ORD-584,OUTPUT,2025-02,29ABCDE0584F1Z5,798.41,0,71.86,71.85,0,143.71,FALSE,,FILED
GST-0584-IN,INV-0584,ORD-584,INPUT,2025-02,29AAACR2288E1ZK,18.84,0,1.7,1.69,0,3.39,TRUE,TRUE,RECONCILED
GST-0585-OUT,INV-0585,ORD-585,OUTPUT,2025-02,29ABCDE0585F1Z5,2058.97,370.61,0,0,0,370.61,FALSE,,FILED
GST-0585-IN,INV-0585,ORD-585,INPUT,2025-02,29AAACR2288E1ZK,48.59,0,4.38,4.37,0,8.75,TRUE,TRUE,RECONCILED
GST-0586-OUT,INV-0586,ORD-586,OUTPUT,2025-02,29ABCDE0586F1Z5,477.53,0,42.98,42.98,0,85.96,FALSE,,FILED
GST-0586-IN,INV-0586,ORD-586,INPUT,2025-02,29AAACR2288E1ZK,2.25,0,0.2,0.2,0,0.4,TRUE,TRUE,RECONCILED
GST-0587-OUT,INV-0587,ORD-587,OUTPUT,2025-02,29ABCDE0587F1Z5,376.03,0,33.84,33.85,0,67.69,FALSE,,FILED
GST-0587-IN,INV-0587,ORD-587,INPUT,2025-02,29AAACR2288E1ZK,8.87,0,0.8,0.8,0,1.6,TRUE,TRUE,RECONCILED
GST-0588-OUT,INV-0588,ORD-588,OUTPUT,2025-02,29ABCDE0588F1Z5,652.31,0,58.71,58.71,0,117.42,FALSE,,FILED
GST-0588-IN,INV-0588,ORD-588,INPUT,2025-02,29AAACR2288E1ZK,3.08,0,0.28,0.27,0,0.55,TRUE,TRUE,RECONCILED
GST-0589-OUT,INV-0589,ORD-589,OUTPUT,2025-02,29ABCDE0589F1Z5,2702.13,0,243.19,243.19,0,486.38,FALSE,,FILED
GST-0589-IN,INV-0589,ORD-589,INPUT,2025-02,29AAACR2288E1ZK,63.77,0,5.74,5.74,0,11.48,TRUE,TRUE,RECONCILED
GST-0590-OUT,INV-0590,ORD-590,OUTPUT,2025-02,29ABCDE0590F1Z5,520.15,0,46.81,46.82,0,93.63,FALSE,,FILED
GST-0590-IN,INV-0590,ORD-590,INPUT,2025-02,29AAACR2288E1ZK,12.28,0,1.1,1.11,0,2.21,TRUE,TRUE,RECONCILED
GST-0591-OUT,INV-0591,ORD-591,OUTPUT,2025-02,29ABCDE0591F1Z5,253.39,0,22.8,22.81,0,45.61,FALSE,,FILED
GST-0591-IN,INV-0591,ORD-591,INPUT,2025-02,29AAACR2288E1ZK,5.98,0,0.54,0.54,0,1.08,TRUE,TRUE,RECONCILED
GST-0592-OUT,INV-0592,ORD-592,OUTPUT,2025-02,29ABCDE0592F1Z5,253.39,45.61,0,0,0,45.61,FALSE,,FILED
GST-0592-IN,INV-0592,ORD-592,INPUT,2025-02,29AAACR2288E1ZK,5.68,0,0.51,0.51,0,1.02,TRUE,TRUE,RECONCILED
GST-0593-OUT,INV-0593,ORD-593,OUTPUT,2025-02,29ABCDE0593F1Z5,5151.24,0,463.61,463.61,0,927.22,FALSE,,FILED
GST-0593-IN,INV-0593,ORD-593,INPUT,2025-02,29AAACR2288E1ZK,24.31,0,2.19,2.19,0,4.38,TRUE,TRUE,RECONCILED
GST-0594-OUT,INV-0594,ORD-594,OUTPUT,2025-02,29ABCDE0594F1Z5,1146.03,0,103.14,103.14,0,206.28,FALSE,,FILED
GST-0594-IN,INV-0594,ORD-594,INPUT,2025-02,29AAACR2288E1ZK,27.05,0,2.44,2.43,0,4.87,TRUE,TRUE,RECONCILED
GST-0595-OUT,INV-0595,ORD-595,OUTPUT,2025-02,29ABCDE0595F1Z5,1685.97,0,151.74,151.73,0,303.47,FALSE,,FILED
GST-0595-IN,INV-0595,ORD-595,INPUT,2025-02,29AAACR2288E1ZK,39.79,0,3.58,3.58,0,7.16,TRUE,TRUE,RECONCILED
GST-0596-OUT,INV-0596,ORD-596,OUTPUT,2025-02,29ABCDE0596F1Z5,943.05,169.75,0,0,0,169.75,FALSE,,FILED
GST-0596-IN,INV-0596,ORD-596,INPUT,2025-02,29AAACR2288E1ZK,22.26,0,2.0,2.01,0,4.01,TRUE,TRUE,RECONCILED
GST-0597-OUT,INV-0597,ORD-597,OUTPUT,2025-02,29ABCDE0597F1Z5,3655.03,657.9,0,0,0,657.9,FALSE,,FILED
GST-0597-IN,INV-0597,ORD-597,INPUT,2025-02,29AAACR2288E1ZK,101.35,0,9.12,9.12,0,18.24,TRUE,TRUE,RECONCILED
GST-0598-OUT,INV-0598,ORD-598,OUTPUT,2025-02,29ABCDE0598F1Z5,2122.46,382.04,0,0,0,382.04,FALSE,,FILED
GST-0598-IN,INV-0598,ORD-598,INPUT,2025-02,29AAACR2288E1ZK,50.09,0,4.51,4.51,0,9.02,TRUE,TRUE,RECONCILED
GST-0599-OUT,INV-0599,ORD-599,OUTPUT,2025-02,29ABCDE0599F1Z5,483.34,87.0,0,0,0,87.0,FALSE,,FILED
GST-0599-IN,INV-0599,ORD-599,INPUT,2025-02,29AAACR2288E1ZK,12.0,0,1.08,1.08,0,2.16,TRUE,TRUE,RECONCILED
GST-0600-OUT,INV-0600,ORD-600,OUTPUT,2025-02,29ABCDE0600F1Z5,253.39,45.61,0,0,0,45.61,FALSE,,FILED
GST-0600-IN,INV-0600,ORD-600,INPUT,2025-02,29AAACR2288E1ZK,5.98,0,0.54,0.54,0,1.08,TRUE,TRUE,RECONCILED
GST-0601-OUT,INV-0601,ORD-601,OUTPUT,2025-02,29ABCDE0601F1Z5,319.86,0,28.79,28.79,0,57.58,FALSE,,FILED
GST-0601-IN,INV-0601,ORD-601,INPUT,2025-02,29AAACR2288E1ZK,8.87,0,0.8,0.8,0,1.6,TRUE,TRUE,RECONCILED
GST-0602-OUT,INV-0602,ORD-602,OUTPUT,2025-02,29ABCDE0602F1Z5,365.72,65.83,0,0,0,65.83,FALSE,,FILED
GST-0602-IN,INV-0602,ORD-602,INPUT,2025-02,29AAACR2288E1ZK,8.63,0,0.78,0.77,0,1.55,TRUE,TRUE,RECONCILED
GST-0603-OUT,INV-0603,ORD-603,OUTPUT,2025-02,29ABCDE0603F1Z5,4995.53,0,449.6,449.59,0,899.19,FALSE,,FILED
GST-0603-IN,INV-0603,ORD-603,INPUT,2025-02,29AAACR2288E1ZK,117.89,0,10.61,10.61,0,21.22,TRUE,TRUE,RECONCILED
GST-0604-OUT,INV-0604,ORD-604,OUTPUT,2025-02,29ABCDE0604F1Z5,402.41,72.43,0,0,0,72.43,FALSE,,FILED
GST-0604-IN,INV-0604,ORD-604,INPUT,2025-02,29AAACR2288E1ZK,11.16,0,1.0,1.01,0,2.01,TRUE,TRUE,RECONCILED
GST-0605-OUT,INV-0605,ORD-605,OUTPUT,2025-02,29ABCDE0605F1Z5,859.31,0,77.34,77.34,0,154.68,FALSE,,FILED
GST-0605-IN,INV-0605,ORD-605,INPUT,2025-02,29AAACR2288E1ZK,4.06,0,0.36,0.37,0,0.73,TRUE,TRUE,RECONCILED
GST-0606-OUT,INV-0606,ORD-606,OUTPUT,2025-02,29ABCDE0606F1Z5,491.99,0,44.28,44.28,0,88.56,FALSE,,FILED
GST-0606-IN,INV-0606,ORD-606,INPUT,2025-02,29AAACR2288E1ZK,11.61,0,1.04,1.05,0,2.09,TRUE,TRUE,RECONCILED
GST-0607-OUT,INV-0607,ORD-607,OUTPUT,2025-02,29ABCDE0607F1Z5,1530.43,275.48,0,0,0,275.48,FALSE,,FILED
GST-0607-IN,INV-0607,ORD-607,INPUT,2025-02,29AAACR2288E1ZK,12.0,0,1.08,1.08,0,2.16,TRUE,TRUE,RECONCILED
GST-0608-OUT,INV-0608,ORD-608,OUTPUT,2025-02,29ABCDE0608F1Z5,888.2,0,79.94,79.94,0,159.88,FALSE,,FILED
GST-0608-IN,INV-0608,ORD-608,INPUT,2025-02,29AAACR2288E1ZK,4.19,0,0.38,0.37,0,0.75,TRUE,TRUE,RECONCILED
GST-0609-OUT,INV-0609,ORD-609,OUTPUT,2025-02,29ABCDE0609F1Z5,253.39,45.61,0,0,0,45.61,FALSE,,FILED
GST-0609-IN,INV-0609,ORD-609,INPUT,2025-02,29AAACR2288E1ZK,5.98,0,0.54,0.54,0,1.08,TRUE,TRUE,RECONCILED
GST-0610-OUT,INV-0610,ORD-610,OUTPUT,2025-02,29ABCDE0610F1Z5,2127.45,0,191.47,191.47,0,382.94,FALSE,,FILED
GST-0610-IN,INV-0610,ORD-610,INPUT,2025-02,29AAACR2288E1ZK,10.04,0,0.91,0.9,0,1.81,TRUE,TRUE,RECONCILED
GST-0612-OUT,INV-0612,ORD-612,OUTPUT,2025-02,29ABCDE0612F1Z5,254.71,45.85,0,0,0,45.85,FALSE,,FILED
GST-0612-IN,INV-0612,ORD-612,INPUT,2025-02,29AAACR2288E1ZK,1.2,0,0.11,0.11,0,0.22,TRUE,TRUE,RECONCILED
GST-0613-OUT,INV-0613,ORD-613,OUTPUT,2025-02,29ABCDE0613F1Z5,2257.36,406.32,0,0,0,406.32,FALSE,,FILED
GST-0613-IN,INV-0613,ORD-613,INPUT,2025-02,29AAACR2288E1ZK,53.27,0,4.79,4.8,0,9.59,TRUE,TRUE,RECONCILED
GST-0614-OUT,INV-0614,ORD-614,OUTPUT,2025-02,29ABCDE0614F1Z5,954.26,0,85.89,85.88,0,171.77,FALSE,,FILED
GST-0614-IN,INV-0614,ORD-614,INPUT,2025-02,29AAACR2288E1ZK,4.5,0,0.41,0.4,0,0.81,TRUE,TRUE,RECONCILED
GST-0615-OUT,INV-0615,ORD-615,OUTPUT,2025-02,29ABCDE0615F1Z5,1152.21,207.4,0,0,0,207.4,FALSE,,FILED
GST-0615-IN,INV-0615,ORD-615,INPUT,2025-02,29AAACR2288E1ZK,5.44,0,0.49,0.49,0,0.98,TRUE,TRUE,RECONCILED
GST-0616-OUT,INV-0616,ORD-616,OUTPUT,2025-02,29ABCDE0616F1Z5,3444.08,0,309.97,309.97,0,619.94,FALSE,,FILED
GST-0616-IN,INV-0616,ORD-616,INPUT,2025-02,29AAACR2288E1ZK,81.28,0,7.32,7.31,0,14.63,TRUE,TRUE,RECONCILED
GST-0617-OUT,INV-0617,ORD-617,OUTPUT,2025-02,29ABCDE0617F1Z5,4057.41,0,365.17,365.16,0,730.33,FALSE,,FILED
GST-0617-IN,INV-0617,ORD-617,INPUT,2025-02,29AAACR2288E1ZK,19.15,0,1.73,1.72,0,3.45,TRUE,TRUE,RECONCILED
GST-0618-OUT,INV-0618,ORD-618,OUTPUT,2025-02,29ABCDE0618F1Z5,17445.48,0,1570.1,1570.09,0,3140.19,FALSE,,FILED
GST-0618-IN,INV-0618,ORD-618,INPUT,2025-02,29AAACR2288E1ZK,411.71,0,37.05,37.06,0,74.11,TRUE,TRUE,RECONCILED
GST-0619-OUT,INV-0619,ORD-619,OUTPUT,2025-02,29ABCDE0619F1Z5,3824.17,0,344.18,344.17,0,688.35,FALSE,,FILED
GST-0619-IN,INV-0619,ORD-619,INPUT,2025-02,29AAACR2288E1ZK,85.74,0,7.71,7.72,0,15.43,TRUE,TRUE,RECONCILED
GST-0620-OUT,INV-0620,ORD-620,OUTPUT,2025-02,29ABCDE0620F1Z5,1738.88,0,156.5,156.5,0,313.0,FALSE,,FILED
GST-0620-IN,INV-0620,ORD-620,INPUT,2025-02,29AAACR2288E1ZK,38.99,0,3.51,3.51,0,7.02,TRUE,TRUE,RECONCILED
GST-0621-OUT,INV-0621,ORD-621,OUTPUT,2025-02,29ABCDE0621F1Z5,553.9,0,49.85,49.85,0,99.7,FALSE,,FILED
GST-0621-IN,INV-0621,ORD-621,INPUT,2025-02,29AAACR2288E1ZK,12.0,0,1.08,1.08,0,2.16,TRUE,TRUE,RECONCILED
GST-0622-OUT,INV-0622,ORD-622,OUTPUT,2025-02,29ABCDE0622F1Z5,1183.48,0,106.52,106.51,0,213.03,FALSE,,FILED
GST-0622-IN,INV-0622,ORD-622,INPUT,2025-02,29AAACR2288E1ZK,12.0,0,1.08,1.08,0,2.16,TRUE,TRUE,RECONCILED
GST-0623-OUT,INV-0623,ORD-623,OUTPUT,2025-02,29ABCDE0623F1Z5,761.01,0,68.49,68.49,0,136.98,FALSE,,FILED
GST-0623-IN,INV-0623,ORD-623,INPUT,2025-02,29AAACR2288E1ZK,17.96,0,1.61,1.62,0,3.23,TRUE,TRUE,RECONCILED
GST-0624-OUT,INV-0624,ORD-624,OUTPUT,2025-02,29ABCDE0624F1Z5,2273.65,0,204.63,204.63,0,409.26,FALSE,,FILED
GST-0624-IN,INV-0624,ORD-624,INPUT,2025-02,29AAACR2288E1ZK,53.66,0,4.83,4.83,0,9.66,TRUE,TRUE,RECONCILED
GST-0625-OUT,INV-0625,ORD-625,OUTPUT,2025-02,29ABCDE0625F1Z5,1343.95,0,120.95,120.96,0,241.91,FALSE,,FILED
GST-0625-IN,INV-0625,ORD-625,INPUT,2025-02,29AAACR2288E1ZK,31.72,0,2.85,2.86,0,5.71,TRUE,TRUE,RECONCILED
GST-0626-OUT,INV-0626,ORD-626,OUTPUT,2025-02,29ABCDE0626F1Z5,739.21,0,66.53,66.53,0,133.06,FALSE,,FILED
GST-0626-IN,INV-0626,ORD-626,INPUT,2025-02,29AAACR2288E1ZK,3.49,0,0.32,0.31,0,0.63,TRUE,TRUE,RECONCILED
GST-0627-OUT,INV-0627,ORD-627,OUTPUT,2025-02,29ABCDE0627F1Z5,551.31,0,49.62,49.61,0,99.23,FALSE,,FILED
GST-0627-IN,INV-0627,ORD-627,INPUT,2025-02,29AAACR2288E1ZK,2.6,0,0.23,0.24,0,0.47,TRUE,TRUE,RECONCILED
GST-0628-OUT,INV-0628,ORD-628,OUTPUT,2025-02,29ABCDE0628F1Z5,2117.88,0,190.61,190.61,0,381.22,FALSE,,FILED
GST-0628-IN,INV-0628,ORD-628,INPUT,2025-02,29AAACR2288E1ZK,10.0,0,0.9,0.9,0,1.8,TRUE,TRUE,RECONCILED
GST-0629-OUT,INV-0629,ORD-629,OUTPUT,2025-02,29ABCDE0629F1Z5,2088.44,0,187.96,187.96,0,375.92,FALSE,,FILED
GST-0629-IN,INV-0629,ORD-629,INPUT,2025-02,29AAACR2288E1ZK,9.86,0,0.89,0.88,0,1.77,TRUE,TRUE,RECONCILED
GST-0630-OUT,INV-0630,ORD-630,OUTPUT,2025-02,29ABCDE0630F1Z5,711.09,0,64.0,64.0,0,128.0,FALSE,,FILED
GST-0630-IN,INV-0630,ORD-630,INPUT,2025-02,29AAACR2288E1ZK,16.78,0,1.51,1.51,0,3.02,TRUE,TRUE,RECONCILED
GST-0631-OUT,INV-0631,ORD-631,OUTPUT,2025-02,29ABCDE0631F1Z5,253.39,0,22.8,22.81,0,45.61,FALSE,,FILED
GST-0631-IN,INV-0631,ORD-631,INPUT,2025-02,29AAACR2288E1ZK,1.2,0,0.11,0.11,0,0.22,TRUE,TRUE,RECONCILED
GST-0632-OUT,INV-0632,ORD-632,OUTPUT,2025-02,29ABCDE0632F1Z5,820.48,147.69,0,0,0,147.69,FALSE,,FILED
GST-0632-IN,INV-0632,ORD-632,INPUT,2025-02,29AAACR2288E1ZK,19.36,0,1.74,1.74,0,3.48,TRUE,TRUE,RECONCILED
GST-0633-OUT,INV-0633,ORD-633,OUTPUT,2025-02,29ABCDE0633F1Z5,1901.51,342.27,0,0,0,342.27,FALSE,,FILED
GST-0633-IN,INV-0633,ORD-633,INPUT,2025-02,29AAACR2288E1ZK,44.88,0,4.04,4.04,0,8.08,TRUE,TRUE,RECONCILED
GST-0634-OUT,INV-0634,ORD-634,OUTPUT,2025-02,29ABCDE0634F1Z5,1062.9,0,95.66,95.66,0,191.32,FALSE,,FILED
GST-0634-IN,INV-0634,ORD-634,INPUT,2025-02,29AAACR2288E1ZK,5.02,0,0.45,0.45,0,0.9,TRUE,TRUE,RECONCILED
GST-0636-OUT,INV-0636,ORD-636,OUTPUT,2025-02,29ABCDE0636F1Z5,2006.75,361.22,0,0,0,361.22,FALSE,,FILED
GST-0636-IN,INV-0636,ORD-636,INPUT,2025-02,29AAACR2288E1ZK,5.68,0,0.51,0.51,0,1.02,TRUE,TRUE,RECONCILED
GST-0637-OUT,INV-0637,ORD-637,OUTPUT,2025-02,29ABCDE0637F1Z5,2360.19,0,212.42,212.42,0,424.84,FALSE,,FILED
GST-0637-IN,INV-0637,ORD-637,INPUT,2025-02,29AAACR2288E1ZK,11.14,0,1.0,1.01,0,2.01,TRUE,TRUE,RECONCILED
GST-0638-OUT,INV-0638,ORD-638,OUTPUT,2025-02,29ABCDE0638F1Z5,476.04,0,42.84,42.85,0,85.69,FALSE,,FILED
GST-0638-IN,INV-0638,ORD-638,INPUT,2025-02,29AAACR2288E1ZK,11.23,0,1.01,1.01,0,2.02,TRUE,TRUE,RECONCILED
GST-0639-OUT,INV-0639,ORD-639,OUTPUT,2025-02,29ABCDE0639F1Z5,1052.62,0,94.73,94.74,0,189.47,FALSE,,FILED
GST-0639-IN,INV-0639,ORD-639,INPUT,2025-02,29AAACR2288E1ZK,4.97,0,0.45,0.44,0,0.89,TRUE,TRUE,RECONCILED
GST-0640-OUT,INV-0640,ORD-640,OUTPUT,2025-02,29ABCDE0640F1Z5,2348.36,0,211.35,211.36,0,422.71,FALSE,,FILED
GST-0640-IN,INV-0640,ORD-640,INPUT,2025-02,29AAACR2288E1ZK,11.08,0,0.99,1.0,0,1.99,TRUE,TRUE,RECONCILED
GST-0641-OUT,INV-0641,ORD-641,OUTPUT,2025-02,29ABCDE0641F1Z5,335.24,60.34,0,0,0,60.34,FALSE,,FILED
GST-0641-IN,INV-0641,ORD-641,INPUT,2025-02,29AAACR2288E1ZK,9.3,0,0.83,0.84,0,1.67,TRUE,TRUE,RECONCILED
GST-0642-OUT,INV-0642,ORD-642,OUTPUT,2025-02,29ABCDE0642F1Z5,451.12,0,40.6,40.6,0,81.2,FALSE,,FILED
GST-0642-IN,INV-0642,ORD-642,INPUT,2025-02,29AAACR2288E1ZK,10.65,0,0.96,0.96,0,1.92,TRUE,TRUE,RECONCILED
GST-0643-OUT,INV-0643,ORD-643,OUTPUT,2025-02,29ABCDE0643F1Z5,672.55,0,60.53,60.53,0,121.06,FALSE,,FILED
GST-0643-IN,INV-0643,ORD-643,INPUT,2025-02,29AAACR2288E1ZK,3.17,0,0.28,0.29,0,0.57,TRUE,TRUE,RECONCILED
GST-0644-OUT,INV-0644,ORD-644,OUTPUT,2025-02,29ABCDE0644F1Z5,3513.8,632.48,0,0,0,632.48,FALSE,,FILED
GST-0644-IN,INV-0644,ORD-644,INPUT,2025-02,29AAACR2288E1ZK,78.78,0,7.09,7.09,0,14.18,TRUE,TRUE,RECONCILED
GST-0645-OUT,INV-0645,ORD-645,OUTPUT,2025-02,29ABCDE0645F1Z5,6923.4,0,623.11,623.1,0,1246.21,FALSE,,FILED
GST-0645-IN,INV-0645,ORD-645,INPUT,2025-02,29AAACR2288E1ZK,163.39,0,14.71,14.7,0,29.41,TRUE,TRUE,RECONCILED
GST-0646-OUT,INV-0646,ORD-646,OUTPUT,2025-02,29ABCDE0646F1Z5,892.29,160.61,0,0,0,160.61,FALSE,,FILED
GST-0646-IN,INV-0646,ORD-646,INPUT,2025-02,29AAACR2288E1ZK,4.21,0,0.38,0.38,0,0.76,TRUE,TRUE,RECONCILED
GST-0647-OUT,INV-0647,ORD-647,OUTPUT,2025-02,29ABCDE0647F1Z5,1410.04,0,126.91,126.9,0,253.81,FALSE,,FILED
GST-0647-IN,INV-0647,ORD-647,INPUT,2025-02,29AAACR2288E1ZK,39.1,0,3.52,3.52,0,7.04,TRUE,TRUE,RECONCILED
GST-0648-OUT,INV-0648,ORD-648,OUTPUT,2025-02,29ABCDE0648F1Z5,565.43,0,50.89,50.89,0,101.78,FALSE,,FILED
GST-0648-IN,INV-0648,ORD-648,INPUT,2025-02,29AAACR2288E1ZK,13.34,0,1.2,1.2,0,2.4,TRUE,TRUE,RECONCILED
GST-0649-OUT,INV-0649,ORD-649,OUTPUT,2025-02,29ABCDE0649F1Z5,4113.76,0,370.24,370.24,0,740.48,FALSE,,FILED
GST-0649-IN,INV-0649,ORD-649,INPUT,2025-02,29AAACR2288E1ZK,97.08,0,8.73,8.74,0,17.47,TRUE,TRUE,RECONCILED
GST-0650-OUT,INV-0650,ORD-650,OUTPUT,2025-02,29ABCDE0650F1Z5,253.39,0,22.8,22.81,0,45.61,FALSE,,FILED
GST-0650-IN,INV-0650,ORD-650,INPUT,2025-02,29AAACR2288E1ZK,1.2,0,0.11,0.11,0,0.22,TRUE,TRUE,RECONCILED
GST-0651-OUT,INV-0651,ORD-651,OUTPUT,2025-02,29ABCDE0651F1Z5,253.39,45.61,0,0,0,45.61,FALSE,,FILED
GST-0651-IN,INV-0651,ORD-651,INPUT,2025-02,29AAACR2288E1ZK,1.2,0,0.11,0.11,0,0.22,TRUE,TRUE,RECONCILED
GST-0652-OUT,INV-0652,ORD-652,OUTPUT,2025-02,29ABCDE0652F1Z5,2388.31,429.89,0,0,0,429.89,FALSE,,FILED
GST-0652-IN,INV-0652,ORD-652,INPUT,2025-02,29AAACR2288E1ZK,56.36,0,5.07,5.07,0,10.14,TRUE,TRUE,RECONCILED
GST-0653-OUT,INV-0653,ORD-653,OUTPUT,2025-02,29ABCDE0653F1Z5,2388.62,429.95,0,0,0,429.95,FALSE,,FILED
GST-0653-IN,INV-0653,ORD-653,INPUT,2025-02,29AAACR2288E1ZK,53.55,0,4.82,4.82,0,9.64,TRUE,TRUE,RECONCILED
GST-0654-OUT,INV-0654,ORD-654,OUTPUT,2025-02,29ABCDE0654F1Z5,664.24,119.56,0,0,0,119.56,FALSE,,FILED
GST-0654-IN,INV-0654,ORD-654,INPUT,2025-02,29AAACR2288E1ZK,14.89,0,1.34,1.34,0,2.68,TRUE,TRUE,RECONCILED
GST-0655-OUT,INV-0655,ORD-655,OUTPUT,2025-02,29ABCDE0655F1Z5,3436.09,0,309.25,309.25,0,618.5,FALSE,,FILED
GST-0655-IN,INV-0655,ORD-655,INPUT,2025-02,29AAACR2288E1ZK,77.04,0,6.93,6.94,0,13.87,TRUE,TRUE,RECONCILED
GST-0656-OUT,INV-0656,ORD-656,OUTPUT,2025-02,29ABCDE0656F1Z5,446.42,0,40.17,40.18,0,80.35,FALSE,,FILED
GST-0656-IN,INV-0656,ORD-656,INPUT,2025-02,29AAACR2288E1ZK,2.11,0,0.19,0.19,0,0.38,TRUE,TRUE,RECONCILED
GST-0657-OUT,INV-0657,ORD-657,OUTPUT,2025-02,29ABCDE0657F1Z5,856.21,0,77.06,77.06,0,154.12,FALSE,,FILED
GST-0657-IN,INV-0657,ORD-657,INPUT,2025-02,29AAACR2288E1ZK,12.0,0,1.08,1.08,0,2.16,TRUE,TRUE,RECONCILED
GST-0658-OUT,INV-0658,ORD-658,OUTPUT,2025-02,29ABCDE0658F1Z5,2328.88,0,209.6,209.6,0,419.2,FALSE,,FILED
GST-0658-IN,INV-0658,ORD-658,INPUT,2025-02,29AAACR2288E1ZK,52.21,0,4.7,4.7,0,9.4,TRUE,TRUE,RECONCILED
GST-0659-OUT,INV-0659,ORD-659,OUTPUT,2025-02,29ABCDE0659F1Z5,268.82,0,24.2,24.19,0,48.39,FALSE,,FILED
GST-0659-IN,INV-0659,ORD-659,INPUT,2025-02,29AAACR2288E1ZK,1.27,0,0.12,0.11,0,0.23,TRUE,TRUE,RECONCILED
GST-0660-OUT,INV-0660,ORD-660,OUTPUT,2025-02,29ABCDE0660F1Z5,434.02,78.12,0,0,0,78.12,FALSE,,FILED
GST-0660-IN,INV-0660,ORD-660,INPUT,2025-02,29AAACR2288E1ZK,9.73,0,0.88,0.87,0,1.75,TRUE,TRUE,RECONCILED
GST-0661-OUT,INV-0661,ORD-661,OUTPUT,2025-02,29ABCDE0661F1Z5,575.77,0,51.82,51.82,0,103.64,FALSE,,FILED
GST-0661-IN,INV-0661,ORD-661,INPUT,2025-02,29AAACR2288E1ZK,2.72,0,0.24,0.25,0,0.49,TRUE,TRUE,RECONCILED
GST-0662-OUT,INV-0662,ORD-662,OUTPUT,2025-02,29ABCDE0662F1Z5,621.47,0,55.94,55.93,0,111.87,FALSE,,FILED
GST-0662-IN,INV-0662,ORD-662,INPUT,2025-02,29AAACR2288E1ZK,12.0,0,1.08,1.08,0,2.16,TRUE,TRUE,RECONCILED
GST-0663-OUT,INV-0663,ORD-663,OUTPUT,2025-02,29ABCDE0663F1Z5,5657.97,0,509.21,509.22,0,1018.43,FALSE,,FILED
GST-0663-IN,INV-0663,ORD-663,INPUT,2025-02,29AAACR2288E1ZK,133.53,0,12.02,12.02,0,24.04,TRUE,TRUE,RECONCILED
GST-0664-OUT,INV-0664,ORD-664,OUTPUT,2025-02,29ABCDE0664F1Z5,2071.23,0,186.41,186.41,0,372.82,FALSE,,FILED
GST-0664-IN,INV-0664,ORD-664,INPUT,2025-02,29AAACR2288E1ZK,48.88,0,4.4,4.4,0,8.8,TRUE,TRUE,RECONCILED
GST-0665-OUT,INV-0665,ORD-665,OUTPUT,2025-02,29ABCDE0665F1Z5,291.03,0,26.2,26.19,0,52.39,FALSE,,FILED
GST-0665-IN,INV-0665,ORD-665,INPUT,2025-02,29AAACR2288E1ZK,6.87,0,0.62,0.62,0,1.24,TRUE,TRUE,RECONCILED
GST-0666-OUT,INV-0666,ORD-666,OUTPUT,2025-02,29ABCDE0666F1Z5,1019.44,183.5,0,0,0,183.5,FALSE,,FILED
GST-0666-IN,INV-0666,ORD-666,INPUT,2025-02,29AAACR2288E1ZK,4.81,0,0.43,0.44,0,0.87,TRUE,TRUE,RECONCILED
GST-0667-OUT,INV-0667,ORD-667,OUTPUT,2025-02,29ABCDE0667F1Z5,1142.14,205.59,0,0,0,205.59,FALSE,,FILED
GST-0667-IN,INV-0667,ORD-667,INPUT,2025-02,29AAACR2288E1ZK,5.39,0,0.48,0.49,0,0.97,TRUE,TRUE,RECONCILED
GST-0668-OUT,INV-0668,ORD-668,OUTPUT,2025-02,29ABCDE0668F1Z5,831.62,0,74.84,74.85,0,149.69,FALSE,,FILED
GST-0668-IN,INV-0668,ORD-668,INPUT,2025-02,29AAACR2288E1ZK,19.63,0,1.76,1.77,0,3.53,TRUE,TRUE,RECONCILED
GST-0669-OUT,INV-0669,ORD-669,OUTPUT,2025-02,29ABCDE0669F1Z5,4594.26,0,413.49,413.48,0,826.97,FALSE,,FILED
GST-0669-IN,INV-0669,ORD-669,INPUT,2025-02,29AAACR2288E1ZK,108.42,0,9.76,9.76,0,19.52,TRUE,TRUE,RECONCILED
GST-0670-OUT,INV-0670,ORD-670,OUTPUT,2025-02,29ABCDE0670F1Z5,259.54,0,23.36,23.36,0,46.72,FALSE,,FILED
GST-0670-IN,INV-0670,ORD-670,INPUT,2025-02,29AAACR2288E1ZK,6.13,0,0.55,0.55,0,1.1,TRUE,TRUE,RECONCILED
GST-0671-OUT,INV-0671,ORD-671,OUTPUT,2025-02,29ABCDE0671F1Z5,524.63,0,47.22,47.21,0,94.43,FALSE,,FILED
GST-0671-IN,INV-0671,ORD-671,INPUT,2025-02,29AAACR2288E1ZK,14.55,0,1.31,1.31,0,2.62,TRUE,TRUE,RECONCILED
GST-0672-OUT,INV-0672,ORD-672,OUTPUT,2025-02,29ABCDE0672F1Z5,2897.26,521.51,0,0,0,521.51,FALSE,,FILED
GST-0672-IN,INV-0672,ORD-672,INPUT,2025-02,29AAACR2288E1ZK,13.68,0,1.23,1.23,0,2.46,TRUE,TRUE,RECONCILED
GST-0673-OUT,INV-0673,ORD-673,OUTPUT,2025-02,29ABCDE0673F1Z5,5902.61,1062.47,0,0,0,1062.47,FALSE,,FILED
GST-0673-IN,INV-0673,ORD-673,INPUT,2025-02,29AAACR2288E1ZK,163.68,0,14.73,14.73,0,29.46,TRUE,TRUE,RECONCILED
GST-0674-OUT,INV-0674,ORD-674,OUTPUT,2025-02,29ABCDE0674F1Z5,2189.81,0,197.08,197.08,0,394.16,FALSE,,FILED
GST-0674-IN,INV-0674,ORD-674,INPUT,2025-02,29AAACR2288E1ZK,10.34,0,0.93,0.93,0,1.86,TRUE,TRUE,RECONCILED
GST-0675-OUT,INV-0675,ORD-675,OUTPUT,2025-02,29ABCDE0675F1Z5,585.27,0,52.67,52.68,0,105.35,FALSE,,FILED
GST-0675-IN,INV-0675,ORD-675,INPUT,2025-02,29AAACR2288E1ZK,13.81,0,1.25,1.24,0,2.49,TRUE,TRUE,RECONCILED
GST-0676-OUT,INV-0676,ORD-676,OUTPUT,2025-02,29ABCDE0676F1Z5,2367.64,0,213.09,213.09,0,426.18,FALSE,,FILED
GST-0676-IN,INV-0676,ORD-676,INPUT,2025-02,29AAACR2288E1ZK,55.88,0,5.03,5.03,0,10.06,TRUE,TRUE,RECONCILED
GST-0677-OUT,INV-0677,ORD-677,OUTPUT,2025-02,29ABCDE0677F1Z5,385.71,0,34.72,34.71,0,69.43,FALSE,,FILED
GST-0677-IN,INV-0677,ORD-677,INPUT,2025-02,29AAACR2288E1ZK,9.1,0,0.82,0.82,0,1.64,TRUE,TRUE,RECONCILED
GST-0678-OUT,INV-0678,ORD-678,OUTPUT,2025-02,29ABCDE0678F1Z5,4222.38,760.03,0,0,0,760.03,FALSE,,FILED
GST-0678-IN,INV-0678,ORD-678,INPUT,2025-02,29AAACR2288E1ZK,11.96,0,1.07,1.08,0,2.15,TRUE,TRUE,RECONCILED
GST-0679-OUT,INV-0679,ORD-679,OUTPUT,2025-02,29ABCDE0679F1Z5,1176.0,211.68,0,0,0,211.68,FALSE,,FILED
GST-0679-IN,INV-0679,ORD-679,INPUT,2025-02,29AAACR2288E1ZK,5.55,0,0.5,0.5,0,1.0,TRUE,TRUE,RECONCILED
GST-0680-OUT,INV-0680,ORD-680,OUTPUT,2025-02,29ABCDE0680F1Z5,2010.49,0,180.94,180.95,0,361.89,FALSE,,FILED
GST-0680-IN,INV-0680,ORD-680,INPUT,2025-02,29AAACR2288E1ZK,47.45,0,4.27,4.27,0,8.54,TRUE,TRUE,RECONCILED
GST-0681-OUT,INV-0681,ORD-681,OUTPUT,2025-02,29ABCDE0681F1Z5,2439.42,0,219.55,219.55,0,439.1,FALSE,,FILED
GST-0681-IN,INV-0681,ORD-681,INPUT,2025-02,29AAACR2288E1ZK,12.0,0,1.08,1.08,0,2.16,TRUE,TRUE,RECONCILED
GST-0682-OUT,INV-0682,ORD-682,OUTPUT,2025-02,29ABCDE0682F1Z5,5285.03,0,475.65,475.65,0,951.3,FALSE,,FILED
GST-0682-IN,INV-0682,ORD-682,INPUT,2025-02,29AAACR2288E1ZK,118.49,0,10.66,10.67,0,21.33,TRUE,TRUE,RECONCILED
GST-0683-OUT,INV-0683,ORD-683,OUTPUT,2025-02,29ABCDE0683F1Z5,253.39,45.61,0,0,0,45.61,FALSE,,FILED
GST-0683-IN,INV-0683,ORD-683,INPUT,2025-02,29AAACR2288E1ZK,1.2,0,0.11,0.11,0,0.22,TRUE,TRUE,RECONCILED
GST-0684-OUT,INV-0684,ORD-684,OUTPUT,2025-03,29ABCDE0684F1Z5,673.44,121.22,0,0,0,121.22,FALSE,,FILED
GST-0684-IN,INV-0684,ORD-684,INPUT,2025-03,29AAACR2288E1ZK,15.1,0,1.36,1.36,0,2.72,TRUE,TRUE,RECONCILED
GST-0685-OUT,INV-0685,ORD-685,OUTPUT,2025-03,29ABCDE0685F1Z5,543.31,0,48.9,48.89,0,97.79,FALSE,,FILED
GST-0685-IN,INV-0685,ORD-685,INPUT,2025-03,29AAACR2288E1ZK,12.82,0,1.16,1.15,0,2.31,TRUE,TRUE,RECONCILED
GST-0686-OUT,INV-0686,ORD-686,OUTPUT,2025-03,29ABCDE0686F1Z5,1597.57,0,143.78,143.78,0,287.56,FALSE,,FILED
GST-0686-IN,INV-0686,ORD-686,INPUT,2025-03,29AAACR2288E1ZK,37.7,0,3.4,3.39,0,6.79,TRUE,TRUE,RECONCILED
GST-0688-OUT,INV-0688,ORD-688,OUTPUT,2025-03,29ABCDE0688F1Z5,2202.44,396.44,0,0,0,396.44,FALSE,,FILED
GST-0688-IN,INV-0688,ORD-688,INPUT,2025-03,29AAACR2288E1ZK,12.0,0,1.08,1.08,0,2.16,TRUE,TRUE,RECONCILED
GST-0689-OUT,INV-0689,ORD-689,OUTPUT,2025-03,29ABCDE0689F1Z5,801.53,0,72.14,72.13,0,144.27,FALSE,,FILED
GST-0689-IN,INV-0689,ORD-689,INPUT,2025-03,29AAACR2288E1ZK,18.92,0,1.71,1.7,0,3.41,TRUE,TRUE,RECONCILED
GST-0690-OUT,INV-0690,ORD-690,OUTPUT,2025-03,29ABCDE0690F1Z5,539.67,97.14,0,0,0,97.14,FALSE,,FILED
GST-0690-IN,INV-0690,ORD-690,INPUT,2025-03,29AAACR2288E1ZK,12.74,0,1.15,1.14,0,2.29,TRUE,TRUE,RECONCILED
GST-0691-OUT,INV-0691,ORD-691,OUTPUT,2025-03,29ABCDE0691F1Z5,1484.02,267.12,0,0,0,267.12,FALSE,,FILED
GST-0691-IN,INV-0691,ORD-691,INPUT,2025-03,29AAACR2288E1ZK,12.0,0,1.08,1.08,0,2.16,TRUE,TRUE,RECONCILED
GST-0692-OUT,INV-0692,ORD-692,OUTPUT,2025-03,29ABCDE0692F1Z5,2031.1,0,182.8,182.8,0,365.6,FALSE,,FILED
GST-0692-IN,INV-0692,ORD-692,INPUT,2025-03,29AAACR2288E1ZK,47.93,0,4.32,4.31,0,8.63,TRUE,TRUE,RECONCILED
GST-0693-OUT,INV-0693,ORD-693,OUTPUT,2025-03,29ABCDE0693F1Z5,701.69,0,63.16,63.15,0,126.31,FALSE,,FILED
GST-0693-IN,INV-0693,ORD-693,INPUT,2025-03,29AAACR2288E1ZK,3.31,0,0.3,0.3,0,0.6,TRUE,TRUE,RECONCILED
GST-0694-OUT,INV-0694,ORD-694,OUTPUT,2025-03,29ABCDE0694F1Z5,3049.46,0,274.45,274.45,0,548.9,FALSE,,FILED
GST-0694-IN,INV-0694,ORD-694,INPUT,2025-03,29AAACR2288E1ZK,71.97,0,6.47,6.48,0,12.95,TRUE,TRUE,RECONCILED
GST-0695-OUT,INV-0695,ORD-695,OUTPUT,2025-03,29ABCDE0695F1Z5,528.94,0,47.6,47.61,0,95.21,FALSE,,FILED
GST-0695-IN,INV-0695,ORD-695,INPUT,2025-03,29AAACR2288E1ZK,2.5,0,0.23,0.22,0,0.45,TRUE,TRUE,RECONCILED
GST-0696-OUT,INV-0696,ORD-696,OUTPUT,2025-03,29ABCDE0696F1Z5,2041.3,367.43,0,0,0,367.43,FALSE,,FILED
GST-0696-IN,INV-0696,ORD-696,INPUT,2025-03,29AAACR2288E1ZK,48.17,0,4.33,4.34,0,8.67,TRUE,TRUE,RECONCILED
GST-0697-OUT,INV-0697,ORD-697,OUTPUT,2025-03,29ABCDE0697F1Z5,1591.22,0,143.21,143.21,0,286.42,FALSE,,FILED
GST-0697-IN,INV-0697,ORD-697,INPUT,2025-03,29AAACR2288E1ZK,37.55,0,3.38,3.38,0,6.76,TRUE,TRUE,RECONCILED
GST-0699-OUT,INV-0699,ORD-699,OUTPUT,2025-03,29ABCDE0699F1Z5,253.39,0,22.8,22.81,0,45.61,FALSE,,FILED
GST-0699-IN,INV-0699,ORD-699,INPUT,2025-03,29AAACR2288E1ZK,12.0,0,1.08,1.08,0,2.16,TRUE,TRUE,RECONCILED
GST-0700-OUT,INV-0700,ORD-700,OUTPUT,2025-03,29ABCDE0700F1Z5,253.39,0,22.8,22.81,0,45.61,FALSE,,FILED
GST-0700-IN,INV-0700,ORD-700,INPUT,2025-03,29AAACR2288E1ZK,7.03,0,0.64,0.63,0,1.27,TRUE,TRUE,RECONCILED
GST-0701-OUT,INV-0701,ORD-701,OUTPUT,2025-03,29ABCDE0701F1Z5,799.42,143.9,0,0,0,143.9,FALSE,,FILED
GST-0701-IN,INV-0701,ORD-701,INPUT,2025-03,29AAACR2288E1ZK,22.17,0,2.0,1.99,0,3.99,TRUE,TRUE,RECONCILED
GST-0702-OUT,INV-0702,ORD-702,OUTPUT,2025-03,29ABCDE0702F1Z5,980.47,0,88.25,88.24,0,176.49,FALSE,,FILED
GST-0702-IN,INV-0702,ORD-702,INPUT,2025-03,29AAACR2288E1ZK,23.14,0,2.08,2.09,0,4.17,TRUE,TRUE,RECONCILED
GST-0703-OUT,INV-0703,ORD-703,OUTPUT,2025-03,29ABCDE0703F1Z5,2153.81,0,193.84,193.85,0,387.69,FALSE,,FILED
GST-0703-IN,INV-0703,ORD-703,INPUT,2025-03,29AAACR2288E1ZK,50.83,0,4.58,4.57,0,9.15,TRUE,TRUE,RECONCILED
GST-0704-OUT,INV-0704,ORD-704,OUTPUT,2025-03,29ABCDE0704F1Z5,407.42,0,36.66,36.67,0,73.33,FALSE,,FILED
GST-0704-IN,INV-0704,ORD-704,INPUT,2025-03,29AAACR2288E1ZK,9.62,0,0.86,0.87,0,1.73,TRUE,TRUE,RECONCILED
GST-0705-OUT,INV-0705,ORD-705,OUTPUT,2025-03,29ABCDE0705F1Z5,1494.89,0,134.54,134.54,0,269.08,FALSE,,FILED
GST-0705-IN,INV-0705,ORD-705,INPUT,2025-03,29AAACR2288E1ZK,35.28,0,3.17,3.18,0,6.35,TRUE,TRUE,RECONCILED
GST-0706-OUT,INV-0706,ORD-706,OUTPUT,2025-03,29ABCDE0706F1Z5,377.08,67.87,0,0,0,67.87,FALSE,,FILED
GST-0706-IN,INV-0706,ORD-706,INPUT,2025-03,29AAACR2288E1ZK,8.9,0,0.8,0.8,0,1.6,TRUE,TRUE,RECONCILED
GST-0707-OUT,INV-0707,ORD-707,OUTPUT,2025-03,29ABCDE0707F1Z5,5306.1,0,477.55,477.55,0,955.1,FALSE,,FILED
GST-0707-IN,INV-0707,ORD-707,INPUT,2025-03,29AAACR2288E1ZK,118.96,0,10.71,10.7,0,21.41,TRUE,TRUE,RECONCILED
GST-0708-OUT,INV-0708,ORD-708,OUTPUT,2025-03,29ABCDE0708F1Z5,7894.61,0,710.51,710.52,0,1421.03,FALSE,,FILED
GST-0708-IN,INV-0708,ORD-708,INPUT,2025-03,29AAACR2288E1ZK,186.31,0,16.77,16.77,0,33.54,TRUE,TRUE,RECONCILED
GST-0709-OUT,INV-0709,ORD-709,OUTPUT,2025-03,29ABCDE0709F1Z5,253.39,0,22.8,22.81,0,45.61,FALSE,,FILED
GST-0709-IN,INV-0709,ORD-709,INPUT,2025-03,29AAACR2288E1ZK,1.2,0,0.11,0.11,0,0.22,TRUE,TRUE,RECONCILED
GST-0710-OUT,INV-0710,ORD-710,OUTPUT,2025-03,29ABCDE0710F1Z5,889.35,160.08,0,0,0,160.08,FALSE,,FILED
GST-0710-IN,INV-0710,ORD-710,INPUT,2025-03,29AAACR2288E1ZK,19.94,0,1.79,1.8,0,3.59,TRUE,TRUE,RECONCILED
GST-0711-OUT,INV-0711,ORD-711,OUTPUT,2025-03,29ABCDE0711F1Z5,1212.96,218.33,0,0,0,218.33,FALSE,,FILED
GST-0711-IN,INV-0711,ORD-711,INPUT,2025-03,29AAACR2288E1ZK,5.73,0,0.52,0.51,0,1.03,TRUE,TRUE,RECONCILED
GST-0712-OUT,INV-0712,ORD-712,OUTPUT,2025-03,29ABCDE0712F1Z5,4981.48,0,448.33,448.34,0,896.67,FALSE,,FILED
GST-0712-IN,INV-0712,ORD-712,INPUT,2025-03,29AAACR2288E1ZK,117.56,0,10.58,10.58,0,21.16,TRUE,TRUE,RECONCILED
GST-0713-OUT,INV-0713,ORD-713,OUTPUT,2025-03,29ABCDE0713F1Z5,1069.38,192.49,0,0,0,192.49,FALSE,,FILED
GST-0713-IN,INV-0713,ORD-713,INPUT,2025-03,29AAACR2288E1ZK,25.24,0,2.27,2.27,0,4.54,TRUE,TRUE,RECONCILED
GST-0714-OUT,INV-0714,ORD-714,OUTPUT,2025-03,29ABCDE0714F1Z5,5718.65,0,514.68,514.68,0,1029.36,FALSE,,FILED
GST-0714-IN,INV-0714,ORD-714,INPUT,2025-03,29AAACR2288E1ZK,134.96,0,12.14,12.15,0,24.29,TRUE,TRUE,RECONCILED
GST-0715-OUT,INV-0715,ORD-715,OUTPUT,2025-03,29ABCDE0715F1Z5,1894.96,0,170.54,170.55,0,341.09,FALSE,,FILED
GST-0715-IN,INV-0715,ORD-715,INPUT,2025-03,29AAACR2288E1ZK,44.72,0,4.03,4.02,0,8.05,TRUE,TRUE,RECONCILED
GST-0716-OUT,INV-0716,ORD-716,OUTPUT,2025-03,29ABCDE0716F1Z5,1259.08,0,113.32,113.32,0,226.64,FALSE,,FILED
GST-0716-IN,INV-0716,ORD-716,INPUT,2025-03,29AAACR2288E1ZK,5.94,0,0.54,0.53,0,1.07,TRUE,TRUE,RECONCILED
GST-0717-OUT,INV-0717,ORD-717,OUTPUT,2025-03,29ABCDE0717F1Z5,328.58,59.14,0,0,0,59.14,FALSE,,FILED
GST-0717-IN,INV-0717,ORD-717,INPUT,2025-03,29AAACR2288E1ZK,7.75,0,0.7,0.7,0,1.4,TRUE,TRUE,RECONCILED
GST-0718-OUT,INV-0718,ORD-718,OUTPUT,2025-03,29ABCDE0718F1Z5,629.02,113.22,0,0,0,113.22,FALSE,,FILED
GST-0718-IN,INV-0718,ORD-718,INPUT,2025-03,29AAACR2288E1ZK,2.97,0,0.27,0.26,0,0.53,TRUE,TRUE,RECONCILED
GST-0720-OUT,INV-0720,ORD-720,OUTPUT,2025-03,29ABCDE0720F1Z5,794.9,143.08,0,0,0,143.08,FALSE,,FILED
GST-0720-IN,INV-0720,ORD-720,INPUT,2025-03,29AAACR2288E1ZK,18.76,0,1.69,1.69,0,3.38,TRUE,TRUE,RECONCILED
GST-0721-OUT,INV-0721,ORD-721,OUTPUT,2025-03,29ABCDE0721F1Z5,733.33,132.0,0,0,0,132.0,FALSE,,FILED
GST-0721-IN,INV-0721,ORD-721,INPUT,2025-03,29AAACR2288E1ZK,16.44,0,1.48,1.48,0,2.96,TRUE,TRUE,RECONCILED
GST-0722-OUT,INV-0722,ORD-722,OUTPUT,2025-03,29ABCDE0722F1Z5,1134.9,0,102.14,102.14,0,204.28,FALSE,,FILED
GST-0722-IN,INV-0722,ORD-722,INPUT,2025-03,29AAACR2288E1ZK,5.36,0,0.48,0.48,0,0.96,TRUE,TRUE,RECONCILED
GST-0723-OUT,INV-0723,ORD-723,OUTPUT,2025-03,29ABCDE0723F1Z5,2216.31,398.93,0,0,0,398.93,FALSE,,FILED
GST-0723-IN,INV-0723,ORD-723,INPUT,2025-03,29AAACR2288E1ZK,49.69,0,4.47,4.47,0,8.94,TRUE,TRUE,RECONCILED
GST-0724-OUT,INV-0724,ORD-724,OUTPUT,2025-03,29ABCDE0724F1Z5,10305.08,0,927.46,927.46,0,1854.92,FALSE,,FILED
GST-0724-IN,INV-0724,ORD-724,INPUT,2025-03,29AAACR2288E1ZK,48.64,0,4.38,4.38,0,8.76,TRUE,TRUE,RECONCILED
GST-0725-OUT,INV-0725,ORD-725,OUTPUT,2025-03,29ABCDE0725F1Z5,2893.8,0,260.44,260.44,0,520.88,FALSE,,FILED
GST-0725-IN,INV-0725,ORD-725,INPUT,2025-03,29AAACR2288E1ZK,68.29,0,6.14,6.15,0,12.29,TRUE,TRUE,RECONCILED
GST-0726-OUT,INV-0726,ORD-726,OUTPUT,2025-03,29ABCDE0726F1Z5,2132.81,0,191.95,191.95,0,383.9,FALSE,,FILED
GST-0726-IN,INV-0726,ORD-726,INPUT,2025-03,29AAACR2288E1ZK,10.07,0,0.91,0.9,0,1.81,TRUE,TRUE,RECONCILED
GST-0727-OUT,INV-0727,ORD-727,OUTPUT,2025-03,29ABCDE0727F1Z5,1713.6,0,154.22,154.23,0,308.45,FALSE,,FILED
GST-0727-IN,INV-0727,ORD-727,INPUT,2025-03,29AAACR2288E1ZK,8.09,0,0.73,0.73,0,1.46,TRUE,TRUE,RECONCILED
GST-0728-OUT,INV-0728,ORD-728,OUTPUT,2025-03,29ABCDE0728F1Z5,2682.78,482.9,0,0,0,482.9,FALSE,,FILED
GST-0728-IN,INV-0728,ORD-728,INPUT,2025-03,29AAACR2288E1ZK,63.31,0,5.7,5.7,0,11.4,TRUE,TRUE,RECONCILED
GST-0729-OUT,INV-0729,ORD-729,OUTPUT,2025-03,29ABCDE0729F1Z5,1457.64,0,131.19,131.19,0,262.38,FALSE,,FILED
GST-0729-IN,INV-0729,ORD-729,INPUT,2025-03,29AAACR2288E1ZK,6.88,0,0.62,0.62,0,1.24,TRUE,TRUE,RECONCILED
GST-0730-OUT,INV-0730,ORD-730,OUTPUT,2025-03,29ABCDE0730F1Z5,1855.55,0,167.0,167.0,0,334.0,FALSE,,FILED
GST-0730-IN,INV-0730,ORD-730,INPUT,2025-03,29AAACR2288E1ZK,8.76,0,0.79,0.79,0,1.58,TRUE,TRUE,RECONCILED
GST-0732-OUT,INV-0732,ORD-732,OUTPUT,2025-03,29ABCDE0732F1Z5,559.69,100.75,0,0,0,100.75,FALSE,,FILED
GST-0732-IN,INV-0732,ORD-732,INPUT,2025-03,29AAACR2288E1ZK,15.52,0,1.4,1.39,0,2.79,TRUE,TRUE,RECONCILED
GST-0733-OUT,INV-0733,ORD-733,OUTPUT,2025-03,29ABCDE0733F1Z5,977.35,0,87.96,87.96,0,175.92,FALSE,,FILED
GST-0733-IN,INV-0733,ORD-733,INPUT,2025-03,29AAACR2288E1ZK,23.07,0,2.08,2.07,0,4.15,TRUE,TRUE,RECONCILED
GST-0734-OUT,INV-0734,ORD-734,OUTPUT,2025-03,29ABCDE0734F1Z5,401.32,0,36.12,36.12,0,72.24,FALSE,,FILED
GST-0734-IN,INV-0734,ORD-734,INPUT,2025-03,29AAACR2288E1ZK,9.47,0,0.85,0.85,0,1.7,TRUE,TRUE,RECONCILED
GST-0735-OUT,INV-0735,ORD-735,OUTPUT,2025-03,29ABCDE0735F1Z5,273.91,0,24.65,24.65,0,49.3,FALSE,,FILED
GST-0735-IN,INV-0735,ORD-735,INPUT,2025-03,29AAACR2288E1ZK,6.46,0,0.58,0.58,0,1.16,TRUE,TRUE,RECONCILED
GST-0736-OUT,INV-0736,ORD-736,OUTPUT,2025-03,29ABCDE0736F1Z5,1764.2,317.56,0,0,0,317.56,FALSE,,FILED
GST-0736-IN,INV-0736,ORD-736,INPUT,2025-03,29AAACR2288E1ZK,41.64,0,3.75,3.75,0,7.5,TRUE,TRUE,RECONCILED
GST-0737-OUT,INV-0737,ORD-737,OUTPUT,2025-03,29ABCDE0737F1Z5,1761.23,317.02,0,0,0,317.02,FALSE,,FILED
GST-0737-IN,INV-0737,ORD-737,INPUT,2025-03,29AAACR2288E1ZK,8.31,0,0.75,0.75,0,1.5,TRUE,TRUE,RECONCILED
GST-0738-OUT,INV-0738,ORD-738,OUTPUT,2025-03,29ABCDE0738F1Z5,1082.1,0,97.39,97.39,0,194.78,FALSE,,FILED
GST-0738-IN,INV-0738,ORD-738,INPUT,2025-03,29AAACR2288E1ZK,5.11,0,0.46,0.46,0,0.92,TRUE,TRUE,RECONCILED
GST-0739-OUT,INV-0739,ORD-739,OUTPUT,2025-03,29ABCDE0739F1Z5,298.82,53.79,0,0,0,53.79,FALSE,,FILED
GST-0739-IN,INV-0739,ORD-739,INPUT,2025-03,29AAACR2288E1ZK,7.05,0,0.64,0.63,0,1.27,TRUE,TRUE,RECONCILED
GST-0740-OUT,INV-0740,ORD-740,OUTPUT,2025-03,29ABCDE0740F1Z5,1795.88,0,161.63,161.63,0,323.26,FALSE,,FILED
GST-0740-IN,INV-0740,ORD-740,INPUT,2025-03,29AAACR2288E1ZK,8.48,0,0.77,0.76,0,1.53,TRUE,TRUE,RECONCILED
GST-0741-OUT,INV-0741,ORD-741,OUTPUT,2025-03,29ABCDE0741F1Z5,1109.04,199.63,0,0,0,199.63,FALSE,,FILED
GST-0741-IN,INV-0741,ORD-741,INPUT,2025-03,29AAACR2288E1ZK,26.17,0,2.35,2.36,0,4.71,TRUE,TRUE,RECONCILED
GST-0742-OUT,INV-0742,ORD-742,OUTPUT,2025-03,29ABCDE0742F1Z5,2723.91,0,245.15,245.15,0,490.3,FALSE,,FILED
GST-0742-IN,INV-0742,ORD-742,INPUT,2025-03,29AAACR2288E1ZK,64.28,0,5.79,5.78,0,11.57,TRUE,TRUE,RECONCILED
GST-0743-OUT,INV-0743,ORD-743,OUTPUT,2025-03,29ABCDE0743F1Z5,358.68,0,32.28,32.28,0,64.56,FALSE,,FILED
GST-0743-IN,INV-0743,ORD-743,INPUT,2025-03,29AAACR2288E1ZK,8.46,0,0.76,0.76,0,1.52,TRUE,TRUE,RECONCILED
GST-0744-OUT,INV-0744,ORD-744,OUTPUT,2025-03,29ABCDE0744F1Z5,457.81,0,41.2,41.21,0,82.41,FALSE,,FILED
GST-0744-IN,INV-0744,ORD-744,INPUT,2025-03,29AAACR2288E1ZK,10.8,0,0.97,0.97,0,1.94,TRUE,TRUE,RECONCILED
GST-0745-OUT,INV-0745,ORD-745,OUTPUT,2025-03,29ABCDE0745F1Z5,893.1,160.76,0,0,0,160.76,FALSE,,FILED
GST-0745-IN,INV-0745,ORD-745,INPUT,2025-03,29AAACR2288E1ZK,21.08,0,1.9,1.89,0,3.79,TRUE,TRUE,RECONCILED
GST-0746-OUT,INV-0746,ORD-746,OUTPUT,2025-03,29ABCDE0746F1Z5,495.19,0,44.57,44.57,0,89.14,FALSE,,FILED
GST-0746-IN,INV-0746,ORD-746,INPUT,2025-03,29AAACR2288E1ZK,11.69,0,1.05,1.05,0,2.1,TRUE,TRUE,RECONCILED
GST-0747-OUT,INV-0747,ORD-747,OUTPUT,2025-03,29ABCDE0747F1Z5,754.62,0,67.92,67.91,0,135.83,FALSE,,FILED
GST-0747-IN,INV-0747,ORD-747,INPUT,2025-03,29AAACR2288E1ZK,16.92,0,1.52,1.53,0,3.05,TRUE,TRUE,RECONCILED
GST-0748-OUT,INV-0748,ORD-748,OUTPUT,2025-03,29ABCDE0748F1Z5,1672.88,0,150.56,150.56,0,301.12,FALSE,,FILED
GST-0748-IN,INV-0748,ORD-748,INPUT,2025-03,29AAACR2288E1ZK,7.9,0,0.71,0.71,0,1.42,TRUE,TRUE,RECONCILED
GST-0749-OUT,INV-0749,ORD-749,OUTPUT,2025-03,29ABCDE0749F1Z5,825.25,148.54,0,0,0,148.54,FALSE,,FILED
GST-0749-IN,INV-0749,ORD-749,INPUT,2025-03,29AAACR2288E1ZK,13.73,0,1.24,1.23,0,2.47,TRUE,TRUE,RECONCILED
GST-0750-OUT,INV-0750,ORD-750,OUTPUT,2025-03,29ABCDE0750F1Z5,364.81,0,32.84,32.83,0,65.67,FALSE,,FILED
GST-0750-IN,INV-0750,ORD-750,INPUT,2025-03,29AAACR2288E1ZK,8.61,0,0.78,0.77,0,1.55,TRUE,TRUE,RECONCILED
GST-0751-OUT,INV-0751,ORD-751,OUTPUT,2025-03,29ABCDE0751F1Z5,274.87,0,24.74,24.74,0,49.48,FALSE,,FILED
GST-0751-IN,INV-0751,ORD-751,INPUT,2025-03,29AAACR2288E1ZK,1.3,0,0.12,0.11,0,0.23,TRUE,TRUE,RECONCILED
GST-0752-OUT,INV-0752,ORD-752,OUTPUT,2025-03,29ABCDE0752F1Z5,260.94,0,23.48,23.49,0,46.97,FALSE,,FILED
GST-0752-IN,INV-0752,ORD-752,INPUT,2025-03,29AAACR2288E1ZK,12.0,0,1.08,1.08,0,2.16,TRUE,TRUE,RECONCILED
GST-0753-OUT,INV-0753,ORD-753,OUTPUT,2025-03,29ABCDE0753F1Z5,296.87,0,26.72,26.72,0,53.44,FALSE,,FILED
GST-0753-IN,INV-0753,ORD-753,INPUT,2025-03,29AAACR2288E1ZK,1.4,0,0.12,0.13,0,0.25,TRUE,TRUE,RECONCILED
GST-0754-OUT,INV-0754,ORD-754,OUTPUT,2025-03,29ABCDE0754F1Z5,1510.04,271.81,0,0,0,271.81,FALSE,,FILED
GST-0754-IN,INV-0754,ORD-754,INPUT,2025-03,29AAACR2288E1ZK,7.13,0,0.64,0.64,0,1.28,TRUE,TRUE,RECONCILED
GST-0755-OUT,INV-0755,ORD-755,OUTPUT,2025-03,29ABCDE0755F1Z5,994.64,0,89.52,89.52,0,179.04,FALSE,,FILED
GST-0755-IN,INV-0755,ORD-755,INPUT,2025-03,29AAACR2288E1ZK,23.47,0,2.11,2.11,0,4.22,TRUE,TRUE,RECONCILED
GST-0756-OUT,INV-0756,ORD-756,OUTPUT,2025-03,29ABCDE0756F1Z5,1166.72,0,105.0,105.01,0,210.01,FALSE,,FILED
GST-0756-IN,INV-0756,ORD-756,INPUT,2025-03,29AAACR2288E1ZK,12.0,0,1.08,1.08,0,2.16,TRUE,TRUE,RECONCILED
GST-0757-OUT,INV-0757,ORD-757,OUTPUT,2025-03,29ABCDE0757F1Z5,253.39,0,22.8,22.81,0,45.61,FALSE,,FILED
GST-0757-IN,INV-0757,ORD-757,INPUT,2025-03,29AAACR2288E1ZK,5.98,0,0.54,0.54,0,1.08,TRUE,TRUE,RECONCILED
GST-0758-OUT,INV-0758,ORD-758,OUTPUT,2025-03,29ABCDE0758F1Z5,6156.62,1108.19,0,0,0,1108.19,FALSE,,FILED
GST-0758-IN,INV-0758,ORD-758,INPUT,2025-03,29AAACR2288E1ZK,145.3,0,13.07,13.08,0,26.15,TRUE,TRUE,RECONCILED
GST-0759-OUT,INV-0759,ORD-759,OUTPUT,2025-03,29ABCDE0759F1Z5,870.42,0,78.34,78.34,0,156.68,FALSE,,FILED
GST-0759-IN,INV-0759,ORD-759,INPUT,2025-03,29AAACR2288E1ZK,4.11,0,0.37,0.37,0,0.74,TRUE,TRUE,RECONCILED
GST-0760-OUT,INV-0760,ORD-760,OUTPUT,2025-03,29ABCDE0760F1Z5,333.62,60.05,0,0,0,60.05,FALSE,,FILED
GST-0760-IN,INV-0760,ORD-760,INPUT,2025-03,29AAACR2288E1ZK,0.94,0,0.09,0.08,0,0.17,TRUE,TRUE,RECONCILED
GST-0761-OUT,INV-0761,ORD-761,OUTPUT,2025-03,29ABCDE0761F1Z5,468.08,0,42.13,42.13,0,84.26,FALSE,,FILED
GST-0761-IN,INV-0761,ORD-761,INPUT,2025-03,29AAACR2288E1ZK,10.49,0,0.94,0.95,0,1.89,TRUE,TRUE,RECONCILED
GST-0762-OUT,INV-0762,ORD-762,OUTPUT,2025-03,29ABCDE0762F1Z5,641.72,0,57.76,57.75,0,115.51,FALSE,,FILED
GST-0762-IN,INV-0762,ORD-762,INPUT,2025-03,29AAACR2288E1ZK,15.14,0,1.36,1.37,0,2.73,TRUE,TRUE,RECONCILED
GST-0763-OUT,INV-0763,ORD-763,OUTPUT,2025-03,29ABCDE0763F1Z5,6034.31,1086.18,0,0,0,1086.18,FALSE,,FILED
GST-0763-IN,INV-0763,ORD-763,INPUT,2025-03,29AAACR2288E1ZK,142.41,0,12.81,12.82,0,25.63,TRUE,TRUE,RECONCILED
GST-0764-OUT,INV-0764,ORD-764,OUTPUT,2025-03,29ABCDE0764F1Z5,439.91,0,39.59,39.59,0,79.18,FALSE,,FILED
GST-0764-IN,INV-0764,ORD-764,INPUT,2025-03,29AAACR2288E1ZK,12.2,0,1.1,1.1,0,2.2,TRUE,TRUE,RECONCILED
GST-0765-OUT,INV-0765,ORD-765,OUTPUT,2025-03,29ABCDE0765F1Z5,1046.75,188.42,0,0,0,188.42,FALSE,,FILED
GST-0765-IN,INV-0765,ORD-765,INPUT,2025-03,29AAACR2288E1ZK,24.7,0,2.23,2.22,0,4.45,TRUE,TRUE,RECONCILED
GST-0766-OUT,INV-0766,ORD-766,OUTPUT,2025-03,29ABCDE0766F1Z5,1172.04,0,105.48,105.49,0,210.97,FALSE,,FILED
GST-0766-IN,INV-0766,ORD-766,INPUT,2025-03,29AAACR2288E1ZK,27.66,0,2.49,2.49,0,4.98,TRUE,TRUE,RECONCILED
GST-0767-OUT,INV-0767,ORD-767,OUTPUT,2025-03,29ABCDE0767F1Z5,253.39,0,22.8,22.81,0,45.61,FALSE,,FILED
GST-0767-IN,INV-0767,ORD-767,INPUT,2025-03,29AAACR2288E1ZK,5.98,0,0.54,0.54,0,1.08,TRUE,TRUE,RECONCILED
GST-0768-OUT,INV-0768,ORD-768,OUTPUT,2025-03,29ABCDE0768F1Z5,2398.85,0,215.9,215.89,0,431.79,FALSE,,FILED
GST-0768-IN,INV-0768,ORD-768,INPUT,2025-03,29AAACR2288E1ZK,12.0,0,1.08,1.08,0,2.16,TRUE,TRUE,RECONCILED
GST-0769-OUT,INV-0769,ORD-769,OUTPUT,2025-03,29ABCDE0769F1Z5,253.39,0,22.8,22.81,0,45.61,FALSE,,FILED
GST-0769-IN,INV-0769,ORD-769,INPUT,2025-03,29AAACR2288E1ZK,5.68,0,0.51,0.51,0,1.02,TRUE,TRUE,RECONCILED
GST-0770-OUT,INV-0770,ORD-770,OUTPUT,2025-03,29ABCDE0770F1Z5,2802.92,0,252.26,252.27,0,504.53,FALSE,,FILED
GST-0770-IN,INV-0770,ORD-770,INPUT,2025-03,29AAACR2288E1ZK,62.84,0,5.66,5.65,0,11.31,TRUE,TRUE,RECONCILED
GST-0771-OUT,INV-0771,ORD-771,OUTPUT,2025-03,29ABCDE0771F1Z5,3071.89,552.94,0,0,0,552.94,FALSE,,FILED
GST-0771-IN,INV-0771,ORD-771,INPUT,2025-03,29AAACR2288E1ZK,14.5,0,1.3,1.31,0,2.61,TRUE,TRUE,RECONCILED
GST-0772-OUT,INV-0772,ORD-772,OUTPUT,2025-03,29ABCDE0772F1Z5,2730.39,491.47,0,0,0,491.47,FALSE,,FILED
GST-0772-IN,INV-0772,ORD-772,INPUT,2025-03,29AAACR2288E1ZK,61.22,0,5.51,5.51,0,11.02,TRUE,TRUE,RECONCILED
GST-0773-OUT,INV-0773,ORD-773,OUTPUT,2025-03,29ABCDE0773F1Z5,3152.39,0,283.71,283.72,0,567.43,FALSE,,FILED
GST-0773-IN,INV-0773,ORD-773,INPUT,2025-03,29AAACR2288E1ZK,74.4,0,6.7,6.69,0,13.39,TRUE,TRUE,RECONCILED
GST-0774-OUT,INV-0774,ORD-774,OUTPUT,2025-03,29ABCDE0774F1Z5,1168.22,210.28,0,0,0,210.28,FALSE,,FILED
GST-0774-IN,INV-0774,ORD-774,INPUT,2025-03,29AAACR2288E1ZK,3.31,0,0.3,0.3,0,0.6,TRUE,TRUE,RECONCILED
GST-0775-OUT,INV-0775,ORD-775,OUTPUT,2025-03,29ABCDE0775F1Z5,856.51,154.17,0,0,0,154.17,FALSE,,FILED
GST-0775-IN,INV-0775,ORD-775,INPUT,2025-03,29AAACR2288E1ZK,4.04,0,0.36,0.37,0,0.73,TRUE,TRUE,RECONCILED
GST-0776-OUT,INV-0776,ORD-776,OUTPUT,2025-03,29ABCDE0776F1Z5,368.05,0,33.12,33.13,0,66.25,FALSE,,FILED
GST-0776-IN,INV-0776,ORD-776,INPUT,2025-03,29AAACR2288E1ZK,1.74,0,0.15,0.16,0,0.31,TRUE,TRUE,RECONCILED
GST-0777-OUT,INV-0777,ORD-777,OUTPUT,2025-03,29ABCDE0777F1Z5,253.39,0,22.8,22.81,0,45.61,FALSE,,FILED
GST-0777-IN,INV-0777,ORD-777,INPUT,2025-03,29AAACR2288E1ZK,5.98,0,0.54,0.54,0,1.08,TRUE,TRUE,RECONCILED
GST-0778-OUT,INV-0778,ORD-778,OUTPUT,2025-03,29ABCDE0778F1Z5,3408.73,0,306.79,306.78,0,613.57,FALSE,,FILED
GST-0778-IN,INV-0778,ORD-778,INPUT,2025-03,29AAACR2288E1ZK,80.45,0,7.24,7.24,0,14.48,TRUE,TRUE,RECONCILED
GST-0779-OUT,INV-0779,ORD-779,OUTPUT,2025-03,29ABCDE0779F1Z5,520.31,93.66,0,0,0,93.66,FALSE,,FILED
GST-0779-IN,INV-0779,ORD-779,INPUT,2025-03,29AAACR2288E1ZK,11.67,0,1.05,1.05,0,2.1,TRUE,TRUE,RECONCILED
GST-0780-OUT,INV-0780,ORD-780,OUTPUT,2025-03,29ABCDE0780F1Z5,253.39,45.61,0,0,0,45.61,FALSE,,FILED
GST-0780-IN,INV-0780,ORD-780,INPUT,2025-03,29AAACR2288E1ZK,5.98,0,0.54,0.54,0,1.08,TRUE,TRUE,RECONCILED
GST-0781-OUT,INV-0781,ORD-781,OUTPUT,2025-03,29ABCDE0781F1Z5,997.63,179.57,0,0,0,179.57,FALSE,,FILED
GST-0781-IN,INV-0781,ORD-781,INPUT,2025-03,29AAACR2288E1ZK,4.71,0,0.42,0.43,0,0.85,TRUE,TRUE,RECONCILED
GST-0782-OUT,INV-0782,ORD-782,OUTPUT,2025-03,29ABCDE0782F1Z5,345.99,0,31.14,31.14,0,62.28,FALSE,,FILED
GST-0782-IN,INV-0782,ORD-782,INPUT,2025-03,29AAACR2288E1ZK,7.76,0,0.7,0.7,0,1.4,TRUE,TRUE,RECONCILED
GST-0783-OUT,INV-0783,ORD-783,OUTPUT,2025-03,29ABCDE0783F1Z5,1008.48,0,90.77,90.76,0,181.53,FALSE,,FILED
GST-0783-IN,INV-0783,ORD-783,INPUT,2025-03,29AAACR2288E1ZK,2.86,0,0.26,0.25,0,0.51,TRUE,TRUE,RECONCILED
GST-0784-OUT,INV-0784,ORD-784,OUTPUT,2025-03,29ABCDE0784F1Z5,1859.22,0,167.33,167.33,0,334.66,FALSE,,FILED
GST-0784-IN,INV-0784,ORD-784,INPUT,2025-03,29AAACR2288E1ZK,43.88,0,3.95,3.95,0,7.9,TRUE,TRUE,RECONCILED
GST-0785-OUT,INV-0785,ORD-785,OUTPUT,2025-03,29ABCDE0785F1Z5,253.39,0,22.8,22.81,0,45.61,FALSE,,FILED
GST-0785-IN,INV-0785,ORD-785,INPUT,2025-03,29AAACR2288E1ZK,1.2,0,0.11,0.11,0,0.22,TRUE,TRUE,RECONCILED
GST-0786-OUT,INV-0786,ORD-786,OUTPUT,2025-03,29ABCDE0786F1Z5,253.39,45.61,0,0,0,45.61,FALSE,,FILED
GST-0786-IN,INV-0786,ORD-786,INPUT,2025-03,29AAACR2288E1ZK,1.2,0,0.11,0.11,0,0.22,TRUE,TRUE,RECONCILED
GST-0787-OUT,INV-0787,ORD-787,OUTPUT,2025-03,29ABCDE0787F1Z5,1402.61,0,126.23,126.24,0,252.47,FALSE,,FILED
GST-0787-IN,INV-0787,ORD-787,INPUT,2025-03,29AAACR2288E1ZK,31.45,0,2.83,2.83,0,5.66,TRUE,TRUE,RECONCILED
GST-0788-OUT,INV-0788,ORD-788,OUTPUT,2025-03,29ABCDE0788F1Z5,1642.02,0,147.78,147.78,0,295.56,FALSE,,FILED
GST-0788-IN,INV-0788,ORD-788,INPUT,2025-03,29AAACR2288E1ZK,38.75,0,3.48,3.49,0,6.97,TRUE,TRUE,RECONCILED
GST-0789-OUT,INV-0789,ORD-789,OUTPUT,2025-03,29ABCDE0789F1Z5,6209.94,0,558.89,558.9,0,1117.79,FALSE,,FILED
GST-0789-IN,INV-0789,ORD-789,INPUT,2025-03,29AAACR2288E1ZK,146.55,0,13.19,13.19,0,26.38,TRUE,TRUE,RECONCILED
GST-0790-OUT,INV-0790,ORD-790,OUTPUT,2025-03,29ABCDE0790F1Z5,1213.88,218.5,0,0,0,218.5,FALSE,,FILED
GST-0790-IN,INV-0790,ORD-790,INPUT,2025-03,29AAACR2288E1ZK,5.73,0,0.52,0.51,0,1.03,TRUE,TRUE,RECONCILED
GST-0791-OUT,INV-0791,ORD-791,OUTPUT,2025-03,29ABCDE0791F1Z5,1416.28,0,127.47,127.46,0,254.93,FALSE,,FILED
GST-0791-IN,INV-0791,ORD-791,INPUT,2025-03,29AAACR2288E1ZK,12.0,0,1.08,1.08,0,2.16,TRUE,TRUE,RECONCILED
GST-0792-OUT,INV-0792,ORD-792,OUTPUT,2025-03,29ABCDE0792F1Z5,5149.18,0,463.43,463.42,0,926.85,FALSE,,FILED
GST-0792-IN,INV-0792,ORD-792,INPUT,2025-03,29AAACR2288E1ZK,121.52,0,10.94,10.93,0,21.87,TRUE,TRUE,RECONCILED
GST-0793-OUT,INV-0793,ORD-793,OUTPUT,2025-03,29ABCDE0793F1Z5,253.39,0,22.8,22.81,0,45.61,FALSE,,FILED
GST-0793-IN,INV-0793,ORD-793,INPUT,2025-03,29AAACR2288E1ZK,5.98,0,0.54,0.54,0,1.08,TRUE,TRUE,RECONCILED
GST-0794-OUT,INV-0794,ORD-794,OUTPUT,2025-03,29ABCDE0794F1Z5,2996.02,539.28,0,0,0,539.28,FALSE,,FILED
GST-0794-IN,INV-0794,ORD-794,INPUT,2025-03,29AAACR2288E1ZK,14.14,0,1.27,1.28,0,2.55,TRUE,TRUE,RECONCILED
GST-0795-OUT,INV-0795,ORD-795,OUTPUT,2025-03,29ABCDE0795F1Z5,920.44,165.68,0,0,0,165.68,FALSE,,FILED
GST-0795-IN,INV-0795,ORD-795,INPUT,2025-03,29AAACR2288E1ZK,21.72,0,1.96,1.95,0,3.91,TRUE,TRUE,RECONCILED
GST-0796-OUT,INV-0796,ORD-796,OUTPUT,2025-03,29ABCDE0796F1Z5,1577.2,0,141.95,141.95,0,283.9,FALSE,,FILED
GST-0796-IN,INV-0796,ORD-796,INPUT,2025-03,29AAACR2288E1ZK,37.22,0,3.35,3.35,0,6.7,TRUE,TRUE,RECONCILED
GST-0797-OUT,INV-0797,ORD-797,OUTPUT,2025-03,29ABCDE0797F1Z5,337.53,60.76,0,0,0,60.76,FALSE,,FILED
GST-0797-IN,INV-0797,ORD-797,INPUT,2025-03,29AAACR2288E1ZK,1.59,0,0.14,0.15,0,0.29,TRUE,TRUE,RECONCILED
GST-0798-OUT,INV-0798,ORD-798,OUTPUT,2025-03,29ABCDE0798F1Z5,488.58,87.94,0,0,0,87.94,FALSE,,FILED
GST-0798-IN,INV-0798,ORD-798,INPUT,2025-03,29AAACR2288E1ZK,12.0,0,1.08,1.08,0,2.16,TRUE,TRUE,RECONCILED
GST-0799-OUT,INV-0799,ORD-799,OUTPUT,2025-03,29ABCDE0799F1Z5,5970.45,0,537.34,537.34,0,1074.68,FALSE,,FILED
GST-0799-IN,INV-0799,ORD-799,INPUT,2025-03,29AAACR2288E1ZK,140.9,0,12.68,12.68,0,25.36,TRUE,TRUE,RECONCILED
GST-0800-OUT,INV-0800,ORD-800,OUTPUT,2025-03,29ABCDE0800F1Z5,777.06,139.87,0,0,0,139.87,FALSE,,FILED
GST-0800-IN,INV-0800,ORD-800,INPUT,2025-03,29AAACR2288E1ZK,18.34,0,1.65,1.65,0,3.3,TRUE,TRUE,RECONCILED
GST-0801-OUT,INV-0801,ORD-801,OUTPUT,2025-03,29ABCDE0801F1Z5,2162.87,389.32,0,0,0,389.32,FALSE,,FILED
GST-0801-IN,INV-0801,ORD-801,INPUT,2025-03,29AAACR2288E1ZK,10.21,0,0.92,0.92,0,1.84,TRUE,TRUE,RECONCILED
GST-0802-OUT,INV-0802,ORD-802,OUTPUT,2025-03,29ABCDE0802F1Z5,7431.4,0,668.83,668.82,0,1337.65,FALSE,,FILED
GST-0802-IN,INV-0802,ORD-802,INPUT,2025-03,29AAACR2288E1ZK,35.08,0,3.15,3.16,0,6.31,TRUE,TRUE,RECONCILED
GST-0803-OUT,INV-0803,ORD-803,OUTPUT,2025-03,29ABCDE0803F1Z5,10155.53,0,914.0,913.99,0,1827.99,FALSE,,FILED
GST-0803-IN,INV-0803,ORD-803,INPUT,2025-03,29AAACR2288E1ZK,239.67,0,21.57,21.57,0,43.14,TRUE,TRUE,RECONCILED
GST-0804-OUT,INV-0804,ORD-804,OUTPUT,2025-03,29ABCDE0804F1Z5,551.57,0,49.64,49.64,0,99.28,FALSE,,FILED
GST-0804-IN,INV-0804,ORD-804,INPUT,2025-03,29AAACR2288E1ZK,13.02,0,1.17,1.17,0,2.34,TRUE,TRUE,RECONCILED
GST-0805-OUT,INV-0805,ORD-805,OUTPUT,2025-03,29ABCDE0805F1Z5,848.13,152.66,0,0,0,152.66,FALSE,,FILED
GST-0805-IN,INV-0805,ORD-805,INPUT,2025-03,29AAACR2288E1ZK,4.0,0,0.36,0.36,0,0.72,TRUE,TRUE,RECONCILED
GST-0806-OUT,INV-0806,ORD-806,OUTPUT,2025-03,29ABCDE0806F1Z5,2172.8,0,195.55,195.55,0,391.1,FALSE,,FILED
GST-0806-IN,INV-0806,ORD-806,INPUT,2025-03,29AAACR2288E1ZK,51.28,0,4.62,4.61,0,9.23,TRUE,TRUE,RECONCILED
GST-0807-OUT,INV-0807,ORD-807,OUTPUT,2025-03,29ABCDE0807F1Z5,1402.97,0,126.27,126.27,0,252.54,FALSE,,FILED
GST-0807-IN,INV-0807,ORD-807,INPUT,2025-03,29AAACR2288E1ZK,33.11,0,2.98,2.98,0,5.96,TRUE,TRUE,RECONCILED
GST-0808-OUT,INV-0808,ORD-808,OUTPUT,2025-03,29ABCDE0808F1Z5,253.39,45.61,0,0,0,45.61,FALSE,,FILED
GST-0808-IN,INV-0808,ORD-808,INPUT,2025-03,29AAACR2288E1ZK,1.2,0,0.11,0.11,0,0.22,TRUE,TRUE,RECONCILED
GST-0809-OUT,INV-0809,ORD-809,OUTPUT,2025-03,29ABCDE0809F1Z5,682.92,0,61.46,61.46,0,122.92,FALSE,,FILED
GST-0809-IN,INV-0809,ORD-809,INPUT,2025-03,29AAACR2288E1ZK,16.12,0,1.45,1.45,0,2.9,TRUE,TRUE,RECONCILED
GST-0810-OUT,INV-0810,ORD-810,OUTPUT,2025-03,29ABCDE0810F1Z5,4322.08,777.98,0,0,0,777.98,FALSE,,FILED
GST-0810-IN,INV-0810,ORD-810,INPUT,2025-03,29AAACR2288E1ZK,12.0,0,1.08,1.08,0,2.16,TRUE,TRUE,RECONCILED
GST-0811-OUT,INV-0811,ORD-811,OUTPUT,2025-03,29ABCDE0811F1Z5,253.39,45.61,0,0,0,45.61,FALSE,,FILED
GST-0811-IN,INV-0811,ORD-811,INPUT,2025-03,29AAACR2288E1ZK,12.0,0,1.08,1.08,0,2.16,TRUE,TRUE,RECONCILED
GST-0812-OUT,INV-0812,ORD-812,OUTPUT,2025-03,29ABCDE0812F1Z5,462.03,83.17,0,0,0,83.17,FALSE,,FILED
GST-0812-IN,INV-0812,ORD-812,INPUT,2025-03,29AAACR2288E1ZK,12.0,0,1.08,1.08,0,2.16,TRUE,TRUE,RECONCILED
GST-0813-OUT,INV-0813,ORD-813,OUTPUT,2025-03,29ABCDE0813F1Z5,330.53,0,29.75,29.75,0,59.5,FALSE,,FILED
GST-0813-IN,INV-0813,ORD-813,INPUT,2025-03,29AAACR2288E1ZK,7.8,0,0.7,0.7,0,1.4,TRUE,TRUE,RECONCILED
GST-0814-OUT,INV-0814,ORD-814,OUTPUT,2025-03,29ABCDE0814F1Z5,4015.2,0,361.37,361.37,0,722.74,FALSE,,FILED
GST-0814-IN,INV-0814,ORD-814,INPUT,2025-03,29AAACR2288E1ZK,12.0,0,1.08,1.08,0,2.16,TRUE,TRUE,RECONCILED
GST-0815-OUT,INV-0815,ORD-815,OUTPUT,2025-03,29ABCDE0815F1Z5,852.47,153.45,0,0,0,153.45,FALSE,,FILED
GST-0815-IN,INV-0815,ORD-815,INPUT,2025-03,29AAACR2288E1ZK,4.02,0,0.36,0.36,0,0.72,TRUE,TRUE,RECONCILED
GST-0816-OUT,INV-0816,ORD-816,OUTPUT,2025-03,29ABCDE0816F1Z5,647.92,0,58.31,58.32,0,116.63,FALSE,,FILED
GST-0816-IN,INV-0816,ORD-816,INPUT,2025-03,29AAACR2288E1ZK,14.53,0,1.31,1.31,0,2.62,TRUE,TRUE,RECONCILED
GST-0817-OUT,INV-0817,ORD-817,OUTPUT,2025-03,29ABCDE0817F1Z5,253.39,45.61,0,0,0,45.61,FALSE,,FILED
GST-0817-IN,INV-0817,ORD-817,INPUT,2025-03,29AAACR2288E1ZK,12.0,0,1.08,1.08,0,2.16,TRUE,TRUE,RECONCILED
GST-0818-OUT,INV-0818,ORD-818,OUTPUT,2025-03,29ABCDE0818F1Z5,4936.08,0,444.25,444.25,0,888.5,FALSE,,FILED
GST-0818-IN,INV-0818,ORD-818,INPUT,2025-03,29AAACR2288E1ZK,116.49,0,10.48,10.49,0,20.97,TRUE,TRUE,RECONCILED
GST-0819-OUT,INV-0819,ORD-819,OUTPUT,2025-03,29ABCDE0819F1Z5,3925.3,706.55,0,0,0,706.55,FALSE,,FILED
GST-0819-IN,INV-0819,ORD-819,INPUT,2025-03,29AAACR2288E1ZK,92.64,0,8.34,8.34,0,16.68,TRUE,TRUE,RECONCILED
GST-0820-OUT,INV-0820,ORD-820,OUTPUT,2025-03,29ABCDE0820F1Z5,1598.68,0,143.88,143.88,0,287.76,FALSE,,FILED
GST-0820-IN,INV-0820,ORD-820,INPUT,2025-03,29AAACR2288E1ZK,22.64,0,2.04,2.04,0,4.08,TRUE,TRUE,RECONCILED
GST-0821-OUT,INV-0821,ORD-821,OUTPUT,2025-03,29ABCDE0821F1Z5,253.39,45.61,0,0,0,45.61,FALSE,,FILED
GST-0821-IN,INV-0821,ORD-821,INPUT,2025-03,29AAACR2288E1ZK,5.98,0,0.54,0.54,0,1.08,TRUE,TRUE,RECONCILED
GST-0822-OUT,INV-0822,ORD-822,OUTPUT,2025-03,29ABCDE0822F1Z5,736.69,0,66.31,66.3,0,132.61,FALSE,,FILED
GST-0822-IN,INV-0822,ORD-822,INPUT,2025-03,29AAACR2288E1ZK,17.39,0,1.56,1.57,0,3.13,TRUE,TRUE,RECONCILED
GST-0823-OUT,INV-0823,ORD-823,OUTPUT,2025-03,29ABCDE0823F1Z5,362.59,65.27,0,0,0,65.27,FALSE,,FILED
GST-0823-IN,INV-0823,ORD-823,INPUT,2025-03,29AAACR2288E1ZK,8.56,0,0.77,0.77,0,1.54,TRUE,TRUE,RECONCILED
GST-0824-OUT,INV-0824,ORD-824,OUTPUT,2025-03,29ABCDE0824F1Z5,1663.85,299.49,0,0,0,299.49,FALSE,,FILED
GST-0824-IN,INV-0824,ORD-824,INPUT,2025-03,29AAACR2288E1ZK,7.85,0,0.7,0.71,0,1.41,TRUE,TRUE,RECONCILED
GST-0825-OUT,INV-0825,ORD-825,OUTPUT,2025-03,29ABCDE0825F1Z5,38135.59,6864.41,0,0,0,6864.41,FALSE,,FILED
GST-0825-IN,INV-0825,ORD-825,INPUT,2025-03,29AAACR2288E1ZK,1057.5,0,95.17,95.18,0,190.35,TRUE,TRUE,RECONCILED
GST-0827-OUT,INV-0827,ORD-827,OUTPUT,2025-03,29ABCDE0827F1Z5,2545.99,458.28,0,0,0,458.28,FALSE,,FILED
GST-0827-IN,INV-0827,ORD-827,INPUT,2025-03,29AAACR2288E1ZK,60.09,0,5.41,5.41,0,10.82,TRUE,TRUE,RECONCILED
GST-0828-OUT,INV-0828,ORD-828,OUTPUT,2025-03,29ABCDE0828F1Z5,1413.87,0,127.25,127.25,0,254.5,FALSE,,FILED
GST-0828-IN,INV-0828,ORD-828,INPUT,2025-03,29AAACR2288E1ZK,6.67,0,0.6,0.6,0,1.2,TRUE,TRUE,RECONCILED
GST-0829-OUT,INV-0829,ORD-829,OUTPUT,2025-03,29ABCDE0829F1Z5,484.82,0,43.63,43.64,0,87.27,FALSE,,FILED
GST-0829-IN,INV-0829,ORD-829,INPUT,2025-03,29AAACR2288E1ZK,2.29,0,0.2,0.21,0,0.41,TRUE,TRUE,RECONCILED
GST-0830-OUT,INV-0830,ORD-830,OUTPUT,2025-03,29ABCDE0830F1Z5,1424.18,256.35,0,0,0,256.35,FALSE,,FILED
GST-0830-IN,INV-0830,ORD-830,INPUT,2025-03,29AAACR2288E1ZK,33.61,0,3.02,3.03,0,6.05,TRUE,TRUE,RECONCILED
GST-0831-OUT,INV-0831,ORD-831,OUTPUT,2025-03,29ABCDE0831F1Z5,1050.69,189.13,0,0,0,189.13,FALSE,,FILED
GST-0831-IN,INV-0831,ORD-831,INPUT,2025-03,29AAACR2288E1ZK,24.8,0,2.23,2.23,0,4.46,TRUE,TRUE,RECONCILED
GST-0832-OUT,INV-0832,ORD-832,OUTPUT,2025-03,29ABCDE0832F1Z5,1095.08,0,98.56,98.55,0,197.11,FALSE,,FILED
GST-0832-IN,INV-0832,ORD-832,INPUT,2025-03,29AAACR2288E1ZK,25.84,0,2.33,2.32,0,4.65,TRUE,TRUE,RECONCILED
GST-0833-OUT,INV-0833,ORD-833,OUTPUT,2025-03,29ABCDE0833F1Z5,741.08,133.4,0,0,0,133.4,FALSE,,FILED
GST-0833-IN,INV-0833,ORD-833,INPUT,2025-03,29AAACR2288E1ZK,17.49,0,1.57,1.58,0,3.15,TRUE,TRUE,RECONCILED
GST-0834-OUT,INV-0834,ORD-834,OUTPUT,2025-03,29ABCDE0834F1Z5,2584.86,0,232.64,232.64,0,465.28,FALSE,,FILED
GST-0834-IN,INV-0834,ORD-834,INPUT,2025-03,29AAACR2288E1ZK,12.2,0,1.1,1.1,0,2.2,TRUE,TRUE,RECONCILED
GST-0835-OUT,INV-0835,ORD-835,OUTPUT,2025-03,29ABCDE0835F1Z5,6830.92,1229.57,0,0,0,1229.57,FALSE,,FILED
GST-0835-IN,INV-0835,ORD-835,INPUT,2025-03,29AAACR2288E1ZK,161.21,0,14.51,14.51,0,29.02,TRUE,TRUE,RECONCILED
GST-0836-OUT,INV-0836,ORD-836,OUTPUT,2025-03,29ABCDE0836F1Z5,1066.53,191.98,0,0,0,191.98,FALSE,,FILED
GST-0836-IN,INV-0836,ORD-836,INPUT,2025-03,29AAACR2288E1ZK,25.17,0,2.27,2.26,0,4.53,TRUE,TRUE,RECONCILED
GST-0837-OUT,INV-0837,ORD-837,OUTPUT,2025-03,29ABCDE0837F1Z5,723.42,0,65.11,65.1,0,130.21,FALSE,,FILED
GST-0837-IN,INV-0837,ORD-837,INPUT,2025-03,29AAACR2288E1ZK,3.41,0,0.3,0.31,0,0.61,TRUE,TRUE,RECONCILED
GST-0838-OUT,INV-0838,ORD-838,OUTPUT,2025-03,29ABCDE0838F1Z5,2436.3,438.53,0,0,0,438.53,FALSE,,FILED
GST-0838-IN,INV-0838,ORD-838,INPUT,2025-03,29AAACR2288E1ZK,11.5,0,1.03,1.04,0,2.07,TRUE,TRUE,RECONCILED
GST-0839-OUT,INV-0839,ORD-839,OUTPUT,2025-03,29ABCDE0839F1Z5,3813.18,686.37,0,0,0,686.37,FALSE,,FILED
GST-0839-IN,INV-0839,ORD-839,INPUT,2025-03,29AAACR2288E1ZK,18.0,0,1.62,1.62,0,3.24,TRUE,TRUE,RECONCILED
GST-0840-OUT,INV-0840,ORD-840,OUTPUT,2025-03,29ABCDE0840F1Z5,726.49,0,65.39,65.38,0,130.77,FALSE,,FILED
GST-0840-IN,INV-0840,ORD-840,INPUT,2025-03,29AAACR2288E1ZK,3.43,0,0.31,0.31,0,0.62,TRUE,TRUE,RECONCILED
GST-0841-OUT,INV-0841,ORD-841,OUTPUT,2025-03,29ABCDE0841F1Z5,380.99,68.58,0,0,0,68.58,FALSE,,FILED
GST-0841-IN,INV-0841,ORD-841,INPUT,2025-03,29AAACR2288E1ZK,1.8,0,0.16,0.16,0,0.32,TRUE,TRUE,RECONCILED
GST-0842-OUT,INV-0842,ORD-842,OUTPUT,2025-03,29ABCDE0842F1Z5,1154.86,0,103.94,103.93,0,207.87,FALSE,,FILED
GST-0842-IN,INV-0842,ORD-842,INPUT,2025-03,29AAACR2288E1ZK,5.45,0,0.49,0.49,0,0.98,TRUE,TRUE,RECONCILED
GST-0843-OUT,INV-0843,ORD-843,OUTPUT,2025-03,29ABCDE0843F1Z5,678.65,122.16,0,0,0,122.16,FALSE,,FILED
GST-0843-IN,INV-0843,ORD-843,INPUT,2025-03,29AAACR2288E1ZK,18.82,0,1.7,1.69,0,3.39,TRUE,TRUE,RECONCILED
GST-0844-OUT,INV-0844,ORD-844,OUTPUT,2025-03,29ABCDE0844F1Z5,1120.58,0,100.85,100.85,0,201.7,FALSE,,FILED
GST-0844-IN,INV-0844,ORD-844,INPUT,2025-03,29AAACR2288E1ZK,26.45,0,2.38,2.38,0,4.76,TRUE,TRUE,RECONCILED
GST-0845-OUT,INV-0845,ORD-845,OUTPUT,2025-03,29ABCDE0845F1Z5,1209.38,217.69,0,0,0,217.69,FALSE,,FILED
GST-0845-IN,INV-0845,ORD-845,INPUT,2025-03,29AAACR2288E1ZK,5.71,0,0.52,0.51,0,1.03,TRUE,TRUE,RECONCILED
GST-0846-OUT,INV-0846,ORD-846,OUTPUT,2025-03,29ABCDE0846F1Z5,1884.95,0,169.65,169.64,0,339.29,FALSE,,FILED
GST-0846-IN,INV-0846,ORD-846,INPUT,2025-03,29AAACR2288E1ZK,44.48,0,4.0,4.01,0,8.01,TRUE,TRUE,RECONCILED
GST-0847-OUT,INV-0847,ORD-847,OUTPUT,2025-03,29ABCDE0847F1Z5,2133.47,0,192.01,192.01,0,384.02,FALSE,,FILED
GST-0847-IN,INV-0847,ORD-847,INPUT,2025-03,29AAACR2288E1ZK,10.07,0,0.91,0.9,0,1.81,TRUE,TRUE,RECONCILED
GST-0848-OUT,INV-0848,ORD-848,OUTPUT,2025-03,29ABCDE0848F1Z5,1280.2,230.44,0,0,0,230.44,FALSE,,FILED
GST-0848-IN,INV-0848,ORD-848,INPUT,2025-03,29AAACR2288E1ZK,6.04,0,0.55,0.54,0,1.09,TRUE,TRUE,RECONCILED
GST-0849-OUT,INV-0849,ORD-849,OUTPUT,2025-03,29ABCDE0849F1Z5,10435.19,0,939.17,939.17,0,1878.34,FALSE,,FILED
GST-0849-IN,INV-0849,ORD-849,INPUT,2025-03,29AAACR2288E1ZK,49.25,0,4.43,4.44,0,8.87,TRUE,TRUE,RECONCILED
GST-0850-OUT,INV-0850,ORD-850,OUTPUT,2025-03,29ABCDE0850F1Z5,350.93,0,31.59,31.58,0,63.17,FALSE,,FILED
GST-0850-IN,INV-0850,ORD-850,INPUT,2025-03,29AAACR2288E1ZK,8.28,0,0.74,0.75,0,1.49,TRUE,TRUE,RECONCILED
GST-0851-OUT,INV-0851,ORD-851,OUTPUT,2025-03,29ABCDE0851F1Z5,432.15,0,38.9,38.89,0,77.79,FALSE,,FILED
GST-0851-IN,INV-0851,ORD-851,INPUT,2025-03,29AAACR2288E1ZK,2.04,0,0.18,0.19,0,0.37,TRUE,TRUE,RECONCILED
GST-0852-OUT,INV-0852,ORD-852,OUTPUT,2025-03,29ABCDE0852F1Z5,1368.01,246.24,0,0,0,246.24,FALSE,,FILED
GST-0852-IN,INV-0852,ORD-852,INPUT,2025-03,29AAACR2288E1ZK,30.67,0,2.76,2.76,0,5.52,TRUE,TRUE,RECONCILED
GST-0853-OUT,INV-0853,ORD-853,OUTPUT,2025-03,29ABCDE0853F1Z5,350.05,0,31.5,31.51,0,63.01,FALSE,,FILED
GST-0853-IN,INV-0853,ORD-853,INPUT,2025-03,29AAACR2288E1ZK,4.96,0,0.45,0.44,0,0.89,TRUE,TRUE,RECONCILED
GST-0854-OUT,INV-0854,ORD-854,OUTPUT,2025-03,29ABCDE0854F1Z5,705.03,0,63.45,63.45,0,126.9,FALSE,,FILED
GST-0854-IN,INV-0854,ORD-854,INPUT,2025-03,29AAACR2288E1ZK,3.33,0,0.3,0.3,0,0.6,TRUE,TRUE,RECONCILED
GST-0855-OUT,INV-0855,ORD-855,OUTPUT,2025-03,29ABCDE0855F1Z5,1627.69,0,146.5,146.49,0,292.99,FALSE,,FILED
GST-0855-IN,INV-0855,ORD-855,INPUT,2025-03,29AAACR2288E1ZK,38.41,0,3.46,3.45,0,6.91,TRUE,TRUE,RECONCILED
GST-0856-OUT,INV-0856,ORD-856,OUTPUT,2025-03,29ABCDE0856F1Z5,605.29,0,54.48,54.47,0,108.95,FALSE,,FILED
GST-0856-IN,INV-0856,ORD-856,INPUT,2025-03,29AAACR2288E1ZK,12.0,0,1.08,1.08,0,2.16,TRUE,TRUE,RECONCILED
GST-0857-OUT,INV-0857,ORD-857,OUTPUT,2025-03,29ABCDE0857F1Z5,893.39,0,80.41,80.4,0,160.81,FALSE,,FILED
GST-0857-IN,INV-0857,ORD-857,INPUT,2025-03,29AAACR2288E1ZK,4.22,0,0.38,0.38,0,0.76,TRUE,TRUE,RECONCILED
GST-0858-OUT,INV-0858,ORD-858,OUTPUT,2025-03,29ABCDE0858F1Z5,1400.31,252.06,0,0,0,252.06,FALSE,,FILED
GST-0858-IN,INV-0858,ORD-858,INPUT,2025-03,29AAACR2288E1ZK,33.05,0,2.98,2.97,0,5.95,TRUE,TRUE,RECONCILED
GST-0859-OUT,INV-0859,ORD-859,OUTPUT,2025-03,29ABCDE0859F1Z5,676.85,121.83,0,0,0,121.83,FALSE,,FILED
GST-0859-IN,INV-0859,ORD-859,INPUT,2025-03,29AAACR2288E1ZK,3.19,0,0.28,0.29,0,0.57,TRUE,TRUE,RECONCILED
GST-0860-OUT,INV-0860,ORD-860,OUTPUT,2025-03,29ABCDE0860F1Z5,3953.9,711.7,0,0,0,711.7,FALSE,,FILED
GST-0860-IN,INV-0860,ORD-860,INPUT,2025-03,29AAACR2288E1ZK,18.66,0,1.68,1.68,0,3.36,TRUE,TRUE,RECONCILED
GST-0861-OUT,INV-0861,ORD-861,OUTPUT,2025-03,29ABCDE0861F1Z5,1413.06,254.35,0,0,0,254.35,FALSE,,FILED
GST-0861-IN,INV-0861,ORD-861,INPUT,2025-03,29AAACR2288E1ZK,6.67,0,0.6,0.6,0,1.2,TRUE,TRUE,RECONCILED
GST-0862-OUT,INV-0862,ORD-862,OUTPUT,2025-03,29ABCDE0862F1Z5,1307.36,0,117.66,117.66,0,235.32,FALSE,,FILED
GST-0862-IN,INV-0862,ORD-862,INPUT,2025-03,29AAACR2288E1ZK,36.25,0,3.26,3.26,0,6.52,TRUE,TRUE,RECONCILED
GST-0863-OUT,INV-0863,ORD-863,OUTPUT,2025-03,29ABCDE0863F1Z5,253.39,45.61,0,0,0,45.61,FALSE,,FILED
GST-0863-IN,INV-0863,ORD-863,INPUT,2025-03,29AAACR2288E1ZK,1.2,0,0.11,0.11,0,0.22,TRUE,TRUE,RECONCILED
GST-0864-OUT,INV-0864,ORD-864,OUTPUT,2025-03,29ABCDE0864F1Z5,1914.3,0,172.28,172.29,0,344.57,FALSE,,FILED
GST-0864-IN,INV-0864,ORD-864,INPUT,2025-03,29AAACR2288E1ZK,9.04,0,0.81,0.82,0,1.63,TRUE,TRUE,RECONCILED
GST-0865-OUT,INV-0865,ORD-865,OUTPUT,2025-03,29ABCDE0865F1Z5,993.61,0,89.42,89.43,0,178.85,FALSE,,FILED
GST-0865-IN,INV-0865,ORD-865,INPUT,2025-03,29AAACR2288E1ZK,23.45,0,2.11,2.11,0,4.22,TRUE,TRUE,RECONCILED
GST-0866-OUT,INV-0866,ORD-866,OUTPUT,2025-03,29ABCDE0866F1Z5,1929.43,0,173.65,173.65,0,347.3,FALSE,,FILED
GST-0866-IN,INV-0866,ORD-866,INPUT,2025-03,29AAACR2288E1ZK,9.11,0,0.82,0.82,0,1.64,TRUE,TRUE,RECONCILED
GST-0867-OUT,INV-0867,ORD-867,OUTPUT,2025-03,29ABCDE0867F1Z5,4832.58,869.86,0,0,0,869.86,FALSE,,FILED
GST-0867-IN,INV-0867,ORD-867,INPUT,2025-03,29AAACR2288E1ZK,114.05,0,10.27,10.26,0,20.53,TRUE,TRUE,RECONCILED
GST-0868-OUT,INV-0868,ORD-868,OUTPUT,2025-03,29ABCDE0868F1Z5,1296.06,0,116.64,116.65,0,233.29,FALSE,,FILED
GST-0868-IN,INV-0868,ORD-868,INPUT,2025-03,29AAACR2288E1ZK,6.12,0,0.55,0.55,0,1.1,TRUE,TRUE,RECONCILED
GST-0869-OUT,INV-0869,ORD-869,OUTPUT,2025-03,29ABCDE0869F1Z5,1276.07,229.69,0,0,0,229.69,FALSE,,FILED
GST-0869-IN,INV-0869,ORD-869,INPUT,2025-03,29AAACR2288E1ZK,12.0,0,1.08,1.08,0,2.16,TRUE,TRUE,RECONCILED
GST-0870-OUT,INV-0870,ORD-870,OUTPUT,2025-03,29ABCDE0870F1Z5,291.51,0,26.23,26.24,0,52.47,FALSE,,FILED
GST-0870-IN,INV-0870,ORD-870,INPUT,2025-03,29AAACR2288E1ZK,6.88,0,0.62,0.62,0,1.24,TRUE,TRUE,RECONCILED
GST-0871-OUT,INV-0871,ORD-871,OUTPUT,2025-03,29ABCDE0871F1Z5,7469.08,1344.43,0,0,0,1344.43,FALSE,,FILED
GST-0871-IN,INV-0871,ORD-871,INPUT,2025-03,29AAACR2288E1ZK,176.27,0,15.87,15.86,0,31.73,TRUE,TRUE,RECONCILED
GST-0872-OUT,INV-0872,ORD-872,OUTPUT,2025-03,29ABCDE0872F1Z5,253.39,45.61,0,0,0,45.61,FALSE,,FILED
GST-0872-IN,INV-0872,ORD-872,INPUT,2025-03,29AAACR2288E1ZK,5.98,0,0.54,0.54,0,1.08,TRUE,TRUE,RECONCILED
GST-0873-OUT,INV-0873,ORD-873,OUTPUT,2025-03,29ABCDE0873F1Z5,2024.58,0,182.22,182.21,0,364.43,FALSE,,FILED
GST-0873-IN,INV-0873,ORD-873,INPUT,2025-03,29AAACR2288E1ZK,9.56,0,0.86,0.86,0,1.72,TRUE,TRUE,RECONCILED
GST-0874-OUT,INV-0874,ORD-874,OUTPUT,2025-03,29ABCDE0874F1Z5,253.39,45.61,0,0,0,45.61,FALSE,,FILED
GST-0874-IN,INV-0874,ORD-874,INPUT,2025-03,29AAACR2288E1ZK,5.98,0,0.54,0.54,0,1.08,TRUE,TRUE,RECONCILED
GST-0875-OUT,INV-0875,ORD-875,OUTPUT,2025-03,29ABCDE0875F1Z5,1568.92,282.4,0,0,0,282.4,FALSE,,FILED
GST-0875-IN,INV-0875,ORD-875,INPUT,2025-03,29AAACR2288E1ZK,7.41,0,0.67,0.66,0,1.33,TRUE,TRUE,RECONCILED
GST-0876-OUT,INV-0876,ORD-876,OUTPUT,2025-03,29ABCDE0876F1Z5,408.06,0,36.73,36.72,0,73.45,FALSE,,FILED
GST-0876-IN,INV-0876,ORD-876,INPUT,2025-03,29AAACR2288E1ZK,1.93,0,0.17,0.18,0,0.35,TRUE,TRUE,RECONCILED
GST-0877-OUT,INV-0877,ORD-877,OUTPUT,2025-03,29ABCDE0877F1Z5,712.66,128.28,0,0,0,128.28,FALSE,,FILED
GST-0877-IN,INV-0877,ORD-877,INPUT,2025-03,29AAACR2288E1ZK,16.82,0,1.51,1.52,0,3.03,TRUE,TRUE,RECONCILED
GST-0878-OUT,INV-0878,ORD-878,OUTPUT,2025-03,29ABCDE0878F1Z5,683.31,0,61.5,61.5,0,123.0,FALSE,,FILED
GST-0878-IN,INV-0878,ORD-878,INPUT,2025-03,29AAACR2288E1ZK,16.13,0,1.45,1.45,0,2.9,TRUE,TRUE,RECONCILED
GST-0879-OUT,INV-0879,ORD-879,OUTPUT,2025-03,29ABCDE0879F1Z5,253.39,0,22.8,22.81,0,45.61,FALSE,,FILED
GST-0879-IN,INV-0879,ORD-879,INPUT,2025-03,29AAACR2288E1ZK,5.98,0,0.54,0.54,0,1.08,TRUE,TRUE,RECONCILED
GST-0880-OUT,INV-0880,ORD-880,OUTPUT,2025-03,29ABCDE0880F1Z5,323.03,58.14,0,0,0,58.14,FALSE,,FILED
GST-0880-IN,INV-0880,ORD-880,INPUT,2025-03,29AAACR2288E1ZK,7.62,0,0.69,0.68,0,1.37,TRUE,TRUE,RECONCILED
GST-0881-OUT,INV-0881,ORD-881,OUTPUT,2025-03,29ABCDE0881F1Z5,2601.38,468.25,0,0,0,468.25,FALSE,,FILED
GST-0881-IN,INV-0881,ORD-881,INPUT,2025-03,29AAACR2288E1ZK,12.28,0,1.1,1.11,0,2.21,TRUE,TRUE,RECONCILED
GST-0882-OUT,INV-0882,ORD-882,OUTPUT,2025-03,29ABCDE0882F1Z5,253.39,0,22.8,22.81,0,45.61,FALSE,,FILED
GST-0882-IN,INV-0882,ORD-882,INPUT,2025-03,29AAACR2288E1ZK,1.2,0,0.11,0.11,0,0.22,TRUE,TRUE,RECONCILED
GST-0883-OUT,INV-0883,ORD-883,OUTPUT,2025-03,29ABCDE0883F1Z5,1603.46,288.62,0,0,0,288.62,FALSE,,FILED
GST-0883-IN,INV-0883,ORD-883,INPUT,2025-03,29AAACR2288E1ZK,22.71,0,2.04,2.05,0,4.09,TRUE,TRUE,RECONCILED
GST-0884-OUT,INV-0884,ORD-884,OUTPUT,2025-03,29ABCDE0884F1Z5,5177.01,0,465.93,465.93,0,931.86,FALSE,,FILED
GST-0884-IN,INV-0884,ORD-884,INPUT,2025-03,29AAACR2288E1ZK,122.18,0,10.99,11.0,0,21.99,TRUE,TRUE,RECONCILED
GST-0885-OUT,INV-0885,ORD-885,OUTPUT,2025-03,29ABCDE0885F1Z5,253.39,0,22.8,22.81,0,45.61,FALSE,,FILED
GST-0885-IN,INV-0885,ORD-885,INPUT,2025-03,29AAACR2288E1ZK,5.98,0,0.54,0.54,0,1.08,TRUE,TRUE,RECONCILED
GST-0886-OUT,INV-0886,ORD-886,OUTPUT,2025-03,29ABCDE0886F1Z5,34964.68,0,3146.82,3146.82,0,6293.64,FALSE,,FILED
GST-0886-IN,INV-0886,ORD-886,INPUT,2025-03,29AAACR2288E1ZK,783.91,0,70.55,70.55,0,141.1,TRUE,TRUE,RECONCILED
GST-0887-OUT,INV-0887,ORD-887,OUTPUT,2025-03,29ABCDE0887F1Z5,366.81,0,33.02,33.01,0,66.03,FALSE,,FILED
GST-0887-IN,INV-0887,ORD-887,INPUT,2025-03,29AAACR2288E1ZK,8.66,0,0.78,0.78,0,1.56,TRUE,TRUE,RECONCILED
GST-0888-OUT,INV-0888,ORD-888,OUTPUT,2025-03,29ABCDE0888F1Z5,4509.77,0,405.88,405.88,0,811.76,FALSE,,FILED
GST-0888-IN,INV-0888,ORD-888,INPUT,2025-03,29AAACR2288E1ZK,125.06,0,11.26,11.25,0,22.51,TRUE,TRUE,RECONCILED
GST-0889-OUT,INV-0889,ORD-889,OUTPUT,2025-03,29ABCDE0889F1Z5,1876.67,0,168.9,168.9,0,337.8,FALSE,,FILED
GST-0889-IN,INV-0889,ORD-889,INPUT,2025-03,29AAACR2288E1ZK,44.29,0,3.98,3.99,0,7.97,TRUE,TRUE,RECONCILED
GST-0890-OUT,INV-0890,ORD-890,OUTPUT,2025-03,29ABCDE0890F1Z5,253.39,45.61,0,0,0,45.61,FALSE,,FILED
GST-0890-IN,INV-0890,ORD-890,INPUT,2025-03,29AAACR2288E1ZK,5.98,0,0.54,0.54,0,1.08,TRUE,TRUE,RECONCILED
GST-0891-OUT,INV-0891,ORD-891,OUTPUT,2025-03,29ABCDE0891F1Z5,6758.85,0,608.29,608.3,0,1216.59,FALSE,,FILED
GST-0891-IN,INV-0891,ORD-891,INPUT,2025-03,29AAACR2288E1ZK,31.9,0,2.87,2.87,0,5.74,TRUE,TRUE,RECONCILED
GST-0892-OUT,INV-0892,ORD-892,OUTPUT,2025-03,29ABCDE0892F1Z5,1731.62,311.69,0,0,0,311.69,FALSE,,FILED
GST-0892-IN,INV-0892,ORD-892,INPUT,2025-03,29AAACR2288E1ZK,40.87,0,3.68,3.68,0,7.36,TRUE,TRUE,RECONCILED
GST-0893-OUT,INV-0893,ORD-893,OUTPUT,2025-03,29ABCDE0893F1Z5,1106.59,199.19,0,0,0,199.19,FALSE,,FILED
GST-0893-IN,INV-0893,ORD-893,INPUT,2025-03,29AAACR2288E1ZK,26.12,0,2.35,2.35,0,4.7,TRUE,TRUE,RECONCILED
GST-0894-OUT,INV-0894,ORD-894,OUTPUT,2025-03,29ABCDE0894F1Z5,253.39,45.61,0,0,0,45.61,FALSE,,FILED
GST-0894-IN,INV-0894,ORD-894,INPUT,2025-03,29AAACR2288E1ZK,1.2,0,0.11,0.11,0,0.22,TRUE,TRUE,RECONCILED
GST-0895-OUT,INV-0895,ORD-895,OUTPUT,2025-03,29ABCDE0895F1Z5,1230.26,0,110.72,110.73,0,221.45,FALSE,,FILED
GST-0895-IN,INV-0895,ORD-895,INPUT,2025-03,29AAACR2288E1ZK,27.58,0,2.48,2.48,0,4.96,TRUE,TRUE,RECONCILED
GST-0896-OUT,INV-0896,ORD-896,OUTPUT,2025-03,29ABCDE0896F1Z5,493.62,88.85,0,0,0,88.85,FALSE,,FILED
GST-0896-IN,INV-0896,ORD-896,INPUT,2025-03,29AAACR2288E1ZK,2.33,0,0.21,0.21,0,0.42,TRUE,TRUE,RECONCILED
GST-0897-OUT,INV-0897,ORD-897,OUTPUT,2025-03,29ABCDE0897F1Z5,2817.01,0,253.53,253.53,0,507.06,FALSE,,FILED
GST-0897-IN,INV-0897,ORD-897,INPUT,2025-03,29AAACR2288E1ZK,13.3,0,1.2,1.19,0,2.39,TRUE,TRUE,RECONCILED
GST-0898-OUT,INV-0898,ORD-898,OUTPUT,2025-03,29ABCDE0898F1Z5,606.19,0,54.56,54.56,0,109.12,FALSE,,FILED
GST-0898-IN,INV-0898,ORD-898,INPUT,2025-03,29AAACR2288E1ZK,16.81,0,1.51,1.52,0,3.03,TRUE,TRUE,RECONCILED
GST-0899-OUT,INV-0899,ORD-899,OUTPUT,2025-03,29ABCDE0899F1Z5,253.39,0,22.8,22.81,0,45.61,FALSE,,FILED
GST-0899-IN,INV-0899,ORD-899,INPUT,2025-03,29AAACR2288E1ZK,1.2,0,0.11,0.11,0,0.22,TRUE,TRUE,RECONCILED
GST-0900-OUT,INV-0900,ORD-900,OUTPUT,2025-03,29ABCDE0900F1Z5,3642.99,0,327.87,327.87,0,655.74,FALSE,,FILED
GST-0900-IN,INV-0900,ORD-900,INPUT,2025-03,29AAACR2288E1ZK,17.19,0,1.54,1.55,0,3.09,TRUE,TRUE,RECONCILED
GST-0901-OUT,INV-0901,ORD-901,OUTPUT,2025-03,29ABCDE0901F1Z5,1408.81,0,126.8,126.79,0,253.59,FALSE,,FILED
GST-0901-IN,INV-0901,ORD-901,INPUT,2025-03,29AAACR2288E1ZK,39.07,0,3.52,3.51,0,7.03,TRUE,TRUE,RECONCILED
GST-0902-OUT,INV-0902,ORD-902,OUTPUT,2025-03,29ABCDE0902F1Z5,706.64,0,63.6,63.6,0,127.2,FALSE,,FILED
GST-0902-IN,INV-0902,ORD-902,INPUT,2025-03,29AAACR2288E1ZK,3.34,0,0.3,0.3,0,0.6,TRUE,TRUE,RECONCILED
GST-0903-OUT,INV-0903,ORD-903,OUTPUT,2025-03,29ABCDE0903F1Z5,253.39,0,22.8,22.81,0,45.61,FALSE,,FILED
GST-0903-IN,INV-0903,ORD-903,INPUT,2025-03,29AAACR2288E1ZK,5.98,0,0.54,0.54,0,1.08,TRUE,TRUE,RECONCILED
GST-0904-OUT,INV-0904,ORD-904,OUTPUT,2025-03,29ABCDE0904F1Z5,1562.23,281.2,0,0,0,281.2,FALSE,,FILED
GST-0904-IN,INV-0904,ORD-904,INPUT,2025-03,29AAACR2288E1ZK,36.87,0,3.32,3.32,0,6.64,TRUE,TRUE,RECONCILED
GST-0905-OUT,INV-0905,ORD-905,OUTPUT,2025-03,29ABCDE0905F1Z5,1626.19,0,146.36,146.36,0,292.72,FALSE,,FILED
GST-0905-IN,INV-0905,ORD-905,INPUT,2025-03,29AAACR2288E1ZK,38.38,0,3.46,3.45,0,6.91,TRUE,TRUE,RECONCILED
GST-0906-OUT,INV-0906,ORD-906,OUTPUT,2025-03,29ABCDE0906F1Z5,1641.97,0,147.78,147.77,0,295.55,FALSE,,FILED
GST-0906-IN,INV-0906,ORD-906,INPUT,2025-03,29AAACR2288E1ZK,7.75,0,0.7,0.7,0,1.4,TRUE,TRUE,RECONCILED
GST-0907-OUT,INV-0907,ORD-907,OUTPUT,2025-03,29ABCDE0907F1Z5,1235.34,0,111.18,111.18,0,222.36,FALSE,,FILED
GST-0907-IN,INV-0907,ORD-907,INPUT,2025-03,29AAACR2288E1ZK,29.15,0,2.62,2.63,0,5.25,TRUE,TRUE,RECONCILED
GST-0908-OUT,INV-0908,ORD-908,OUTPUT,2025-03,29ABCDE0908F1Z5,253.39,45.61,0,0,0,45.61,FALSE,,FILED
GST-0908-IN,INV-0908,ORD-908,INPUT,2025-03,29AAACR2288E1ZK,5.98,0,0.54,0.54,0,1.08,TRUE,TRUE,RECONCILED
GST-0909-OUT,INV-0909,ORD-909,OUTPUT,2025-03,29ABCDE0909F1Z5,253.39,0,22.8,22.81,0,45.61,FALSE,,FILED
GST-0909-IN,INV-0909,ORD-909,INPUT,2025-03,29AAACR2288E1ZK,12.0,0,1.08,1.08,0,2.16,TRUE,TRUE,RECONCILED
GST-0910-OUT,INV-0910,ORD-910,OUTPUT,2025-03,29ABCDE0910F1Z5,460.52,0,41.45,41.44,0,82.89,FALSE,,FILED
GST-0910-IN,INV-0910,ORD-910,INPUT,2025-03,29AAACR2288E1ZK,10.87,0,0.98,0.98,0,1.96,TRUE,TRUE,RECONCILED
GST-0911-OUT,INV-0911,ORD-911,OUTPUT,2025-03,29ABCDE0911F1Z5,8750.4,1575.07,0,0,0,1575.07,FALSE,,FILED
GST-0911-IN,INV-0911,ORD-911,INPUT,2025-03,29AAACR2288E1ZK,206.51,0,18.59,18.58,0,37.17,TRUE,TRUE,RECONCILED
GST-0912-OUT,INV-0912,ORD-912,OUTPUT,2025-03,29ABCDE0912F1Z5,308.76,0,27.79,27.79,0,55.58,FALSE,,FILED
GST-0912-IN,INV-0912,ORD-912,INPUT,2025-03,29AAACR2288E1ZK,7.29,0,0.66,0.65,0,1.31,TRUE,TRUE,RECONCILED
GST-0914-OUT,INV-0914,ORD-914,OUTPUT,2025-03,29ABCDE0914F1Z5,494.51,0,44.51,44.5,0,89.01,FALSE,,FILED
GST-0914-IN,INV-0914,ORD-914,INPUT,2025-03,29AAACR2288E1ZK,11.67,0,1.05,1.05,0,2.1,TRUE,TRUE,RECONCILED
GST-0915-OUT,INV-0915,ORD-915,OUTPUT,2025-03,29ABCDE0915F1Z5,10638.7,1914.97,0,0,0,1914.97,FALSE,,FILED
GST-0915-IN,INV-0915,ORD-915,INPUT,2025-03,29AAACR2288E1ZK,251.07,0,22.59,22.6,0,45.19,TRUE,TRUE,RECONCILED
GST-0916-OUT,INV-0916,ORD-916,OUTPUT,2025-03,29ABCDE0916F1Z5,1000.53,0,90.05,90.04,0,180.09,FALSE,,FILED
GST-0916-IN,INV-0916,ORD-916,INPUT,2025-03,29AAACR2288E1ZK,23.61,0,2.12,2.13,0,4.25,TRUE,TRUE,RECONCILED
GST-0917-OUT,INV-0917,ORD-917,OUTPUT,2025-03,29ABCDE0917F1Z5,1721.16,0,154.91,154.9,0,309.81,FALSE,,FILED
GST-0917-IN,INV-0917,ORD-917,INPUT,2025-03,29AAACR2288E1ZK,8.12,0,0.73,0.73,0,1.46,TRUE,TRUE,RECONCILED
GST-0919-OUT,INV-0919,ORD-919,OUTPUT,2025-03,29ABCDE0919F1Z5,956.14,172.1,0,0,0,172.1,FALSE,,FILED
GST-0919-IN,INV-0919,ORD-919,INPUT,2025-03,29AAACR2288E1ZK,22.56,0,2.03,2.03,0,4.06,TRUE,TRUE,RECONCILED
GST-0920-OUT,INV-0920,ORD-920,OUTPUT,2025-03,29ABCDE0920F1Z5,410.55,0,36.95,36.95,0,73.9,FALSE,,FILED
GST-0920-IN,INV-0920,ORD-920,INPUT,2025-03,29AAACR2288E1ZK,9.69,0,0.87,0.87,0,1.74,TRUE,TRUE,RECONCILED
GST-0921-OUT,INV-0921,ORD-921,OUTPUT,2025-03,29ABCDE0921F1Z5,253.39,0,22.8,22.81,0,45.61,FALSE,,FILED
GST-0921-IN,INV-0921,ORD-921,INPUT,2025-03,29AAACR2288E1ZK,0.72,0,0.07,0.06,0,0.13,TRUE,TRUE,RECONCILED
GST-0922-OUT,INV-0922,ORD-922,OUTPUT,2025-03,29ABCDE0922F1Z5,781.16,140.61,0,0,0,140.61,FALSE,,FILED
GST-0922-IN,INV-0922,ORD-922,INPUT,2025-03,29AAACR2288E1ZK,18.44,0,1.66,1.66,0,3.32,TRUE,TRUE,RECONCILED
GST-0923-OUT,INV-0923,ORD-923,OUTPUT,2025-03,29ABCDE0923F1Z5,1009.77,0,90.88,90.88,0,181.76,FALSE,,FILED
GST-0923-IN,INV-0923,ORD-923,INPUT,2025-03,29AAACR2288E1ZK,2.86,0,0.26,0.25,0,0.51,TRUE,TRUE,RECONCILED
GST-0924-OUT,INV-0924,ORD-924,OUTPUT,2025-03,29ABCDE0924F1Z5,2481.79,0,223.36,223.36,0,446.72,FALSE,,FILED
GST-0924-IN,INV-0924,ORD-924,INPUT,2025-03,29AAACR2288E1ZK,58.57,0,5.27,5.27,0,10.54,TRUE,TRUE,RECONCILED
GST-0925-OUT,INV-0925,ORD-925,OUTPUT,2025-03,29ABCDE0925F1Z5,2367.44,0,213.07,213.07,0,426.14,FALSE,,FILED
GST-0925-IN,INV-0925,ORD-925,INPUT,2025-03,29AAACR2288E1ZK,11.17,0,1.0,1.01,0,2.01,TRUE,TRUE,RECONCILED
GST-0926-OUT,INV-0926,ORD-926,OUTPUT,2025-03,29ABCDE0926F1Z5,765.68,137.82,0,0,0,137.82,FALSE,,FILED
GST-0926-IN,INV-0926,ORD-926,INPUT,2025-03,29AAACR2288E1ZK,18.07,0,1.62,1.63,0,3.25,TRUE,TRUE,RECONCILED
GST-0927-OUT,INV-0927,ORD-927,OUTPUT,2025-03,29ABCDE0927F1Z5,721.32,0,64.92,64.92,0,129.84,FALSE,,FILED
GST-0927-IN,INV-0927,ORD-927,INPUT,2025-03,29AAACR2288E1ZK,3.4,0,0.3,0.31,0,0.61,TRUE,TRUE,RECONCILED
GST-0928-OUT,INV-0928,ORD-928,OUTPUT,2025-03,29ABCDE0928F1Z5,369.42,0,33.25,33.25,0,66.5,FALSE,,FILED
GST-0928-IN,INV-0928,ORD-928,INPUT,2025-03,29AAACR2288E1ZK,1.74,0,0.15,0.16,0,0.31,TRUE,TRUE,RECONCILED
GST-0929-OUT,INV-0929,ORD-929,OUTPUT,2025-03,29ABCDE0929F1Z5,253.39,0,22.8,22.81,0,45.61,FALSE,,FILED
GST-0929-IN,INV-0929,ORD-929,INPUT,2025-03,29AAACR2288E1ZK,1.2,0,0.11,0.11,0,0.22,TRUE,TRUE,RECONCILED
GST-0930-OUT,INV-0930,ORD-930,OUTPUT,2025-03,29ABCDE0930F1Z5,851.95,0,76.67,76.68,0,153.35,FALSE,,FILED
GST-0930-IN,INV-0930,ORD-930,INPUT,2025-03,29AAACR2288E1ZK,20.11,0,1.81,1.81,0,3.62,TRUE,TRUE,RECONCILED
GST-0931-OUT,INV-0931,ORD-931,OUTPUT,2025-03,29ABCDE0931F1Z5,3937.6,708.77,0,0,0,708.77,FALSE,,FILED
GST-0931-IN,INV-0931,ORD-931,INPUT,2025-03,29AAACR2288E1ZK,92.93,0,8.37,8.36,0,16.73,TRUE,TRUE,RECONCILED
GST-0932-OUT,INV-0932,ORD-932,OUTPUT,2025-03,29ABCDE0932F1Z5,1054.6,189.83,0,0,0,189.83,FALSE,,FILED
GST-0932-IN,INV-0932,ORD-932,INPUT,2025-03,29AAACR2288E1ZK,4.98,0,0.45,0.45,0,0.9,TRUE,TRUE,RECONCILED
GST-0933-OUT,INV-0933,ORD-933,OUTPUT,2025-03,29ABCDE0933F1Z5,2163.89,0,194.75,194.75,0,389.5,FALSE,,FILED
GST-0933-IN,INV-0933,ORD-933,INPUT,2025-03,29AAACR2288E1ZK,10.21,0,0.92,0.92,0,1.84,TRUE,TRUE,RECONCILED
GST-0934-OUT,INV-0934,ORD-934,OUTPUT,2025-03,29ABCDE0934F1Z5,417.66,0,37.59,37.59,0,75.18,FALSE,,FILED
GST-0934-IN,INV-0934,ORD-934,INPUT,2025-03,29AAACR2288E1ZK,9.36,0,0.84,0.84,0,1.68,TRUE,TRUE,RECONCILED
GST-0936-OUT,INV-0936,ORD-936,OUTPUT,2025-03,29ABCDE0936F1Z5,2177.27,0,195.96,195.95,0,391.91,FALSE,,FILED
GST-0936-IN,INV-0936,ORD-936,INPUT,2025-03,29AAACR2288E1ZK,51.38,0,4.62,4.63,0,9.25,TRUE,TRUE,RECONCILED
GST-0937-OUT,INV-0937,ORD-937,OUTPUT,2025-03,29ABCDE0937F1Z5,832.77,0,74.95,74.95,0,149.9,FALSE,,FILED
GST-0937-IN,INV-0937,ORD-937,INPUT,2025-03,29AAACR2288E1ZK,3.93,0,0.35,0.36,0,0.71,TRUE,TRUE,RECONCILED
GST-0938-OUT,INV-0938,ORD-938,OUTPUT,2025-03,29ABCDE0938F1Z5,751.78,0,67.66,67.66,0,135.32,FALSE,,FILED
GST-0938-IN,INV-0938,ORD-938,INPUT,2025-03,29AAACR2288E1ZK,3.55,0,0.32,0.32,0,0.64,TRUE,TRUE,RECONCILED
GST-0939-OUT,INV-0939,ORD-939,OUTPUT,2025-03,29ABCDE0939F1Z5,253.39,45.61,0,0,0,45.61,FALSE,,FILED
GST-0939-IN,INV-0939,ORD-939,INPUT,2025-03,29AAACR2288E1ZK,1.2,0,0.11,0.11,0,0.22,TRUE,TRUE,RECONCILED
GST-0940-OUT,INV-0940,ORD-940,OUTPUT,2025-03,29ABCDE0940F1Z5,1264.03,0,113.76,113.76,0,227.52,FALSE,,FILED
GST-0940-IN,INV-0940,ORD-940,INPUT,2025-03,29AAACR2288E1ZK,5.97,0,0.54,0.53,0,1.07,TRUE,TRUE,RECONCILED
GST-0941-OUT,INV-0941,ORD-941,OUTPUT,2025-03,29ABCDE0941F1Z5,2896.01,0,260.64,260.64,0,521.28,FALSE,,FILED
GST-0941-IN,INV-0941,ORD-941,INPUT,2025-03,29AAACR2288E1ZK,12.0,0,1.08,1.08,0,2.16,TRUE,TRUE,RECONCILED
GST-0942-OUT,INV-0942,ORD-942,OUTPUT,2025-03,29ABCDE0942F1Z5,1353.36,0,121.81,121.8,0,243.61,FALSE,,FILED
GST-0942-IN,INV-0942,ORD-942,INPUT,2025-03,29AAACR2288E1ZK,6.39,0,0.57,0.58,0,1.15,TRUE,TRUE,RECONCILED
GST-0943-OUT,INV-0943,ORD-943,OUTPUT,2025-03,29ABCDE0943F1Z5,4214.13,0,379.27,379.27,0,758.54,FALSE,,FILED
GST-0943-IN,INV-0943,ORD-943,INPUT,2025-03,29AAACR2288E1ZK,99.45,0,8.95,8.95,0,17.9,TRUE,TRUE,RECONCILED
GST-0944-OUT,INV-0944,ORD-944,OUTPUT,2025-03,29ABCDE0944F1Z5,1638.31,0,147.45,147.45,0,294.9,FALSE,,FILED
GST-0944-IN,INV-0944,ORD-944,INPUT,2025-03,29AAACR2288E1ZK,12.0,0,1.08,1.08,0,2.16,TRUE,TRUE,RECONCILED
GST-0945-OUT,INV-0945,ORD-945,OUTPUT,2025-03,29ABCDE0945F1Z5,1252.01,0,112.68,112.68,0,225.36,FALSE,,FILED
GST-0945-IN,INV-0945,ORD-945,INPUT,2025-03,29AAACR2288E1ZK,28.07,0,2.52,2.53,0,5.05,TRUE,TRUE,RECONCILED
GST-0946-OUT,INV-0946,ORD-946,OUTPUT,2025-03,29ABCDE0946F1Z5,873.47,0,78.61,78.62,0,157.23,FALSE,,FILED
GST-0946-IN,INV-0946,ORD-946,INPUT,2025-03,29AAACR2288E1ZK,20.61,0,1.85,1.86,0,3.71,TRUE,TRUE,RECONCILED
GST-0947-OUT,INV-0947,ORD-947,OUTPUT,2025-03,29ABCDE0947F1Z5,548.08,0,49.33,49.33,0,98.66,FALSE,,FILED
GST-0947-IN,INV-0947,ORD-947,INPUT,2025-03,29AAACR2288E1ZK,2.59,0,0.23,0.24,0,0.47,TRUE,TRUE,RECONCILED
GST-0948-OUT,INV-0948,ORD-948,OUTPUT,2025-03,29ABCDE0948F1Z5,8842.08,1591.57,0,0,0,1591.57,FALSE,,FILED
GST-0948-IN,INV-0948,ORD-948,INPUT,2025-03,29AAACR2288E1ZK,12.0,0,1.08,1.08,0,2.16,TRUE,TRUE,RECONCILED
GST-0949-OUT,INV-0949,ORD-949,OUTPUT,2025-03,29ABCDE0949F1Z5,3949.9,0,355.49,355.49,0,710.98,FALSE,,FILED
GST-0949-IN,INV-0949,ORD-949,INPUT,2025-03,29AAACR2288E1ZK,93.22,0,8.39,8.39,0,16.78,TRUE,TRUE,RECONCILED
GST-0950-OUT,INV-0950,ORD-950,OUTPUT,2025-03,29ABCDE0950F1Z5,784.94,141.29,0,0,0,141.29,FALSE,,FILED
GST-0950-IN,INV-0950,ORD-950,INPUT,2025-03,29AAACR2288E1ZK,18.52,0,1.67,1.66,0,3.33,TRUE,TRUE,RECONCILED
GST-0951-OUT,INV-0951,ORD-951,OUTPUT,2025-03,29ABCDE0951F1Z5,1854.01,0,166.86,166.86,0,333.72,FALSE,,FILED
GST-0951-IN,INV-0951,ORD-951,INPUT,2025-03,29AAACR2288E1ZK,8.75,0,0.79,0.78,0,1.57,TRUE,TRUE,RECONCILED
GST-0952-OUT,INV-0952,ORD-952,OUTPUT,2025-03,29ABCDE0952F1Z5,3427.94,617.03,0,0,0,617.03,FALSE,,FILED
GST-0952-IN,INV-0952,ORD-952,INPUT,2025-03,29AAACR2288E1ZK,80.9,0,7.28,7.28,0,14.56,TRUE,TRUE,RECONCILED
GST-0953-OUT,INV-0953,ORD-953,OUTPUT,2025-03,29ABCDE0953F1Z5,352.74,0,31.75,31.74,0,63.49,FALSE,,FILED
GST-0953-IN,INV-0953,ORD-953,INPUT,2025-03,29AAACR2288E1ZK,8.32,0,0.75,0.75,0,1.5,TRUE,TRUE,RECONCILED
GST-0954-OUT,INV-0954,ORD-954,OUTPUT,2025-03,29ABCDE0954F1Z5,1030.22,0,92.72,92.72,0,185.44,FALSE,,FILED
GST-0954-IN,INV-0954,ORD-954,INPUT,2025-03,29AAACR2288E1ZK,24.31,0,2.19,2.19,0,4.38,TRUE,TRUE,RECONCILED
GST-0955-OUT,INV-0955,ORD-955,OUTPUT,2025-03,29ABCDE0955F1Z5,4087.66,0,367.89,367.89,0,735.78,FALSE,,FILED
GST-0955-IN,INV-0955,ORD-955,INPUT,2025-03,29AAACR2288E1ZK,19.29,0,1.74,1.73,0,3.47,TRUE,TRUE,RECONCILED
GST-0956-OUT,INV-0956,ORD-956,OUTPUT,2025-03,29ABCDE0956F1Z5,624.39,0,56.2,56.19,0,112.39,FALSE,,FILED
GST-0956-IN,INV-0956,ORD-956,INPUT,2025-03,29AAACR2288E1ZK,2.95,0,0.27,0.26,0,0.53,TRUE,TRUE,RECONCILED
GST-0957-OUT,INV-0957,ORD-957,OUTPUT,2025-03,29ABCDE0957F1Z5,983.15,0,88.48,88.49,0,176.97,FALSE,,FILED
GST-0957-IN,INV-0957,ORD-957,INPUT,2025-03,29AAACR2288E1ZK,12.0,0,1.08,1.08,0,2.16,TRUE,TRUE,RECONCILED
GST-0958-OUT,INV-0958,ORD-958,OUTPUT,2025-03,29ABCDE0958F1Z5,431.87,0,38.87,38.87,0,77.74,FALSE,,FILED
GST-0958-IN,INV-0958,ORD-958,INPUT,2025-03,29AAACR2288E1ZK,2.04,0,0.18,0.19,0,0.37,TRUE,TRUE,RECONCILED
GST-0959-OUT,INV-0959,ORD-959,OUTPUT,2025-03,29ABCDE0959F1Z5,782.7,140.89,0,0,0,140.89,FALSE,,FILED
GST-0959-IN,INV-0959,ORD-959,INPUT,2025-03,29AAACR2288E1ZK,3.69,0,0.33,0.33,0,0.66,TRUE,TRUE,RECONCILED
GST-0960-OUT,INV-0960,ORD-960,OUTPUT,2025-03,29ABCDE0960F1Z5,425.81,76.65,0,0,0,76.65,FALSE,,FILED
GST-0960-IN,INV-0960,ORD-960,INPUT,2025-03,29AAACR2288E1ZK,10.05,0,0.91,0.9,0,1.81,TRUE,TRUE,RECONCILED
GST-0961-OUT,INV-0961,ORD-961,OUTPUT,2025-03,29ABCDE0961F1Z5,1202.53,216.45,0,0,0,216.45,FALSE,,FILED
GST-0961-IN,INV-0961,ORD-961,INPUT,2025-03,29AAACR2288E1ZK,28.38,0,2.56,2.55,0,5.11,TRUE,TRUE,RECONCILED
GST-0962-OUT,INV-0962,ORD-962,OUTPUT,2025-03,29ABCDE0962F1Z5,6820.22,1227.64,0,0,0,1227.64,FALSE,,FILED
GST-0962-IN,INV-0962,ORD-962,INPUT,2025-03,29AAACR2288E1ZK,189.12,0,17.02,17.02,0,34.04,TRUE,TRUE,RECONCILED
GST-0963-OUT,INV-0963,ORD-963,OUTPUT,2025-03,29ABCDE0963F1Z5,278.13,0,25.03,25.03,0,50.06,FALSE,,FILED
GST-0963-IN,INV-0963,ORD-963,INPUT,2025-03,29AAACR2288E1ZK,6.56,0,0.59,0.59,0,1.18,TRUE,TRUE,RECONCILED
GST-0964-OUT,INV-0964,ORD-964,OUTPUT,2025-03,29ABCDE0964F1Z5,1047.49,0,94.28,94.27,0,188.55,FALSE,,FILED
GST-0964-IN,INV-0964,ORD-964,INPUT,2025-03,29AAACR2288E1ZK,24.72,0,2.23,2.22,0,4.45,TRUE,TRUE,RECONCILED
GST-0965-OUT,INV-0965,ORD-965,OUTPUT,2025-03,29ABCDE0965F1Z5,1015.67,0,91.41,91.41,0,182.82,FALSE,,FILED
GST-0965-IN,INV-0965,ORD-965,INPUT,2025-03,29AAACR2288E1ZK,23.97,0,2.15,2.16,0,4.31,TRUE,TRUE,RECONCILED
GST-0966-OUT,INV-0966,ORD-966,OUTPUT,2025-03,29ABCDE0966F1Z5,6024.15,0,542.17,542.18,0,1084.35,FALSE,,FILED
GST-0966-IN,INV-0966,ORD-966,INPUT,2025-03,29AAACR2288E1ZK,142.17,0,12.79,12.8,0,25.59,TRUE,TRUE,RECONCILED
GST-0967-OUT,INV-0967,ORD-967,OUTPUT,2025-03,29ABCDE0967F1Z5,872.52,0,78.53,78.52,0,157.05,FALSE,,FILED
GST-0967-IN,INV-0967,ORD-967,INPUT,2025-03,29AAACR2288E1ZK,4.12,0,0.37,0.37,0,0.74,TRUE,TRUE,RECONCILED
GST-0968-OUT,INV-0968,ORD-968,OUTPUT,2025-03,29ABCDE0968F1Z5,6805.26,1224.95,0,0,0,1224.95,FALSE,,FILED
GST-0968-IN,INV-0968,ORD-968,INPUT,2025-03,29AAACR2288E1ZK,32.12,0,2.89,2.89,0,5.78,TRUE,TRUE,RECONCILED
GST-0969-OUT,INV-0969,ORD-969,OUTPUT,2025-03,29ABCDE0969F1Z5,253.39,0,22.8,22.81,0,45.61,FALSE,,FILED
GST-0969-IN,INV-0969,ORD-969,INPUT,2025-03,29AAACR2288E1ZK,1.2,0,0.11,0.11,0,0.22,TRUE,TRUE,RECONCILED
GST-0970-OUT,INV-0970,ORD-970,OUTPUT,2025-03,29ABCDE0970F1Z5,425.69,0,38.31,38.31,0,76.62,FALSE,,FILED
GST-0970-IN,INV-0970,ORD-970,INPUT,2025-03,29AAACR2288E1ZK,2.01,0,0.18,0.18,0,0.36,TRUE,TRUE,RECONCILED
GST-0971-OUT,INV-0971,ORD-971,OUTPUT,2025-03,29ABCDE0971F1Z5,1130.88,203.56,0,0,0,203.56,FALSE,,FILED
GST-0971-IN,INV-0971,ORD-971,INPUT,2025-03,29AAACR2288E1ZK,5.34,0,0.48,0.48,0,0.96,TRUE,TRUE,RECONCILED
GST-0972-OUT,INV-0972,ORD-972,OUTPUT,2025-03,29ABCDE0972F1Z5,1056.08,190.1,0,0,0,190.1,FALSE,,FILED
GST-0972-IN,INV-0972,ORD-972,INPUT,2025-03,29AAACR2288E1ZK,24.92,0,2.25,2.24,0,4.49,TRUE,TRUE,RECONCILED
GST-0973-OUT,INV-0973,ORD-973,OUTPUT,2025-03,29ABCDE0973F1Z5,641.83,0,57.77,57.76,0,115.53,FALSE,,FILED
GST-0973-IN,INV-0973,ORD-973,INPUT,2025-03,29AAACR2288E1ZK,17.8,0,1.6,1.6,0,3.2,TRUE,TRUE,RECONCILED
GST-0974-OUT,INV-0974,ORD-974,OUTPUT,2025-03,29ABCDE0974F1Z5,2948.52,0,265.37,265.36,0,530.73,FALSE,,FILED
GST-0974-IN,INV-0974,ORD-974,INPUT,2025-03,29AAACR2288E1ZK,66.11,0,5.95,5.95,0,11.9,TRUE,TRUE,RECONCILED
GST-0975-OUT,INV-0975,ORD-975,OUTPUT,2025-03,29ABCDE0975F1Z5,676.77,121.82,0,0,0,121.82,FALSE,,FILED
GST-0975-IN,INV-0975,ORD-975,INPUT,2025-03,29AAACR2288E1ZK,15.97,0,1.44,1.43,0,2.87,TRUE,TRUE,RECONCILED
GST-0976-OUT,INV-0976,ORD-976,OUTPUT,2025-03,29ABCDE0976F1Z5,2011.3,0,181.01,181.02,0,362.03,FALSE,,FILED
GST-0976-IN,INV-0976,ORD-976,INPUT,2025-03,29AAACR2288E1ZK,45.09,0,4.06,4.06,0,8.12,TRUE,TRUE,RECONCILED
GST-0977-OUT,INV-0977,ORD-977,OUTPUT,2025-03,29ABCDE0977F1Z5,1882.76,0,169.45,169.45,0,338.9,FALSE,,FILED
GST-0977-IN,INV-0977,ORD-977,INPUT,2025-03,29AAACR2288E1ZK,42.21,0,3.8,3.8,0,7.6,TRUE,TRUE,RECONCILED
GST-0978-OUT,INV-0978,ORD-978,OUTPUT,2025-03,29ABCDE0978F1Z5,998.37,0,89.86,89.85,0,179.71,FALSE,,FILED
GST-0978-IN,INV-0978,ORD-978,INPUT,2025-03,29AAACR2288E1ZK,23.56,0,2.12,2.12,0,4.24,TRUE,TRUE,RECONCILED
GST-0979-OUT,INV-0979,ORD-979,OUTPUT,2025-03,29ABCDE0979F1Z5,265.66,47.82,0,0,0,47.82,FALSE,,FILED
GST-0979-IN,INV-0979,ORD-979,INPUT,2025-03,29AAACR2288E1ZK,12.0,0,1.08,1.08,0,2.16,TRUE,TRUE,RECONCILED
GST-0980-OUT,INV-0980,ORD-980,OUTPUT,2025-03,29ABCDE0980F1Z5,4380.34,788.46,0,0,0,788.46,FALSE,,FILED
GST-0980-IN,INV-0980,ORD-980,INPUT,2025-03,29AAACR2288E1ZK,103.38,0,9.3,9.31,0,18.61,TRUE,TRUE,RECONCILED
GST-0981-OUT,INV-0981,ORD-981,OUTPUT,2025-03,29ABCDE0981F1Z5,442.79,79.7,0,0,0,79.7,FALSE,,FILED
GST-0981-IN,INV-0981,ORD-981,INPUT,2025-03,29AAACR2288E1ZK,12.0,0,1.08,1.08,0,2.16,TRUE,TRUE,RECONCILED
GST-0982-OUT,INV-0982,ORD-982,OUTPUT,2025-03,29ABCDE0982F1Z5,418.26,0,37.65,37.64,0,75.29,FALSE,,FILED
GST-0982-IN,INV-0982,ORD-982,INPUT,2025-03,29AAACR2288E1ZK,12.0,0,1.08,1.08,0,2.16,TRUE,TRUE,RECONCILED
GST-0983-OUT,INV-0983,ORD-983,OUTPUT,2025-03,29ABCDE0983F1Z5,382.62,68.87,0,0,0,68.87,FALSE,,FILED
GST-0983-IN,INV-0983,ORD-983,INPUT,2025-03,29AAACR2288E1ZK,12.0,0,1.08,1.08,0,2.16,TRUE,TRUE,RECONCILED
GST-0984-OUT,INV-0984,ORD-984,OUTPUT,2025-03,29ABCDE0984F1Z5,12324.81,0,1109.23,1109.24,0,2218.47,FALSE,,FILED
GST-0984-IN,INV-0984,ORD-984,INPUT,2025-03,29AAACR2288E1ZK,58.17,0,5.24,5.23,0,10.47,TRUE,TRUE,RECONCILED
GST-0985-OUT,INV-0985,ORD-985,OUTPUT,2025-03,29ABCDE0985F1Z5,1219.25,219.46,0,0,0,219.46,FALSE,,FILED
GST-0985-IN,INV-0985,ORD-985,INPUT,2025-03,29AAACR2288E1ZK,27.34,0,2.46,2.46,0,4.92,TRUE,TRUE,RECONCILED
GST-0986-OUT,INV-0986,ORD-986,OUTPUT,2025-03,29ABCDE0986F1Z5,1304.64,0,117.42,117.42,0,234.84,FALSE,,FILED
GST-0986-IN,INV-0986,ORD-986,INPUT,2025-03,29AAACR2288E1ZK,36.18,0,3.25,3.26,0,6.51,TRUE,TRUE,RECONCILED
GST-0988-OUT,INV-0988,ORD-988,OUTPUT,2025-03,29ABCDE0988F1Z5,285.68,0,25.71,25.71,0,51.42,FALSE,,FILED
GST-0988-IN,INV-0988,ORD-988,INPUT,2025-03,29AAACR2288E1ZK,6.74,0,0.6,0.61,0,1.21,TRUE,TRUE,RECONCILED
GST-0989-OUT,INV-0989,ORD-989,OUTPUT,2025-03,29ABCDE0989F1Z5,468.73,0,42.19,42.18,0,84.37,FALSE,,FILED
GST-0989-IN,INV-0989,ORD-989,INPUT,2025-03,29AAACR2288E1ZK,11.06,0,0.99,1.0,0,1.99,TRUE,TRUE,RECONCILED
GST-0990-OUT,INV-0990,ORD-990,OUTPUT,2025-03,29ABCDE0990F1Z5,1222.52,0,110.03,110.02,0,220.05,FALSE,,FILED
GST-0990-IN,INV-0990,ORD-990,INPUT,2025-03,29AAACR2288E1ZK,28.85,0,2.6,2.59,0,5.19,TRUE,TRUE,RECONCILED
GST-0991-OUT,INV-0991,ORD-991,OUTPUT,2025-03,29ABCDE0991F1Z5,1154.19,0,103.88,103.87,0,207.75,FALSE,,FILED
GST-0991-IN,INV-0991,ORD-991,INPUT,2025-03,29AAACR2288E1ZK,27.24,0,2.45,2.45,0,4.9,TRUE,TRUE,RECONCILED
GST-0992-OUT,INV-0992,ORD-992,OUTPUT,2025-03,29ABCDE0992F1Z5,1501.55,0,135.14,135.14,0,270.28,FALSE,,FILED
GST-0992-IN,INV-0992,ORD-992,INPUT,2025-03,29AAACR2288E1ZK,12.0,0,1.08,1.08,0,2.16,TRUE,TRUE,RECONCILED
GST-0994-OUT,INV-0994,ORD-994,OUTPUT,2025-03,29ABCDE0994F1Z5,253.39,45.61,0,0,0,45.61,FALSE,,FILED
GST-0994-IN,INV-0994,ORD-994,INPUT,2025-03,29AAACR2288E1ZK,5.98,0,0.54,0.54,0,1.08,TRUE,TRUE,RECONCILED
GST-0995-OUT,INV-0995,ORD-995,OUTPUT,2025-03,29ABCDE0995F1Z5,1310.28,0,117.92,117.93,0,235.85,FALSE,,FILED
GST-0995-IN,INV-0995,ORD-995,INPUT,2025-03,29AAACR2288E1ZK,30.92,0,2.79,2.78,0,5.57,TRUE,TRUE,RECONCILED
GST-0996-OUT,INV-0996,ORD-996,OUTPUT,2025-03,29ABCDE0996F1Z5,1360.16,0,122.42,122.41,0,244.83,FALSE,,FILED
GST-0996-IN,INV-0996,ORD-996,INPUT,2025-03,29AAACR2288E1ZK,6.42,0,0.58,0.58,0,1.16,TRUE,TRUE,RECONCILED
GST-0997-OUT,INV-0997,ORD-997,OUTPUT,2025-03,29ABCDE0997F1Z5,253.39,0,22.8,22.81,0,45.61,FALSE,,FILED
GST-0997-IN,INV-0997,ORD-997,INPUT,2025-03,29AAACR2288E1ZK,5.68,0,0.51,0.51,0,1.02,TRUE,TRUE,RECONCILED
GST-0998-OUT,INV-0998,ORD-998,OUTPUT,2025-03,29ABCDE0998F1Z5,5336.54,0,480.29,480.29,0,960.58,FALSE,,FILED
GST-0998-IN,INV-0998,ORD-998,INPUT,2025-03,29AAACR2288E1ZK,12.0,0,1.08,1.08,0,2.16,TRUE,TRUE,RECONCILED
GST-0999-OUT,INV-0999,ORD-999,OUTPUT,2025-03,29ABCDE0999F1Z5,405.29,0,36.48,36.47,0,72.95,FALSE,,FILED
GST-0999-IN,INV-0999,ORD-999,INPUT,2025-03,29AAACR2288E1ZK,9.56,0,0.86,0.86,0,1.72,TRUE,TRUE,RECONCILED
GST-1000-OUT,INV-1000,ORD-1000,OUTPUT,2025-03,29ABCDE1000F1Z5,526.36,0,47.37,47.37,0,94.74,FALSE,,FILED
GST-1000-IN,INV-1000,ORD-1000,INPUT,2025-03,29AAACR2288E1ZK,14.6,0,1.31,1.32,0,2.63,TRUE,TRUE,RECONCILED
